tree
version=v4
num_class=1
num_tree_per_iteration=1
label_index=0
max_feature_idx=23
objective=quantile
feature_names=clear_sky_kw clear_sky_ghi_wm2 cos_zenith tod_sin tod_cos doy_sin doy_cos lead_time_hours has_recent kcs_recent pv_last_kw kcs_last pv_lag_24h_kw kcs_lag_24h has_weather ghi_fc_wm2 dni_fc_wm2 dhi_fc_wm2 cloud_fc_pct temp_fc_c wind_fc_ms kcs_fc kcs_fc_ens nwp_lead_d
feature_infos=[8.0067576055486445:662.72299999999996] [10.013128144343288:900.75728806310656] [0.050188670617315613:0.89684342909509362] [-1:1] [-1:0.50000000000000011] [-0.9999994220246925:0.99998555065071859] [-0.99997919295908233:1] [6:23.75] [0:1] [-1:0.82299972646507147] none none [0:751.20000000000005] [-1:1.3] [0:1] [-1:903] [-1:915.10000000000002] [-1:426] [-1:100] [-6.7999999999999998:37.375] [-1:10.180000000000001] [-1:1.5] [-1:1.5] [-1:2]
tree_sizes=1542 1633 1638 1616 1530 1534 1456 1451 1632 1636 1627 1619 1624 1542 1547 1444 1541 1531 1442 1437 1449 1432 1446 1528 1442 1446 1434 1438 1442 1439 1625 1356 1358 1617 1444 1443 1438 1525 1442 1508 1515 1421 1423 1417 1516 1431 1412 1627 1424 1516 1425 1434 1351 1340 1343 1527 1522 1542 1626 1525 1613 1620 1531 1526 1537 1619 1631 1538 1621 1542 1531 1444 1537 1540 1447 1619 1454 1622 1612 1531 1616 1631 1528 1529 1515 1613 1529 1425 1518 1347 1520 1611 1538 1607 1618 1618 1621 1507 1608 1338 1515 1608 1530 1612 1620 1346 1612 1628 1632 1527 1622 1538 1624 1621 1612 1342 1519 1612 1513 1431 1521 1521 1606 1512 1601 1413 1522 1426 1523 1526 1594 1532 1610 1416 1605 1604 1527 1500 1506 1627 1524 1516 1621 1609 1502 1630 1506 1444 1618 1348 1615 1503 1421 1436 1319 1145 1533 1527 1231 1532 1438 1506 1521 1131 1332 1317 1237 1587 1500 1602 1419 1315 1506 1411 1236 1343 1231 1232 1328 1242 1237 1519 1417 1431 1511 1400 1593 1415 1420 1424 1629 1577 1338 1648 1243 1458 1447 1247 1613 1351 1498 1441 1626 1630 1512 1242 1419 1625 1535 1608 1535 1516 1520 1523 1561 1603 1503 1508 1449 1529 1621 1516 1549 1269 1528 1608 1630 1487 1052 1221 1232 1146 1522 1149 1336 1532 1417 1359 1360 1246 1247 1527 1645 1534 1493 1499 1117 1154 1619 1525 1637 1526 1637 1636 1549 1599 1637 1046 1058 1515 1345 1630 970 1263 1617 1421 1604 1624 1332 1606 1440 1351 1534 1626 1366 1614 1531 1615 1445 1401 1437 1158 1164 1130 1529 1642 1055 1418 1446 1649 1636 1436 1619 1648 1544 1445 1415 1611 1409 1522

Tree=0
num_leaves=16
num_cat=0
split_feature=22 18 22 22 9 16 17 20 6 5 19 6 3 16 19
split_gain=952.072 184.978 167.685 75.3451 94.2812 39.7468 37.4685 35.4181 29.4996 23.7798 16.5549 14.8156 12.6019 7.89957 3.19984
threshold=0.42339730128143954 99.062500000000014 0.20604586977211983 0.67298856185812828 0.070377017875338482 1.7500000000000002 34.500000000000007 2.2468750000000006 0.63755505330306683 0.21862473630160603 1.9062500000000004 0.9989598388634241 0.98611507088852057 182.85000000000005 -0.19999999999999996
decision_type=2 2 2 2 2 2 2 2 2 2 2 2 2 2 2
left_child=1 8 7 6 14 -4 11 -3 12 -10 -8 -2 -1 -6 -5
right_child=3 2 5 4 13 -7 10 -9 9 -11 -12 -13 -14 -15 -16
leaf_value=0.16505998027379523 0.16210732752750023 0.16121877966391923 0.1612147267907858 0.15785755142569541 0.16980380341410636 0.1636478697650614 0.1622530698776245 0.1606949470942321 0.16321053318679332 0.1582078091101721 0.16712681921217004 0.16168189644813538 0.16196875719733883 0.17618586048483847 0.15808378393082953
leaf_weight=5808 1194 837 2149 83 8219 4849 382 2541 5603 967 16945 65 386 38324 41
leaf_count=5808 1194 837 2149 83 8219 4849 382 2541 5603 967 16945 65 386 38324 41
internal_value=0.166189 0.157475 0.152517 0.169279 0.170352 0.156933 0.166587 0.143368 0.161506 0.159172 0.167192 0.158259 0.163981 0.170468 0.126811
internal_weight=88393 23140 10376 65253 46667 6998 18586 3378 12764 6570 17327 1259 6194 46543 124
internal_count=88393 23140 10376 65253 46667 6998 18586 3378 12764 6570 17327 1259 6194 46543 124
is_linear=0
shrinkage=1


Tree=1
num_leaves=16
num_cat=0
split_feature=22 18 22 22 9 4 17 20 6 5 19 3 16 22 4
split_gain=870.841 166.845 157.327 73.4327 93.5021 39.3345 36.798 34.4509 28.0295 33.2601 14.6597 12.2464 8.8928 8.73856 4.64064
threshold=0.42339730128143954 99.062500000000014 0.20604586977211983 0.67298856185812828 0.070377017875338482 -0.19509032201612828 62.500000000000007 2.2468750000000006 0.65071284653328287 -0.73866753694953124 0.45625000000000004 0.98611507088852057 191.45000000000002 0.56140669805634913 -0.72947329433276242
decision_type=2 2 2 2 2 2 2 2 2 2 2 2 2 2 2
left_child=1 8 7 6 14 -4 10 -3 11 -10 -2 -1 -6 -8 -5
right_child=3 2 5 4 12 -7 13 -9 9 -11 -12 -13 -14 -15 -16
leaf_value=-0.0011046020122904524 -0.003600605130195618 -0.0043648702343642128 -0.0026812835870656804 -0.0078928775712847708 0.0033355940717736026 -0.0054358586091571544 0.00012623073066614089 -0.0052642314546871103 -0.005662033688277006 -0.0034296209095101768 -0.0025641281876314205 -0.0041685506427152578 0.0096146934106946004 0.0023998986924765073 -0.0078928775712847708
leaf_weight=5911 102 834 5934 87 8622 1071 7829 2553 91 6307 2771 377 37834 8022 42
leaf_count=5911 102 834 5934 87 8622 1071 7829 2553 91 6307 2771 377 37834 8022 42
internal_value=8.52503e-05 -0.00826371 -0.0129609 0.00303549 0.00409842 -0.00868308 0.000390942 -0.0218084 -0.00441589 -0.00674586 -0.00481552 -0.00204517 0.00421646 0.00133462 -0.0384109
internal_weight=88387 23078 10392 65309 46585 7005 18724 3387 12686 6398 2873 6288 46456 15851 129
internal_count=88387 23078 10392 65309 46585 7005 18724 3387 12686 6398 2873 6288 46456 15851 129
is_linear=0
shrinkage=0.05


Tree=2
num_leaves=16
num_cat=0
split_feature=22 18 22 22 9 4 15 20 6 5 6 22 3 19 17
split_gain=817.62 152.846 138.975 71.6886 81.2818 33.5757 31.6423 28.8491 23.639 26.9596 13.2675 13.035 12.4962 10.854 6.98603
threshold=0.42339730128143954 99.062500000000014 0.20604586977211983 0.62400990024508463 0.070377017875338482 -0.25881904510252068 70.500000000000014 2.2468750000000006 0.65071284653328287 -0.72696319516528884 0.9989598388634241 0.75969313286720908 0.98611507088852057 1.0000000180025095e-35 103.50000000000001
decision_type=2 2 2 2 2 2 2 2 2 2 2 2 2 2 2
left_child=1 8 7 6 13 -4 10 -3 12 -10 -2 -6 -1 -5 -8
right_child=3 2 5 4 11 -7 14 -9 9 -11 -12 -13 -14 -15 -16
leaf_value=-0.0011007006897227128 -0.0026058251051753883 -0.0042532273266891688 -0.0025201853159249931 -0.0074982336927205328 0.0030524415525781741 -0.0051153610756395837 -0.00065723993707740298 -0.0049340061187325666 -0.0048692170618564821 -0.0032304896328745726 -0.0036864648610353476 0.0093423297762176682 -0.0039887056506023866 -0.0068656038289651141 0.0013356125487394622
leaf_weight=5931 2170 846 5895 91 12845 1189 2609 2571 176 6264 93 37740 373 40 9669
leaf_count=5931 2170 846 5895 91 12845 1189 2609 2571 176 6264 93 37740 373 40 9669
internal_value=0.000120449 -0.00793181 -0.0123983 0.00298872 0.00387609 -0.00840344 -0.000106251 -0.0206804 -0.00425141 -0.00638199 -0.00553911 0.00397796 -0.00207487 -0.035458 0.000895097
internal_weight=88502 23245 10501 65257 50716 7084 14541 3417 12744 6440 2263 50585 6304 131 12278
internal_count=88502 23245 10501 65257 50716 7084 14541 3417 12744 6440 2263 50585 6304 131 12278
is_linear=0
shrinkage=0.05


Tree=3
num_leaves=16
num_cat=0
split_feature=22 18 22 9 22 6 17 20 17 6 5 3 16 19 0
split_gain=746.139 151.155 134.217 70.3332 70.2733 48.4795 36.1853 32.3137 29.9775 23.9501 16.041 11.5092 10.7119 0.0523809 1.42109e-14
threshold=0.42339730128143954 99.062500000000014 0.19987769416013837 0.070377017875338482 0.67298856185812828 0.94066717844141279 61.500000000000007 2.2468750000000006 34.500000000000007 0.63755505330306683 0.26866988313759588 0.98611507088852057 195.05000000000004 10.606250000000003 189.05764101487122
decision_type=2 2 2 2 2 2 2 2 2 2 2 2 2 2 2
left_child=1 9 7 5 8 13 -4 -3 -5 11 -11 -1 -6 -2 -7
right_child=3 2 6 4 12 14 -8 -9 -10 10 -12 -13 -14 -15 -16
leaf_value=-0.00081107985805765068 0.012519459436853961 -0.0040750437695740846 -0.0045974714823753164 -0.0035739365250119174 0.0030328198194803663 -0.007489925645224005 -0.0021569048305683149 -0.0046577395585773191 0.00068028990831285195 -0.0026757345786619494 -0.0073539774531115867 -0.0037797428372215616 0.0088409116559510382 0.001419494510991401 -0.0067281459606252612
leaf_weight=5839 44 789 2571 1242 8745 75 4733 2352 17309 5779 733 373 37698 40 54
leaf_count=5839 44 789 2571 1242 8745 75 4733 2352 17309 5779 733 373 37698 40 54
internal_value=0.000194963 -0.00751241 -0.0119698 0.0029335 0.00302751 -0.0257512 -0.00825301 -0.0206129 0.000426123 -0.00385335 -0.00597205 -0.00163232 0.0040666 0.00380952 -0.045
internal_weight=88376 23169 10445 65207 64994 213 7304 3141 18551 12724 6512 6212 46443 84 129
internal_count=88376 23169 10445 65207 64994 213 7304 3141 18551 12724 6512 6212 46443 84 129
is_linear=0
shrinkage=0.05


Tree=4
num_leaves=15
num_cat=0
split_feature=22 18 22 9 22 6 17 16 20 6 5 3 16 3
split_gain=690.466 132.087 123.153 71.3429 70.3484 46.0011 36.9632 29.775 29.7259 20.911 20.0651 9.50145 9.07398 0.113889
threshold=0.42339730128143954 99.062500000000014 0.19987769416013837 0.070377017875338482 0.72703062011406672 0.94066717844141279 59.500000000000007 1.7500000000000002 2.2468750000000006 0.63755505330306683 -0.72696319516528884 0.98611507088852057 16.350000000000005 0.47114434510950071
decision_type=2 2 2 2 2 2 2 2 2 2 2 2 2 2
left_child=1 9 8 5 6 13 -5 -4 -3 11 -11 -1 -6 -2
right_child=3 2 7 4 12 -7 -8 -9 -10 10 -12 -13 -14 -15
leaf_value=-0.0009050807066567565 0.0019149258972568292 -0.00416346480207299 -0.0042039699614468146 -0.0023919270119058659 -0.0007240671739870419 -0.0067908661400965234 0.0012411564293624126 -0.0020618092683253922 -0.004419628660548432 -0.0044375754466055876 -0.0029116861629833388 -0.0035859919437772909 0.0082548512347511427 0.0042759581429145169
leaf_weight=5831 40 793 2271 3136 807 128 20769 5019 2362 278 6264 364 40169 41
leaf_count=5831 40 793 2271 3136 807 128 20769 5019 2362 278 6264 364 40169 41
internal_value=0.000187036 -0.00722284 -0.0113906 0.00282609 0.00292004 -0.0263397 0.000764485 -0.00781893 -0.0196434 -0.00380506 -0.00577652 -0.00172316 0.00417757 0.00314815
internal_weight=88272 23182 10445 65090 64881 209 23905 7290 3155 12737 6542 6195 40976 81
internal_count=88272 23182 10445 65090 64881 209 23905 7290 3155 12737 6542 6195 40976 81
is_linear=0
shrinkage=0.05


Tree=5
num_leaves=15
num_cat=0
split_feature=22 18 22 9 6 22 22 0 4 1 9 17 13 0
split_gain=631.576 103.968 154.712 75.9147 45.5985 38.8494 33.4481 22.6501 21.9989 21.0285 13.0494 9.06719 5.76694 1.42109e-14
threshold=0.48662355814319108 99.062500000000014 0.25040874052279244 0.070377017875338482 0.94066717844141279 0.72703062011406672 0.15296118912707182 238.82421055713988 -0.032701564615071545 120.44672665247451 0.20238329161774835 12.500000000000002 0.20282224692140358 184.33386424692267
decision_type=2 2 2 2 2 2 2 2 2 2 2 2 2 2
left_child=1 7 6 4 -2 9 -3 10 -4 -5 -1 -7 -9 -6
right_child=3 2 8 5 13 11 -8 12 -10 -11 -12 -13 -14 -15
leaf_value=-0.0063470714182917391 0.0027293982581211374 -0.0043503406857056132 -0.0017549419250948767 -0.0022634011352744496 -0.006963329823642575 -0.0036866481834931897 -0.0037577438026850278 -0.0021462115899932251 -0.0047279652494230696 0.0017030845007207475 -0.002364169723045725 0.0076450615871150006 8.2321726208207122e-05 -0.006065596491523129
leaf_weight=1319 76 1755 6846 2104 75 232 3175 890 661 17669 8270 40895 4406 56
leaf_count=1319 76 1755 6846 2104 75 232 3175 890 661 17669 8270 40895 4406 56
internal_value=0.000277002 -0.00604238 -0.00941666 0.00310251 -0.0271256 0.00320525 -0.0162982 -0.00322304 -0.00489743 0.00138396 -0.00467254 0.0040809 -0.000598565 -0.045
internal_weight=88429 27322 12437 61107 207 60900 4930 14885 7507 19773 9589 41127 5296 131
internal_count=88429 27322 12437 61107 207 60900 4930 14885 7507 19773 9589 41127 5296 131
is_linear=0
shrinkage=0.05


Tree=6
num_leaves=14
num_cat=0
split_feature=22 18 22 9 6 16 20 4 12 5 5 6 22
split_gain=580.428 98.6609 117.024 68.5791 44.0026 41.9271 30.4131 27.2961 23.6683 12.4401 12.1712 11.2953 11.0692
threshold=0.48662355814319108 99.812500000000014 0.25040874052279244 0.070377017875338482 0.94066717844141279 221.95000000000002 2.2293750000000006 -0.065403129230143256 57.150000000000006 0.23537774960157334 -0.76141707087277943 0.31595530242620651 0.83549863003069225
decision_type=2 2 2 2 2 2 2 2 2 2 2 2 2
left_child=1 8 6 4 -2 11 -3 -4 9 -1 -10 -5 -7
right_child=3 2 7 5 -6 12 -8 -9 10 -11 -12 -13 -14
leaf_value=-0.0024065765330530163 0.0025248679856803339 -0.0030606399733720466 -0.001668213876625464 0.0021910358322869763 -0.0061748569142288214 0.0035180271670035681 -0.0040847932803384111 -0.005011998826541986 0.00035296007895401773 -0.0061684263341933087 -0.0013925988267947888 -0.00026579184099046333 0.010851489107292112
leaf_weight=6369 75 1291 5481 14402 122 16029 3002 602 3239 1610 5817 6463 23980
leaf_count=6369 75 1291 5481 14402 122 16029 3002 602 3239 1610 5817 6463 23980
internal_value=0.000267964 -0.0057767 -0.00962028 0.00298104 -0.0264721 0.00307635 -0.0159411 -0.00515946 -0.00343557 -0.00542111 -0.00168617 0.00125929 0.00402397
internal_weight=88482 27411 10376 61071 197 60874 4293 6083 17035 7979 9056 20865 40009
internal_count=88482 27411 10376 61071 197 60874 4293 6083 17035 7979 9056 20865 40009
is_linear=0
shrinkage=0.05


Tree=7
num_leaves=14
num_cat=0
split_feature=22 18 22 9 6 22 9 17 17 12 6 5 16
split_gain=516.064 87.5216 121.845 67.8486 44.3776 39.3535 33.3744 23.6918 19.3039 16.6776 10.528 7.65596 7.53745
threshold=0.48662355814319108 98.937500000000014 0.25040874052279244 0.070377017875338482 0.94066717844141279 0.72703062011406672 0.27096366726759108 28.500000000000004 58.500000000000007 57.150000000000006 0.56191161272202661 -0.76141707087277943 13.850000000000003
decision_type=2 2 2 2 2 2 2 2 2 2 2 2 2
left_child=1 9 6 4 -2 8 -3 -4 -5 12 -7 -11 -1
right_child=3 2 7 5 -6 10 -8 -9 -10 11 -12 -13 -14
leaf_value=-0.0033440030920552297 0.0028069866624705316 -0.0045012649375884197 -0.0050553941329886058 -0.0020871733961585026 -0.005763684707181616 0.0083929323831916283 -0.0030408353241052066 -0.0014621056931070908 0.0015234105374473611 0.0004586647220611251 0.0011831422005978464 -0.0012190066917088225 -0.00094712995587821469
leaf_weight=5365 79 1315 803 2326 122 35993 3695 6828 17535 2849 5066 4594 1797
leaf_count=5365 79 1315 803 2326 122 35993 3695 6828 17535 2849 5066 4594 1797
internal_value=0.000356298 -0.00536666 -0.0084127 0.00290743 -0.0260945 0.00300312 -0.0144711 -0.0044352 0.00117592 -0.00273023 0.00388697 -0.00107282 -0.00445267
internal_weight=88367 27246 12641 61121 201 60920 5010 7631 19861 14605 41059 7443 7162
internal_count=88367 27246 12641 61121 201 60920 5010 7631 19861 14605 41059 7443 7162
is_linear=0
shrinkage=0.05


Tree=8
num_leaves=16
num_cat=0
split_feature=16 20 22 22 9 5 9 6 19 19 22 5 5 17 17
split_gain=478.633 73.3117 73.4309 60.0441 63.3434 35.0111 34.3405 27.8727 26.2927 25.0305 17.1212 16.7969 6.29567 11.889 6.61507
threshold=29.750000000000004 3.3493750000000007 0.17410820125978774 0.59000755446973741 0.070377017875338482 -0.03977009085991149 0.070377017875338482 -0.10837475778693638 2.193750000000001 0.85625000000000018 0.83549863003069225 -0.98523971305672675 0.99374995976406788 250.50000000000003 117.50000000000001
decision_type=2 2 2 2 2 2 2 2 2 2 2 2 2 2 2
left_child=1 5 7 12 9 11 -7 -3 -4 -5 -6 -1 14 -14 -2
right_child=3 2 8 4 10 6 -8 -9 -10 -11 -12 -13 13 -15 -16
leaf_value=-0.0030215233833226999 -0.0007752637674687847 -0.0052304850556132744 -0.0065808731419926773 -0.0054641888465658296 0.0026914256471250969 -0.0064241471199027109 -0.0026159584174490938 -0.0029818263071083183 -0.0022307811781962826 0.0026666373293470049 0.0088482401292111004 -0.0012594523909562135 -0.0014036553005422091 -0.0037461213732144006 0.00053998699202677106
leaf_weight=852 4458 388 179 94 22697 61 7136 1204 3835 42 28276 10752 316 91 7796
leaf_count=852 4458 388 179 94 22697 61 7136 1204 3835 42 28276 10752 316 91 7796
internal_value=0.00037351 -0.00558098 -0.0105994 0.0026525 0.00341613 -0.00408462 -0.00682437 -0.0196859 -0.00699552 -0.0306618 0.00350705 -0.00238538 -0.000430061 -0.00654791 -0.000226865
internal_weight=88177 24407 5606 63770 51109 18801 7197 1592 4014 136 50973 11604 12661 407 12254
internal_count=88177 24407 5606 63770 51109 18801 7197 1592 4014 136 50973 11604 12661 407 12254
is_linear=0
shrinkage=0.05


Tree=9
num_leaves=16
num_cat=0
split_feature=16 20 22 22 9 6 13 9 5 22 22 12 6 9 20
split_gain=439.844 66.5961 62.5892 56.7228 68.0031 34.6503 31.5129 25.0924 24.5117 22.0905 13.7181 12.3756 10.3246 4.65961 0.864368
threshold=31.250000000000004 3.3493750000000007 0.17410820125978774 0.72703062011406672 0.070377017875338482 -0.12545862287572049 0.017969622870310908 0.24225393111440596 -0.03977009085991149 0.34116916926283852 0.5460775683732545 7.0500000000000016 0.48877522411129348 0.41415128782999194 0.59812500000000013
decision_type=2 2 2 2 2 2 2 2 2 2 2 2 2 2 2
left_child=1 6 5 10 14 -3 7 -1 -8 -4 13 -12 -6 -2 -5
right_child=3 2 9 4 12 -7 8 -9 -10 -11 11 -13 -14 -15 -16
leaf_value=-0.006156424752785862 -0.0010649427144807132 -0.0049689608028326109 -0.0031780780348729196 -0.0051909794042375376 0.008056937643656413 -0.0030050189077171067 -0.0013583480942728492 -0.0015363426858695602 -0.0023339232336339775 -0.0014580539143363011 -0.0053493268201251758 0.001623150170439064 0.0012408258784325091 -2.9585868741542688e-06 -0.0051909794042375376
leaf_weight=240 3259 363 2325 47 34141 1216 11437 138 7138 1708 141 14010 5687 6276 40
leaf_count=240 3259 363 2325 47 34141 1216 11437 138 7138 1708 141 14010 5687 6276 40
internal_value=0.000409795 -0.00527275 -0.010057 0.0026046 0.00375485 -0.0184959 -0.00385612 -0.0181481 -0.00356528 -0.00675304 0.000666217 0.00165395 0.00385131 -0.000799685 -0.0404023
internal_weight=88166 24565 5612 63601 39915 1579 18953 378 18575 4033 23686 14151 39828 9535 87
internal_count=88166 24565 5612 63601 39915 1579 18953 378 18575 4033 23686 14151 39828 9535 87
is_linear=0
shrinkage=0.05


Tree=10
num_leaves=16
num_cat=0
split_feature=16 22 9 20 22 3 5 9 19 22 5 19 20 19 9
split_gain=409.089 69.5024 71.2481 68.1213 41.13 36.3622 28.595 27.8923 20.5232 17.4628 14.6185 11.6684 19.2036 9.96309 8.22309
threshold=18.150000000000002 0.59796011944789595 0.070377017875338482 3.3681250000000005 0.34116916926283852 -0.58216583101416142 -0.03977009085991149 0.070377017875338482 0.45625000000000004 0.8417715024145862 -0.98523971305672675 1.5812500000000005 2.7693750000000006 2.193750000000001 0.41415128782999194
decision_type=2 2 2 2 2 2 2 2 2 2 2 2 2 2 2
left_child=3 11 8 6 5 -5 10 -8 -3 -4 -1 12 -2 -6 -13
right_child=1 2 9 4 13 -7 7 -9 -10 -11 -12 14 -14 -15 -16
leaf_value=-0.002758923815814079 0.0001067949229277622 -0.0049314304340256606 0.0023951036576467348 -0.0041935015020600182 -0.0033520133724777609 -0.0031264136811584423 -0.0058149534394681653 -0.0025579353484184476 -0.0034105524219281893 0.0081968966571612477 -0.0013791070668283151 -0.00090728150376854968 -0.0055141702269595715 -0.00080438720719812915 0.00025505109813971294
leaf_weight=740 111 98 23142 707 75 2808 50 6253 40 28000 9813 5103 74 1065 10184
leaf_count=740 111 98 23142 707 75 2808 50 6253 40 28000 9813 5103 74 1065 10184
internal_value=0.000378585 0.00231094 0.00319715 -0.00561782 -0.0109721 -0.0136486 -0.00413918 -0.0068039 -0.0326812 0.00329397 -0.00254762 -0.000626292 -0.0131081 -0.0027193 -0.00047524
internal_weight=88263 66752 51280 21511 4655 3515 16856 6303 138 51142 10553 15472 185 1140 15287
internal_count=88263 66752 51280 21511 4655 3515 16856 6303 138 51142 10553 15472 185 1140 15287
is_linear=0
shrinkage=0.05


Tree=11
num_leaves=16
num_cat=0
split_feature=16 20 9 22 22 6 6 13 9 19 5 6 17 19 0
split_gain=366.286 58.7287 51.9911 53.5545 48.6029 42.5898 33.9744 31.1664 22.5775 18.9043 17.6887 15.789 13.1725 0.259387 2.84217e-14
threshold=31.250000000000004 3.3493750000000007 0.070377017875338482 0.72703062011406672 0.17410820125978774 0.94066717844141279 -0.091258822863740666 0.017969622870310908 0.24225393111440596 2.193750000000001 0.96687895796550427 0.94636490295939868 96.500000000000014 9.5687500000000032 189.05764101487122
decision_type=2 2 2 2 2 2 2 2 2 2 2 2 2 2 2
left_child=1 7 5 12 6 13 -3 8 -1 -6 -9 -5 -4 -2 -7
right_child=2 4 3 11 9 14 -8 10 -10 -11 -12 -13 -14 -15 -16
leaf_value=-0.0057655397606711165 0.0094592569602900689 -0.0045190801966542007 -0.0008284226911551625 0.0065192946042564419 -0.0058917680796080991 -0.0049959917700922001 -0.0025432946565855604 -0.0015725393528970349 -0.0011210505085787006 -0.0019587049418669732 -0.0025747264854519992 -0.00076745142758498646 0.0011507645505931831 0.00022205465562619207 -0.0044352987953801184
leaf_weight=237 42 400 4978 38688 170 51 1197 17919 137 3864 678 1274 18643 46 54
leaf_count=237 42 400 4978 38688 170 51 1197 17919 137 3864 678 1274 18643 46 54
internal_value=0.000415149 -0.0047675 0.00241439 0.00249304 -0.00925146 -0.0234974 -0.0166343 -0.00343656 -0.0177273 -0.00632871 -0.00314916 0.00360868 0.000605605 0.00215909 -0.045
internal_weight=88378 24602 63776 63583 5631 193 1597 18971 374 4034 18597 39962 23621 88 105
internal_count=88378 24602 63776 63583 5631 193 1597 18971 374 4034 18597 39962 23621 88 105
is_linear=0
shrinkage=0.05


Tree=12
num_leaves=16
num_cat=0
split_feature=22 18 9 16 16 6 13 12 6 22 12 5 18 19 0
split_gain=328.115 62.7812 61.1139 56.4809 53.5257 45.4253 24.4068 22.8527 15.4847 15.1974 11.4564 12.917 2.42615 0.116566 1.42109e-14
threshold=0.42339730128143954 99.312500000000014 0.070377017875338482 1.0000000180025095e-35 233.55000000000004 0.94066717844141279 0.052352077274135413 1.3500000000000003 0.48877522411129348 0.83549863003069225 147.15000000000003 0.23537774960157334 95.937500000000014 10.406250000000002 198.57288529750105
decision_type=2 2 2 2 2 2 2 2 2 2 2 2 2 2 2
left_child=1 10 5 7 8 13 -5 -3 -4 -6 11 -1 -12 -2 -7
right_child=2 3 4 6 9 14 -8 -9 -10 -11 12 -13 -14 -15 -16
leaf_value=-0.0014639960000357023 0.011093490536946115 -0.0059094878008866857 0.001231189077720197 -0.0057831477676505679 0.002547118636830493 -0.0047028266666767158 -0.0013454750589168079 -0.0031920366469909778 -0.00079151496768306887 0.0084695806468991549 0.0017945971040279202 -0.0041837795320078175 -0.00042956544200387743 0.00087357270775063108 -0.0041397758464226733
leaf_weight=9176 43 140 19361 95 15527 75 5855 3822 6420 23575 1109 1974 1014 40 44
leaf_count=9176 43 140 19361 95 15527 75 5855 3822 6420 23575 1109 1974 1014 40 44
internal_value=0.000441826 -0.00466573 0.00226127 -0.00767655 0.00234676 -0.025198 -0.00459664 -0.0123019 0.000578139 0.00351286 -0.00241731 -0.0030583 0.000949129 0.00319277 -0.045
internal_weight=88270 23185 65085 9912 64883 202 5950 3962 25781 39102 13273 11150 2123 83 119
internal_count=88270 23185 65085 9912 64883 202 5950 3962 25781 39102 13273 11150 2123 83 119
is_linear=0
shrinkage=0.05


Tree=13
num_leaves=15
num_cat=0
split_feature=22 9 18 22 6 16 13 4 6 12 22 5 5 0
split_gain=305.018 65.0815 50.7981 66.2154 43.8491 38.9104 25.3992 17.2301 16.5734 13.8773 12.2894 10.7929 5.66781 1.42109e-14
threshold=0.48662355814319108 0.070377017875338482 99.812500000000014 0.29299600068565884 0.94066717844141279 292.45000000000005 0.017969622870310908 -0.065403129230143256 0.48877522411129348 57.150000000000006 0.78637306748051572 0.23537774960157334 -0.76141707087277943 131.23544528982328
decision_type=2 2 2 2 2 2 2 2 2 2 2 2 2 2
left_child=2 4 9 6 -2 8 -4 -5 -3 11 -7 -1 -11 -6
right_child=1 5 3 7 13 10 -8 -9 -10 12 -12 -13 -14 -15
leaf_value=-0.0016762979550598662 0.0018910875863002144 0.0018486168416217451 -0.0055659855624217783 -0.0007715620939038742 -0.0047150433942442001 0.0020783064251915983 -0.0025347687085242204 -0.0040180348303288328 -0.00059737928513524526 0.00038033834394197167 0.007868721171934873 -0.0046664778239737265 -0.00085153413407971731 -0.0040766397016099637
leaf_weight=6336 78 20943 120 4525 46 8003 5233 466 6375 3254 25606 1589 5777 75
leaf_count=6336 78 20943 120 4525 46 8003 5233 466 6375 3254 25606 1589 5777 75
internal_value=0.000428946 0.00239145 -0.0039652 -0.0067266 -0.0261558 0.00248469 -0.0105894 -0.00258365 0.00108317 -0.00228061 0.00362388 -0.00380757 -0.000940649 -0.045
internal_weight=88426 61126 27300 10344 199 60927 5353 4991 27318 16956 33609 7925 9031 121
internal_count=88426 61126 27300 10344 199 60927 5353 4991 27318 16956 33609 7925 9031 121
is_linear=0
shrinkage=0.05


Tree=14
num_leaves=15
num_cat=0
split_feature=16 9 22 6 20 22 6 6 5 13 22 4 15 19
split_gain=280.169 62.4564 55.6281 45.8292 45.2349 52.2906 36.3122 22.8417 17.1956 14.5079 13.0638 12.3579 10.4673 0.426518
threshold=18.150000000000002 0.070377017875338482 0.73208533829163236 0.94066717844141279 2.5531250000000005 0.32823821919300272 -0.10837475778693638 0.51849435583340198 -0.03977009085991149 0.017969622870310908 0.56545474901180315 -0.84874750804349175 21.500000000000004 9.4687500000000018
decision_type=2 2 2 2 2 2 2 2 2 2 2 2 2 2
left_child=4 3 10 13 8 6 -6 -4 11 -10 -3 -1 -7 -2
right_child=1 2 7 -5 5 12 -8 -9 9 -11 -12 -13 -14 -15
leaf_value=0.00016897544886481492 0.0095953154397913926 -0.00036220717564532687 0.0065332660209414268 -0.0043025188984355655 -0.0032808486536922629 -0.0042940564028846476 -0.0023365489159717931 0.00018826859386507195 -0.0049738209235923037 -0.0018568571950076343 0.0012929788464018425 -0.0019062797915456462 -0.00017817216879908261 -0.00055267610873606626
leaf_weight=3925 43 13203 34123 122 1473 331 2841 5405 191 5119 13773 5931 1820 52
leaf_count=3925 43 13203 34123 122 1473 331 2841 5405 191 5119 13773 5931 1820 52
internal_value=0.00045398 0.00205715 0.00214453 -0.0247235 -0.00449101 -0.00799304 -0.0111683 0.00333915 -0.00299815 -0.0052919 0.000394054 -0.00176238 -0.00162483 0.00131579
internal_weight=88352 66721 66504 217 21631 6465 4314 39528 15166 5310 26976 9856 2151 95
internal_count=88352 66721 66504 217 21631 6465 4314 39528 15166 5310 26976 9856 2151 95
is_linear=0
shrinkage=0.05


Tree=15
num_leaves=14
num_cat=0
split_feature=22 9 13 6 16 6 6 22 9 6 13 6 18
split_gain=254.437 83.6517 52.193 37.2325 37.0906 41.4269 28.4972 25.8038 19.1585 14.8592 13.2615 7.00716 2.67227
threshold=0.5460775683732545 0.070377017875338482 0.017969622870310908 0.94066717844141279 10.350000000000003 -0.099822328936730861 0.50370931781787065 0.86013503459021445 0.24225393111440596 0.94066717844141279 0.39721782937610245 -0.86548532668110156 90.062500000000014
decision_type=2 2 2 2 2 2 2 2 2 2 2 2 2
left_child=2 3 8 -2 5 -4 7 -3 9 -1 -8 -6 -10
right_child=1 6 4 -5 11 -7 10 -9 12 -11 -12 -13 -14
leaf_value=-0.0050384131662819503 0.0023646603769402171 0.0021127459029805294 -0.0024594651821699454 -0.0038543860476148678 -0.001729382917002845 -0.0014960729614359612 -0.0009390995688814968 0.0079777607344995501 0.0066430175480155984 -0.0050758985953787477 0.0016539253824293131 -0.00023260777408287553 -0.0036544713332043901
leaf_weight=164 57 25689 4352 134 3026 12628 4203 22582 59 147 4443 11078 60
leaf_count=164 57 25689 4352 134 3026 12628 4203 22582 59 147 4443 11078 60
internal_value=0.000441877 0.00243206 -0.00316462 -0.0306021 -0.0029253 -0.00449941 0.00254291 0.00301641 -0.0204651 -0.0269936 -0.000100624 -0.0010302 -0.00340336
internal_weight=88622 57108 31514 191 31084 16980 56917 48271 430 311 8646 14104 119
internal_count=88622 57108 31514 191 31084 16980 56917 48271 430 311 8646 14104 119
is_linear=0
shrinkage=0.05


Tree=16
num_leaves=15
num_cat=0
split_feature=16 9 22 20 16 22 6 5 6 19 20 12 17 0
split_gain=242.275 59.3657 42.1745 55.5451 32.0721 30.7087 29.9564 19.085 19.0839 16.7904 22.1107 13.554 10.8502 1.42109e-14
threshold=75.950000000000017 0.070377017875338482 0.3193230923221419 1.9943750000000005 1.0000000180025095e-35 0.85396078619471105 0.94066717844141279 0.23537774960157334 0.94636490295939868 1.9062500000000004 1.2193750000000003 128.25000000000003 14.500000000000002 175.01229361036914
decision_type=2 2 2 2 2 2 2 2 2 2 2 2 2 2
left_child=2 6 3 7 -5 11 -2 -1 -7 10 -4 -3 -11 -8
right_child=1 5 9 4 -6 8 13 -9 -10 12 -12 -13 -14 -15
leaf_value=-0.0010577202826639405 0.00098909805708760862 0.00013975696826260689 -8.306558492421161e-05 -0.0030274970468142908 -0.0015448038741597101 0.0070945212595640329 -0.0036102026898876972 -0.0039526765911629767 -0.0011450515126405186 -0.003513163591605869 -0.0032793362990477582 0.0024767964887980249 -0.00016623329467142512 -0.0033820744399924449
leaf_weight=9349 54 12307 488 2530 3873 24753 48 1561 940 721 440 18218 13223 51
leaf_count=9349 54 12307 488 2530 3873 24753 48 1561 940 721 440 18218 13223 51
internal_value=0.000466711 0.00244283 -0.00299441 -0.00467192 -0.00836873 0.00252748 -0.0286601 -0.00250229 0.00380123 -0.00104155 -0.00755388 0.00145536 -0.000608147 -0.045
internal_weight=88556 56371 32185 17313 6403 56218 153 10910 25693 14872 928 30525 13944 99
internal_count=88556 56371 32185 17313 6403 56218 153 10910 25693 14872 928 30525 13944 99
is_linear=0
shrinkage=0.05


Tree=17
num_leaves=15
num_cat=0
split_feature=22 9 13 22 18 6 6 22 6 5 5 4 5 0
split_gain=224.36 70.8147 46.1443 34.9168 45.2157 34.6287 27.8431 24.2626 21.4794 23.6774 18.6464 16.4816 13.5139 1.42109e-14
threshold=0.56545474901180315 0.070377017875338482 0.017969622870310908 0.3193230923221419 95.937500000000014 0.94066717844141279 0.51849435583340198 0.86345620921778354 0.93469109537144635 0.28519915169571858 -0.98214942551678475 -0.032701564615071545 -0.61237985104942771 189.05764101487122
decision_type=2 2 2 2 2 2 2 2 2 2 2 2 2 2
left_child=2 5 8 4 -4 -2 7 -3 10 -10 -1 -5 -8 -7
right_child=1 6 3 11 -6 13 12 -9 9 -11 -12 -13 -14 -15
leaf_value=-0.0049355934706966859 0.0025909321151609249 0.0020496935058139432 -0.0012032633241279096 -0.00021555667997895725 -0.0018886443750905397 -0.0034735199095735809 -0.001561241425542348 0.0073105335074778212 0.0040794002770955639 -0.0047397442917850863 -0.00047688606509702428 -0.0030457239351334413 0.00060632800953111282 -0.0031570734921222707
leaf_weight=47 52 24839 8797 14300 8229 66 1950 22378 48 167 190 1148 6026 51
leaf_count=47 52 24839 8797 14300 8229 66 1950 22378 48 167 190 1148 6026 51
internal_value=0.000461445 0.00240526 -0.0028069 -0.00258607 -0.00414777 -0.0299112 0.00250421 0.00296578 -0.0186726 -0.0301163 -0.00829114 -0.000864837 -0.000228184 -0.045
internal_weight=88288 55362 32926 32474 17026 169 55193 47217 452 215 237 15448 7976 117
internal_count=88288 55362 32926 32474 17026 169 55193 47217 452 215 237 15448 7976 117
is_linear=0
shrinkage=0.05


Tree=18
num_leaves=14
num_cat=0
split_feature=16 9 13 6 22 6 5 22 20 6 19 12 20
split_gain=204.077 67.7576 38.7719 30.8659 30.4457 30.1717 42.3144 28.7211 35.3955 17.7491 13.1411 11.6703 11.173
threshold=75.950000000000017 0.070377017875338482 0.037770744064505292 0.94066717844141279 0.86345620921778354 0.94066717844141279 0.28519915169571858 0.32823821919300272 2.0118750000000003 0.94636490295939868 1.9062500000000004 128.25000000000003 1.6343750000000006
decision_type=2 2 2 2 2 2 2 2 2 2 2 2 2
left_child=2 3 5 -2 11 12 -7 8 -4 -6 -9 -3 -1
right_child=1 4 7 -5 9 6 -8 10 -10 -11 -12 -13 -14
leaf_value=-0.0003657572646530688 0.0011746445405811533 0.00010810378569026113 -0.0012517720968402786 -0.0032213051011115608 0.0065782311993386163 0.00051517815385770873 -0.0045964466756539023 -0.0015838549949040639 -0.0018427520968548571 -0.0010640877391704432 -0.00021475494788076121 0.0022739973479050991 -0.0035419941427845495
leaf_weight=283 51 12648 10663 110 23890 81 146 858 6267 949 13524 18718 313
leaf_count=283 51 12648 10663 110 23890 81 146 858 6267 949 13524 18718 313
internal_value=0.000484232 0.00229713 -0.00269566 -0.0300932 0.00238991 -0.0134083 -0.0289207 -0.00241409 -0.0038098 0.00369761 -0.000771103 0.00135433 -0.0075
internal_weight=88501 56366 32135 161 56205 823 227 31312 16930 24839 14382 31366 596
internal_count=88501 56366 32135 161 56205 823 227 31312 16930 24839 14382 31366 596
is_linear=0
shrinkage=0.05


Tree=19
num_leaves=14
num_cat=0
split_feature=16 9 13 6 5 6 16 20 15 6 6 5 22
split_gain=193.412 58.5092 40.8626 34.1492 31.5283 30.9524 28.237 22.7845 35.7899 20.9601 16.7153 16.2178 7.65351
threshold=75.950000000000017 0.070377017875338482 0.017969622870310908 0.94066717844141279 0.28519915169571858 0.94066717844141279 482.05000000000007 3.4781250000000008 17.500000000000004 0.99981043035926087 0.5475998096715059 -0.98214942551678475 0.87989444966365871
decision_type=2 2 2 2 2 2 2 2 2 2 2 2 2
left_child=2 5 3 11 -5 -2 10 9 -9 -4 -3 -1 -8
right_child=1 6 7 4 -6 -7 12 8 -10 -11 -12 -13 -14
leaf_value=-0.0046705259339291979 0.00069573509770950873 0.0020085944729318936 -0.00081918947592395412 -0.0013483565767856741 -0.0041598877109599924 -0.0031309712649151538 0.0025553903214724674 -0.0039858211283550571 -0.0011017142977243462 -0.0038423676902034905 -0.00040158119707103492 -0.0012306969583928155 0.0095397150780427986
leaf_weight=51 56 32169 24189 55 143 100 3649 717 6565 242 6197 328 14021
leaf_count=51 56 32169 24189 55 143 100 3649 717 6565 242 6197 328 14021
internal_value=0.000473091 0.00224516 -0.00261072 -0.0157972 -0.0326263 -0.0283333 0.00233029 -0.00237079 -0.0048256 -0.00163911 0.00156858 -0.00700528 0.00398415
internal_weight=88482 56192 32290 577 198 156 56036 31713 7282 24431 38366 379 17670
internal_count=88482 56192 32290 577 198 156 56036 31713 7282 24431 38366 379 17670
is_linear=0
shrinkage=0.05


Tree=20
num_leaves=14
num_cat=0
split_feature=22 9 13 6 15 6 5 15 20 9 22 22 18
split_gain=176.281 68.2072 44.095 35.5846 27.7776 27.4435 29.696 25.7952 34.8263 19.7739 12.9246 10.6578 10.6158
threshold=0.56545474901180315 0.070377017875338482 0.017969622870310908 0.94066717844141279 326.50000000000006 0.94066717844141279 0.28519915169571858 70.500000000000014 3.3681250000000005 0.56886481341308459 0.81521507672907301 0.29299600068565884 99.062500000000014
decision_type=2 2 2 2 2 2 2 2 2 2 2 2 2
left_child=2 3 5 -2 9 12 -7 8 -4 -3 -6 -9 -1
right_child=1 4 7 -5 10 6 -8 11 -10 -11 -12 -13 -14
leaf_value=0.0052302172787756914 0.0027024772905485986 8.3892747023640865e-05 -0.0013669743272909792 -0.0028845206251968004 0.0027207017078312301 0.0021915145432116799 -0.0041742805345316913 -0.00097846270190553373 -0.0021541961637409528 0.0034754569781209142 0.011107228244581333 -9.5587222539490611e-05 -0.0040919814794292885
leaf_weight=132 57 16636 13011 116 10531 48 134 2938 3463 11292 16623 13109 135
leaf_count=132 57 16636 13011 116 10531 48 134 2938 3463 11292 16623 13109 135
internal_value=0.000515444 0.00224188 -0.00237792 -0.029104 0.00234033 -0.0179399 -0.0329121 -0.00216306 -0.00355287 0.00123317 0.00347905 -0.000736274 -0.00773408
internal_weight=88225 55255 32970 173 55082 449 182 32521 16474 27928 27154 16047 267
internal_count=88225 55255 32970 173 55082 449 182 32521 16474 27928 27154 16047 267
is_linear=0
shrinkage=0.05


Tree=21
num_leaves=14
num_cat=0
split_feature=22 9 6 13 6 5 16 0 20 6 22 22 18
split_gain=159.326 74.6794 35.8714 35.327 29.409 28.9286 25.8747 22.8834 19.1675 18.2108 14.637 8.62762 7.91579
threshold=0.56545474901180315 0.070377017875338482 0.94066717844141279 0.017969622870310908 0.94066717844141279 0.28519915169571858 490.15000000000003 127.1191484248062 3.5343750000000007 0.31595530242620651 0.29299600068565884 0.87989444966365871 90.062500000000014
decision_type=2 2 2 2 2 2 2 2 2 2 2 2 2
left_child=3 2 -2 4 12 -6 9 8 -5 -3 -9 -8 -1
right_child=1 6 -4 7 5 -7 11 10 -10 -11 -12 -13 -14
leaf_value=0.0096423615528044432 0.001481807046789645 0.002490790070408741 -0.0027402945939369603 -0.0020556975887242174 0.0015031969458153722 -0.0039001979262862016 0.002353200863834701 -0.0010093911405097591 -0.0029483478822700175 -0.00017854442149801972 -0.00013917167241089075 0.0093324984788662052 -0.0036544116753514872
leaf_weight=103 56 28548 124 6271 50 125 3322 11018 1360 9546 13963 13822 178
leaf_count=103 56 28548 124 6271 50 125 3322 11018 1360 9546 13963 13822 178
internal_value=0.000514545 0.00215345 -0.03 -0.00223207 -0.0160526 -0.0321429 0.00225823 -0.00203882 -0.0044352 0.00153226 -0.00130679 0.00387133 -0.00603203
internal_weight=88486 55418 180 33068 456 175 55238 32612 7631 38094 24981 17144 281
internal_count=88486 55418 180 33068 456 175 55238 32612 7631 38094 24981 17144 281
is_linear=0
shrinkage=0.05


Tree=22
num_leaves=14
num_cat=0
split_feature=22 9 6 13 6 5 12 4 22 9 22 18 5
split_gain=154.588 72.3453 38.1656 34.9518 27.6954 30.4547 25.7158 20.2438 20.4899 16.9031 13.7903 13.0127 9.91364
threshold=0.56545474901180315 0.070377017875338482 0.94066717844141279 0.017969622870310908 0.94066717844141279 0.28519915169571858 141.75000000000003 -0.097964660725097477 0.29299600068565884 0.57713002916505951 0.89184736771066409 96.312500000000014 -0.98214942551678475
decision_type=2 2 2 2 2 2 2 2 2 2 2 2 2
left_child=3 2 -2 4 12 -6 9 8 -5 -3 -8 -9 -1
right_child=1 6 -4 7 5 -7 10 11 -10 -11 -12 -13 -14
leaf_value=-0.0040496799794936993 0.0024318831497314231 0.00013466228979671093 -0.0026032798642401122 -0.0012332413667433769 0.0022166139246807236 -0.0037705566126568554 0.0028554014478444165 -0.0013899342989844438 -0.00018523329418843883 0.0033476022843199633 0.013106979841567832 -0.0028784145406476032 -0.00082555630413366364
leaf_weight=47 58 17559 124 14744 53 124 16636 840 15073 9284 11749 1883 225
leaf_count=47 58 17559 124 14744 53 124 16636 840 15073 9284 11749 1883 225
internal_value=0.000518049 0.00213138 -0.0293407 -0.00219179 -0.0160468 -0.0314407 0.0022351 -0.00200061 -0.00162374 0.00112562 0.00328431 -0.00612743 -0.00602941
internal_weight=88399 55410 182 32989 449 177 55228 32540 29817 26843 28385 2723 272
internal_count=88399 55410 182 32989 449 177 55228 32540 29817 26843 28385 2723 272
is_linear=0
shrinkage=0.05


Tree=23
num_leaves=15
num_cat=0
split_feature=22 9 6 13 6 12 5 9 16 6 22 6 5 0
split_gain=137.938 71.3054 37.6842 35.1525 31.969 28.3469 27.9551 19.1319 18.8667 27.4243 13.204 8.18986 7.9863 1.42109e-14
threshold=0.56545474901180315 0.070377017875338482 0.94066717844141279 0.017969622870310908 0.94066717844141279 139.95000000000002 0.28519915169571858 0.68439098077433791 6.7500000000000009 -0.099822328936730861 0.8417715024145862 -0.86548532668110156 -0.98214942551678475 202.50544034251308
decision_type=2 2 2 2 2 2 2 2 2 2 2 2 2 2
left_child=3 2 -2 4 12 7 -6 -3 9 -5 -7 -10 -1 -4
right_child=1 5 13 8 6 10 -8 -9 11 -11 -12 -13 -14 -15
leaf_value=-0.0038471959805190144 0.0028118219389349276 0.00019054690652091377 -0.0024741278250074664 -0.0019359034262320066 0.00013635955089304487 0.0023264344213286157 -0.0034738742392792545 0.0041361830701857703 -0.0015103509132162905 -0.0010389147171329591 0.010932070035585632 -0.00010265980655660757 -0.00026295745437026968 -0.0022583773307806574
leaf_weight=44 60 21643 75 3672 48 13705 127 4898 3547 11811 14902 13476 218 48
leaf_count=44 60 21643 75 3672 48 13705 127 4898 3547 11811 14902 13476 218 48
internal_value=0.000481116 0.0020062 -0.029153 -0.00208041 -0.016167 0.0021096 -0.0327143 0.000932708 -0.00189104 -0.0031541 0.00320149 -0.000742231 -0.0051145 -0.045
internal_weight=88274 55331 183 32943 437 55148 175 26541 32506 15483 28607 17023 262 123
internal_count=88274 55331 183 32943 437 55148 175 26541 32506 15483 28607 17023 262 123
is_linear=0
shrinkage=0.05


Tree=24
num_leaves=14
num_cat=0
split_feature=16 9 13 6 5 5 22 16 4 6 6 9 20
split_gain=127.864 47.8866 42.8716 48.0349 40.3826 25.192 24.8437 21.9815 26.7422 19.3011 7.9502 7.24333 7.05342
threshold=112.95000000000002 0.070377017875338482 0.037770744064505292 0.94066717844141279 0.28519915169571858 0.30164402523644185 0.8855071519242802 1.7500000000000002 -0.88144907265856332 0.94066717844141279 -0.64580103137750788 0.41415128782999194 1.6343750000000006
decision_type=2 2 2 2 2 2 2 2 2 2 2 2 2
left_child=2 5 3 12 -5 -2 10 8 -4 -8 -3 -9 -1
right_child=1 6 7 4 -6 -7 9 11 -10 -11 -12 -13 -14
leaf_value=0.00015586690906905354 0.0016459351063688472 0.0028307511560570239 2.3672650144430411e-05 0.00010093236625175022 -0.0033270791323137903 -0.0023494094797777334 0.0057047659781588799 -0.00076502748607068852 -0.0020381907699594842 -0.0011244104091686663 0.00036553065363508137 8.738270872681031e-05 -0.0032494059750125051
leaf_weight=315 42 12915 4720 75 176 82 20809 7664 9012 904 16807 14686 328
leaf_count=315 42 12915 4720 75 176 82 20809 7664 9012 904 16807 14686 328
internal_value=0.000554301 0.00216344 -0.00168947 -0.0125056 -0.0310558 -0.028871 0.00223826 -0.00142148 -0.00299592 0.00352393 0.00129904 -0.000454139 -0.00526439
internal_weight=88535 51559 36976 894 251 124 51435 36082 13732 21713 29722 22350 643
internal_count=88535 51559 36976 894 251 124 51435 36082 13732 21713 29722 22350 643
is_linear=0
shrinkage=0.05


Tree=25
num_leaves=14
num_cat=0
split_feature=16 9 12 9 6 6 5 22 4 22 6 17 18
split_gain=118.179 51.6674 32.8743 28.5197 27.097 25.8366 68.7913 17.5003 23.4249 15.6413 13.8157 9.18748 7.09982
threshold=88.750000000000014 0.070377017875338482 4.3500000000000005 0.57398933270040675 0.94066717844141279 0.94066717844141279 0.28519915169571858 0.32823821919300272 -0.84874750804349175 0.8417715024145862 0.53312596302726967 39.500000000000007 99.562500000000014
decision_type=2 2 2 2 2 2 2 2 2 2 2 2 2
left_child=2 4 5 10 -2 12 -7 8 -4 -5 -3 -9 -1
right_child=1 3 7 9 -6 6 -8 11 -10 -11 -12 -13 -14
leaf_value=-0.0024485629389485912 0.00056130179815993143 0.0015261070568903968 -0.00025835612342485357 0.0017543882698970465 -0.0022342013293568919 -8.1958284375782932e-06 -0.0034812992087154097 -0.0013436181778256799 -0.0016405511262122441 0.0062111849747818228 -0.00055566829614374369 0.00024319342583882715 -0.0035890961890058105
leaf_weight=745 50 23041 7619 9591 89 206 186 3780 9069 16047 5683 11959 392
leaf_count=745 50 23041 7619 9591 89 206 186 3780 9069 16047 5683 11959 392
internal_value=0.00054925 0.0019918 -0.00176611 0.00206964 -0.0284532 -0.00893067 -0.02 -0.00142828 -0.00255633 0.00328185 0.000987676 -0.000232225 -0.00511434
internal_weight=88457 54501 33956 54362 139 1529 392 32427 16688 25638 28724 15739 1137
internal_count=88457 54501 33956 54362 139 1529 392 32427 16688 25638 28724 15739 1137
is_linear=0
shrinkage=0.05


Tree=26
num_leaves=14
num_cat=0
split_feature=16 9 9 6 16 4 22 9 18 6 18 20 0
split_gain=115.738 42.79 42.437 68.3283 31.6007 20.222 19.677 8.99049 8.58256 8.06969 7.28118 3.90003 1.42109e-14
threshold=233.55000000000004 0.070377017875338482 0.070377017875338482 0.94066717844141279 18.150000000000002 -0.88144907265856332 0.87989444966365871 0.27096366726759108 52.187500000000007 -0.79382744783423187 79.187500000000014 5.8356250000000012 204.75489338690468
decision_type=2 2 2 2 2 2 2 2 2 2 2 2 2
left_child=2 10 3 11 5 -4 9 -8 -6 -3 -2 -1 -5
right_child=1 6 4 12 8 -7 7 -9 -10 -11 -12 -13 -14
leaf_value=0.00051273921040692822 -0.0021202289393210021 0.0035895728288348667 -7.59897329685246e-05 -0.0030104912512080922 0.0066470022545425363 -0.0015711950378739692 -0.00078581982218908992 0.0055809184594646996 -3.3598405155441104e-05 0.00059412598498458926 -0.0018853582762609702 -0.0025196891338605289 -0.0025926914655945051
leaf_weight=223 49 7545 6861 102 1523 14489 668 19105 25851 11902 40 43 41
leaf_count=223 49 7545 6861 102 1523 14489 668 19105 25851 11902 40 43 41
internal_value=0.000529274 0.00255145 -0.00108858 -0.0171271 -0.000953944 -0.00239578 0.00263004 0.00374071 0.0001706 0.00150075 -0.0320787 -0.00214286 -0.045
internal_weight=88442 39309 49133 409 48724 21350 39220 19773 27374 19447 89 266 143
internal_count=88442 39309 49133 409 48724 21350 39220 19773 27374 19447 89 266 143
is_linear=0
shrinkage=0.05


Tree=27
num_leaves=14
num_cat=0
split_feature=16 9 13 6 5 16 20 22 9 19 6 12 5
split_gain=102.98 44.4921 39.0781 66.562 37.1459 24.0209 23.2842 20.5795 10.8477 10.6123 8.25787 8.20645 4.74835
threshold=233.55000000000004 0.070377017875338482 0.017969622870310908 0.94066717844141279 0.28519915169571858 1.7500000000000002 3.0843750000000005 0.89184736771066409 0.30874939122456702 2.193750000000001 -0.64580103137750788 3.4500000000000006 -0.98214942551678475
decision_type=2 2 2 2 2 2 2 2 2 2 2 2 2
left_child=2 11 3 12 -5 6 -4 10 -7 -9 -3 -2 -1
right_child=1 7 5 4 -6 8 -8 9 -10 -11 -12 -13 -14
leaf_value=-0.0034046149656025274 -0.002014217492354952 0.0033805452437110743 -0.00089788428436885946 0.0019630532199846284 -0.0027345892918031918 -0.00090111440796165074 -0.0019776546802323172 -0.00073327558673226827 0.00015353163223569001 0.0053350395593597701 0.00044129984979727479 -0.0017860140678953103 0.00030331472716648989
leaf_weight=51 53 9568 11499 62 188 6011 2398 857 28430 17902 11048 40 399
leaf_count=51 53 9568 11499 62 188 6011 2398 857 28430 17902 11048 40 399
internal_value=0.000544935 0.00244603 -0.000985154 -0.0127143 -0.0334 -0.0008153 -0.00256998 0.00252762 -0.000107285 0.00372594 0.00143723 -0.0320968 -0.00122222
internal_weight=88506 39468 49038 700 250 48338 13897 39375 34441 18759 20616 93 450
internal_count=88506 39468 49038 700 250 48338 13897 39375 34441 18759 20616 93 450
is_linear=0
shrinkage=0.05


Tree=28
num_leaves=14
num_cat=0
split_feature=16 13 6 9 5 16 22 4 9 18 19 22 5
split_gain=99.7135 42.8901 62.9093 38.6086 35.239 25.0093 18.8422 22.1273 13.4873 11.6596 9.88157 4.91979 4.09883
threshold=166.55000000000004 0.017969622870310908 0.94066717844141279 0.070377017875338482 0.28519915169571858 593.90000000000009 0.34116916926283852 -0.84874750804349175 0.57398933270040675 86.187500000000014 1.9062500000000004 0.82612154032231799 -0.98214942551678475
decision_type=2 2 2 2 2 2 2 2 2 2 2 2 2
left_child=1 2 12 9 -4 8 7 -3 -5 -2 -8 -7 -1
right_child=3 6 4 5 -6 11 10 -9 -10 -11 -12 -13 -14
leaf_value=-0.0032343842173224013 -0.001913506617737204 -0.00013922187415781363 0.0018649005589853969 0.00053126564847340155 -0.0026275072622498953 -0.0017039684389286215 -0.0011638839311524137 -0.0015347568110702218 0.0030507580022177314 -0.0016903794878301741 6.8553571750421739e-05 0.010355870239308973 -0.00018573097761519057
leaf_weight=45 54 7932 57 20174 190 333 1393 10096 14394 41 22567 10826 362
leaf_count=45 54 7932 57 20174 190 333 1393 10096 14394 41 22567 10826 362
internal_value=0.000485734 -0.0012544 -0.0139602 0.0021051 -0.0338664 0.00217126 -0.00105649 -0.00227757 0.00150689 -0.0297368 -0.000137729 0.00422932 -0.00187961
internal_weight=88464 42642 654 45822 247 45727 41988 18028 34568 95 23960 11159 407
internal_count=88464 42642 654 45822 247 45727 41988 18028 34568 95 23960 11159 407
is_linear=0
shrinkage=0.05


Tree=29
num_leaves=14
num_cat=0
split_feature=16 9 9 6 16 4 22 6 18 18 6 20 20
split_gain=94.6106 44.526 37.7045 68.7379 23.854 19.8723 18.6665 10.1312 9.31489 9.04605 7.64934 3.9195 0.0178058
threshold=233.55000000000004 0.070377017875338482 0.070377017875338482 0.94066717844141279 1.7500000000000002 -0.88144907265856332 0.89184736771066409 0.53312596302726967 47.562500000000007 79.187500000000014 -0.73284120334876357 5.7031250000000009 3.5943750000000008
decision_type=2 2 2 2 2 2 2 2 2 2 2 2 2
left_child=2 9 3 11 5 -4 10 -8 -6 -2 -3 -1 -5
right_child=1 6 4 12 8 -7 7 -9 -10 -11 -12 -13 -14
leaf_value=0.00068001978001833076 -0.0018178312868503438 0.0032426539910323511 6.2981697173797777e-05 -0.0024628633376044462 0.0065955606103529161 -0.0017457382769595301 0.0050713625318274868 0.00029421243117356557 -0.00013489337169943495 -0.0016081859123430462 0.00046492549443172856 -0.0022964698802886824 -0.0026365756849638248
leaf_weight=223 55 8714 4754 99 1299 9284 16310 2242 33067 40 11821 42 40
leaf_count=223 55 8714 4754 99 1299 9284 16310 2242 33067 40 11821 42 40
internal_value=0.000517104 0.002347 -0.000951893 -0.0161634 -0.000824932 -0.00256162 0.00243009 0.00357967 -0.000115521 -0.0318421 0.00139153 -0.00122641 -0.0446403
internal_weight=87990 39182 48808 404 48404 14038 39087 18552 34366 95 20535 265 139
internal_count=87990 39182 48808 404 48404 14038 39087 18552 34366 95 20535 265 139
is_linear=0
shrinkage=0.05


Tree=30
num_leaves=16
num_cat=0
split_feature=15 9 6 22 22 15 9 6 9 22 6 12 18 19 20
split_gain=86.9909 59.0457 86.0087 29.1341 24.3029 14.944 10.6263 10.8462 10.3626 4.75987 2.74175 6.55172 2.20962 1.92152 0.0719706
threshold=237.50000000000003 0.070377017875338482 0.94066717844141279 0.87989444966365871 1.0039738779487706 56.500000000000007 0.15453820310038521 0.029024409397335523 0.42820268915533322 0.59000755446973741 0.94636490295939868 80.550000000000026 98.562500000000014 13.093750000000002 3.6931250000000007
decision_type=2 2 2 2 2 2 2 2 2 2 2 2 2 2 2
left_child=1 2 12 6 5 -3 7 -2 -6 -8 13 -12 -1 -5 -4
right_child=3 4 14 10 8 -7 9 -9 -10 -11 11 -13 -14 -15 -16
leaf_value=0.0031119808106549137 -0.0011256803835341387 -0.0012037898957214625 -0.0020065588820566719 0.0036628880523586443 -0.00076614167613453185 -0.0001362455025480075 1.5918791963056149e-05 -0.0035564585076906332 0.0037336710059833926 0.0020198467525196118 -0.0014991364006157041 0.0057313775545984082 -0.0011504490711169667 0.0088735443468492079 -0.0024362020407510802
leaf_weight=132 213 17495 147 3079 1403 25777 5465 53 4324 18360 40 76 131 11588 43
leaf_count=132 213 17495 147 3079 1403 25777 5465 53 4324 18360 40 76 131 11588 43
internal_value=0.000518873 -0.000872361 -0.0188411 0.00228868 -0.000706239 -0.00111134 0.00121643 -0.0087218 0.00235464 0.00132739 0.00403606 -0.00362069 -0.000323194 0.00409661 -0.0444737
internal_weight=88326 49452 453 38874 48999 43272 24091 266 5727 23825 14783 116 263 14667 190
internal_count=88326 49452 453 38874 48999 43272 24091 266 5727 23825 14783 116 263 14667 190
is_linear=0
shrinkage=0.05


Tree=31
num_leaves=13
num_cat=0
split_feature=16 9 9 6 22 22 4 19 6 12 18 20
split_gain=80.8501 38.3955 37.6474 72.4068 23.7802 17.3985 15.2066 12.3763 9.12259 7.80138 3.20439 0.0722222
threshold=292.45000000000005 0.070377017875338482 0.070377017875338482 0.94066717844141279 0.34116916926283852 0.89184736771066409 -0.72947329433276242 1.9062500000000004 -0.72102888505294738 101.25000000000001 98.562500000000014 3.5943750000000008
decision_type=2 2 2 2 2 2 2 2 2 2 2 2
left_child=2 -2 3 10 6 8 -4 -6 -3 -7 -1 -5
right_child=1 5 4 11 7 9 -8 -9 -10 -11 -12 -13
leaf_value=0.0038019232252092341 -0.0016266117784049933 0.0037168341427842471 -0.00038335015058301141 -0.0022574978828438339 -0.0012643767408123305 0.0011423287085811889 -0.0015987831886523128 0.00030864163250721719 0.00026870143467170275 0.0079134647933111861 -0.0011724161853527903 -0.00231823332537577
leaf_weight=142 60 7165 10664 104 1942 4126 7489 34145 9007 13330 135 40
leaf_count=142 60 7165 10664 104 1942 4126 7489 34145 9007 13330 135 40
internal_value=0.00053532 0.002462 -0.00065211 -0.0155463 -0.000536504 0.00253331 -0.00201261 0.00020603 0.00135172 0.00362798 -0.000595668 -0.0443056
internal_weight=88349 33688 54661 421 54240 33628 18153 36087 16172 17456 277 144
internal_count=88349 33688 54661 421 54240 33628 18153 36087 16172 17456 277 144
is_linear=0
shrinkage=0.05


Tree=32
num_leaves=13
num_cat=0
split_feature=16 13 6 9 5 22 22 4 19 6 19 5
split_gain=73.4255 42.4555 69.4012 38.9132 37.6534 16.6468 16.5622 15.2298 12.9017 8.22379 8.11599 4.56504
threshold=292.45000000000005 0.017969622870310908 0.94066717844141279 0.070377017875338482 0.28519915169571858 0.34116916926283852 0.89184736771066409 -0.88144907265856332 1.9062500000000004 -0.72102888505294738 14.218750000000002 -0.98214942551678475
decision_type=2 2 2 2 2 2 2 2 2 2 2 2
left_child=1 2 11 -2 -4 7 9 -3 -7 -5 -8 -1
right_child=3 5 4 6 -6 8 10 -9 -10 -11 -12 -13
leaf_value=-0.0028452494383896156 -0.0015452811894847438 5.6781024572703834e-05 0.0019990710991027922 0.0036243540915067208 -0.0021564654484747935 -0.0013852082977758786 0.0019361373428074759 -0.0012146078103192162 0.00028533007012223054 0.00024697982981694111 0.0052815996757081419 0.00039693002398631915
leaf_weight=48 59 7043 64 7095 200 1864 5584 11072 34017 9116 11848 436
leaf_count=48 59 7043 64 7095 200 1864 5584 11072 34017 9116 11848 436
internal_value=0.000514212 -0.00061614 -0.0124465 0.00235031 -0.0330682 -0.000452256 0.00242145 -0.00168783 0.000171539 0.00127105 0.00349128 -0.00119835
internal_weight=88446 54744 748 33702 264 53996 33643 18115 35881 16211 17432 484
internal_count=88446 54744 748 33702 264 53996 33643 18115 35881 16211 17432 484
is_linear=0
shrinkage=0.05


Tree=33
num_leaves=16
num_cat=0
split_feature=15 9 6 22 9 12 9 6 22 21 12 6 20 16 17
split_gain=73.7529 59.9506 83.7887 27.3106 20.2987 13.5592 11.8955 12.2569 8.24191 4.74086 3.70114 8.97307 2.48705 2.43793 0.306911
threshold=235.50000000000003 0.070377017875338482 0.94066717844141279 0.89184736771066409 0.66737110467830496 7.0500000000000016 0.15453820310038521 0.029024409397335523 0.98744854199646437 1.003184943869877 71.850000000000009 0.94636490295939868 5.8356250000000012 679.45000000000016 111.50000000000001
decision_type=2 2 2 2 2 2 2 2 2 2 2 2 2 2 2
left_child=1 2 12 6 5 -3 7 -2 -6 -8 11 -5 -1 -12 -4
right_child=3 4 14 10 8 -7 9 -9 -10 -11 13 -13 -14 -15 -16
leaf_value=0.0009470742133794272 -0.001965190755820649 -0.0023402984203375614 -0.0020476631157310293 0.00097401608900413725 0.00044235721728353361 -0.00038573810493435282 0.0013661292830918221 -0.0035110179476655077 0.0034901048325646556 -0.0048146783973948282 0.0040877085055798989 -0.0013934907707804783 -0.0020869438746979759 0.013235095469207018 -0.0012448234868393864
leaf_weight=221 229 2749 151 486 5294 38636 24829 51 2229 41 6357 42 42 7090 41
leaf_count=221 229 2749 151 486 5294 38636 24829 51 2229 41 6357 42 42 7090 41
internal_value=0.000504475 -0.000780645 -0.0188462 0.00212588 -0.000612579 -0.00104688 0.00114115 -0.00910714 0.00177655 0.00125653 0.00389803 -0.000208333 -0.000513308 0.00405927 -0.0439583
internal_weight=88488 49363 455 39125 48908 41385 25150 280 7523 24870 13975 528 263 13447 192
internal_count=88488 49363 455 39125 48908 41385 25150 280 7523 24870 13975 528 263 13447 192
is_linear=0
shrinkage=0.05


Tree=34
num_leaves=14
num_cat=0
split_feature=22 9 13 6 5 19 9 0 22 6 20 4 3
split_gain=69.613 64.5734 33.3937 43.9515 28.7085 25.439 18.9491 17.4301 16.4638 11.9485 10.1939 6.75579 5.61542
threshold=0.62400990024508463 0.070377017875338482 0.017969622870310908 0.94066717844141279 0.28519915169571858 14.068750000000003 0.69767651686618293 94.565735053553311 0.92276304126539432 0.94636490295939868 3.5343750000000007 -0.097964660725097477 -0.77259657388510605
decision_type=2 2 2 2 2 2 2 2 2 2 2 2 2
left_child=2 9 3 12 -5 6 -3 10 -7 -2 -4 -9 -1
right_child=1 5 7 4 -6 8 -8 11 -10 -11 -12 -13 -14
leaf_value=-0.0025859720454532568 -0.00063073860321720399 -0.00019312798282705707 -0.0017127814093904254 0.0020161324651645301 -0.0020210744953831281 0.0021912375803178259 0.0039044800702722066 -0.00018173306959050415 0.0050119029460969607 -0.0013258058361985694 -0.0025375211035676606 -0.0016965813273591653 0.00082972353424147841
leaf_weight=81 41 16506 5091 46 137 19564 3041 29845 11301 84 1051 1485 213
leaf_count=81 41 16506 5091 46 137 19564 3041 29845 11301 84 1051 1485 213
internal_value=0.000477251 0.00169252 -0.00114114 -0.0142872 -0.0335246 0.00178152 0.000370134 -0.000973794 0.00267536 -0.0342 -0.00340931 -0.000496329 -0.00231292
internal_weight=88486 50537 37949 477 183 50412 19547 37472 30865 125 6142 31330 294
internal_count=88486 50537 37949 477 183 50412 19547 37472 30865 125 6142 31330 294
is_linear=0
shrinkage=0.05


Tree=35
num_leaves=14
num_cat=0
split_feature=9 6 22 12 1 9 20 21 22 18 4 17 4
split_gain=71.1962 90.1247 60.3496 23.4437 22.1507 15.4344 10.8003 9.06244 7.44361 2.67823 1.59639 0.421527 0.102273
threshold=0.070377017875338482 0.94066717844141279 0.76188595670359471 113.25000000000001 120.44672665247451 0.62758738839855288 3.5543750000000007 0.26656676151720343 0.92276304126539432 98.562500000000014 -0.84874750804349175 112.50000000000001 -0.88144907265856332
decision_type=2 2 2 2 2 2 2 2 2 2 2 2 2
left_child=1 9 4 5 6 -4 -2 -6 -5 12 -11 -3 -1
right_child=2 11 3 8 7 -7 -8 -9 -10 10 -12 -13 -14
leaf_value=0.00053836145939390508 -0.0015925607356037008 -0.0018152571762622069 -0.00024034215480653201 0.0032863076252463486 -0.00049950537707237487 0.0021346338425689568 -0.0024206798304977025 0.00025411658731273103 0.008286090357211829 0.00017060066009780294 -0.0020488201674308329 -0.0011670801830783945 0.0031793113361330721
leaf_weight=56 6410 159 10773 11030 13214 4990 1239 29768 10586 68 69 46 98
leaf_count=56 6410 159 10773 11030 13214 4990 1239 29768 10586 68 69 46 98
internal_value=0.00050313 -0.0183871 0.00060959 0.00213342 -0.000515396 0.000667069 -0.00299451 -7.42169e-05 0.00320272 -0.000498282 -0.00558394 -0.0437805 0.00402597
internal_weight=88506 496 88010 37379 50631 15763 7649 42982 21616 291 137 205 154
internal_count=88506 496 88010 37379 50631 15763 7649 42982 21616 291 137 205 154
is_linear=0
shrinkage=0.05


Tree=36
num_leaves=14
num_cat=0
split_feature=9 6 22 12 2 9 6 22 9 20 19 17 0
split_gain=74.5727 92.5725 56.1619 22.271 17.7056 14.7229 9.04841 7.14487 7.12878 2.20807 1.07652 0.425554 2.84217e-14
threshold=0.070377017875338482 0.94066717844141279 0.75969313286720908 111.75000000000001 0.23055125103655585 0.62758738839855288 0.99981043035926087 0.93601588666344282 0.31211468012228072 5.8356250000000012 8.9812500000000028 112.50000000000001 158.10595400618681
decision_type=2 2 2 2 2 2 2 2 2 2 2 2 2
left_child=1 9 4 5 6 -4 -2 -5 -6 10 -1 12 -3
right_child=2 11 3 7 8 -7 -8 -9 -10 -11 -12 -13 -14
leaf_value=0.0032685527682912163 -0.0013152338461413561 -0.0018292579118008613 -0.00024309211808000997 0.003434885201123511 -0.00062909605437850582 0.0019899324336689803 -0.0028830293634287264 0.0080319007726934264 0.00019103592794717935 -0.0020231615277976813 -0.00069395879780973174 -0.0010639151637956805 -0.0014234847207877908
leaf_weight=149 10666 102 10762 12553 7683 4991 160 9308 31850 41 93 46 64
leaf_count=149 10666 102 10762 12553 7683 4991 160 9308 31850 41 93 46 64
internal_value=0.000514197 -0.0188384 0.000623089 0.00208486 -0.000468734 0.000651622 -0.0022603 0.00311765 2.18806e-05 -0.000123675 0.00169422 -0.0438208 -0.045
internal_weight=88468 495 87973 37614 50359 15753 10826 21861 39533 283 242 212 166
internal_count=88468 495 87973 37614 50359 15753 10826 21861 39533 283 242 212 166
is_linear=0
shrinkage=0.05


Tree=37
num_leaves=15
num_cat=0
split_feature=9 6 22 19 9 12 22 6 5 18 4 17 4 7
split_gain=63.6086 91.7416 54.193 24.6703 17.1739 14.142 10.6979 10.0386 7.42381 1.85973 0.859214 0.529835 0.107736 0.0185484
threshold=0.070377017875338482 0.94066717844141279 0.73208533829163236 14.218750000000002 0.69767651686618293 4.3500000000000005 0.91749624877584324 0.99981043035926087 0.28519915169571858 98.562500000000014 -0.84874750804349175 112.50000000000001 -0.88144907265856332 19.125000000000004
decision_type=2 2 2 2 2 2 2 2 2 2 2 2 2 2
left_child=1 9 5 4 -4 8 -5 -7 -2 12 -11 13 -1 -3
right_child=2 11 3 6 -6 7 -8 -9 -10 10 -12 -13 -14 -15
leaf_value=0.00056172356691490898 -0.001972025227319458 -0.0016257891677876899 -0.00032440222489427958 0.0024727335529953045 0.0037376265754319364 -0.00018586018892962562 0.0045550794849802184 -0.0020195218069485746 -0.0027335203435747066 0.00037054761495739505 -0.00094970043422678814 -0.0010128385165599997 0.0027055577659189528 -0.0016120965728222197
leaf_weight=55 695 115 12624 13301 2901 46008 11623 305 377 64 71 47 106 40
leaf_count=55 695 115 12624 13301 2901 46008 11623 305 377 64 71 47 106 40
internal_value=0.000529933 -0.0172892 0.000630963 0.0019752 0.000410628 -0.000516513 0.00294977 -0.000385097 -0.00619403 0.000439189 -0.00388889 -0.0432673 0.00406832 -0.0446774
internal_weight=88332 498 87834 40449 15525 47385 24924 46313 1072 296 135 202 161 155
internal_count=88332 498 87834 40449 15525 47385 24924 46313 1072 296 135 202 161 155
is_linear=0
shrinkage=0.05


Tree=38
num_leaves=14
num_cat=0
split_feature=9 6 22 17 19 9 13 22 22 18 4 17 19
split_gain=63.5782 92.7351 52.128 23.6996 18.1528 15.6787 9.07828 5.87677 3.97282 1.75603 1.10924 0.309026 0.0794016
threshold=0.070377017875338482 0.94066717844141279 0.86013503459021445 91.500000000000014 14.218750000000002 0.66190435004876835 0.017969622870310908 0.59346091256960998 0.93601588666344282 98.562500000000014 -0.68322629814330815 121.50000000000001 6.6437500000000016
decision_type=2 2 2 2 2 2 2 2 2 2 2 2 2
left_child=1 9 3 6 5 -4 -2 -5 -6 12 -11 -3 -1
right_child=2 11 4 7 8 -7 -8 -9 -10 10 -12 -13 -14
leaf_value=0.0090881736500579447 -0.0016088395569749535 -0.0015626053575268899 -0.00031195915436202587 -7.2151750313038094e-05 0.0034040862716820351 0.0039872010803839453 -0.00065762172974156714 0.0010506992798365077 0.0044804000455083686 -3.7938578971753734e-05 -0.0018745184855108712 -0.0009621965907319999 0.00026928318147661807
leaf_weight=92 319 156 7414 14263 6364 3085 25480 21317 9692 89 42 41 66
leaf_count=92 319 156 7414 14263 6364 3085 25480 21317 9692 89 42 41 66
internal_value=0.000503845 -0.0175309 0.000603521 -0.000197217 0.00245434 0.000837699 -0.00135102 0.000639404 0.00351146 0.00050173 -0.00377863 -0.0439848 0.00405063
internal_weight=88420 486 87934 61379 26555 10499 25799 35580 16056 289 131 197 158
internal_count=88420 486 87934 61379 26555 10499 25799 35580 16056 289 131 197 158
is_linear=0
shrinkage=0.05


Tree=39
num_leaves=15
num_cat=0
split_feature=9 6 16 16 9 12 22 5 2 18 0 3 19 12
split_gain=71.516 89.0076 48.5636 23.7159 11.6061 11.0902 5.91049 5.17798 3.15601 2.18498 1.17654 0.486806 0.809877 0.131057
threshold=0.070377017875338482 0.94066717844141279 593.90000000000009 18.150000000000002 0.57398933270040675 4.3500000000000005 0.82612154032231799 0.68432406471780916 0.32443806135236003 98.562500000000014 162.13838958430355 0.2269546835593246 -1.0062499999999999 47.250000000000007
decision_type=2 2 2 2 2 2 2 2 2 2 2 2 2 2
left_child=1 9 3 5 -5 -2 7 -4 -8 13 -11 -3 -13 -1
right_child=2 11 6 4 -6 -7 8 -9 -10 10 -12 12 -14 -15
leaf_value=0.0021194285709495034 -0.0024447830817033197 -0.0015365965320180862 0.0016200723171774505 4.5853983644450312e-05 0.0013513560789437636 -0.00051450588716090773 -0.00035837054762992426 -0.0051921938118343683 0.0077223384254859768 -0.0017807925612353275 -0.00011232304848634244 -0.0010125753523201881 -0.0007320760625129626 0.00025052776914527867
leaf_weight=116 999 130 247 34409 20869 20191 171 78 10597 41 88 41 40 40
leaf_count=116 999 130 247 34409 20869 20191 171 78 10597 41 88 41 40 40
internal_value=0.000444428 -0.0184879 0.000551673 0.000103181 0.000648359 -0.00131902 0.00364329 -0.003 0.0038438 -0.000263158 -0.00507752 -0.0431043 -0.0400617 0.00371795
internal_weight=88057 496 87561 76468 55278 21190 11093 325 10768 285 129 211 81 156
internal_count=88057 496 87561 76468 55278 21190 11093 325 10768 285 129 211 81 156
is_linear=0
shrinkage=0.05


Tree=40
num_leaves=15
num_cat=0
split_feature=9 6 15 22 9 22 5 5 16 18 4 0 3 19
split_gain=58.4959 84.223 47.127 21.2044 17.5869 13.9309 11.6015 8.48621 2.2371 1.97726 0.782138 0.74934 1.28311 0.0355644
threshold=0.070377017875338482 0.94066717844141279 320.50000000000006 0.89184736771066409 0.30874939122456702 1.0102968224680469 -0.67803021058859214 0.99865421017599998 679.45000000000016 98.562500000000014 -0.84874750804349175 158.10595400618681 0.16280825711808991 6.6437500000000016
decision_type=2 2 2 2 2 2 2 2 2 2 2 2 2 2
left_child=1 9 4 7 6 -6 -2 -4 -5 13 -11 -3 -13 -1
right_child=2 11 3 8 5 -7 -8 -9 -10 10 -12 12 -14 -15
leaf_value=0.0084290390522345059 -0.0016365811149699032 -0.0014430457398501234 0.0012729872327438322 0.0047177072879557207 -0.00011203703874346494 0.0019879380073130003 -0.00055298889123511373 -0.0037478025785115119 0.010655181160626508 0.00035042099557160437 -0.0016689136697173236 -0.0014347923093566538 -0.00059168486303069821 0.00016715343846994635
leaf_weight=89 3466 94 17496 5030 41468 5519 7745 218 7179 62 72 63 43 65
leaf_count=89 3466 94 17496 5030 41468 5519 7745 218 7179 62 72 63 43 65
internal_value=0.000439515 -0.0168238 0.000535117 0.00214768 -0.000293996 0.000130568 -0.00207341 0.00104268 0.00375092 0.000486111 -0.00395522 -0.04175 -0.0388679 0.00435065
internal_weight=88609 488 88121 29923 58198 46987 11211 17714 12209 288 134 200 106 154
internal_count=88609 488 88121 29923 58198 46987 11211 17714 12209 288 134 200 106 154
is_linear=0
shrinkage=0.05


Tree=41
num_leaves=14
num_cat=0
split_feature=9 6 16 16 9 1 22 21 15 20 6 20 17
split_gain=57.4969 82.6727 43.5713 19.985 10.001 9.92847 3.9745 5.57666 4.20342 1.88769 1.29005 0.902199 0.0685039
threshold=0.070377017875338482 0.94066717844141279 593.90000000000009 18.150000000000002 0.57398933270040675 63.47503502465694 0.91566045039594313 1.0098318885522681 380.50000000000006 5.8356250000000012 -0.10837475778693638 3.0668750000000009 28.500000000000004
decision_type=2 2 2 2 2 2 2 2 2 2 2 2 2
left_child=1 9 3 5 -5 -2 7 -4 -8 10 -1 12 -3
right_child=2 11 6 4 -6 -7 8 -9 -10 -11 -12 -13 -14
leaf_value=-0.0015942298680248976 -0.0021542106041548457 -0.00082871926915985619 0.0022471888059320045 4.1701017481913526e-05 0.0012629183139798855 -0.00028887530552996181 0.00077174134060092468 -0.008499752619789594 0.010199251739527938 -0.001608307249687695 0.0020255416364807354 -0.0017503711056495929 -0.00080871608815173365
leaf_weight=54 3796 40 1722 34404 20916 17555 1180 45 8209 40 202 70 87
leaf_count=54 3796 40 1722 34404 20916 17555 1180 45 8209 40 202 70 87
internal_value=0.000425159 -0.0166024 0.00052074 9.59295e-05 0.000597433 -0.00120346 0.0034403 0.00126486 0.00384972 0.000101352 0.00167969 -0.0417005 -0.0442126
internal_weight=88320 493 87827 76671 55320 21351 11156 1767 9389 296 256 197 127
internal_count=88320 493 87827 76671 55320 21351 11156 1767 9389 296 256 197 127
is_linear=0
shrinkage=0.05


Tree=42
num_leaves=14
num_cat=0
split_feature=9 6 16 22 6 4 22 5 9 20 0 7 18
split_gain=51.6202 82.8508 41.9949 22.0445 14.3272 10.7876 4.11491 6.4071 2.69988 1.87229 1.84384 0.311498 0.159783
threshold=0.070377017875338482 0.94066717844141279 637.25000000000011 0.59346091256960998 -0.64580103137750788 -0.38268343236508956 0.91566045039594313 0.75580964594513067 0.81948384845600108 3.0668750000000009 62.532987303704147 11.875000000000002 32.812500000000007
decision_type=2 2 2 2 2 2 2 2 2 2 2 2 2
left_child=1 10 3 5 -5 -2 7 -4 -8 12 -1 -12 -3
right_child=2 9 6 4 -6 -7 8 -9 -10 -11 11 -13 -14
leaf_value=-0.0015278918872033101 -0.00018033321821808918 -0.00058188400893681544 0.0052607253831622822 0.0019475468289851191 9.9631418674573399e-05 -0.0012621498306016887 0.0083566840485438023 -0.010660979342634698 -0.0017628564894998965 -0.0016628525503671132 -7.2430996734020972e-05 0.0012019020791900865 -0.00078189932689943197
leaf_weight=40 28644 40 905 17628 26283 6279 7938 201 80 60 54 197 98
leaf_count=40 28644 40 905 17628 26283 6279 7938 201 80 60 54 197 98
internal_value=0.000443599 -0.0157566 0.000533664 0.000161986 0.000907632 -0.000775563 0.00374507 0.000886076 0.00413944 -0.0407071 0.00121993 0.00280877 -0.043913
internal_weight=88447 489 87958 78834 43911 34923 9124 1106 8018 198 291 251 138
internal_count=88447 489 87958 78834 43911 34923 9124 1106 8018 198 291 251 138
is_linear=0
shrinkage=0.05


Tree=43
num_leaves=14
num_cat=0
split_feature=9 6 16 12 22 22 20 22 9 3 20 19 22
split_gain=55.0271 72.8626 42.2377 20.0125 16.4122 10.5994 4.67276 3.64442 3.71616 2.59544 2.17093 1.02705 0.488834
threshold=0.070377017875338482 0.94066717844141279 637.25000000000011 85.350000000000009 1.0901460155958185 0.72945228502315185 3.8756250000000008 0.82612154032231799 0.81948384845600108 0.29012925520284144 5.7031250000000009 8.9812500000000028 0.79679580198929678
decision_type=2 2 2 2 2 2 2 2 2 2 2 2 2
left_child=1 10 3 4 -2 -5 12 9 -9 -4 11 -1 -3
right_child=2 6 7 5 -6 -7 -8 8 -10 -11 -12 -13 -14
leaf_value=0.0034533951072631521 -0.00057062012655227808 -0.0014207326641991528 0.0073935439623273843 0.00011308713002477211 0.0022478306768953776 0.0021658746014962581 -0.0012184064101369062 0.007457512403248154 -0.0028685225010638858 -0.0053916964618984254 -0.00062234695953092582 -0.00084787550250616526 -0.00072822729511645169
leaf_weight=148 32572 73 79 24987 3525 17570 43 8864 88 91 43 92 92
leaf_count=148 32572 73 79 24987 3525 17570 43 8864 88 91 43 92 92
internal_value=0.000408817 -0.0162831 0.000502188 0.000128665 -0.000737319 0.000863195 -0.03875 0.00372287 0.00386059 -0.00352941 0.000229682 0.00208333 -0.0425758
internal_weight=88267 491 87776 78654 36097 42557 208 9122 8952 170 283 240 165
internal_count=88267 491 87776 78654 36097 42557 208 9122 8952 170 283 240 165
is_linear=0
shrinkage=0.05


Tree=44
num_leaves=15
num_cat=0
split_feature=9 6 12 22 22 9 12 5 16 0 20 15 7 0
split_gain=48.8977 72.0987 39.717 24.6184 13.8878 10.1584 8.43678 4.34109 4.12278 2.91036 2.88887 1.53551 0.799312 0.0157407
threshold=0.070377017875338482 0.94066717844141279 148.65000000000003 0.81741378932962561 1.0102968224680469 0.42540208866063384 7.0500000000000016 -0.94139628442229062 692.35000000000002 185.96655286070492 5.8356250000000012 166.50000000000003 11.875000000000002 118.05958193133085
decision_type=2 2 2 2 2 2 2 2 2 2 2 2 2 2
left_child=1 10 4 7 6 -6 -2 -4 -5 13 12 -11 -1 -3
right_child=2 9 3 8 5 -7 -8 -9 -10 11 -12 -13 -14 -15
leaf_value=-0.00049104186093987029 -0.0019482944501979503 -0.0010603630225619104 0.0021207832716048799 0.0041163901110352211 -0.00078129673061277417 0.0021950123439908849 -0.00029646318756192602 0.00023489393418927668 0.0097534160993870307 -0.00081321905389069964 -0.0014203799448665986 -0.00066954365083520938 0.0015027301217999593 -0.0010553356509758096
leaf_weight=54 2304 68 2784 9118 1393 4708 42453 18436 6636 44 45 42 202 40
leaf_count=54 2304 68 2784 9118 1393 4708 42453 18436 6636 44 45 42 202 40
internal_value=0.000367781 -0.015303 0.000456098 0.00170309 -0.00045047 0.00178741 -0.000755524 0.000591423 0.00320046 -0.0390722 1.66115e-05 -0.0322093 0.00207031 -0.044537
internal_weight=88327 495 87832 36974 50858 6101 44757 21220 15754 194 301 86 256 108
internal_count=88327 495 87832 36974 50858 6101 44757 21220 15754 194 301 86 256 108
is_linear=0
shrinkage=0.05


Tree=45
num_leaves=14
num_cat=0
split_feature=9 6 12 22 22 6 9 5 0 9 0 0 3
split_gain=51.3244 67.8792 36.3955 24.46 12.8854 9.92691 8.33396 4.60941 4.06039 3.31478 2.62465 0.808392 0.504577
threshold=0.070377017875338482 0.94066717844141279 113.25000000000001 0.89184736771066409 1.0102968224680469 0.97461712852231652 0.3832757904986166 0.9193901325473397 204.75489338690468 0.81948384845600108 67.203922896230281 416.0388889986412 0.41248606129204562
decision_type=2 2 2 2 2 2 2 2 2 2 2 2 2
left_child=1 10 4 7 5 -2 -6 -4 12 -5 -1 -12 -3
right_child=2 8 3 9 6 -7 -8 -9 -10 -11 11 -13 -14
leaf_value=-0.0013749330049545073 -0.00061744760443187708 -0.0013306278055421402 0.00069690940968037546 0.0053645107495361045 -0.00074643898015315394 0.00074865641017279796 0.0018896276568062366 -0.00051098430718691113 -0.00063828518837924183 -0.0024056945600032216 0.0011201373126644369 -0.0014958271864313744 -0.00064896362633591219
leaf_weight=41 34498 81 26817 12893 1087 3340 4720 4647 69 112 220 40 57
leaf_count=41 34498 81 26817 12893 1087 3340 4720 4647 69 112 220 40 57
internal_value=0.000374738 -0.0154724 0.000466101 0.00147282 -0.000559629 -0.000896189 0.00163337 0.000718917 -0.0375121 0.00329681 -0.000315614 0.00153846 -0.0424638
internal_weight=88622 508 88114 44469 43645 37838 5807 31464 207 13005 301 260 138
internal_count=88622 508 88114 44469 43645 37838 5807 31464 207 13005 301 260 138
is_linear=0
shrinkage=0.05


Tree=46
num_leaves=14
num_cat=0
split_feature=9 6 16 22 6 0 12 15 17 22 0 0 17
split_gain=43.8949 58.638 35.2915 17.2299 14.1404 8.09141 7.98008 4.40244 3.0512 3.12012 1.87199 0.592334 0.574083
threshold=0.070377017875338482 0.94066717844141279 679.45000000000016 0.59346091256960998 -0.64580103137750788 192.00235822438148 4.3500000000000005 166.50000000000003 75.500000000000014 0.91749624877584324 62.532987303704147 138.78273813807422 40.500000000000007
decision_type=2 2 2 2 2 2 2 2 2 2 2 2 2
left_child=1 10 3 6 -5 11 -2 -7 -4 -10 -1 -3 -12
right_child=2 5 8 4 -6 7 -8 -9 9 -11 12 -13 -14
leaf_value=-0.0013946096759998765 -0.0018047705031991981 -0.0011286814554601948 -0.0057730651654236131 0.0019036643033657282 7.1525165681613398e-05 -0.00074005840269818321 -0.00026771065182565307 -0.00058418374165755964 0.0010782320405529984 0.0089300098229239244 0.001231012486617322 -0.0010669118760701609 -4.2087456889960468e-05
leaf_weight=40 973 85 40 18268 27240 41 34000 41 688 6725 103 41 150
leaf_count=40 973 85 40 18268 27240 41 34000 41 688 6725 103 41 150
internal_value=0.000396619 -0.0143613 0.000480702 0.00017588 0.000817219 -0.0346635 -0.000658651 -0.022439 0.00377231 0.00384662 5.11947e-05 -0.042619 0.00164032
internal_weight=88435 501 87934 80481 45508 208 34973 82 7453 7413 293 126 253
internal_count=88435 501 87934 80481 45508 208 34973 82 7453 7413 293 126 253
is_linear=0
shrinkage=0.05


Tree=47
num_leaves=16
num_cat=0
split_feature=12 9 6 22 22 17 0 9 20 22 5 6 5 16 18
split_gain=37.1613 32.2923 57.5941 20.79 11.9822 10.013 7.50728 4.73127 8.34791 4.52257 6.38623 3.98895 3.37213 3.1867 1.66387
threshold=141.75000000000003 0.070377017875338482 0.94066717844141279 0.91749624877584324 1.0901460155958185 42.500000000000007 192.00235822438148 0.81948384845600108 2.3631250000000006 0.68865410845875852 -0.51297808981038739 -0.67801649466304881 -0.99763297024448894 13.850000000000003 98.562500000000014
decision_type=2 2 2 2 2 2 2 2 2 2 2 2 2 2 2
left_child=1 2 14 9 5 -3 -4 12 -9 10 -2 -11 -5 -6 -1
right_child=3 4 6 7 13 -7 -8 8 -10 11 -12 -13 -14 -15 -16
leaf_value=0.0018003050728705426 0.0011524829413401896 -0.00086498440805373236 -0.00089970589773954524 -0.0038240740967109585 -0.0020142822584501758 -2.525664120553717e-05 -0.00060344223827783088 -0.0035939020448918337 0.0050427335395856893 0.0037935876399859307 -0.00023501200998768333 0.00082284648395760751 0.006389098489696066 0.0023136876482753115 -0.00054225477118187535
leaf_weight=166 4773 15458 120 100 116 30603 83 40 63 6930 10220 6338 9867 3567 138
leaf_count=166 4773 15458 120 100 116 30603 83 40 63 6930 10220 6338 9867 3567 138
internal_value=0.000402001 -0.000492428 -0.0130473 0.00157457 -0.000364466 -0.000583899 -0.0336699 0.00352532 -0.00713592 0.000879481 0.000284466 0.00155185 0.0036355 0.00237985 0.000723684
internal_weight=88582 50251 507 38331 49744 46061 203 10070 103 28261 14993 13268 9967 3683 304
internal_count=88582 50251 507 38331 49744 46061 203 10070 103 28261 14993 13268 9967 3683 304
is_linear=0
shrinkage=0.05


Tree=48
num_leaves=14
num_cat=0
split_feature=16 9 6 22 19 6 12 22 21 20 9 18 17
split_gain=36.6058 32.211 46.6084 15.3976 12.3111 9.07541 8.73146 3.04023 4.55175 2.84019 2.72153 1.57185 1.53427
threshold=679.45000000000016 0.070377017875338482 0.94066717844141279 0.59346091256960998 2.193750000000001 -0.86548532668110156 1.3500000000000003 0.91566045039594313 1.0098318885522681 5.8356250000000012 0.81948384845600108 87.937500000000014 196.50000000000003
decision_type=2 2 2 2 2 2 2 2 2 2 2 2 2
left_child=1 2 9 5 -5 -3 -4 8 11 -1 12 -2 -9
right_child=7 3 6 4 -6 -7 -8 10 -10 -11 -12 -13 -14
leaf_value=0.00097620933351509067 0.0026341897254736207 -0.0013513945858442278 -0.00099608480833199677 -0.0010563448448874815 0.0008817791227672179 -0.00014865360371929927 -0.00052331906471819603 0.007997418685590436 -0.0086433696826182828 -0.0011837710750164554 -0.0012128375201058761 -0.0055743661684897507 -0.0037080147560950684
leaf_weight=253 493 5177 107 2243 43285 29769 88 6664 45 40 61 44 141
leaf_count=253 493 5177 107 2243 43285 29769 88 6664 45 40 61 44 141
internal_value=0.000390228 8.16434e-05 -0.0127254 0.000159306 0.000765244 -0.000630115 -0.0316667 0.00374463 0.000274914 -0.000119454 0.00403874 0.00155493 0.00413299
internal_weight=88410 80962 488 80474 45528 34946 195 7448 582 293 6866 537 6805
internal_count=88410 80962 488 80474 45528 34946 195 7448 582 293 6866 537 6805
is_linear=0
shrinkage=0.05


Tree=49
num_leaves=15
num_cat=0
split_feature=12 6 5 16 12 22 12 22 16 20 9 9 19 7
split_gain=36.056 35.8295 54.8562 31.7439 13.0893 10.7769 7.78619 7.70125 3.80132 3.73969 3.2167 2.95725 2.30556 1.27086
threshold=4.3500000000000005 0.94066717844141279 0.28519915169571858 692.35000000000002 85.350000000000009 1.0901460155958185 1.3500000000000003 0.81521507672907301 16.350000000000005 1.6518750000000002 0.81948384845600108 0.31956936011003784 3.193750000000001 18.875000000000004
decision_type=2 2 2 2 2 2 2 2 2 2 2 2 2 2
left_child=1 8 12 4 5 -2 -4 -6 9 -1 11 -5 -3 -10
right_child=3 2 6 10 7 -7 -8 -9 13 -11 -12 -13 -14 -15
leaf_value=-0.00087858725240231867 -0.00039546298930732835 0.0036087817391941184 -0.00086303663959555596 -0.0021103855532046841 0.00023823549474931684 0.001834410963742228 -0.0027145956247243141 0.0020894711876454715 0.0022818705319187275 -0.0022018696924422298 -0.0011521956470586763 0.0079841787767762819 -0.0051007684282373469 -0.0035731101849057153
leaf_weight=467 31415 194 146 137 31687 3324 144 13158 419 381 51 6727 43 142
leaf_count=467 31415 194 146 137 31687 3324 144 13158 419 381 51 6727 43 142
internal_value=0.000384746 -0.00636364 -0.0174858 0.000535787 0.000253443 -0.000475114 -0.032069 0.000817817 -0.00220369 -0.00431604 0.00378525 0.00387821 0.00035865 0.000989305
internal_weight=88435 1936 527 86499 79584 34739 290 44845 1409 848 6915 6864 237 561
internal_count=88435 1936 527 86499 79584 34739 290 44845 1409 848 6915 6864 237 561
is_linear=0
shrinkage=0.05


Tree=50
num_leaves=14
num_cat=0
split_feature=16 12 6 5 12 22 21 22 6 20 18 9 17
split_gain=33.4519 27.4791 24.5936 44.7213 11.4576 9.31115 6.15478 3.63046 5.72012 3.1533 1.67621 1.64645 1.60597
threshold=679.45000000000016 4.3500000000000005 0.94066717844141279 0.28519915169571858 84.15000000000002 1.0901460155958185 0.62841747540893256 0.91566045039594313 0.38043945030393422 1.7668750000000004 64.687500000000014 0.81948384845600108 76.500000000000014
decision_type=2 2 2 2 2 2 2 2 2 2 2 2 2
left_child=1 2 9 -4 5 -3 -6 8 10 -1 -2 12 -9
right_child=7 4 3 -5 6 -7 -8 11 -10 -11 -12 -13 -14
leaf_value=-0.00025800961140354971 0.0032665502933411912 -0.00038572167606040644 0.001638912145665938 -0.0011697427890454413 5.5585808205415452e-05 0.0016191163365468575 0.0014520969357996905 -0.0016317612275111399 -0.0055094742801029446 -0.0020304810692810321 -0.0030380694340052996 -0.0015959869344858797 0.0073887277652900825
leaf_weight=834 431 31088 247 283 20786 3266 23682 60 41 550 131 58 6736
leaf_count=834 431 31088 247 283 20786 3266 23682 60 41 550 131 58 6736
internal_value=0.00037435 7.84039e-05 -0.00584117 -0.015 0.000222146 -0.000463701 0.000752002 0.00357852 -0.000140962 -0.00233381 0.00117438 0.00390575 0.00397734
internal_weight=88193 80736 1914 530 78822 34354 44468 7457 603 1384 562 6854 6796
internal_count=88193 80736 1914 530 78822 34354 44468 7457 603 1384 562 6854 6796
is_linear=0
shrinkage=0.05


Tree=51
num_leaves=14
num_cat=0
split_feature=16 12 9 15 12 6 22 13 22 5 17 9 18
split_gain=33.3269 19.5765 16.6883 14.1618 10.252 8.98005 6.1913 3.6592 2.95924 6.24905 1.16453 1.01896 0.847259
threshold=692.35000000000002 7.0500000000000016 0.23088812177986287 123.50000000000001 148.65000000000003 0.97461712852231652 0.81521507672907301 0.14373376642773192 0.91309076662476163 0.83849049182116964 202.50000000000003 0.31956936011003784 72.187500000000014
decision_type=2 2 2 2 2 2 2 2 2 2 2 2 2
left_child=1 2 3 -1 5 -3 -6 -4 9 12 11 -10 -2
right_child=8 4 7 -5 6 -7 -8 -9 10 -11 -12 -13 -14
leaf_value=-0.0012621849578205646 0.0072260773211185224 -0.00021850312811039707 0.00030458358425591582 -0.00082887399379924758 0.00036035346038459042 0.00095309522154553294 0.0031282807079634715 -0.0022653268062317253 -0.00014942048617987982 -0.0069489944965507606 -0.003598662315071716 0.0074383102382027449 -0.0038347950915871322
leaf_weight=985 320 44513 1244 99 21025 3599 9344 860 116 77 54 6291 54
leaf_count=985 320 44513 1244 99 21025 3599 9344 860 116 77 54 6291 54
internal_value=0.000371468 8.93242e-05 -0.00375157 -0.00879151 0.000245346 -0.00020868 0.000964635 -0.00115494 0.00370515 -0.000210643 0.00397849 0.00404011 0.00245989
internal_weight=88581 81669 3188 1084 78481 48112 30369 2104 6912 451 6461 6407 374
internal_count=88581 81669 3188 1084 78481 48112 30369 2104 6912 451 6461 6407 374
is_linear=0
shrinkage=0.05


Tree=52
num_leaves=13
num_cat=0
split_feature=16 12 9 6 22 6 6 9 13 22 6 12
split_gain=33.2159 18.6022 16.7334 12.1258 9.45895 11.8617 7.76939 4.17161 2.849 1.4405 2.55711 1.12607
threshold=692.35000000000002 7.0500000000000016 0.23088812177986287 0.94066717844141279 0.59346091256960998 -0.64580103137750788 0.11478523713130605 0.81948384845600108 0.14373376642773192 0.91749624877584324 0.011826144619637555 247.05000000000004
decision_type=2 2 2 2 2 2 2 2 2 2 2 2
left_child=1 2 3 -1 6 -6 -3 9 -4 10 -2 -11
right_child=7 4 8 -5 5 -7 -8 -9 -10 11 -12 -13
leaf_value=-0.001678378244372562 0.0022622308323930113 -0.0005627093961653194 0.00023494728607567281 -0.00095324899360488323 0.0016946387669626456 4.1072400877961383e-05 0.00016316306765677216 -0.0014167530492332195 -0.0020207619410840538 0.0027761075237350331 -0.0068544438417527873 0.008619728627322255
leaf_weight=638 511 15789 1209 459 18377 26840 17522 52 868 1003 42 5328
leaf_count=638 511 15789 1209 459 18377 26840 17522 52 868 1003 42 5328
internal_value=0.000402085 0.000120071 -0.00363264 -0.00862808 0.00027175 0.000742752 -0.000367596 0.00372405 -0.000994222 0.00383062 0.00138336 0.00404438
internal_weight=88638 81702 3174 1097 78528 45217 33311 6936 2077 6884 553 6331
internal_count=88638 81702 3174 1097 78528 45217 33311 6936 2077 6884 553 6331
is_linear=0
shrinkage=0.05


Tree=53
num_leaves=13
num_cat=0
split_feature=16 9 13 6 6 5 22 5 9 22 5 17
split_gain=32.2118 17.5113 18.9003 18.1611 8.26831 10.6944 7.74815 7.71779 3.02928 2.1214 2.31911 1.42107
threshold=692.35000000000002 0.30874939122456702 0.037770744064505292 0.94066717844141279 0.99981043035926087 0.013976441590891219 1.0102968224680469 -0.67803021058859214 0.81948384845600108 0.91749624877584324 0.75580964594513067 202.50000000000003
decision_type=2 2 2 2 2 2 2 2 2 2 2 2
left_child=1 2 3 -1 6 -6 -3 -4 9 10 -2 -11
right_child=8 4 7 -5 5 -7 -8 -9 -10 11 -12 -13
leaf_value=-0.00081255403800396418 0.0058952637202533426 0.00017522999787705415 -0.0011800892575910035 -0.00060243132466607187 0.0044236799878850435 -0.0024536676064752412 0.0015885565895995793 -0.00017354110516111881 -0.0013325593939195759 0.0068100634316952307 -0.0051133296310744182 -0.0048036329373409604
leaf_weight=373 441 61977 3874 319 70 110 5843 8945 46 6250 98 56
leaf_count=373 441 61977 3874 319 70 110 5843 8945 46 6250 98 56
internal_value=0.000375105 9.75944e-05 -0.00154652 -0.00959538 0.000424265 -0.0102778 0.000452669 -0.00111202 0.00365767 0.00374361 0.000732839 0.00400095
internal_weight=88402 81511 13511 692 68000 180 67820 12819 6891 6845 539 6306
internal_count=88402 81511 13511 692 68000 180 67820 12819 6891 6845 539 6306
is_linear=0
shrinkage=0.05


Tree=54
num_leaves=13
num_cat=0
split_feature=16 12 9 6 22 19 6 9 22 9 5 18
split_gain=30.2526 14.7566 10.492 10.8004 8.44294 10.9554 9.42306 2.69649 2.21017 1.52529 2.33069 1.44481
threshold=692.35000000000002 7.0500000000000016 0.23088812177986287 0.94066717844141279 0.59346091256960998 2.193750000000001 -0.86548532668110156 0.81948384845600108 0.94007337817053227 0.31956936011003784 0.83849049182116964 19.687500000000004
decision_type=2 2 2 2 2 2 2 2 2 2 2 2
left_child=1 2 3 -1 6 -6 -3 9 -4 10 -2 -11
right_child=7 4 8 -5 5 -7 -8 -9 -10 11 -12 -13
leaf_value=-0.0012065086863231628 0.0086660059652645515 -0.0011679883444180219 -0.0012648395652475662 -0.00087034057195182048 -0.001111307230066303 0.00079728002596637199 8.5659834968287498e-06 -0.001252575420874059 0.001889498630140668 0.006951841528036515 -0.0048633098010554187 0.0042711928310424363
leaf_weight=628 68 5046 1562 469 2139 42842 28206 50 526 4256 69 2477
leaf_count=628 68 5046 1562 469 2139 42842 28206 50 526 4256 69 2477
internal_value=0.000395526 0.000125771 -0.00321036 -0.00716955 0.000261591 0.000708188 -0.000342536 0.00356936 -0.00113027 0.00365357 -0.00156934 0.00375984
internal_weight=88338 81418 3185 1097 78233 44981 33252 6920 2088 6870 137 6733
internal_count=88338 81418 3185 1097 78233 44981 33252 6920 2088 6870 137 6733
is_linear=0
shrinkage=0.05


Tree=55
num_leaves=15
num_cat=0
split_feature=12 18 9 6 6 6 6 22 16 20 18 5 9 5
split_gain=28.5989 16.1569 12.148 10.7482 40.4526 13.4846 3.66843 7.03592 3.51514 3.50782 4.77803 3.92296 2.82784 1.57369
threshold=178.95000000000002 40.812500000000007 0.67124805232663154 0.97461712852231652 0.94636490295939868 0.99981043035926087 -0.99983123799342477 0.93376174617818641 12.850000000000003 3.5543750000000007 96.187500000000014 0.93845596220871974 0.81948384845600108 -0.98803845231459242
decision_type=2 2 2 2 2 2 2 2 2 2 2 2 2 2
left_child=2 12 3 4 -1 -5 7 -4 -8 10 -3 -11 13 -2
right_child=1 9 6 5 -6 -7 8 -9 -10 11 -12 -13 -14 -15
leaf_value=-0.00026786338878703882 -0.0034638390223753926 0.0026345802293635408 -0.0060279213222740628 0.0016772538872261114 -0.0022323249999319514 -0.0018564982037908907 -0.00079503621815432506 0.0043219736461524586 0.0011713811898437189 0.00063853099113925617 0.0002045806599245123 -0.0016893277724948808 -0.0026347158548585313 0.0059601156502853041
leaf_weight=42798 49 10353 49 3454 1680 379 993 51 6858 6052 6973 1365 42 7172
leaf_count=42798 49 10353 49 3454 1680 379 993 51 6858 6052 6973 1365 42 7172
internal_value=0.000383945 0.0015772 -0.00029487 -0.000592929 -0.000811862 0.00194756 0.00151616 -0.008 0.00163737 0.000968557 0.00135807 5.86492e-05 0.0036507 0.00372594
internal_weight=88268 32006 56262 48311 44478 3833 7951 100 7851 24743 17326 7417 7263 7221
internal_count=88268 32006 56262 48311 44478 3833 7951 100 7851 24743 17326 7417 7263 7221
is_linear=0
shrinkage=0.05


Tree=56
num_leaves=15
num_cat=0
split_feature=16 9 6 5 12 5 20 6 12 9 21 22 5 16
split_gain=28.1772 12.933 11.5064 14.1752 8.58348 7.34611 7.11318 4.03617 2.93477 2.56883 1.53819 1.24381 1.58583 1.55234
threshold=692.35000000000002 0.30874939122456702 0.99981043035926087 0.013976441590891219 4.3500000000000005 -0.67803021058859214 3.5543750000000007 0.97461712852231652 265.65000000000003 0.75722859489696903 1.0392045756306625 0.92050208588060856 0.75580964594513067 752.45000000000016
decision_type=2 2 2 2 2 2 2 2 2 2 2 2 2 2
left_child=1 4 6 -4 7 -6 -3 -1 9 10 -2 12 -10 -13
right_child=8 2 3 -5 5 -7 -8 -9 11 -11 -12 13 -14 -15
leaf_value=-0.0010325853877057899 0.0016923279383967271 0.00046386633499709078 0.004049979114674032 -0.0025785714509085744 -0.0011101045260433924 -0.00011533855677050923 -0.00032377802635663979 0.0033663016556268149 0.0076412426921705304 -0.0033845497182695334 -0.0056243685515982265 0.0056198153708381044 -0.0095033356954613984 0.0088838333582776999
leaf_weight=859 1207 53333 70 105 3807 8680 14679 102 385 51 51 1224 57 3917
leaf_count=859 1207 53333 70 105 3807 8680 14679 102 385 51 51 1224 57 3917
internal_value=0.000355654 9.64662e-05 0.000375952 -0.0124286 -0.00132064 -0.000970209 0.000408899 -0.00587409 0.00342571 0.00129488 0.00174086 0.00392531 0.00138009 0.00414414
internal_weight=88527 81635 68187 175 13448 12487 68012 961 6892 1309 1258 5583 442 5141
internal_count=88527 81635 68187 175 13448 12487 68012 961 6892 1309 1258 5583 442 5141
is_linear=0
shrinkage=0.05


Tree=57
num_leaves=15
num_cat=0
split_feature=16 12 22 5 21 6 6 4 12 9 21 18 7 19
split_gain=29.2634 12.6531 9.09467 7.82141 5.24678 9.47852 7.39182 4.43101 2.53105 1.4087 1.38758 1.26438 1.63556 0.862194
threshold=692.35000000000002 66.750000000000014 1.0901460155958185 -0.98523971305672675 0.62084023360009633 -0.87810534180523914 -0.86548532668110156 -0.16280825711808977 265.65000000000003 0.75722859489696903 1.0460917043499565 62.562500000000007 18.125000000000004 15.843750000000004
decision_type=2 2 2 2 2 2 2 2 2 2 2 2 2 2
left_child=1 2 3 -1 6 -6 -3 -4 9 10 -2 13 -13 -10
right_child=8 4 7 -5 5 -7 -8 -9 11 -11 -12 12 -14 -15
leaf_value=-0.0017927674285101226 0.0018951006342849044 -0.00095480998591955426 -7.3703802883240126e-05 -0.00036632246476933639 0.0027756077776727411 0.00044475735679970854 0.00023187008512644231 0.0029767845079715751 0.0055762795435239619 -0.0032024913782349347 -0.0071851464597157055 0.006633603506461961 -0.0034872407254581527 0.0077407734430911708
leaf_weight=1608 1247 5279 1672 25521 7232 20228 18148 1750 858 52 41 331 134 4288
leaf_count=1608 1247 5279 1672 25521 7232 20228 18148 1750 858 52 41 331 134 4288
internal_value=0.000368202 0.000102409 -0.000701941 -0.00100833 0.000585317 0.00105426 3.56428e-05 0.00172706 0.00348223 0.00152985 0.00185559 0.00394849 0.00145161 0.00417412
internal_weight=88389 81438 30551 27129 50887 27460 23427 3422 6951 1340 1288 5611 465 5146
internal_count=88389 81438 30551 27129 50887 27460 23427 3422 6951 1340 1288 5611 465 5146
is_linear=0
shrinkage=0.05


Tree=58
num_leaves=16
num_cat=0
split_feature=16 12 5 6 22 22 6 5 16 9 13 22 5 20 12
split_gain=29.12 12.1001 9.35148 9.04105 8.20623 4.62428 7.8552 5.31597 2.01522 2.37255 5.9313 1.63095 2.721 1.516 0.85003
threshold=692.35000000000002 66.750000000000014 -0.98803845231459242 -0.12545862287572049 1.1468828718386652 0.75969313286720908 -0.72694848937061807 -0.95244167294248061 757.6500000000002 0.79378270001952722 0.87045635881644057 0.91749624877584324 0.73283908552571664 3.4243750000000008 247.05000000000004
decision_type=2 2 2 2 2 2 2 2 2 2 2 2 2 2 2
left_child=1 2 3 -1 -4 7 -7 -3 9 13 -11 12 -10 -2 -13
right_child=8 5 4 -5 -6 6 -8 -9 11 10 -12 14 -14 -15 -16
leaf_value=-0.0019581836650220683 0.0034028309617337559 0.0011644657162183819 -0.00035889546559469602 -0.0012079019347355808 0.0024454837860062167 0.0025247394606066095 0.00040027928614488282 -2.4981721582830858e-05 0.0069450984119495754 -0.0074939054453055653 0.0055009980931096311 0.0045845496312351608 -0.0090799541501542114 0.00081873761706076147 0.0079862544844254701
leaf_weight=176 1927 3934 26919 1337 2318 7482 12224 27313 166 43 123 345 48 409 3862
leaf_count=176 1927 3934 26919 1337 2318 7482 12224 27313 166 43 123 345 48 409 3862
internal_value=0.000362535 9.87114e-05 -0.000684553 -0.00451751 -0.000486199 0.000571409 0.00117122 0.000193139 0.00347609 0.00234213 -0.00343373 0.00411785 -0.000140187 0.00275257 0.00433444
internal_weight=88626 81703 30750 1513 29237 50953 19706 31247 6923 2502 166 4421 214 2336 4207
internal_count=88626 81703 30750 1513 29237 50953 19706 31247 6923 2502 166 4421 214 2336 4207
is_linear=0
shrinkage=0.05


Tree=59
num_leaves=15
num_cat=0
split_feature=16 12 22 9 0 22 19 5 12 18 9 22 5 16
split_gain=26.708 10.0405 8.2605 9.14718 7.97918 6.22047 4.48465 3.32301 2.25488 1.94199 1.71215 0.922946 2.70674 0.766096
threshold=722.35000000000002 148.65000000000003 1.0102968224680469 0.42540208866063384 54.216556647698361 0.81521507672907301 13.606250000000003 -0.94139628442229062 223.95000000000002 45.812500000000007 0.32277946608445329 0.91749624877584324 0.75580964594513067 752.45000000000016
decision_type=2 2 2 2 2 2 2 2 2 2 2 2 2 2
left_child=1 2 4 -4 -1 7 -7 -3 9 10 -2 12 -10 -13
right_child=8 5 3 -5 -6 6 -8 -9 11 -11 -12 13 -14 -15
leaf_value=-0.0014519642483993959 -0.0048280152007661994 0.0016201913866109464 -0.00085843212402749347 0.001659818689528958 -0.00014817889935845655 -0.00026712685520573789 0.0035064510901052282 4.374725741499233e-05 0.0070558197940249869 -0.0044578085349441443 0.00197304308690141 0.0043455227074471288 -0.0099881290718879297 0.0073771371192165704
leaf_weight=5740 42 2748 1423 4710 39267 2080 8148 18249 272 52 536 785 42 4016
leaf_count=5740 42 2748 1423 4710 39267 2080 8148 18249 272 52 536 785 42 4016
internal_value=0.000320055 9.01477e-05 -0.00034122 0.00138024 -0.000575799 0.000796637 0.00180778 0.000304091 0.00361619 0.000793651 0.0016263 0.00396383 0.00133758 0.0041356
internal_weight=88110 82365 51140 6133 45007 31225 10228 20997 5745 630 578 5115 314 4801
internal_count=88110 82365 51140 6133 45007 31225 10228 20997 5745 630 578 5115 314 4801
is_linear=0
shrinkage=0.05


Tree=60
num_leaves=16
num_cat=0
split_feature=16 9 6 5 5 6 5 20 13 5 22 18 7 20 18
split_gain=27.8273 11.067 7.05181 10.6462 6.23028 10.5693 7.9279 6.20054 2.19671 2.54427 4.76197 1.35197 1.92667 0.611661 0.415672
threshold=692.35000000000002 0.30874939122456702 0.99981043035926087 0.013976441590891219 -0.67803021058859214 -0.12545862287572049 0.17646842360078763 3.5343750000000007 0.67540820408532021 0.39036257410962044 0.98997305079739462 63.062500000000007 16.375000000000004 5.0318750000000012 48.187500000000007
decision_type=2 2 2 2 2 2 2 2 2 2 2 2 2 2 2
left_child=1 4 7 -4 5 -1 -6 -3 9 14 -11 13 -13 -10 -2
right_child=8 2 3 -5 6 -7 -8 -9 11 10 -12 12 -14 -15 -16
leaf_value=-0.001896839944762271 0.0061001517732328179 0.00046065665785959844 0.0041632760635953465 -0.0021868500250449819 0.00078662946391350381 -0.00090473325909475586 -0.00059625612274705338 -0.00028407794651265215 0.0057410105475505903 -0.0016593560994565522 0.002545197027860777 0.0062562182148410755 -0.0041214645008559835 0.00061272711346067052 0.00035127820584550666
leaf_weight=407 643 52977 74 105 3764 3570 5687 14832 4852 352 482 240 160 75 78
leaf_count=407 643 52977 74 105 3764 3570 5687 14832 4852 352 482 240 160 75 78
internal_value=0.000384947 0.000126879 0.000385951 -0.00952514 -0.00118484 -0.00284511 -0.000486192 0.000412114 0.00343795 0.00178457 -9.59231e-05 0.00392059 0.001125 0.00414755 0.00395978
internal_weight=88298 81416 67988 179 13428 3977 9451 67809 6882 1555 834 5327 400 4927 721
internal_count=88298 81416 67988 179 13428 3977 9451 67809 6882 1555 834 5327 400 4927 721
is_linear=0
shrinkage=0.05


Tree=61
num_leaves=16
num_cat=0
split_feature=16 9 0 22 2 13 6 6 12 18 4 9 22 5 20
split_gain=25.8824 10.4334 8.25459 7.73929 9.92706 5.32434 4.14204 3.39077 2.0797 1.48426 2.28055 1.32899 1.01012 1.92552 0.710643
threshold=729.80000000000007 0.33924765957388997 145.34094015413856 1.0131378839697607 0.33971194434177499 0.44025893926701204 0.99981043035926087 0.97461712852231652 265.65000000000003 19.687500000000004 -0.97335555334614932 0.32277946608445329 0.94955427672171255 0.30983042691905771 0.41687500000000005
decision_type=2 2 2 2 2 2 2 2 2 2 2 2 2 2 2
left_child=1 2 6 4 -3 -5 -1 -4 9 11 -11 -2 13 -10 -14
right_child=8 3 7 5 -6 -7 -8 -9 12 10 -12 -13 14 -15 -16
leaf_value=-0.00094764452369764805 -0.0044365772745846724 -0.00035814342365739991 -0.00020492399563623649 -0.00028323287573364989 0.00058865065030964253 0.0019568055694370117 -0.0016249986006101524 0.0011826548305225804 0.0065290452022171075 0.0064649323729556512 -0.0050308440290322866 0.0030487836097857881 -0.0002896704587457333 -0.0026616965279362059 0.0069163450630046648
leaf_weight=5601 41 20597 11596 1431 38622 4151 124 749 556 74 149 497 57 251 3872
leaf_count=5601 41 20597 11596 1431 38622 4151 124 749 556 74 149 497 57 251 3872
internal_value=0.000358614 0.000138227 -0.000924184 0.000434484 0.000266722 0.00221426 -0.00249345 -0.000196436 0.0036811 0.00125493 -0.00217489 0.00267658 0.00407095 0.00245973 0.00440188
internal_weight=88368 82871 18070 64801 59219 5582 5725 12345 5497 761 223 538 4736 807 3929
internal_count=88368 82871 18070 64801 59219 5582 5725 12345 5497 761 223 538 4736 807 3929
is_linear=0
shrinkage=0.05


Tree=62
num_leaves=15
num_cat=0
split_feature=16 16 5 6 4 9 19 12 12 21 18 22 18 20
split_gain=25.513 8.94308 12.9452 25.9959 9.00234 6.64378 7.1081 4.74293 2.0766 1.35216 1.39197 1.34236 1.80538 1.12107
threshold=707.80000000000007 1.7500000000000002 0.23537774960157334 0.94066717844141279 -0.84874750804349175 0.70953218712048716 1.9062500000000004 393.75000000000006 265.65000000000003 1.0392045756306625 4.9375000000000009 0.92050208588060856 71.437500000000014 5.2131250000000016
decision_type=2 2 2 2 2 2 2 2 2 2 2 2 2 2
left_child=1 2 4 -4 -1 6 -3 -7 9 10 -2 12 -10 -13
right_child=8 5 3 -5 -6 7 -8 -9 11 -11 -12 13 -14 -15
leaf_value=0.00079819458892475381 0.0023543674475220138 -0.00077424602636405149 -0.00065624180769014936 -0.0033875100331359647 -0.00072294278856537854 0.0013207715573540142 0.00020320602471840659 -0.00024842340785704127 0.0030941103449557807 -0.0053078297791734463 6.0693217852730853e-05 0.0060334742669635568 -0.0095818107058046054 -0.0020901281749196245
leaf_weight=4784 466 2347 2848 409 6148 7135 55894 2394 339 46 552 4864 51 46
leaf_count=4784 466 2347 2848 409 6148 7135 55894 2394 339 46 552 4864 51 46
internal_value=0.000394744 0.000157945 -0.000983508 -0.00375038 -0.000159166 0.000396931 0.000196683 0.00162084 0.00344437 0.00142857 0.00180747 0.00384906 0.00102564 0.00407332
internal_weight=88323 81959 14189 3257 10932 67770 58241 9529 6364 1064 1018 5300 390 4910
internal_count=88323 81959 14189 3257 10932 67770 58241 9529 6364 1064 1018 5300 390 4910
is_linear=0
shrinkage=0.05


Tree=63
num_leaves=15
num_cat=0
split_feature=16 12 22 13 22 17 6 5 18 20 9 0 17 12
split_gain=25.6282 9.33836 7.63225 6.67376 6.14346 6.05648 3.7518 3.1911 1.97641 3.10399 1.35335 2.44605 1.3496 1.29742
threshold=722.35000000000002 174.45000000000002 1.0102968224680469 0.44025893926701204 0.8417715024145862 90.500000000000014 0.16587474750015932 -0.99940763397299126 28.937500000000004 4.7581250000000006 0.31956936011003784 501.49797029600512 79.500000000000014 269.25000000000006
decision_type=2 2 2 2 2 2 2 2 2 2 2 2 2 2
left_child=1 2 5 -4 6 -1 -3 -6 10 13 11 -2 -12 -10
right_child=8 4 3 -5 7 -7 -8 -9 9 -11 12 -13 -14 -15
leaf_value=-0.0004693706151846602 -0.0056574190195492662 0.00013241189469571823 -0.00037441013984123927 0.0016944980025643366 -0.0040524055550215802 0.00011611089403909937 0.0015144301566819341 0.0032284067881084844 -0.0025077321654511922 -0.0062241283597304136 -0.0012350703863134205 0.0077159052451744427 0.0053845864242801191 0.0046899552867595753
leaf_weight=28738 40 16781 2110 4148 103 20282 2745 7633 160 48 61 55 4379 1095
leaf_count=28738 40 16781 2110 4148 103 20282 2745 7633 160 48 61 55 4379 1095
internal_value=0.000368191 0.00014175 -0.000231738 0.00141259 0.000899054 -0.000441656 0.000426611 0.00209152 0.00356972 0.00185342 0.00406284 -0.00184211 0.00418919 0.00233068
internal_weight=88378 82540 55278 6258 27262 49020 19526 7736 5838 1303 4535 95 4440 1255
internal_count=88378 82540 55278 6258 27262 49020 19526 7736 5838 1303 4535 95 4440 1255
is_linear=0
shrinkage=0.05


Tree=64
num_leaves=15
num_cat=0
split_feature=16 22 5 6 6 19 20 15 13 17 9 22 5 20
split_gain=24.6027 8.23806 12.1171 11.1225 8.27795 6.80996 14.1559 5.37336 2.01553 1.85415 1.52636 1.21686 1.60653 0.653447
threshold=722.35000000000002 0.34116916926283852 0.68432406471780916 -0.46800559042974538 0.99981043035926087 2.193750000000001 4.2306250000000007 38.500000000000007 0.67900252465917277 172.50000000000003 0.31956936011003784 0.94955427672171255 0.30983042691905771 5.2131250000000016
decision_type=2 2 2 2 2 2 2 2 2 2 2 2 2 2
left_child=1 2 4 -4 -1 6 -3 -7 9 10 -2 12 -10 -13
right_child=8 5 3 -5 -6 7 -8 -9 11 -11 -12 13 -14 -15
leaf_value=-5.3586165401618703e-05 -0.0034354352159409436 -0.00040632489506123304 -0.0015064939971537669 -0.0005729584924967459 -0.0015962070515465191 -0.00087290707642565576 -0.0046280766269580845 0.00049078048611247082 0.0052830607225704479 -0.0033143592681767011 0.0022111737907724942 0.0052452945100746147 -0.0035206787795352308 -0.0013220426976837639
leaf_weight=15369 61 2821 564 2301 203 3588 144 57555 520 45 1015 3874 227 45
leaf_count=15369 61 2821 564 2301 203 3588 144 57555 520 45 1015 3874 227 45
internal_value=0.000362383 0.000141438 -0.000789987 -0.00377836 -0.000240174 0.000409309 -0.00193086 0.000522791 0.00351391 0.00161017 0.00202602 0.00397128 0.00212182 0.00432381
internal_weight=88332 82545 18437 2865 15572 64108 2965 61143 5787 1121 1076 4666 747 3919
internal_count=88332 82545 18437 2865 15572 64108 2965 61143 5787 1121 1076 4666 747 3919
is_linear=0
shrinkage=0.05


Tree=65
num_leaves=16
num_cat=0
split_feature=16 12 6 6 6 22 19 5 18 5 15 17 19 6 17
split_gain=24.2734 7.63021 8.79164 17.7166 9.87608 4.79448 4.95317 3.27289 2.80192 2.24439 3.87356 1.40582 1.93835 1.47749 1.17459
threshold=692.35000000000002 181.65000000000003 0.97461712852231652 0.94636490295939868 0.99981043035926087 0.81521507672907301 13.606250000000003 -0.94139628442229062 13.312500000000002 0.83849049182116964 488.50000000000006 80.500000000000014 18.181250000000006 0.53312596302726967 192.50000000000003
decision_type=2 2 2 2 2 2 2 2 2 2 2 2 2 2 2
left_child=1 2 3 -1 -4 7 -7 -3 11 14 -11 12 -2 -13 -10
right_child=8 5 4 -5 -6 6 -8 -9 9 10 -12 13 -14 -15 -16
leaf_value=-0.00012421817644217882 0.0017586466627308791 0.0020813793120114301 0.0014693992120163779 -0.0018376426247075199 -0.0012729542694591197 -0.00090448838400329537 0.0039869372426752708 7.8486802545586797e-05 0.0049454622627005144 -0.0045176943119456282 0.0010493484385578214 0.0046673440229275248 -0.0085416844871466901 -0.0025128492831028122 -0.00112640955378335
leaf_weight=50318 48 2170 3539 1799 375 1316 6549 15361 2152 112 694 3676 45 47 135
leaf_count=50318 48 2170 3539 1799 375 1316 6549 15361 2152 112 694 3676 45 47 135
internal_value=0.000330896 8.94668e-05 -0.000236387 -0.000408024 0.00204905 0.000808395 0.00183408 0.00034824 0.00317629 0.00205787 -0.000210918 0.00408281 -0.00198925 0.00423449 0.00285746
internal_weight=88336 81427 56031 52117 3914 25396 7865 17531 6909 3093 806 3816 93 3723 2287
internal_count=88336 81427 56031 52117 3914 25396 7865 17531 6909 3093 806 3816 93 3723 2287
is_linear=0
shrinkage=0.05


Tree=66
num_leaves=16
num_cat=0
split_feature=16 9 22 1 2 6 6 13 13 5 22 22 18 21 20
split_gain=23.0153 6.89583 7.07201 7.64352 4.88441 5.14403 5.04316 4.10837 2.36139 2.18266 4.81404 1.55678 1.81571 0.669936 0.551174
threshold=692.35000000000002 0.39166652857036116 1.0102968224680469 270.73545411760767 0.19867011234474238 0.99981043035926087 0.95936279103287792 0.49970477577128436 0.70864670514748662 0.39036257410962044 0.98997305079739462 0.97465609334504777 69.937500000000014 0.99360037938833767 0.48312500000000008
decision_type=2 2 2 2 2 2 2 2 2 2 2 2 2 2 2
left_child=1 4 3 -3 5 -1 -6 -4 9 13 -11 12 -10 -2 -13
right_child=8 2 7 -5 6 -7 -8 -9 11 10 -12 14 -14 -15 -16
leaf_value=-0.00090762199731313654 0.0047806756094899263 -0.00034743703132948358 9.7786390345408139e-05 0.00049661713073144572 -0.00024368069499086051 -0.0016256261488984828 0.001037615695704458 0.0027546692309274069 0.0041123553905641373 -0.002394163266123169 0.001850644199391072 0.0051879824238169787 -0.0030951600068252778 0.00090637170600990765 0.0050854007752266341
leaf_weight=5027 607 17395 1879 36021 16194 123 1632 3353 2034 391 538 71 172 177 2872
leaf_count=5027 607 17395 1879 36021 16194 123 1632 3353 2034 391 538 71 172 177 2872
internal_value=0.000353502 0.000119695 0.000407346 0.00023551 -0.000614554 -0.00197087 -0.000222708 0.0021617 0.00313465 0.00152656 -0.000113025 0.00366964 0.00266546 0.00346939 0.00442236
internal_weight=88486 81624 58648 53416 22976 5150 17826 5232 6862 1713 929 5149 2206 784 2943
internal_count=88486 81624 58648 53416 22976 5150 17826 5232 6862 1713 929 5149 2206 784 2943
is_linear=0
shrinkage=0.05


Tree=67
num_leaves=15
num_cat=0
split_feature=16 22 5 5 6 19 20 22 13 17 9 18 3 21
split_gain=22.9078 6.40515 10.531 10.8095 6.73111 5.06016 11.4827 4.69512 2.52373 2.28433 2.21872 1.8829 2.37629 0.609302
threshold=692.35000000000002 0.34116916926283852 0.69676570133721638 0.7210268013660811 0.99981043035926087 1.9062500000000004 4.2306250000000007 0.93601588666344282 0.65255168977112399 82.500000000000014 0.31956936011003784 13.312500000000002 0.84874750804349197 0.94371833235969083
decision_type=2 2 2 2 2 2 2 2 2 2 2 2 2 2
left_child=1 2 4 -4 -1 6 -3 -7 9 -2 -11 13 -13 -10
right_child=8 5 3 -5 -6 7 -8 -9 11 10 -12 12 -14 -15
leaf_value=-3.612227911676682e-05 -0.0025057502626524564 -0.00036405761995153069 -0.0016735886107772742 -0.00077699303696280794 -0.0013239805016309497 0.00018985212933410984 -0.0042904177644556996 0.00088455248221226972 -0.0042361228006251236 -0.0032583581784522732 0.0013063831853172064 0.003797251656852658 -0.0036214124923969974 0.0042727476619707997
leaf_weight=15550 43 2539 215 2556 204 49603 129 10648 49 64 1299 2282 100 3083
leaf_count=15550 43 2539 215 2556 204 49603 129 10648 49 64 1299 2282 100 3083
internal_value=0.000359536 0.000124871 -0.000692307 -0.00353482 -0.000192332 0.00036547 -0.00176537 0.000459827 0.00312139 0.00123044 0.00158841 0.00360355 0.00254408 0.00440932
internal_weight=88364 81444 18525 2771 15754 62919 2668 60251 6920 1406 1363 5514 2382 3132
internal_count=88364 81444 18525 2771 15754 62919 2668 60251 6920 1406 1363 5514 2382 3132
is_linear=0
shrinkage=0.05


Tree=68
num_leaves=16
num_cat=0
split_feature=16 12 6 6 6 18 13 12 21 5 22 18 20 21 20
split_gain=22.586 6.95856 8.30242 17.2457 6.96618 4.9022 3.11361 2.6501 2.01564 1.93384 3.81919 1.54374 2.62028 0.791817 0.264792
threshold=707.80000000000007 174.45000000000002 0.97461712852231652 0.94636490295939868 0.99981043035926087 40.062500000000007 0.7584717192321847 436.9500000000001 0.9960412099423831 -0.35846811432664222 0.99284573533404452 19.687500000000004 4.6768750000000008 0.94371833235969083 2.1806250000000005
decision_type=2 2 2 2 2 2 2 2 2 2 2 2 2 2 2
left_child=1 2 3 -1 -4 8 9 -7 -3 14 -11 13 -13 -8 -2
right_child=6 5 4 -5 -6 7 11 -9 -10 10 -12 12 -14 -15 -16
leaf_value=-0.00010752558512651604 0.0025676216417931056 0.0037913993893085203 0.0013384967445444075 -0.001723955620725367 -0.0010500216633222458 0.00074938823311242804 -0.0073681616060848002 -0.0002458747202004785 -0.0029660733647165326 -0.0010066271747042239 0.0016966299425412322 0.0047215405578887914 -0.0072642531899403152 0.0052546280447800632 0.0051397511398691264
leaf_weight=49445 220 2087 3543 1790 375 18168 55 6433 186 655 682 1500 40 2921 307
leaf_count=49445 220 2087 3543 1790 375 18168 55 6433 186 655 682 1500 40 2921 307
internal_value=0.000339736 0.000116852 -0.000204612 -0.000374256 0.00201378 0.000776587 0.00320533 0.000571318 0.00299824 0.00148605 0.000474944 0.00391497 0.00262987 0.00457997 0.00405123
internal_weight=88407 82027 55153 51235 3918 26874 6380 24601 2273 1864 1337 4516 1540 2976 527
internal_count=88407 82027 55153 51235 3918 26874 6380 24601 2273 1864 1337 4516 1540 2976 527
is_linear=0
shrinkage=0.05


Tree=69
num_leaves=15
num_cat=0
split_feature=16 22 6 18 1 20 6 18 15 13 21 9 20 0
split_gain=21.418 5.95575 10.1142 7.08197 6.84896 6.6168 5.97497 2.67952 2.44058 1.9538 2.03972 1.52536 1.48027 1.34448
threshold=722.35000000000002 0.68865410845875852 -0.72694848937061807 99.062500000000014 93.007076242281514 3.0668750000000009 0.11478523713130605 13.312500000000002 576.50000000000011 0.78510997554357609 0.97911630744217204 0.31956936011003784 4.639375000000002 306.95315746842158
decision_type=2 2 2 2 2 2 2 2 2 2 2 2 2 2
left_child=1 4 8 -4 5 -1 -6 11 -3 10 -9 -2 -11 -13
right_child=7 2 3 -5 6 -7 -8 9 -10 12 -12 13 -14 -15
leaf_value=-0.00076670766882632401 -0.0028939884081725792 0.0010765663987489322 -0.00019254782885422164 0.0023352172348915395 -0.00031113954472993747 -0.0017351987767450267 0.00029881601114865668 0.0025974153447849207 0.0055500096980256076 0.0051536717561254664 -0.0010688106806175915 -0.00083690530364542443 -0.0042234038366266496 0.0042630122811436969
leaf_weight=4369 77 10574 22610 2659 20068 1105 17899 305 3356 1555 447 52 46 3352
leaf_count=4369 77 10574 22610 2659 20068 1105 17899 305 3356 1555 447 52 46 3352
internal_value=0.000357958 0.000151259 0.000598102 1.78102e-06 -0.000251951 -0.00190537 -1.35642e-05 0.00328591 0.00167983 0.00198258 -0.000119681 0.00416691 0.00297002 0.00432432
internal_weight=88474 82640 39199 25269 43441 5474 37967 5834 13930 2353 752 3481 1601 3404
internal_count=88474 82640 39199 25269 43441 5474 37967 5834 13930 2353 752 3481 1601 3404
is_linear=0
shrinkage=0.05


Tree=70
num_leaves=15
num_cat=0
split_feature=16 12 6 6 6 22 19 5 18 13 6 4 21 20
split_gain=20.5737 6.78989 7.20401 14.7301 6.34317 4.70829 4.23996 3.5373 2.65356 2.17462 2.09333 1.66388 1.3708 1.04704
threshold=729.80000000000007 174.45000000000002 0.97461712852231652 0.94636490295939868 0.99981043035926087 0.81521507672907301 13.606250000000003 -0.94139628442229062 13.312500000000002 0.78510997554357609 0.53312596302726967 -0.97335555334614932 0.94371833235969083 4.3618750000000013
decision_type=2 2 2 2 2 2 2 2 2 2 2 2 2 2
left_child=1 2 3 -1 -4 7 -7 -3 10 11 12 -10 -2 -11
right_child=8 5 4 -5 -6 6 -8 -9 9 13 -12 -13 -14 -15
leaf_value=-9.4964174354183984e-05 -0.0077530140435505606 0.001893108837536009 0.0013069391247809287 -0.0015941585761919696 -0.0011146344142921481 -0.00063100107759430529 0.0030069805535894861 5.35068434009593e-05 0.0052000622307054939 0.0048000149989335808 -0.0038114258764807376 -0.0011772683929737956 0.0041743699102414784 -0.0066898703386119671
leaf_weight=49617 41 2293 3535 1811 377 1612 7715 16010 179 1445 42 467 3238 40
leaf_count=49617 41 2293 3535 1811 377 1612 7715 16010 179 1445 42 467 3238 40
internal_value=0.000328086 0.000132578 -0.000187025 -0.000344365 0.00188139 0.000772711 0.00168704 0.00030678 0.00330338 0.00192633 0.00418699 -0.000495356 0.00432906 0.0029798
internal_weight=88422 82970 55340 51428 3912 27630 9327 18303 5452 2131 3321 646 3279 1485
internal_count=88422 82970 55340 51428 3912 27630 9327 18303 5452 2131 3321 646 3279 1485
is_linear=0
shrinkage=0.05


Tree=71
num_leaves=14
num_cat=0
split_feature=16 12 22 13 21 22 19 12 18 20 13 9 21
split_gain=22.2198 6.81899 7.29262 6.62375 6.21694 4.56566 3.61986 3.47837 2.44637 3.27533 2.90613 1.2619 1.27676
threshold=729.80000000000007 181.65000000000003 1.0102968224680469 0.4487957594806869 1.1189241302968169 0.81521507672907301 13.606250000000003 436.9500000000001 11.312500000000002 0.50187500000000018 0.7584717192321847 0.31956936011003784 0.9467953645701922
decision_type=2 2 2 2 2 2 2 2 2 2 2 2 2
left_child=1 2 4 -4 -1 7 -7 -3 11 -10 -11 -2 -13
right_child=8 5 3 -5 -6 6 -8 -9 9 10 -12 12 -14
leaf_value=-0.00016504355437977765 -0.0031888372450917242 0.00058447428670641845 -0.00019854140509437828 0.0015471851612438765 -0.0079375414792127175 -0.00052169675986752848 0.0029270525242086902 -0.0006874675160285879 -0.0080845474936105891 -0.00020997237383258333 0.0046015531779061312 -0.0072408855954156914 0.0041117500347666019
leaf_weight=49888 67 13300 2205 4159 93 1504 7555 4319 53 614 1648 45 3082
leaf_count=49888 67 13300 2205 4159 93 1504 7555 4319 53 614 1648 45 3082
internal_value=0.000354787 0.000150742 -0.000161061 0.00143306 -0.000364038 0.000809281 0.00172149 0.000340258 0.00342984 0.00219222 0.00248011 0.00432686 0.00447234
internal_weight=88532 83023 56345 6364 49981 26678 9059 17619 5509 2315 2262 3194 3127
internal_count=88532 83023 56345 6364 49981 26678 9059 17619 5509 2315 2262 3194 3127
is_linear=0
shrinkage=0.05


Tree=72
num_leaves=15
num_cat=0
split_feature=16 0 5 22 6 22 6 5 18 13 4 17 9 22
split_gain=20.668 5.33286 8.47272 6.5616 5.97863 3.95962 6.37844 4.8472 2.89091 2.81195 1.94916 1.45779 1.27017 1.12747
threshold=729.80000000000007 189.05764101487122 -0.98803845231459242 1.0039738779487706 0.1318557721318592 0.79414358982965172 -0.72694848937061807 -0.99763297024448894 11.312500000000002 0.78510997554357609 -0.97335555334614932 82.500000000000014 0.32277946608445329 0.92709973232673548
decision_type=2 2 2 2 2 2 2 2 2 2 2 2 2 2
left_child=1 2 4 -4 -1 7 -7 -3 11 10 -10 -2 -13 -11
right_child=8 5 3 -5 -6 6 -8 -9 9 13 -12 12 -14 -15
leaf_value=-0.0013753621540555415 -0.0085391371888214832 0.0028573165047190326 -0.00034671622837775438 0.00068328259220885271 -0.0038173796762644603 0.0025937947790939824 0.00026574516451076277 2.2846107601094678e-05 0.0046872208711740823 -0.0001425006997599232 -0.0011599761398916164 -0.0024020226601321327 0.0041206784767884612 0.0046279175048243824
leaf_weight=1090 48 892 22096 5567 63 6339 10670 36342 190 205 526 68 3044 1428
leaf_count=1090 48 892 22096 5567 63 6339 10670 36342 190 205 526 68 3044 1428
internal_value=0.000318851 0.000122142 -0.00042754 -0.000252503 -0.00462706 0.000414155 0.00104621 0.000125423 0.00328463 0.00195615 -0.000656424 0.00427215 0.00440553 0.00310165
internal_weight=88568 83059 28816 27663 1153 54243 17009 37234 5509 2349 716 3160 3112 1633
internal_count=88568 83059 28816 27663 1153 54243 17009 37234 5509 2349 716 3160 3112 1633
is_linear=0
shrinkage=0.05


Tree=73
num_leaves=15
num_cat=0
split_feature=16 12 22 13 21 18 5 18 13 21 21 20 9 17
split_gain=20.4184 5.2422 6.07825 7.00946 6.28418 5.01294 2.90585 2.72068 2.71975 2.44254 2.13591 1.93532 1.43012 0.658154
threshold=729.80000000000007 174.45000000000002 1.0185356811665678 0.44025893926701204 0.88566065141372363 41.562500000000007 -0.94139628442229062 11.312500000000002 0.7584717192321847 0.97732384666531358 0.97343126660191637 0.50187500000000018 0.31956936011003784 84.500000000000014
decision_type=2 2 2 2 2 2 2 2 2 2 2 2 2 2
left_child=1 2 4 -4 -1 9 -7 12 10 -3 -9 -10 -2 -14
right_child=7 5 3 -5 -6 6 -8 8 11 -11 -12 -13 13 -15
leaf_value=-6.7555621598543823e-05 -0.0022524100115552457 0.0035138635984478411 -0.00028766460131345316 0.0014085636688244809 -0.00098240542006788607 0.0018263670658048782 0.00025927866634451818 0.0042271787977524828 -0.0055994878840240903 -6.6321904082837204e-05 -0.0010519827364620308 0.0041904342565573524 0.00015003132563737732 0.0039468185370733488
leaf_weight=42932 70 2337 2018 3976 6486 2625 21901 208 45 591 426 1636 77 3018
leaf_count=42932 70 2337 2018 3976 6486 2625 21901 208 45 591 426 1636 77 3018
internal_value=0.000301429 0.000105954 -0.000173969 0.00132966 -0.000356348 0.000670941 0.000437495 0.0032573 0.00195464 0.00262637 -0.000835962 0.00300714 0.00421011 0.00436995
internal_weight=88346 82866 55412 5994 49418 27454 24526 5480 2315 2928 634 1681 3165 3095
internal_count=88346 82866 55412 5994 49418 27454 24526 5480 2315 2928 634 1681 3165 3095
is_linear=0
shrinkage=0.05


Tree=74
num_leaves=14
num_cat=0
split_feature=16 22 1 13 20 21 5 4 18 20 17 9 13
split_gain=19.4219 6.01764 9.46848 6.4587 11.6406 5.52922 5.17767 5.07992 2.35584 3.89529 1.65517 1.53295 1.18641
threshold=752.45000000000016 0.86345620921778354 89.841362953784625 0.45174851344864103 1.5006250000000003 0.9467953645701922 0.9193901325473397 -0.097964660725097477 17.437500000000004 4.6768750000000008 84.500000000000014 0.32277946608445329 0.78510997554357609
decision_type=2 2 2 2 2 2 2 2 2 2 2 2 2
left_child=1 2 5 4 -3 -1 -4 -5 10 12 -2 -12 -10
right_child=8 3 6 7 -6 -7 -8 -9 9 -11 11 -13 -14
leaf_value=-0.00097519241965579183 -0.0081196818956622788 -0.00095005586480643653 0.00013152791593443452 0.00074155036500155676 0.0011193444425174448 -0.0054570984074251176 -0.00071190041364559565 0.0019022856058015626 -0.00019445582027565191 -0.0053801905700246845 -0.0021998582504054172 0.0040899614473066193 0.0039768328762932129
leaf_weight=6346 42 3212 48207 11823 3609 175 7151 3146 346 45 67 3177 1000
leaf_count=6346 42 3212 48207 11823 3609 175 7151 3146 346 45 67 3177 1000
internal_value=0.000282186 0.00010691 -0.000144718 0.000821478 -0.000453746 -0.00194679 6.75604e-05 0.00140257 0.00341779 0.00169303 0.0041479 0.00427559 0.00217682
internal_weight=88346 83669 61879 21790 6821 6521 55358 14969 4677 1391 3286 3244 1346
internal_count=88346 83669 61879 21790 6821 6521 55358 14969 4677 1391 3286 3244 1346
is_linear=0
shrinkage=0.05


Tree=75
num_leaves=16
num_cat=0
split_feature=16 2 6 6 22 9 6 3 13 5 5 6 18 20 18
split_gain=18.7463 5.10119 8.09679 10.5931 5.92344 5.4612 5.30044 3.51528 2.01767 2.43467 9.28212 1.58651 1.54279 1.2379 0.301592
threshold=752.45000000000016 0.33497764832916194 0.97461712852231652 0.94636490295939868 0.86580079832417756 0.81948384845600108 0.99981043035926087 0.097964660725097366 0.7584717192321847 0.83849049182116964 0.87397152483179585 -0.99273797715557011 30.937500000000004 3.5343750000000007 2.0625000000000004
decision_type=2 2 2 2 2 2 2 2 2 2 2 2 2 2 2
left_child=1 2 3 -1 7 -6 -4 -3 9 11 -11 -2 14 -14 -10
right_child=8 4 6 -5 5 -7 -8 -9 12 10 -12 -13 13 -15 -16
leaf_value=-0.00018781913908392719 -0.0031849990432981758 -0.00020700860781657784 0.0012174299397710725 -0.0015081687417038859 0.0014517530080402541 -0.0034804689141707556 -0.0010278405239139579 0.00040634540402611905 0.0042632244701593051 -0.0037277728303815004 0.00086821257130365037 0.0043242083690757886 0.0034913069128900132 -0.0031052522817922278 0.0040414447404496781
leaf_weight=29313 40 18547 3577 1736 10735 104 372 19474 1459 65 351 616 532 93 1480
leaf_count=29313 40 18547 3577 1736 10735 104 372 19474 1459 65 351 616 532 93 1480
internal_value=0.000308722 0.000137614 -0.000323161 -0.000594383 0.000467663 0.00149875 0.00180932 0.00017372 0.0034038 0.00150187 -0.00149038 0.00339939 0.00397587 0.00172 0.0044556
internal_weight=88494 83858 34998 31049 48860 10839 3949 38021 4636 1072 416 656 3564 625 2939
internal_count=88494 83858 34998 31049 48860 10839 3949 38021 4636 1072 416 656 3564 625 2939
is_linear=0
shrinkage=0.05


Tree=76
num_leaves=14
num_cat=0
split_feature=16 22 6 6 5 9 6 20 18 20 6 9 2
split_gain=19.5693 5.34841 7.42174 6.28977 5.89664 8.33014 6.05544 3.41993 2.1576 1.47125 1.39375 1.09544 0.700383
threshold=752.45000000000016 0.68865410845875852 -0.72694848937061807 0.96407344085605606 0.93845596220871974 0.20238329161774835 -0.86548532668110156 3.2606250000000006 19.687500000000004 4.564375000000001 -0.99628250747696534 0.32277946608445329 0.48901457956053124
decision_type=2 2 2 2 2 2 2 2 2 2 2 2 2
left_child=1 4 7 -4 6 -6 -1 -3 11 10 -10 -2 -13
right_child=8 2 3 -5 5 -7 -8 -9 9 -11 -12 12 -14
leaf_value=-0.00091138527897341069 -0.0019015230282426237 0.0015852325177494464 -9.0377964765799576e-05 0.003635933367070836 -0.0019311281698274297 -0.00068060665388770185 0.00010148750702024172 -0.00015727165263717258 -0.0015787289242326079 -0.0029514182616760922 0.0031059098571764852 -0.00036905665970128344 0.0038577071978783753
leaf_weight=7104 71 12005 24930 1023 257 3972 32139 2398 126 52 1110 70 3260
leaf_count=7104 71 12005 24930 1023 257 3972 32139 2398 126 52 1110 70 3260
internal_value=0.000299773 0.000123944 0.000538458 3.33297e-05 -0.000260857 -0.00203476 -6.96938e-05 0.00144866 0.00344316 0.00170031 0.00204693 0.00410321 0.00423423
internal_weight=88517 83828 40356 25953 43472 4229 39243 14403 4689 1288 1236 3401 3330
internal_count=88517 83828 40356 25953 43472 4229 39243 14403 4689 1288 1236 3401 3330
is_linear=0
shrinkage=0.05


Tree=77
num_leaves=16
num_cat=0
split_feature=16 12 6 6 6 5 22 18 18 15 21 13 5 7 22
split_gain=18.9069 5.80462 5.56593 10.2983 6.06078 3.8015 12.3806 5.04897 2.05957 1.89274 2.67475 1.71581 2.92951 1.10903 0.112754
threshold=752.45000000000016 195.75000000000003 0.97461712852231652 0.94636490295939868 0.99981043035926087 0.29342972903661901 0.14197931339152228 47.062500000000007 9.5625000000000018 542.50000000000011 1.0307114959554131 0.7584717192321847 0.86548282553247169 18.375000000000004 0.93376174617818641
decision_type=2 2 2 2 2 2 2 2 2 2 2 2 2 2 2
left_child=1 2 3 -1 -4 7 -7 -3 9 10 -2 12 -10 -13 -11
right_child=8 5 4 -5 -6 6 -8 -9 11 14 -12 13 -14 -15 -16
leaf_value=-7.6435455580216343e-05 0.00089532131382084673 0.0033170582431936504 0.001197842604524342 -0.0014785027426574386 -0.00097906252411277483 -0.0021369127125995639 0.00011786012509332695 0.00088971643340581257 0.0041827357074757134 0.0038768336201379914 -0.0077386555964592818 0.0038818443911167069 -0.00096449315807536906 0.00080451002533064538 0.0043800053949089243
leaf_weight=52665 354 2398 3558 1768 373 45 10786 12122 321 71 46 1051 131 418 2249
leaf_count=52665 354 2398 3558 1768 373 45 10786 12122 321 71 46 1051 131 418 2249
internal_value=0.000309883 0.00013767 -0.000136728 -0.000267944 0.00168023 0.000769398 6.04747e-05 0.00129821 0.00341629 0.00430147 0.001125 0.00216294 -0.000530973 0.00299183 0.00484914
internal_weight=88356 83715 58364 54433 3931 25351 10831 14520 4641 2720 400 1921 452 1469 2320
internal_count=88356 83715 58364 54433 3931 25351 10831 14520 4641 2720 400 1921 452 1469 2320
is_linear=0
shrinkage=0.05


Tree=78
num_leaves=16
num_cat=0
split_feature=16 20 17 19 6 5 6 13 18 12 21 22 1 22 9
split_gain=19.1211 4.98928 12.2883 11.4015 5.18688 9.95354 5.25833 4.55065 2.64176 2.12203 2.24021 1.58856 1.05037 1.5325 0.0221516
threshold=722.35000000000002 3.5543750000000007 6.5000000000000009 1.9062500000000004 0.99981043035926087 0.013976441590891219 0.97461712852231652 0.69183776425993671 2.0625000000000004 385.05000000000001 0.97558702407764564 0.9640247933089886 517.31611042284146 0.96842285586318577 0.3832757904986166
decision_type=2 2 2 2 2 2 2 2 2 2 2 2 2 2 2
left_child=1 4 7 -4 6 -6 -1 -3 12 10 -10 -11 13 -2 -14
right_child=8 2 3 -5 5 -7 -8 -9 9 11 -12 -13 14 -15 -16
leaf_value=0.00012651808216266965 -0.0023637797341543331 -0.0016737816989593373 -0.0023701930515529521 -0.00017861991091766433 0.0026676789249487037 -0.0015331528437234926 0.001145696220055712 -0.0026156792842230068 0.0022281018206388226 0.0020397971362473974 -0.00041185636367834237 0.0042803139749020272 0.0023431265217030875 0.00056250190202160051 0.0039990213139353007
leaf_weight=60932 42 149 266 17980 109 144 2940 43 337 985 864 1516 44 359 1693
leaf_count=60932 42 149 266 17980 109 144 2940 43 337 985 864 1516 44 359 1693
internal_value=0.000274482 7.89096e-05 -0.000645948 -0.000513537 0.00028733 -0.00685771 0.000315631 -0.0132292 0.00303938 0.00223123 0.000503747 0.00306078 0.00443873 0.00213217 0.00497121
internal_weight=88403 82563 18438 18246 64125 253 63872 192 5840 3702 1201 2501 2138 401 1737
internal_count=88403 82563 18438 18246 64125 253 63872 192 5840 3702 1201 2501 2138 401 1737
is_linear=0
shrinkage=0.05


Tree=79
num_leaves=15
num_cat=0
split_feature=16 15 9 5 15 5 19 22 18 13 5 9 20 2
split_gain=17.0214 5.69738 5.8377 5.56176 3.76248 3.7064 5.53531 3.16078 2.77756 2.27307 3.06514 1.63966 1.49106 1.0921
threshold=752.45000000000016 226.50000000000003 0.70931095128662991 -0.98523971305672675 7.5000000000000009 0.98213580174693105 12.093750000000002 0.81521507672907301 9.5625000000000018 0.7584717192321847 0.86548282553247169 0.32277946608445329 4.1431250000000013 0.48216506620697636
decision_type=2 2 2 2 2 2 2 2 2 2 2 2 2 2
left_child=1 2 3 -1 -4 7 -7 -3 11 10 -10 -2 -11 -13
right_child=8 5 4 -5 -6 6 -8 -9 9 12 -12 13 -14 -15
leaf_value=-0.00088168985994382151 -0.0023296129290972982 0.00034787349514750314 -0.0022497377879739798 -0.00012590966587498336 0.00072509302828852799 0.00068617396375790388 -0.0020872382216240016 0.0010293799153821281 0.0035110697466308157 0.0032746309926033057 -0.0022447133757185819 -0.0073798479117373975 -0.0028790444294269951 0.0034150721223175163
leaf_weight=2788 53 18846 40 41193 4306 1105 1387 14249 322 1454 141 40 52 2590
leaf_count=2788 53 18846 40 41193 4306 1105 1387 14249 322 1454 141 40 52 2590
internal_value=0.000282614 0.000119408 -0.000234134 -0.00040688 0.00151404 0.000599517 -0.00126003 0.000739538 0.00322657 0.00180041 -0.0012635 0.0042732 0.00274236 0.00444867
internal_weight=88566 83914 48327 43981 4346 35587 2492 33095 4652 1969 463 2683 1506 2630
internal_count=88566 83914 48327 43981 4346 35587 2492 33095 4652 1969 463 2683 1506 2630
is_linear=0
shrinkage=0.05


Tree=80
num_leaves=16
num_cat=0
split_feature=16 15 5 22 21 13 5 18 18 2 5 21 22 5 6
split_gain=16.7013 5.71018 6.4517 5.18787 6.37385 6.04977 5.14645 2.59648 2.07235 1.999 1.37962 1.20723 3.10528 1.12168 0.766591
threshold=757.6500000000002 471.50000000000006 0.29342972903661901 1.0102968224680469 0.97911630744217204 0.48884331649522378 0.3261394409934788 44.562500000000007 15.437500000000002 0.50938054770604535 0.96904697354198299 0.99152174952703709 0.98195824785577879 0.75580964594513067 0.39629089145655322
decision_type=2 2 2 2 2 2 2 2 2 2 2 2 2 2 2
left_child=1 3 7 4 -1 -5 -4 -3 9 10 -2 13 -13 -10 -11
right_child=8 2 6 5 -6 -7 -8 -9 11 14 -12 12 -14 -15 -16
leaf_value=-4.1987761695683851e-05 0.00082347268979816835 0.0037198981551572808 -0.0072018885665590133 -0.00020908177037637704 -0.0015743766962296971 0.0017296677897605641 0.00010017327729803167 0.0024427046750893164 0.0033059090177294803 0.0035052073818603539 -0.0070108555161505276 -0.0048127947027637704 0.003110899442973142 -0.0001454637072007542 0.00057743378828685194
leaf_weight=62310 86 1530 161 2689 2062 4001 5444 5773 712 2741 41 137 355 121 140
leaf_count=62310 86 1530 161 2689 2062 4001 5444 5773 712 2741 41 137 355 121 140
internal_value=0.000299707 0.000143504 0.00111094 -3.22252e-05 -0.000169949 0.00129297 -0.000165031 0.00209024 0.00332679 0.00405253 -0.00208661 0.00167925 -0.000284553 0.00283914 0.00432315
internal_weight=88303 83970 12908 71062 64372 6690 5605 7303 4333 3008 127 1325 492 833 2881
internal_count=88303 83970 12908 71062 64372 6690 5605 7303 4333 3008 127 1325 492 833 2881
is_linear=0
shrinkage=0.05


Tree=81
num_leaves=16
num_cat=0
split_feature=16 22 21 17 13 20 4 0 18 13 5 15 16 7 22
split_gain=17.2234 4.51744 7.56666 7.35627 6.05173 7.90535 5.14482 5.00864 2.26992 1.78995 2.45967 1.51577 2.27725 1.45787 0.236095
threshold=752.45000000000016 0.86345620921778354 0.86725074741991059 46.500000000000007 0.48884331649522378 1.5006250000000003 -0.097964660725097477 54.216556647698361 6.6875000000000009 0.7890626663826904 0.86548282553247169 542.50000000000011 785.60000000000002 18.125000000000004 0.93376174617818641
decision_type=2 2 2 2 2 2 2 2 2 2 2 2 2 2 2
left_child=1 2 7 -4 5 -3 -6 -1 11 10 -10 12 -2 -11 -13
right_child=8 4 3 -5 6 -7 -8 -9 9 13 -12 14 -14 -15 -16
leaf_value=-0.0010284444780794631 0.0010427484022635825 -0.00080469023358185833 -0.0054002971985482595 -0.0014390879763730908 0.00074333020677516421 0.00071651782097708044 0.0023396094992781612 8.2009829200723906e-05 0.0029804708692491291 0.0032485964237363219 -0.00093554670887675817 0.0049111769062345047 -0.0011974145289405051 0.00069324721351167104 0.0036148460683515004
leaf_weight=4652 289 3874 217 2333 10967 4259 2719 54715 388 1094 167 61 98 476 2048
leaf_count=4652 289 3874 217 2333 10967 4259 2719 54715 388 1094 167 61 98 476 2048
internal_value=0.000264665 0.000100674 -0.000117334 -0.00278431 0.000719327 -0.000360875 0.00136125 -2.77914e-06 0.00323631 0.00203529 -0.000405405 0.00425881 0.00138243 0.00289809 0.00478663
internal_weight=88357 83736 61917 2550 21819 8133 13686 59367 4621 2125 555 2496 387 1570 2109
internal_count=88357 83736 61917 2550 21819 8133 13686 59367 4621 2125 555 2496 387 1570 2109
is_linear=0
shrinkage=0.05


Tree=82
num_leaves=15
num_cat=0
split_feature=16 17 9 6 5 19 13 21 18 20 2 21 13 18
split_gain=15.7993 4.57311 5.96411 7.5052 5.50649 15.0079 4.79135 3.41255 2.62685 1.75378 1.51178 1.64729 1.47925 0.326258
threshold=752.45000000000016 135.50000000000003 0.66572253421102823 0.97461712852231652 0.99865421017599998 13.531250000000002 0.49658001256508394 0.24589596527448276 13.312500000000002 4.564375000000001 0.5720108909604954 1.003184943869877 0.78510997554357609 5.8125000000000009
decision_type=2 2 2 2 2 2 2 2 2 2 2 2 2 2
left_child=1 2 3 -1 7 -6 -4 -3 10 12 11 -2 -10 -12
right_child=8 4 6 -5 5 -7 -8 -9 9 -11 13 -13 -14 -15
leaf_value=-0.00031162288430226922 -0.00063388815124519376 -0.001194333918687525 -0.0002231029281418921 0.00072872311504410122 0.0012946128389427877 -0.0033984191667258408 0.00088928638669410467 0.0007130261614811716 -0.00015246937533031576 -0.0028388012627241356 0.0035316655202086212 0.0007221458728873531 0.0029781837456561936 0.0027492978808993673
leaf_weight=38372 87 522 2963 3781 351 148 6976 30497 384 65 1963 410 1199 531
leaf_count=38372 87 522 2963 3781 351 148 6976 30497 384 65 1963 410 1199 531
internal_value=0.000273601 0.000116015 -0.000171619 -0.000431404 0.000591408 -0.00461924 0.000930174 0.000675231 0.00311382 0.00151092 0.00399699 0.00147887 0.00184144 0.0044988
internal_weight=88249 83610 52092 42153 31518 499 9939 31019 4639 1648 2991 497 1583 2494
internal_count=88249 83610 52092 42153 31518 499 9939 31019 4639 1648 2991 497 1583 2494
is_linear=0
shrinkage=0.05


Tree=83
num_leaves=15
num_cat=0
split_feature=16 20 17 19 9 6 5 6 18 20 12 2 21 18
split_gain=15.3087 4.50779 12.3979 7.53273 5.38404 4.95468 4.81945 3.6969 2.75075 1.7663 1.6608 1.26781 1.96082 0.389846
threshold=752.45000000000016 3.5543750000000007 6.5000000000000009 1.5812500000000005 0.39647989154135294 0.99981043035926087 0.73283908552571664 -0.9575230291762723 13.312500000000002 4.564375000000001 385.05000000000001 0.5720108909604954 1.0007745873161216 2.0625000000000004
decision_type=2 2 2 2 2 2 2 2 2 2 2 2 2 2
left_child=1 4 6 -4 5 -1 -3 -6 11 10 -10 12 -2 -13
right_child=8 2 3 -5 7 -7 -8 -9 9 -11 -12 13 -14 -15
leaf_value=-0.00015275585038962287 -0.00062434220235456069 -0.0016847693816719527 -0.0025328790672310333 -0.00016508737199610879 0.0015252833963014566 -0.0010644783162421091 -0.0019845719161136984 0.00025834230961584354 -0.00025072408945854113 -0.0041439236508251948 0.0027514268710563433 0.0033104868022979027 0.00069924190471916706 0.0031652432741735379
leaf_weight=18051 73 148 203 18306 6328 184 40 40466 338 64 1263 1538 393 984
leaf_count=18051 73 148 203 18306 6328 184 40 40466 338 64 1263 1538 393 984
internal_value=0.000263581 0.000108449 -0.000575761 -0.000445999 0.000305172 -0.000423636 -0.0133511 0.000589178 0.00305502 0.00142643 0.00175203 0.00396252 0.00156652 0.00440523
internal_weight=88379 83726 18697 18509 65029 18235 188 46794 4653 1665 1601 2988 466 2522
internal_count=88379 83726 18697 18509 65029 18235 188 46794 4653 1665 1601 2988 466 2522
is_linear=0
shrinkage=0.05


Tree=84
num_leaves=15
num_cat=0
split_feature=16 6 6 5 18 13 6 20 13 22 5 6 22 17
split_gain=16.4849 3.99156 12.4273 14.2828 6.51608 15.0397 7.02875 4.9137 2.66116 2.21423 10.2996 1.74343 1.79944 0.820082
threshold=729.80000000000007 0.97461712852231652 0.94636490295939868 -0.2270106897347694 99.937500000000014 0.47491966005386443 0.99981043035926087 3.5731250000000006 0.7584717192321847 0.99284573533404452 0.83849049182116964 0.47369649395226454 0.94955427672171255 80.500000000000014
decision_type=2 2 2 2 2 2 2 2 2 2 2 2 2 2
left_child=1 2 7 -4 6 -6 -3 -1 9 10 -2 12 -10 -11
right_child=8 4 3 -5 5 -7 -8 -9 11 13 -12 -13 -14 -15
leaf_value=0.00015509795906031712 0.001761443161148131 0.0019388330952227622 0.0012720021550572207 -0.002264670023508619 0.0007528907386296726 -0.0021212412392048957 -0.0010343458087617753 -0.00035620818891635018 0.0011777347544055495 -0.0067835191959138789 -0.0026756778549466391 -0.0019774688627331978 0.0026873120606822772 0.0012341838503654003
leaf_weight=59845 718 3144 727 1089 409 175 240 17398 629 41 133 79 3378 575
leaf_count=59845 718 3144 727 1089 409 175 240 17398 629 41 133 79 3378 575
internal_value=0.000201513 2.51125e-05 -5.25555e-05 -0.00414097 0.00157258 -0.00330479 0.0024143 4.3564e-05 0.00283901 0.00101227 -0.000640423 0.00349486 0.00363988 0.00329545
internal_weight=88580 83027 79059 1816 3968 584 3384 77243 5553 1467 851 4086 4007 616
internal_count=88580 83027 79059 1816 3968 584 3384 77243 5553 1467 851 4086 4007 616
is_linear=0
shrinkage=0.05


Tree=85
num_leaves=16
num_cat=0
split_feature=16 15 5 22 6 6 18 20 22 5 18 18 15 15 17
split_gain=15.5208 4.39632 6.67131 5.09739 4.37353 9.06756 6.06623 3.05049 2.02051 4.26832 3.12758 2.75161 1.42037 2.72727 0.622724
threshold=778.55000000000007 429.50000000000006 0.29342972903661901 0.9952314887722099 0.97461712852231652 0.95436825032516992 99.937500000000014 3.4956250000000009 0.96213651982856396 0.83849049182116964 18.437500000000004 64.687500000000014 546.50000000000011 526.50000000000011 156.50000000000003
decision_type=2 2 2 2 2 2 2 2 2 2 2 2 2 2 2
left_child=1 4 7 -4 5 -1 -6 -3 9 11 -11 -2 13 -10 -14
right_child=8 2 3 -5 6 -7 -8 -9 12 10 -12 -13 14 -15 -16
leaf_value=-3.8359444976042412e-05 0.0028468190196258188 0.0028671823243716144 -0.00071889279654603199 0.0013830742353816428 0.0014090538572713099 -0.0018019512045739702 -0.00039834829477525935 0.00023398004426007657 0.00068821311610208218 -0.0035924058547206748 -8.1488293256456773e-05 -0.0062855374539965703 0.0030774582789226458 -0.0049401750115018461 -0.0014367230476096393
leaf_weight=62854 507 7089 6827 745 3319 1329 574 2207 110 42 64 47 2684 55 47
leaf_count=62854 507 7089 6827 745 3319 1329 574 2207 110 42 64 47 2684 55 47
internal_value=0.000245198 0.00010972 0.000832345 -0.000269413 -6.93341e-05 -0.000168035 0.00155792 0.00172978 0.00348144 0.000984849 -0.00820755 0.00274368 0.00405041 -0.000454545 0.00432259
internal_weight=88500 84944 16868 7572 68076 64183 3893 9296 3556 660 106 554 2896 165 2731
internal_count=88500 84944 16868 7572 68076 64183 3893 9296 3556 660 106 554 2896 165 2731
is_linear=0
shrinkage=0.05


Tree=86
num_leaves=15
num_cat=0
split_feature=16 17 5 6 22 22 6 5 18 15 21 22 9 17
split_gain=14.4928 4.71326 6.3271 10.3777 5.26005 4.17238 8.3237 4.82823 2.3045 1.52 5.23556 1.64393 1.34597 1.04713
threshold=752.45000000000016 100.50000000000001 -0.98523971305672675 -0.12545862287572049 1.0261534176440932 0.79414358982965172 0.95936279103287792 -0.99763297024448894 2.0625000000000004 534.50000000000011 1.0075816826508219 0.96842285586318577 0.32277946608445329 85.500000000000014
decision_type=2 2 2 2 2 2 2 2 2 2 2 2 2 2
left_child=1 2 3 -1 -4 7 -7 -3 12 10 -10 -11 -2 -14
right_child=8 5 4 -5 -6 6 -8 -9 9 11 -12 -13 13 -15
leaf_value=-0.0016349029776181773 -0.0022239048059867236 0.0033954464365275523 -0.00015193705263151017 -0.00052920106002804501 0.00058631806616140931 0.001358694569026306 -0.0029144315586950038 3.2055586037675694e-05 -0.004536846593056143 0.00078275797321757589 0.0022318048927964765 0.0028835538178472618 -0.003874416820808379 0.0025168964920786237
leaf_weight=344 42 710 33080 1792 5425 14724 117 27552 46 1050 81 1539 55 1842
leaf_count=344 42 710 33080 1792 5425 14724 117 27552 46 1050 81 1539 55 1842
internal_value=0.000297458 0.000146518 -0.000239782 -0.00288858 -9.28449e-05 0.000510753 0.00118961 0.000154271 0.00301289 0.0020729 -0.00326772 0.00233488 0.00432955 0.00452557
internal_weight=88399 83744 40641 2136 38505 43103 14841 28262 4655 2716 127 2589 1939 1897
internal_count=88399 83744 40641 2136 38505 43103 14841 28262 4655 2716 127 2589 1939 1897
is_linear=0
shrinkage=0.05


Tree=87
num_leaves=14
num_cat=0
split_feature=16 22 21 5 0 6 1 22 5 18 15 0 1
split_gain=14.6265 4.18528 9.72414 7.5145 6.72278 5.62607 4.29604 3.20122 3.4741 1.28895 1.27578 1.06921 0.551522
threshold=769.55000000000007 0.79414358982965172 0.99844067352880794 -0.98803845231459242 399.85016550361769 -0.96234030595689413 80.728666499048515 0.92050208588060856 0.73283908552571664 2.0625000000000004 534.50000000000011 412.97276789377253 756.36914172726085
decision_type=2 2 2 2 2 2 2 2 2 2 2 2 2
left_child=1 2 6 4 -3 -5 -1 8 12 11 -11 -9 -2
right_child=7 3 -4 5 -6 -7 -8 9 -10 10 -12 -13 -14
leaf_value=-0.00091177491190043653 0.0043249291813780956 -0.0030214165699334575 -0.0060500839823234738 0.0025530415808623589 0.0033339543867053293 0.0003233589383784124 1.9099763752060301e-05 0.00017131592346967818 -0.0080314983386676041 -0.0019538996626681389 0.0022039898862658276 0.0027275917395208071 -0.0041393371474100172
leaf_weight=5453 47 564 59 4013 237 24852 49474 123 43 57 1965 1531 54
leaf_count=5453 47 564 59 4013 237 24852 49474 123 43 57 1965 1531 54
internal_value=0.000258952 0.000122384 -0.000135853 0.000601025 -0.00417603 0.000733588 -0.00011406 0.00328534 -0.00402778 0.00357182 0.00272502 0.00460701 0.0010396
internal_weight=88472 84652 54986 29666 801 28865 54927 3820 144 3676 2022 1654 101
internal_count=88472 84652 54986 29666 801 28865 54927 3820 144 3676 2022 1654 101
is_linear=0
shrinkage=0.05


Tree=88
num_leaves=15
num_cat=0
split_feature=16 22 2 6 22 22 5 5 15 15 18 13 4 1
split_gain=13.185 3.66581 4.85784 5.95988 4.50489 2.40065 6.88284 1.86102 1.7969 3.6214 1.73318 1.66999 1.53695 0.941633
threshold=752.45000000000016 1.1660453931284656 0.33497764832916194 0.97461712852231652 0.79414358982965172 0.94955427672171255 0.75580964594513067 -0.98803845231459242 542.50000000000011 523.50000000000011 6.6875000000000009 0.6963470668906645 -0.16280825711808977 866.73934746807072
decision_type=2 2 2 2 2 2 2 2 2 2 2 2 2 2
left_child=1 2 3 -1 -4 6 13 -3 9 -7 -10 -8 -9 -2
right_child=5 7 4 -5 -6 8 11 12 10 -11 -12 -13 -14 -15
leaf_value=-0.00036038815021313398 0.0023060184669559105 -0.0012286188353005031 1.1554446464602769e-05 0.00056238183402062148 0.0010301041137516314 0.00072149227442100524 -0.0014820300100237488 0.0010324019320249926 0.0027005383912170502 -0.0016828411076888262 0.0017623416107292672 -0.0079983384449755727 0.0042607943647971326 -0.0016900511616842952
leaf_weight=29042 548 54 32602 3810 16073 336 40 1131 1970 135 1453 41 974 130
leaf_count=29042 548 54 32602 3810 16073 336 40 1131 1970 135 1453 41 974 130
internal_value=0.000238796 9.47592e-05 4.09069e-05 -0.000428893 0.000357987 0.00282936 0.000256917 0.0021283 0.00333077 0.000435244 0.00372919 -0.0135185 0.00236342 0.00190266
internal_weight=88339 83686 81527 32852 48675 4653 759 2159 3894 471 3423 81 2105 678
internal_count=88339 83686 81527 32852 48675 4653 759 2159 3894 471 3423 81 2105 678
is_linear=0
shrinkage=0.05


Tree=89
num_leaves=13
num_cat=0
split_feature=16 22 21 13 20 0 4 19 0 18 13 18
split_gain=14.4363 3.82904 6.16461 6.05089 5.17091 4.45936 4.41465 3.08459 2.09944 1.29336 1.13169 0.17491
threshold=792.40000000000009 0.9381407681654238 1.0343538313043816 0.46363872666556577 1.6918750000000002 54.216556647698361 0.032701564615071219 8.3812500000000032 409.74211716891949 7.6875000000000009 0.73607884938918511 2.6875000000000004
decision_type=2 2 2 2 2 2 2 2 2 2 2 2
left_child=1 2 5 4 -3 -1 -5 -4 -2 11 -11 -10
right_child=8 3 7 6 -6 -7 -8 -9 9 10 -12 -13
leaf_value=-0.00098862777839286791 -0.00020900735617201792 -0.00076029507839112294 -0.00094047375754687738 0.00064961785412292778 0.00073940380158732649 4.1212862188313994e-05 0.00260875121958201 -0.0058861639960552997 0.0025709729951791634 -0.00032167134137958101 0.002357480318407983 0.0026126529514626938
leaf_weight=5249 62 2600 53 8639 1877 65267 1704 94 1446 201 837 426
leaf_count=5249 62 2600 53 8639 1877 65267 1704 94 1446 201 837 426
internal_value=0.000194732 7.56293e-05 -7.76218e-05 0.000806343 -0.000729283 -5.62991e-05 0.00147104 -0.0103061 0.00362046 0.00381443 0.00239884 0.00459936
internal_weight=88455 85483 70663 14820 4477 70516 10343 147 2972 2910 1038 1872
internal_count=88455 85483 70663 14820 4477 70516 10343 147 2972 2910 1038 1872
is_linear=0
shrinkage=0.05


Tree=90
num_leaves=15
num_cat=0
split_feature=16 12 6 6 18 6 5 15 3 18 9 12 18 1
split_gain=13.7912 3.75023 4.5251 6.6605 5.36866 3.21423 6.72 1.75554 2.23549 2.15631 1.61853 1.25307 0.470298 0.384615
threshold=778.55000000000007 195.75000000000003 0.97461712852231652 0.95436825032516992 99.937500000000014 0.16587474750015932 0.69676570133721638 546.50000000000011 0.097964660725097366 13.312500000000002 0.60559424102008419 475.9500000000001 2.6875000000000004 484.0906603551926
decision_type=2 2 2 2 2 2 2 2 2 2 2 2 2 2
left_child=1 2 3 -1 -4 6 -3 8 13 12 -7 -11 -9 -2
right_child=7 5 4 -5 -6 10 -8 9 -10 11 -12 -13 -14 -15
leaf_value=-7.7595063652303377e-05 -2.1436755286017078e-05 0.00088518151853226527 0.0012777964897296053 -0.0015460812498105006 -0.00035419328112756018 0.0020937645593065214 -0.00070589886286864085 0.0024658350010481472 -0.0041606481175916312 -0.00030220865321066372 0.00076741057434594065 0.0023736209513017196 0.0022210657167172324 0.00122656398866898
leaf_weight=53228 40 18184 3366 1334 598 1799 5116 1554 58 366 1215 631 803 64
leaf_count=53228 40 18184 3366 1334 598 1799 5116 1554 58 366 1215 631 803 64
internal_value=0.000224999 9.78314e-05 -0.000125072 -0.000243576 0.00150605 0.000593601 0.00039485 0.00329352 -0.00179012 0.00353906 0.00213006 0.00158977 0.0043636 0.00259615
internal_weight=88356 84840 58526 54562 3964 26314 23300 3516 162 3354 3014 997 2357 104
internal_count=88356 84840 58526 54562 3964 26314 23300 3516 162 3354 3014 997 2357 104
is_linear=0
shrinkage=0.05


Tree=91
num_leaves=16
num_cat=0
split_feature=16 15 5 6 6 18 18 20 18 15 20 22 18 6 18
split_gain=14.1562 3.75869 5.45128 3.98953 7.18138 4.73783 3.12126 2.2036 2.02174 1.80756 2.14659 1.22065 2.52062 0.641853 0.399626
threshold=778.55000000000007 576.50000000000011 0.48314048284850658 0.97461712852231652 0.95436825032516992 99.937500000000014 96.187500000000014 3.3856250000000006 13.312500000000002 538.50000000000011 1.8031250000000003 0.98461031240766128 69.187500000000014 0.19969739736768838 1.5625000000000002
decision_type=2 2 2 2 2 2 2 2 2 2 2 2 2 2 2
left_child=1 3 7 4 -1 -5 -4 -3 9 10 -2 12 -10 -13 -11
right_child=8 2 6 5 -6 -7 -8 -9 11 14 -12 13 -14 -15 -16
leaf_value=-2.2797115294663304e-05 -0.0047872049405823271 0.0040520946307190031 -0.00041842505774790151 0.0012511734695547895 -0.0014770753606531666 -0.00032085083268313953 -0.015872111258660827 0.00054784897501376263 0.00085482359108557957 0.0022062920925775219 0.00085691441910020361 0.0032537623291766476 -0.0062810173983997636 -0.00058865027371931091 0.0022868501702637454
leaf_weight=72520 40 3691 1894 3347 1332 583 245 1133 531 1409 99 363 51 40 972
leaf_count=72520 40 3691 1894 3347 1332 583 245 1133 531 1409 99 363 51 40 972
internal_value=0.000202833 7.40459e-05 0.00118699 -2.55841e-05 -0.000108189 0.00152672 -0.000913978 0.00211857 0.00331669 0.00406746 -0.00147482 0.00139594 -6.87283e-05 0.00351117 0.00439101
internal_weight=88250 84745 6963 77782 73852 3930 2139 4824 3505 2520 139 985 582 403 2381
internal_count=88250 84745 6963 77782 73852 3930 2139 4824 3505 2520 139 985 582 403 2381
is_linear=0
shrinkage=0.05


Tree=92
num_leaves=15
num_cat=0
split_feature=16 3 5 5 6 2 5 5 13 18 1 18 7 18
split_gain=13.4073 3.46316 4.16299 8.86159 4.18823 3.70453 7.60235 3.18262 2.07534 1.67572 1.60586 0.943187 1.13336 0.295772
threshold=778.55000000000007 -0.22695468355932411 0.98667101781630195 0.99274428880883148 0.99981043035926087 0.28425586877316283 -0.99985146406598202 -0.96689237009891416 0.81059271712194125 45.812500000000007 533.48080300869913 23.687500000000004 18.125000000000004 2.0625000000000004
decision_type=2 2 2 2 2 2 2 2 2 2 2 2 2 2
left_child=1 2 4 -4 -1 6 -3 -7 9 10 -2 13 -13 -10
right_child=8 5 3 -5 -6 7 -8 -9 11 -11 -12 12 -14 -15
leaf_value=-7.7039701437850449e-05 -0.00017140564765800171 -0.0025596735041852111 -0.0043795369285247925 -0.00026997623735408371 -0.0013856095092531504 0.0011760053352528196 -0.00013593077465310979 0.00028242073004718809 0.0024512343578808882 -0.0034469685777517856 0.0010731596722811018 0.0022612692451323912 -0.00067142069774563085 0.0022901440071205954
leaf_weight=30401 122 61 452 1192 116 3636 14103 34868 1161 46 797 290 138 982
leaf_count=30401 122 61 452 1192 116 3636 14103 34868 1161 46 797 290 138 982
internal_value=0.000230012 0.000104269 -0.000304561 -0.00275547 -0.000172527 0.000353915 -0.000337475 0.000608249 0.00324661 0.00126943 0.00173558 0.00398872 0.00184579 0.00441671
internal_weight=88365 84829 32161 1644 30517 52668 14164 38504 3536 965 919 2571 428 2143
internal_count=88365 84829 32161 1644 30517 52668 14164 38504 3536 965 919 2571 428 2143
is_linear=0
shrinkage=0.05


Tree=93
num_leaves=16
num_cat=0
split_feature=16 20 21 6 19 6 5 6 18 1 20 12 19 18 18
split_gain=13.4342 3.28826 10.2307 8.19698 6.01837 5.14246 9.21395 4.54419 1.62697 2.09444 1.7328 1.28603 1.99642 0.595649 0.319712
threshold=778.55000000000007 3.5343750000000007 0.10548706770870374 -0.12545862287572049 1.9062500000000004 0.99981043035926087 0.013976441590891219 0.97461712852231652 9.5625000000000018 533.48080300869913 3.1018750000000006 475.9500000000001 18.743750000000006 64.687500000000014 2.0625000000000004
decision_type=2 2 2 2 2 2 2 2 2 2 2 2 2 2 2
left_child=1 5 3 -3 -4 7 -7 -1 9 10 -2 12 -10 -13 -11
right_child=8 2 4 -5 -6 6 -8 -9 11 14 -12 13 -14 -15 -16
leaf_value=0.00012578146799089191 -0.00034291966459892192 -0.0012824636351764082 -0.00167682202596996 -0.00058381257866653208 -9.2932188052791923e-05 0.0023251048944018921 -0.0014540426413358954 0.00086160445828397172 0.0028695425592233097 0.002086448304316374 0.0017601820014319009 0.0023490706844601326 -0.0006245714010127989 -0.00057894844963073328 0.0020963387816769958
leaf_weight=62557 82 202 284 433 18181 113 152 2999 201 1476 67 647 273 99 674
leaf_count=62557 82 202 284 433 18181 113 152 2999 201 1476 67 647 273 99 674
internal_value=0.000210878 8.54325e-05 -0.000492146 -0.00673228 -0.000277552 0.000253035 -0.00669811 0.000281134 0.00323814 0.00402131 -0.00171141 0.0017623 -0.000274261 0.0030563 0.0044186
internal_weight=88440 84921 19100 635 18465 65821 265 65556 3519 2299 149 1220 474 746 2150
internal_count=88440 84921 19100 635 18465 65821 265 65556 3519 2299 149 1220 474 746 2150
is_linear=0
shrinkage=0.05


Tree=94
num_leaves=16
num_cat=0
split_feature=16 12 22 21 9 5 6 5 22 7 18 13 17 16 18
split_gain=12.5135 3.8479 4.01143 6.95832 3.80576 3.14648 3.48731 2.30778 1.82609 2.3606 2.242 1.18396 1.17399 0.832922 0.580435
threshold=778.55000000000007 195.75000000000003 1.0102968224680469 0.9467953645701922 0.42540208866063384 -0.96235977360714686 -0.96234030595689413 -0.98803845231459242 0.94955427672171255 18.125000000000004 30.937500000000004 0.81059271712194125 131.50000000000003 817.35000000000002 2.0625000000000004
decision_type=2 2 2 2 2 2 2 2 2 2 2 2 2 2 2
left_child=1 2 3 -1 -4 7 -7 -3 9 13 -11 12 -10 -2 -13
right_child=8 5 4 -5 -6 6 -8 -9 11 10 -12 14 -14 -15 -16
leaf_value=-5.3114824469194115e-05 0.0020409094611885371 0.00067920701437349125 -0.00044736889372185636 -0.001146953400803641 0.0008090338400209467 0.0019966358420843403 0.00014708327376008871 0.003922347980533797 0.00071737299259175063 0.00030413955303928823 -0.0067446984996915819 0.002324870455887701 -0.001360843737708039 -0.00037371083747981946 0.0020351113234585391
leaf_weight=48318 152 1046 1438 3573 5048 4771 19425 1169 726 74 59 1132 116 79 1200
leaf_count=48318 152 1046 1438 3573 5048 4771 19425 1169 726 74 59 1132 116 79 1200
internal_value=0.000221113 9.95426e-05 -0.000127019 -0.000273554 0.00104533 0.000600318 0.000435196 0.00240406 0.00313454 -0.00021978 -0.00552632 0.00351922 0.00191211 0.0028355 0.00409949
internal_weight=88326 84788 58377 51891 6486 26411 24196 2215 3538 364 133 3174 842 231 2332
internal_count=88326 84788 58377 51891 6486 26411 24196 2215 3538 364 133 3174 842 231 2332
is_linear=0
shrinkage=0.05


Tree=95
num_leaves=16
num_cat=0
split_feature=16 21 6 9 15 9 16 4 18 1 22 5 16 13 0
split_gain=13.1061 3.33322 9.14696 12.3473 6.61351 4.57889 3.87663 3.16358 1.62962 2.46555 1.83061 2.49736 1.43319 0.419161 0.206112
threshold=778.55000000000007 0.26656676151720343 -0.10837475778693638 0.25918485246154938 17.500000000000004 0.61536133439539098 9.7500000000000018 -0.58216583101416164 7.6875000000000009 533.48080300869913 0.97045461389889065 0.86548282553247169 800.70000000000016 0.36100563199389429 448.14500341342585
decision_type=2 2 2 2 2 2 2 2 2 2 2 2 2 2 2
left_child=1 2 3 -1 7 -4 -6 -3 9 12 11 -10 -2 -12 -11
right_child=8 4 5 -5 6 -7 -8 -9 10 14 13 -13 -14 -15 -16
leaf_value=-0.0013463008215462973 8.0859957432538598e-05 -0.0032286434220357252 0.00022783025113641241 -0.00045864604760152027 0.0010637297468189446 -0.0013799370334559699 0.00015778305593795166 -0.0011669357685320817 0.0011587076447567124 0.00036095737838476863 -0.0015775124817099312 -0.0023313810523887019 -0.0012804297951541921 0.0022025159377119978 0.0020464498764569796
leaf_weight=641 101 128 11479 4310 3187 1010 63402 700 421 87 48 99 44 799 1943
leaf_count=641 101 128 11479 4310 3187 1010 63402 700 421 87 48 99 44 799 1943
internal_value=0.000227322 0.000102938 -0.000513188 -0.00233185 0.000262323 0.000207783 0.000317545 -0.00417874 0.00320723 0.00405747 0.00185443 -0.000480769 -0.00224138 0.00328808 0.00450739
internal_weight=88399 84857 17440 4951 67417 12489 66589 828 3542 2175 1367 520 145 847 2030
internal_count=88399 84857 17440 4951 67417 12489 66589 828 3542 2175 1367 520 145 847 2030
is_linear=0
shrinkage=0.05


Tree=96
num_leaves=16
num_cat=0
split_feature=16 21 6 5 6 5 2 19 18 1 22 18 20 13 18
split_gain=13.1974 3.62878 8.20367 12.1998 4.5826 3.76398 8.37137 3.98912 1.69624 1.73029 1.35906 1.72885 1.16778 0.665606 0.405781
threshold=778.55000000000007 0.26656676151720343 -0.10837475778693638 -0.98523971305672675 0.99981043035926087 0.9193901325473397 0.64778112944884791 2.193750000000001 9.5625000000000018 533.48080300869913 0.97045461389889065 67.687500000000014 3.1018750000000006 0.36100563199389429 2.6875000000000004
decision_type=2 2 2 2 2 2 2 2 2 2 2 2 2 2 2
left_child=1 2 3 -1 -4 7 -7 -3 9 12 11 -10 -2 -12 -11
right_child=8 5 4 -5 -6 6 -8 -9 10 14 13 -13 -14 -15 -16
leaf_value=-0.0014781439573431758 -0.00023662829736187477 -0.00042843992041527733 0.00013151045123453153 -0.0004451292498481573 -0.00093564858037599701 3.3219963499016921e-05 -0.0018255250622237259 0.00036020913288905697 0.00021363439860763524 0.0018161237989205937 -0.0037761474256274965 -0.0056617030488288304 0.0016528243850330528 0.0019949627731056965 0.0017860808302983533
leaf_weight=464 84 2806 12255 4597 203 7577 1943 54847 434 1601 44 49 71 711 588
leaf_count=464 84 2806 12255 4597 203 7577 1943 54847 434 1601 44 49 71 711 588
internal_value=0.000212634 8.69033e-05 -0.00055397 -0.00225153 0.000135656 0.000254046 -0.000667017 0.000406137 0.00318537 0.00397611 0.00168821 -0.000383023 -0.00112903 0.00301325 0.0043376
internal_weight=88274 84692 17519 5061 12458 67173 9520 57653 3582 2344 1238 483 155 755 2189
internal_count=88274 84692 17519 5061 12458 67173 9520 57653 3582 2344 1238 483 155 755 2189
is_linear=0
shrinkage=0.05


Tree=97
num_leaves=15
num_cat=0
split_feature=16 20 17 19 6 5 6 9 13 18 13 18 22 15
split_gain=12.1263 3.6177 8.78791 6.741 4.72807 8.15264 4.82272 3.07378 1.74929 1.44494 1.52513 1.2908 1.1982 0.91539
threshold=778.55000000000007 3.5543750000000007 4.5000000000000009 1.9062500000000004 0.99981043035926087 0.013976441590891219 0.97461712852231652 0.50243627249018696 0.81059271712194125 45.812500000000007 0.70426116784301196 22.812500000000004 0.94698497279671257 538.50000000000011
decision_type=2 2 2 2 2 2 2 2 2 2 2 2 2 2
left_child=1 4 7 -4 6 -6 -1 -3 9 10 -2 13 -13 -10
right_child=8 2 3 -5 5 -7 -8 -9 11 -11 -12 12 -14 -15
leaf_value=0.00013296596415905072 0.0018955671098671578 -0.00067785628999957482 -0.0019771978262137068 -0.00015381618129720531 0.0026012421165471289 -0.0013432938515836618 0.00086407671268221161 -0.0020817545417920222 -7.4849065392556388e-05 -0.0020028799528470052 -3.0801020545395699e-05 -0.0047805184557900733 0.0017744994251606139 0.0020039745541391911
leaf_weight=62963 513 54 256 18513 107 150 2980 40 45 50 404 91 359 2103
leaf_count=62963 513 54 256 18513 107 150 2980 40 45 50 404 91 359 2103
internal_value=0.000235704 0.000115973 -0.000494884 -0.000418509 0.00029003 -0.0064786 0.00031641 -0.0157447 0.00309257 0.00127715 0.00172846 0.00376828 0.00133333 0.0042784
internal_weight=88628 85063 18863 18769 66200 257 65943 94 3565 967 917 2598 450 2148
internal_count=88628 85063 18863 18769 66200 257 65943 94 3565 967 917 2598 450 2148
is_linear=0
shrinkage=0.05


Tree=98
num_leaves=16
num_cat=0
split_feature=16 15 5 5 22 21 6 13 16 17 20 17 18 12 15
split_gain=11.6106 3.00736 6.87952 4.68433 3.22985 2.95044 2.7483 1.75685 1.52354 1.39651 1.98938 1.80927 1.18441 0.869155 0.743121
threshold=778.55000000000007 475.50000000000006 0.29342972903661901 0.3261394409934788 1.1468828718386652 0.9960412099423831 0.84199059757024453 0.81425772686268072 73.950000000000017 100.50000000000001 1.5206250000000006 123.50000000000001 22.812500000000004 601.35000000000014 546.50000000000011
decision_type=2 2 2 2 2 2 2 2 2 2 2 2 2 2 2
left_child=1 4 5 -4 6 -3 -1 9 -6 10 -2 -11 14 -14 -9
right_child=7 2 3 -5 8 -7 -8 12 -10 11 -12 -13 13 -15 -16
leaf_value=-0.00011375955894467099 -0.0011960423418464824 0.0023610056136605054 -0.0069843280952214849 -0.00023308405913858299 -0.00066039577347293005 -0.0028381999696432646 0.00024174682006816728 -4.4172114844221545e-05 0.0021521848710312377 0.0013509941407404637 5.2882782378115567e-05 -0.0010930927541465737 0.00072493485436286214 0.0054410984259630497 0.0019243282577240757
leaf_weight=59199 56 7584 157 5752 489 43 9842 40 1940 546 217 204 323 122 2023
leaf_count=59199 56 7584 157 5752 489 43 9842 40 1940 546 217 204 323 122 2023
internal_value=0.000222337 0.00010564 0.000789007 -0.000491623 -2.3786e-05 0.00178117 -8.68323e-05 0.00303172 0.00176822 0.00128544 -0.00177656 0.0024 0.00374402 0.00140449 0.00424867
internal_weight=88537 85006 13536 5909 71470 7627 69041 3531 2429 1023 273 750 2508 445 2063
internal_count=88537 85006 13536 5909 71470 7627 69041 3531 2429 1023 273 750 2508 445 2063
is_linear=0
shrinkage=0.05


Tree=99
num_leaves=13
num_cat=0
split_feature=16 6 22 6 21 6 6 20 2 18 13 22
split_gain=13.0076 3.16738 5.55501 5.34581 19.5923 4.42886 3.08466 2.01551 1.90497 1.64341 1.38313 0.291005
threshold=792.40000000000009 -0.98521978256641018 0.55455967546178531 -0.98212955754013376 0.600761507009411 -0.99864786094873803 0.97461712852231652 1.4806250000000005 0.53441613196087789 7.6875000000000009 0.80285439201035735 0.94419069529324939
decision_type=2 2 2 2 2 2 2 2 2 2 2 2
left_child=1 2 5 4 -3 -1 -5 -4 -2 11 -11 -10
right_child=8 3 7 6 -6 -7 -8 -9 9 10 -12 -13
leaf_value=-0.0014700905807391322 -0.0006062249542942333 -0.0048148463094357004 0.0029124098417228567 -2.1686616727765149e-05 0.003084486304476206 0.00058021232772758463 0.00054467530571557482 0.0016693133855937025 0.0015444747350946255 -0.0001454767748045637 0.0015639979066514231 0.001585301793058025
leaf_weight=550 56 251 1586 74995 332 789 3925 3031 44 260 794 1855
leaf_count=550 56 251 1586 74995 332 789 3925 3031 44 260 794 1855
internal_value=0.000190351 7.65866e-05 0.00118872 -6.72912e-06 -0.00477702 -0.00164675 2.85101e-05 0.00201105 0.0034214 0.00359465 0.00201139 0.00447341
internal_weight=88468 85459 5956 79503 583 1339 78920 4617 3009 2953 1054 1899
internal_count=88468 85459 5956 79503 583 1339 78920 4617 3009 2953 1054 1899
is_linear=0
shrinkage=0.05


Tree=100
num_leaves=15
num_cat=0
split_feature=16 22 2 22 16 18 2 20 19 6 13 9 16 9
split_gain=11.6734 3.32343 3.50945 4.51685 4.4817 1.88482 1.91055 1.741 1.50957 2.7931 1.45051 1.29533 0.936106 0.551281
threshold=778.55000000000007 1.2776318783900091 0.33497764832916194 0.79414358982965172 610.55000000000007 11.312500000000002 0.55805783407662213 4.8018750000000017 -0.69374999999999987 0.84199059757024453 0.8066780257250058 0.72874288395406384 73.950000000000017 0.44933848402502424
decision_type=2 2 2 2 2 2 2 2 2 2 2 2 2 2
left_child=1 2 4 -4 -1 6 11 10 9 -3 -7 -2 -10 -8
right_child=5 8 3 -5 -6 7 13 -9 12 -11 -12 -13 -14 -15
leaf_value=-0.0001526026504998078 -0.00015477435813441608 -0.0052100711497497345 -1.6436195418870223e-05 0.00086438229826732438 -0.0020286894800295796 -0.00042143738597679727 0.00055446009854339437 -0.0031368816322127958 0.0020773984543565925 0.001006146551615622 0.0014964928642680004 0.00089278002271231936 0.0054260146826445813 0.0015060367034051227
leaf_weight=33634 92 58 32752 17271 135 260 83 45 227 58 803 85 879 2173
leaf_count=33634 92 58 32752 17271 135 260 83 45 227 58 803 85 879 2173
internal_value=0.000196206 7.9046e-05 4.12929e-05 0.000307159 -0.000352542 0.00300904 0.00378751 0.00129964 0.00266776 -0.00275862 0.00170743 -0.00121469 0.00323689 0.00417996
internal_weight=88555 85014 83792 50023 33769 3541 2433 1108 1222 116 1063 177 1106 2256
internal_count=88555 85014 83792 50023 33769 3541 2433 1108 1222 116 1063 177 1106 2256
is_linear=0
shrinkage=0.05


Tree=101
num_leaves=16
num_cat=0
split_feature=16 15 5 5 6 6 18 21 13 20 5 18 22 15 9
split_gain=11.8725 3.4437 6.23259 4.41668 3.16381 6.92512 4.60099 1.74383 1.49447 1.37156 1.9647 1.20852 1.53962 0.699186 0.064252
threshold=778.55000000000007 479.50000000000006 0.29342972903661901 0.3261394409934788 0.97461712852231652 0.94636490295939868 99.937500000000014 0.5966759423983693 0.81425772686268072 3.8756250000000008 0.83849049182116964 26.937500000000004 0.94955427672171255 546.50000000000011 0.47616950186653245
decision_type=2 2 2 2 2 2 2 2 2 2 2 2 2 2 2
left_child=1 4 7 -4 5 -1 -6 -3 9 10 -2 13 -13 -10 -11
right_child=8 2 3 -5 6 -7 -8 -9 11 14 -12 12 -14 -15 -16
leaf_value=-1.4464815564913122e-05 0.001261349241785258 -0.0042664668600528102 -0.0064333204205648921 -0.00020272315413172581 0.0011456853325302145 -0.0011234508068663474 -0.00034173282409927469 0.002194523052782857 -2.7753563953464291e-05 0.00037623058479810433 -0.00035619975464863869 -0.0055651084324640091 0.0014235801026835887 0.001706868136865028 0.0025703697623600179
leaf_weight=65927 451 189 163 5614 3340 1807 580 7260 41 50 303 71 296 2137 204
leaf_count=65927 451 189 163 5614 3340 1807 580 7260 41 50 303 71 296 2137 204
internal_value=0.00022633 0.000107799 0.000849085 -0.000383417 -2.90282e-05 -0.000108955 0.00135204 0.00180494 0.00305798 0.00142857 0.00035809 0.00370334 0.00104905 0.0041506 0.0046063
internal_weight=88433 84880 13226 5777 71654 67734 3920 7449 3553 1008 754 2545 367 2178 254
internal_count=88433 84880 13226 5777 71654 67734 3920 7449 3553 1008 754 2545 367 2178 254
is_linear=0
shrinkage=0.05


Tree=102
num_leaves=15
num_cat=0
split_feature=16 22 21 16 13 5 4 5 18 9 22 17 5 0
split_gain=11.6901 3.00115 6.95602 6.20134 5.75379 5.20667 3.82443 2.5876 1.54141 1.85944 1.37185 2.29307 0.75815 8.88178e-16
threshold=778.55000000000007 0.9381407681654238 0.9467953645701922 105.15000000000002 0.45174851344864103 -0.25205528343633254 0.032701564615071219 -0.93545489084327571 2.0625000000000004 0.39166652857036116 1.0162741685147623 100.50000000000001 0.99983759474438971 454.48897737817094
decision_type=2 2 2 2 2 2 2 2 2 2 2 2 2 2
left_child=1 2 7 -4 5 -3 -6 -1 9 -2 11 -10 -11 -12
right_child=8 4 3 -5 6 -7 -8 -9 10 12 13 -13 -14 -15
leaf_value=0.00049269969670038465 -0.0010287238308587757 -0.0012627643957159457 -0.0057110371125765527 -0.0011376552523983084 0.00053984417182801898 0.00020877803215993974 0.0022497124742923051 -4.679648947917379e-05 -0.00049711921972206495 0.0013692329862436442 0.0016359910576975131 0.0012204691490142862 -1.6422624537681034e-05 0.0021747520508011171
leaf_weight=9278 47 1595 110 1804 8375 2666 1771 59408 132 1489 58 1481 72 273
leaf_count=9278 47 1595 110 1804 8375 2666 1771 59408 132 1489 58 1481 72 273
internal_value=0.000204892 8.74636e-05 -4.6742e-05 -0.00301985 0.000745124 -0.000796761 0.00139267 3.61065e-05 0.0030152 0.00416045 0.0020679 0.00146621 0.00445548 0.005
internal_weight=88559 85007 70600 1914 14407 4261 10146 68686 3552 1608 1944 1613 1561 331
internal_count=88559 85007 70600 1914 14407 4261 10146 68686 3552 1608 1944 1613 1561 331
is_linear=0
shrinkage=0.05


Tree=103
num_leaves=16
num_cat=0
split_feature=16 22 21 5 13 19 15 6 18 1 17 21 20 13 5
split_gain=11.129 2.90913 6.04825 4.69002 3.46814 8.34488 3.04334 2.62311 1.72963 1.85024 1.57732 3.08341 1.18373 0.935247 0.388497
threshold=778.55000000000007 1.0102968224680469 0.9854036537013019 -0.97876850416056738 0.48884331649522378 21.406250000000004 413.50000000000006 0.71353761266622884 2.0625000000000004 533.48080300869913 94.500000000000014 1.0120866123791952 2.8518750000000006 0.93202413080297275 0.99983759474438971
decision_type=2 2 2 2 2 2 2 2 2 2 2 2 2 2 2
left_child=1 2 6 -4 5 -3 -1 -6 9 12 11 -10 -2 -12 -11
right_child=8 4 3 -5 7 -7 -8 -9 10 14 13 -13 -14 -15 -16
leaf_value=-4.3427450784585952e-05 -0.00024862019290464968 0.00021703956114719949 -0.0042728212659707979 -0.0011841937075301138 0.0013487792912718287 -0.0012411553930499531 0.00080866998376927408 -0.00076659318772158923 -0.0036027880797512347 0.0013689283935440528 0.00087860747894156002 0.00058676540054221501 0.0013685731587480083 0.0051518174705486534 0.00015406292964389643
leaf_weight=58794 52 2596 99 2176 3661 182 16807 586 41 1420 1556 40 64 265 57
leaf_count=58794 52 2596 99 2176 3661 182 16807 586 41 1420 1556 40 64 265 57
internal_value=0.000203403 8.95751e-05 1.66951e-06 -0.00253846 0.00106406 -0.000309575 7.81076e-05 0.00196256 0.00296853 0.00418393 0.00195058 -0.00487654 -0.00189655 0.00225426 0.00466148
internal_weight=88396 84901 77876 2275 7025 2778 75601 4247 3495 1593 1902 81 116 1821 1477
internal_count=88396 84901 77876 2275 7025 2778 75601 4247 3495 1593 1902 81 116 1821 1477
is_linear=0
shrinkage=0.05


Tree=104
num_leaves=16
num_cat=0
split_feature=16 20 17 6 12 9 6 22 13 5 5 18 20 17 2
split_gain=9.23988 2.91142 8.67659 5.71111 3.8317 3.14282 3.10566 2.77657 2.06564 2.35397 6.29186 1.29808 1.13861 0.822533 0.253447
threshold=778.55000000000007 3.5543750000000007 4.5000000000000009 0.82293497932636273 6.1500000000000012 0.39166652857036116 0.73721509932751383 1.0185356811665678 0.80285439201035735 0.83849049182116964 0.87397152483179585 2.0625000000000004 4.1706250000000011 129.50000000000003 0.6073837691314955
decision_type=2 2 2 2 2 2 2 2 2 2 2 2 2 2 2
left_child=1 5 4 -4 -3 6 -1 -7 9 13 -11 14 -13 -2 -10
right_child=8 2 3 -5 -6 7 -8 -9 11 10 -12 12 -14 -15 -16
leaf_value=-0.00040291154652177802 0.001306806849961173 -0.00058740614748580347 -0.00036292476075511524 0.0007529558268190565 -0.001956889405037074 0.00022863446733763644 0.00035001883368901464 0.00069958317065791644 0.00031214857771368347 -0.0026659868043251043 5.0505615115998994e-05 0.0011554974851260781 -0.0020895100447567536 -0.001424661958808381 0.0014530934482768552
leaf_weight=12803 370 50 16354 2391 45 43220 4969 4958 115 62 372 1419 42 115 1077
leaf_count=12803 370 50 16354 2391 45 43220 4969 4958 115 62 372 1419 42 115 1077
internal_value=0.000199294 9.43509e-05 -0.000453821 -0.000377434 -0.0155263 0.000250948 -0.000317353 0.000460584 0.00269037 0.000647443 -0.00202765 0.00339804 0.00239904 0.00304124 0.00462248
internal_weight=88362 84790 18840 18745 95 65950 17772 48178 3572 919 434 2653 1461 485 1192
internal_count=88362 84790 18840 18745 95 65950 17772 48178 3572 919 434 2653 1461 485 1192
is_linear=0
shrinkage=0.05


Tree=105
num_leaves=13
num_cat=0
split_feature=16 15 5 5 12 19 9 1 15 18 13 0
split_gain=10.0329 2.93601 5.99895 4.04434 3.05745 4.97508 3.78189 2.43543 1.81944 1.50941 1.21114 0.311466
threshold=800.70000000000016 479.50000000000006 0.29342972903661901 0.3261394409934788 427.35000000000008 25.381250000000005 0.70953218712048716 533.48080300869913 606.50000000000011 2.6875000000000004 0.82128278517973952 490.5535871792182
decision_type=2 2 2 2 2 2 2 2 2 2 2 2
left_child=1 4 8 -4 6 -6 -1 -2 -3 11 -11 -9
right_child=7 2 3 -5 5 -7 -8 9 -10 10 -12 -13
leaf_value=-3.40546190506979e-05 -0.00060948090190721853 0.0011485069540302733 -0.0068084384195550261 -0.00015001534895548452 -0.00094422586063396127 -0.007693123486521374 0.00056224156735865257 0.00027617027690062337 0.0024291804183749714 -1.1979247436411101e-05 0.0016593780920793454 0.0014852996930032171
leaf_weight=61645 52 4266 158 5977 2769 87 7330 159 3605 360 895 1224
leaf_count=61645 52 4266 158 5977 2769 87 7330 159 3605 360 895 1224
internal_value=0.000208807 0.000114578 0.00077681 -0.000395273 -1.45478e-05 -0.00161765 5.18306e-05 0.00321561 0.00169038 0.00342684 0.00217131 0.00456616
internal_weight=88527 85837 14006 6135 71831 2856 68975 2690 7871 2638 1255 1383
internal_count=88527 85837 14006 6135 71831 2856 68975 2690 7871 2638 1255 1383
is_linear=0
shrinkage=0.05


Tree=106
num_leaves=16
num_cat=0
split_feature=16 6 6 21 22 6 22 20 13 17 3 18 18 22 18
split_gain=9.77561 2.55293 6.77371 19.6375 4.17218 4.19792 2.47372 2.24058 1.67252 2.69653 3.06286 1.46375 1.36543 1.48921 0.501802
threshold=778.55000000000007 -0.98521978256641018 -0.98212955754013376 0.600761507009411 0.55455967546178531 -0.99465740988130902 1.2776318783900091 1.0306250000000003 0.81774803195917445 100.50000000000001 -0.22695468355932411 45.812500000000007 30.937500000000004 0.94955427672171255 2.0625000000000004
decision_type=2 2 2 2 2 2 2 2 2 2 2 2 2 2 2
left_child=1 4 3 -3 5 -1 -4 -6 9 10 -2 -11 14 -14 -10
right_child=8 2 6 -5 7 -7 -8 -9 12 11 -12 -13 13 -15 -16
leaf_value=-0.0011268797919472863 6.0176580933610334e-05 -0.0044073711352757118 1.3705050378471812e-05 0.0026272379349225172 0.0027306160913550762 0.0025400388408299587 0.0034886320453411477 0.0013930135618721281 0.001411034708353054 0.00087482074301936078 -0.00059658972851591168 -0.0015915897307703878 -0.0050044165042244767 0.00097510529376287349 0.0013717027350717138
leaf_weight=1055 173 264 77294 328 1049 304 1208 3493 1107 709 104 53 67 250 1061
leaf_count=1055 173 264 77294 328 1049 304 1208 3493 1107 709 104 53 67 250 1061
internal_value=0.000206114 9.91237e-05 2.42751e-05 -0.00530405 0.00110236 -0.00132818 6.44571e-05 0.00182959 0.00278661 0.00110202 -0.00312274 0.0026378 0.00349095 0.000425868 0.00393911
internal_weight=88519 84995 79094 592 5901 1359 78502 4542 3524 1039 277 762 2485 317 2168
internal_count=88519 84995 79094 592 5901 1359 78502 4542 3524 1039 277 762 2485 317 2168
is_linear=0
shrinkage=0.05


Tree=107
num_leaves=16
num_cat=0
split_feature=16 17 5 6 15 5 20 22 13 17 20 18 7 18 20
split_gain=10.8359 2.90339 4.04201 7.51494 4.47214 3.90508 4.29398 3.3193 1.41807 1.40504 1.33207 1.12654 0.956032 0.816313 0.49974
threshold=778.55000000000007 100.50000000000001 -0.98523971305672675 -0.12545862287572049 127.50000000000001 -0.95244167294248061 0.58062500000000017 0.83886546741191548 0.82513161349481845 100.50000000000001 2.8043750000000007 22.812500000000004 18.125000000000004 9.5625000000000018 2.8693750000000007
decision_type=2 2 2 2 2 2 2 2 2 2 2 2 2 2 2
left_child=1 2 3 -1 -4 6 -3 -7 9 10 -2 14 -13 -11 -10
right_child=8 5 4 -5 -6 7 -8 -9 11 13 -12 12 -14 -15 -16
leaf_value=-0.0013867129773020067 -0.00021313549965535955 -0.0011959015108667975 7.5514795059260177e-05 -0.00049136403610284651 -0.00039698903930264208 -9.5389159228119721e-05 0.0017988615061452402 0.0008881074711996203 0.0012137837855611061 0.00087419038124459964 0.00010123355105470799 0.0012795518053503774 -0.001234902365727955 7.4177487344925406e-05 0.0018364278976431615
leaf_weight=357 161 348 30404 1753 8228 28275 4173 11210 1062 470 137 282 139 357 930
leaf_count=357 161 348 30404 1753 8228 28275 4173 11210 1062 470 137 282 139 357 930
internal_value=0.000154951 4.17711e-05 -0.000262383 -0.00239336 -0.000145993 0.000323365 0.00171533 0.000163987 0.00286603 0.0014 -0.00154362 0.00354952 0.00119953 0.0024607 0.00404618
internal_weight=88286 84748 40742 2110 38632 44006 4521 39485 3538 1125 298 2413 421 827 1992
internal_count=88286 84748 40742 2110 38632 44006 4521 39485 3538 1125 298 2413 421 827 1992
is_linear=0
shrinkage=0.05


Tree=108
num_leaves=16
num_cat=0
split_feature=16 17 6 6 19 5 5 22 13 17 6 18 17 13 20
split_gain=9.49501 2.98431 4.54115 37.1955 7.47078 3.56276 2.89901 2.77099 1.7088 1.33521 1.31314 1.27519 1.21265 1.11019 0.529149
threshold=778.55000000000007 91.500000000000014 0.82293497932636273 0.81304046271159414 3.631250000000001 -0.96689237009891416 -0.98803845231459242 0.91749624877584324 0.81774803195917445 100.50000000000001 -0.16799793862756093 22.812500000000004 123.50000000000001 0.91848801410624914 2.9568750000000006
decision_type=2 2 2 2 2 2 2 2 2 2 2 2 2 2 2
left_child=1 2 3 -1 -4 6 -3 -7 9 10 -2 14 -11 -13 -10
right_child=8 5 4 -5 -6 7 -8 -9 11 12 -12 13 -14 -15 -16
leaf_value=-0.00017599902159093906 9.831613807690932e-05 0.00030850747855255736 -6.3579071741702811e-05 -0.0021943328108928739 0.0015726683386389139 3.2994199524524828e-05 0.0030278894858532125 0.00076978481147240709 0.0010016791115454061 0.00078977367601857924 -0.00018039372630490095 -0.00061090701004800512 -0.00093029121431515989 0.0045295943646055025 0.0017184774538356587
leaf_weight=27806 114 2244 6218 244 2729 36854 1807 6920 1182 583 179 312 201 123 878
leaf_count=27806 114 2244 6218 244 2729 36854 1807 6920 1182 583 179 312 201 123 878
internal_value=0.000193113 8.67701e-05 -0.000250426 -0.00056328 0.000730413 0.000347622 0.00176623 0.000216339 0.00271837 0.00105385 -0.00182594 0.00343687 0.0021301 0.000977012 0.00395631
internal_weight=88394 84822 36997 28050 8947 47825 4051 43774 3572 1077 293 2495 784 435 2060
internal_count=88394 84822 36997 28050 8947 47825 4051 43774 3572 1077 293 2495 784 435 2060
is_linear=0
shrinkage=0.05


Tree=109
num_leaves=15
num_cat=0
split_feature=16 4 20 5 17 3 19 5 18 2 5 20 17 18
split_gain=9.23068 2.84442 4.31039 4.95756 4.9175 2.58277 4.08567 2.1534 1.62299 1.44079 1.74484 1.25072 1.05376 0.464792
threshold=769.55000000000007 -0.5 2.4331250000000009 -0.78326540922535159 4.5000000000000009 -0.22695468355932411 26.556250000000006 0.9193901325473397 11.312500000000002 0.6073837691314955 0.98522604642031408 4.889375000000002 158.50000000000003 2.0625000000000004
decision_type=2 2 2 2 2 2 2 2 2 2 2 2 2 2
left_child=1 5 3 -3 -4 6 -1 -7 9 10 -2 12 -10 -11
right_child=8 2 4 -5 -6 7 -8 -9 11 13 -12 -13 -14 -15
leaf_value=-0.00021315981503212402 0.00071535570146849428 -0.00084034670365102932 -0.0013254259542814467 0.00024008608756782748 -0.00058938875295434789 0.00038356385189705931 0.0028241613708456931 -0.00025447445414995389 0.00067236133286118795 0.001060293096159237 -0.00015633018022156035 -0.0028933462351521388 -0.0015312857990775297 0.0011076985048355577
leaf_weight=21346 305 3618 97 15953 7713 30511 1392 3975 1109 1358 123 46 127 747
leaf_count=21346 305 3618 97 15953 7713 30511 1392 3975 1109 1358 123 46 127 747
internal_value=0.000182651 7.41684e-05 -0.000344947 5.13517e-05 -0.00133803 0.00027471 -0.000138974 0.000547469 0.00258847 0.00332215 0.00067757 0.00113885 0.00144013 0.00385986
internal_weight=88420 84605 27381 19571 7810 57224 22738 34486 3815 2533 428 1282 1236 2105
internal_count=88420 84605 27381 19571 7810 57224 22738 34486 3815 2533 428 1282 1236 2105
is_linear=0
shrinkage=0.05


Tree=110
num_leaves=16
num_cat=0
split_feature=16 12 22 21 22 9 12 16 13 17 20 18 22 5 6
split_gain=8.69813 3.4316 2.81899 3.45522 2.80024 3.77919 3.37435 2.58051 2.17808 1.47063 2.38309 1.34664 0.669085 1.16512 0.434522
threshold=800.70000000000016 195.75000000000003 1.0901460155958185 1.1189241302968169 0.92050208588060856 0.81948384845600108 393.75000000000006 21.850000000000005 0.81425772686268072 100.50000000000001 2.7518750000000005 11.312500000000002 0.99284573533404452 0.86548282553247169 -0.013976481981245173
decision_type=2 2 2 2 2 2 2 2 2 2 2 2 2 2 2
left_child=1 2 3 -1 6 -6 -3 -4 9 10 -2 -11 13 -10 -14
right_child=8 4 7 -5 5 -7 -8 -9 12 11 -12 -13 14 -15 -16
leaf_value=-8.4908624549109526e-05 -0.0010524234945650383 0.00062981604877237378 -0.0021487620608658512 -0.0039513686241054819 0.00098893215942280578 -0.0032765343214453107 -0.00046047934991798046 0.00088832783745460692 0.00085484730211300437 0.00087631689683895838 8.6090316669967806e-05 -0.0012032086347744438 0.0014934074335183956 -0.0018954943376105521 0.00067205991013455368
leaf_weight=54606 66 13397 168 188 5693 70 7988 3494 730 383 89 165 1074 44 153
leaf_count=54606 66 13397 168 188 5693 70 7988 3494 730 383 89 165 1074 44 153
internal_value=0.000192395 0.000104201 -0.000111537 -0.000201299 0.000568735 0.00154694 0.000305121 0.00123157 0.00298447 0.000590327 -0.00370968 0.00180657 0.00382559 0.00267442 0.00455175
internal_weight=88308 85604 58456 54794 27148 5763 21385 3662 2704 703 155 548 2001 774 1227
internal_count=88308 85604 58456 54794 27148 5763 21385 3662 2704 703 155 548 2001 774 1227
is_linear=0
shrinkage=0.05


Tree=111
num_leaves=15
num_cat=0
split_feature=16 2 15 3 5 2 5 19 13 2 18 22 21 6
split_gain=8.57661 3.09111 3.93704 3.79819 3.48391 5.99321 2.99938 2.93308 1.84937 1.14071 1.10467 0.482769 0.982425 0.440942
threshold=800.70000000000016 0.33497764832916194 300.50000000000006 0.84874750804349197 0.9193901325473397 0.64778112944884791 -0.45274443793211405 8.6812500000000039 0.8287433189993314 0.58479485080751537 8.6875000000000018 0.99284573533404452 0.98708083015086967 -0.013976481981245173
decision_type=2 2 2 2 2 2 2 2 2 2 2 2 2 2
left_child=1 2 6 -4 7 -6 -1 -3 9 -2 -11 12 -10 -13
right_child=8 4 3 -5 5 -7 -8 -9 11 10 -12 13 -14 -15
leaf_value=-0.00042129244895031549 -0.00043866936357367034 0.00091128746220515804 -0.0022392318422032468 3.6935641275165441e-06 0.00011698583513652384 -0.0013958416586043463 5.4513543569509538e-05 0.00022110427685351357 0.00094003185527261198 0.00058803053234041678 -0.00023880579649788737 0.0016004861899733269 0.00016929486004703121 0.00063845691462782739
leaf_weight=13090 69 5100 57 51 5328 2289 21791 38113 449 534 251 991 258 145
leaf_count=13090 69 5100 57 51 5328 2289 21791 38113 449 534 251 991 258 145
internal_value=0.000165846 7.85958e-05 -0.000283089 -0.00981481 0.000327563 -0.000658395 -0.000253576 0.000501354 0.00294216 0.00101874 0.00156051 0.00383342 0.00280764 0.00447183
internal_weight=88516 85819 34989 108 50830 7617 34881 43213 2697 854 785 1843 707 1136
internal_count=88516 85819 34989 108 50830 7617 34881 43213 2697 854 785 1843 707 1136
is_linear=0
shrinkage=0.05


Tree=112
num_leaves=16
num_cat=0
split_feature=16 17 15 3 9 5 22 20 18 1 22 12 16 5 19
split_gain=9.15958 2.70199 4.65403 5.85666 4.51123 3.58505 3.79209 3.49539 1.06435 1.37457 1.3726 1.38528 0.849045 0.355048 0.0772121
threshold=800.70000000000016 100.50000000000001 132.50000000000003 -0.8814490726585632 0.70868107828818405 -0.95244167294248061 0.79414358982965172 0.48312500000000008 4.9375000000000009 603.2220639751431 1.0039738779487706 485.85000000000008 817.35000000000002 0.99274428880883148 21.956250000000008
decision_type=2 2 2 2 2 2 2 2 2 2 2 2 2 2 2
left_child=1 2 4 -4 -1 7 -7 -3 9 12 11 -10 -2 -11 -12
right_child=8 5 3 -5 -6 6 -8 -9 10 13 14 -13 -14 -15 -16
leaf_value=-4.1099717843755623e-05 6.1716456216317087e-05 -0.0014024287738407561 -0.0010263988630493414 -0.00014256790477265298 0.0010583124556652283 -0.00010988153591795986 0.00081072862480461325 0.0016607231539400016 -0.00052257069831222313 0.0010033738031438089 0.0018541218626758529 0.00072172895304611353 -0.00024312412290388764 0.0009581874155520087 0.0012794730192409289
leaf_weight=30126 97 231 1891 6501 2532 25144 14945 4356 261 1177 242 502 84 262 86
leaf_count=30126 97 231 1891 6501 2532 25144 14945 4356 261 1177 242 502 84 262 86
internal_value=0.000183577 9.30875e-05 -0.000199756 -0.00125 7.01208e-05 0.000362163 0.000210656 0.00168629 0.003045 0.00385802 0.00183776 0.000674967 -0.000248619 0.00437457 0.00454268
internal_weight=88437 85726 41050 8392 32658 44676 40089 4587 2711 1620 1091 763 181 1439 328
internal_count=88437 85726 41050 8392 32658 44676 40089 4587 2711 1620 1091 763 181 1439 328
is_linear=0
shrinkage=0.05


Tree=113
num_leaves=16
num_cat=0
split_feature=16 17 5 19 9 9 13 21 13 12 15 17 22 17 6
split_gain=8.621 2.88561 5.37035 13.4174 3.50396 5.22842 4.07024 3.2523 1.13983 0.888925 2.15479 0.77042 0.752972 1.49998 0.454563
threshold=800.70000000000016 138.50000000000003 0.99865421017599998 13.531250000000002 0.66572253421102823 0.61536133439539098 0.49658001256508394 0.24589596527448276 0.8287433189993314 446.55000000000001 739.50000000000011 124.50000000000001 0.99284573533404452 108.50000000000001 -0.013976481981245173
decision_type=2 2 2 2 2 2 2 2 2 2 2 2 2 2 2
left_child=1 4 7 -4 5 -1 -6 -3 9 11 -11 -2 13 -10 -14
right_child=8 2 3 -5 6 -7 -8 -9 12 10 -12 -13 14 -15 -16
leaf_value=-4.46808050554156e-05 0.00030530159963517139 -0.0010784730871250794 0.0010210480530541161 -0.0031052217015454468 -0.00031474722337938588 -0.0010642817173738693 0.00068053020005512496 0.00061910906120544388 -0.00051307783525388311 -0.0009075437091118128 0.00042847578037430542 -0.0027386458573317265 0.0014443845374380194 0.0016104756733447967 0.00055862469811883701
leaf_weight=39313 575 492 343 141 3039 4148 8097 30161 160 53 149 54 1038 547 139
leaf_count=39313 575 492 343 141 3039 4148 8097 30161 160 53 149 54 1038 547 139
internal_value=0.000218714 0.00013087 0.000514982 -0.00471074 -8.81915e-05 -0.00029095 0.000703125 0.000597495 0.00299263 0.00145006 -0.00143564 0.00237679 0.00367304 0.00238331 0.00444775
internal_weight=88449 85734 31137 484 54597 43461 11136 30653 2715 831 202 629 1884 707 1177
internal_count=88449 85734 31137 484 54597 43461 11136 30653 2715 831 202 629 1884 707 1177
is_linear=0
shrinkage=0.05


Tree=114
num_leaves=16
num_cat=0
split_feature=16 6 6 21 22 20 20 6 13 17 3 17 22 17 5
split_gain=8.54882 2.77434 5.49121 17.4383 3.71165 4.77561 3.50265 2.6268 1.80087 1.22594 3.86035 1.39691 0.498563 1.41883 0.598023
threshold=800.70000000000016 -0.98521978256641018 -0.98212955754013376 0.600761507009411 0.45723898772347737 2.4168750000000006 3.2606250000000006 0.97461712852231652 0.83293909533057242 100.50000000000001 -0.16280825711808958 117.50000000000001 0.99284573533404452 108.50000000000001 0.99939377080793557
decision_type=2 2 2 2 2 2 2 2 2 2 2 2 2 2 2
left_child=1 4 3 -3 5 -1 -6 -4 9 10 -2 -11 13 -10 -14
right_child=8 2 7 -5 6 -7 -8 -9 12 11 -12 -13 14 -15 -16
leaf_value=-0.0012482732596501623 0.00012607057031014947 -0.0043036145562212426 -1.9589904307194511e-05 0.0025063530252720009 0.0020999054815876088 0.00070541830458177883 -0.00089882499681133974 0.00053517045781770916 -0.00036521670928575949 0.00057607872826413926 -0.0010028066675517448 -0.00070489343090347496 0.0014004867602210981 0.0016783585144715619 2.7230033729056666e-05
leaf_weight=498 138 249 75356 342 3879 548 1022 3929 155 496 67 191 1075 538 52
leaf_count=498 138 249 75356 342 3879 548 1022 3929 155 496 67 191 1075 538 52
internal_value=0.000152765 6.54255e-05 -1.21436e-05 -0.00481387 0.00110728 -0.00159656 0.00168435 2.3649e-05 0.00291667 0.00107623 -0.00231707 0.00208879 0.00381868 0.00276335 0.00446761
internal_weight=88535 85823 79876 591 5947 1046 4901 79285 2712 892 205 687 1820 693 1127
internal_count=88535 85823 79876 591 5947 1046 4901 79285 2712 892 205 687 1820 693 1127
is_linear=0
shrinkage=0.05


Tree=115
num_leaves=13
num_cat=0
split_feature=16 20 17 6 12 6 5 5 0 22 16 2
split_gain=8.94827 2.48182 5.78183 4.44862 4.324 4.27676 7.67017 3.01654 1.25162 0.957973 1.44022 0.789257
threshold=800.70000000000016 3.5343750000000007 4.5000000000000009 0.82293497932636273 6.1500000000000012 0.99981043035926087 0.013976441590891219 0.99818282439137029 416.0388889986412 0.98997305079739462 847.1500000000002 0.64778112944884791
decision_type=2 2 2 2 2 2 2 2 2 2 2 2
left_child=1 5 4 -4 -3 7 -7 -1 -2 10 -10 -11
right_child=8 2 3 -5 -6 6 -8 -9 9 11 -12 -13
leaf_value=0.00014545440652620261 -0.00087543317896147325 -5.7681687182990516e-05 -0.00035476073439985394 0.00060356246266527792 -0.0017766023042915223 0.0024668708880166111 -0.0014106274988740536 -0.00061617824274667107 0.00060836778165628751 0.00011976704179464392 -0.0017454181922777771 0.0013292560263390208
leaf_weight=65740 43 50 16665 2376 42 112 147 635 854 334 152 1313
leaf_count=65740 43 50 16665 2376 42 112 147 635 854 334 152 1313
internal_value=0.000160689 7.15312e-05 -0.000430408 -0.000369991 -0.0129348 0.000215656 -0.00619691 0.000240678 0.00299703 0.00313419 0.00191849 0.00387675
internal_weight=88463 85767 19133 19041 92 66634 259 66375 2696 2653 1006 1647
internal_count=88463 85767 19133 19041 92 66634 259 66375 2696 2653 1006 1647
is_linear=0
shrinkage=0.05


Tree=116
num_leaves=15
num_cat=0
split_feature=16 6 18 6 21 6 4 1 15 9 18 22 19 22
split_gain=8.23446 2.51124 3.99083 3.70986 15.6976 2.97783 2.7763 2.36748 2.82456 1.29424 1.24141 1.09496 0.680937 0.255164
threshold=800.70000000000016 -0.98521978256641018 58.687500000000007 -0.98212955754013376 0.600761507009411 -0.99938741687870725 -0.97335555334614932 590.87443165990828 606.50000000000011 0.61309719290837317 5.8125000000000009 1.0009124890628012 16.593750000000004 0.95397233167573059
decision_type=2 2 2 2 2 2 2 2 2 2 2 2 2 2
left_child=1 2 12 4 -3 -4 -5 8 9 -2 13 -12 -1 -9
right_child=7 3 5 6 -6 -7 -8 10 -10 -11 11 -13 -14 -15
leaf_value=0.00033271947154731312 -0.00073139702937217196 -0.0041008821424464766 -0.0010420823112779214 0.00038262980161490049 0.0025473905635968242 0.00068721940173124959 -4.3187888084002257e-05 9.4429586160588166e-05 -0.00034604653856043255 0.00045150095804234459 8.2822914746066316e-05 0.0015498084235390666 0.0023342773202781409 0.00082534163050764463
leaf_weight=260 45 244 742 12003 342 3304 67185 44 47 104 682 291 1647 1468
leaf_count=260 45 244 742 12003 342 3304 67185 44 47 104 682 291 1647 1468
internal_value=0.000163899 7.85635e-05 0.00106921 4.63829e-06 -0.00395904 0.000180425 3.397e-05 0.00289258 -0.00239796 0.000973155 0.00330986 0.00191675 0.0029549 0.00420635
internal_weight=88408 85727 5953 79774 586 4046 79188 2681 196 149 2485 973 1907 1512
internal_count=88408 85727 5953 79774 586 4046 79188 2681 196 149 2485 973 1907 1512
is_linear=0
shrinkage=0.05


Tree=117
num_leaves=16
num_cat=0
split_feature=16 17 5 19 9 5 22 6 13 17 3 18 22 17 5
split_gain=7.06106 2.6235 5.41826 12.985 3.23081 3.00827 2.94596 1.80999 1.7143 0.989989 3.6793 1.23088 0.891214 1.96954 0.484504
threshold=800.70000000000016 138.50000000000003 0.99865421017599998 13.531250000000002 0.7627949850588478 -0.95244167294248061 1.2776318783900091 -0.78324956448884031 0.83293909533057242 100.50000000000001 -0.16280825711808958 9.5625000000000018 0.99284573533404452 108.50000000000001 0.99939377080793557
decision_type=2 2 2 2 2 2 2 2 2 2 2 2 2 2 2
left_child=1 4 5 -4 6 -3 -1 -6 9 10 -2 -11 13 -10 -14
right_child=8 2 3 -5 7 -7 -8 -9 12 11 -12 -13 14 -15 -16
leaf_value=-0.00010361215297691963 4.8714299618444843e-05 0.0016114997690884739 0.00057455543684499792 -0.0029290836901286216 0.002449028731502656 0.00029789001518656575 0.0033696727954517012 6.6933505195298482e-05 -0.00051780881050455055 0.0006226688557644497 -0.00094584386439822534 -0.00026892946181302245 0.0012505801826262653 0.0013773566008007223 4.866633827385293e-05
leaf_weight=51576 136 2963 339 146 920 27737 1139 690 164 449 75 226 1039 546 62
leaf_count=51576 136 2963 339 146 920 27737 1139 690 164 449 75 226 1039 546 62
internal_value=0.000163649 8.42009e-05 0.000449736 -0.00479381 -0.000125633 0.000532573 -0.000193019 0.00208075 0.00268261 0.000880361 -0.002109 0.00181481 0.00356433 0.0021831 0.00445504
internal_weight=88207 85510 31185 485 54325 30700 52715 1610 2697 886 211 675 1811 710 1101
internal_count=88207 85510 31185 485 54325 30700 52715 1610 2697 886 211 675 1811 710 1101
is_linear=0
shrinkage=0.05


Tree=118
num_leaves=15
num_cat=0
split_feature=16 22 6 6 18 19 13 1 4 18 20 13 5 21
split_gain=7.53154 2.71537 2.69481 5.18619 4.21432 2.19934 1.57552 1.22381 3.29018 0.97562 0.835443 0.705052 0.652262 0.421541
threshold=792.40000000000009 1.3593331046759387 -0.98521978256641018 -0.98212955754013376 58.687500000000007 -0.69374999999999987 0.83599561308587444 581.46098142921016 -0.77259657388510627 23.687500000000004 3.1718750000000009 0.83293909533057242 -0.58482361983252518 1.2711412967663482
decision_type=2 2 2 2 2 2 2 2 2 2 2 2 2 2
left_child=1 2 4 -4 -1 -3 7 8 -2 12 -11 -9 -8 -7
right_child=6 5 3 -5 -6 13 9 11 -10 10 -12 -13 -14 -15
leaf_value=0.0021057439272385409 3.3972202096926866e-05 -0.0043685219175644942 -0.0028138367163954782 -7.3845790736742918e-06 0.00012583392361668213 0.0001370988343714047 0.00045859469989563732 0.00024040759978411505 -0.00032381531562173386 0.00067653593684182658 -0.0021208488254899154 -2.9143473910684748e-05 0.0012153604948241803 0.006100749175875839
leaf_weight=1850 98 45 605 78232 4060 68 362 865 67 202 83 42 1233 483
leaf_count=1850 98 45 605 78232 4060 68 362 865 67 202 83 42 1233 483
internal_value=0.00012883 4.29445e-05 1.92929e-05 -5.79041e-05 0.00104907 0.00340604 0.00261179 0.00108209 -0.00287879 0.00348404 0.000789474 0.00180265 0.00396552 0.00427405
internal_weight=88295 85343 84747 78837 5910 596 2952 1072 165 1880 285 907 1595 551
internal_count=88295 85343 84747 78837 5910 596 2952 1072 165 1880 285 907 1595 551
is_linear=0
shrinkage=0.05


Tree=119
num_leaves=14
num_cat=0
split_feature=16 9 2 19 4 5 13 19 17 22 18 20 7
split_gain=7.10274 2.43191 2.83996 2.7636 2.86116 2.26446 1.57758 1.17088 0.819898 0.75536 0.745436 0.610201 0.207909
threshold=800.70000000000016 0.72953505740696944 0.88101754234676199 6.7812500000000009 -0.19509032201612828 -0.93545489084327571 0.83599561308587444 32.237500000000004 117.50000000000001 0.93376174617818641 99.937500000000014 4.2031250000000009 9.1250000000000018
decision_type=2 2 2 2 2 2 2 2 2 2 2 2 2
left_child=1 2 5 12 -5 -1 7 8 -2 -8 -4 -11 -3
right_child=6 3 10 4 -6 -7 9 -9 -10 11 -12 -13 -14
leaf_value=0.00033993680088897362 0.00026331474008110752 0.0023233033881346989 0.0033731213209052275 -5.0606938500735905e-07 0.0010434593702826512 -8.8078246985876418e-05 -0.0016525172263756268 -0.00028430454191373799 -0.00070278220107697353 0.00094113842399341514 0.00014385367505237255 -0.00052590064527259376 0.0050718391609455796
leaf_weight=10350 698 145 782 4877 1883 66934 44 47 203 1688 209 53 437
leaf_count=10350 698 145 782 4877 1883 66934 44 47 203 1688 209 53 437
internal_value=0.00013073 5.06327e-05 -3.09803e-05 0.00092073 0.000636095 -6.50844e-05 0.00263996 0.000991561 0.0013929 0.00351541 0.00262866 0.00367892 0.0042268
internal_weight=88350 85617 78275 7342 6760 77284 2733 948 901 1785 991 1741 582
internal_count=88350 85617 78275 7342 6760 77284 2733 948 901 1785 991 1741 582
is_linear=0
shrinkage=0.05


Tree=120
num_leaves=15
num_cat=0
split_feature=15 18 5 5 22 3 12 0 20 6 6 0 22 12
split_gain=7.42919 3.74839 3.3872 6.23949 2.55497 2.51202 3.18027 2.8197 1.70109 1.58786 3.06013 0.769824 0.691366 0.309228
threshold=637.50000000000011 2.6875000000000004 0.29342972903661901 0.3261394409934788 1.2776318783900091 -0.29012925520284066 541.05000000000007 54.216556647698361 3.3306250000000008 0.71353761266622884 0.8511460603353429 490.5535871792182 1.3593331046759387 181.65000000000003
decision_type=2 2 2 2 2 2 2 2 2 2 2 2 2 2
left_child=4 11 8 -4 5 6 -1 -7 -3 12 -11 -2 -6 -13
right_child=1 2 3 -5 9 7 -8 -9 -10 10 -12 13 -14 -15
leaf_value=-0.00019189910598818265 -3.0111128906670034e-05 0.0016211577654758006 -0.0088342906065525893 3.3518488735984063e-05 0.0023917084549030525 -0.00080042947822429899 -0.0034365171528718732 0.00012652622698717153 0.00013162633755667286 -0.0051218695773989969 0.00063906567866619678 0.00038543313736605356 0.0056623973633518438 0.0008536843655482662
leaf_weight=28973 50 2660 66 2392 488 3840 231 47008 785 48 174 40 487 1221
leaf_count=28973 50 2660 66 2392 488 3840 231 47008 785 48 174 40 487 1221
internal_value=0.000128472 0.0016662 0.00112909 -0.000288853 -8.06145e-06 -4.23473e-05 -0.00041193 0.000169918 0.00214078 0.00228488 -0.00153153 0.00408467 0.00315385 0.00432593
internal_weight=88463 7214 5903 2458 81249 80052 29204 50848 3445 1197 222 1311 975 1261
internal_count=88463 7214 5903 2458 81249 80052 29204 50848 3445 1197 222 1311 975 1261
is_linear=0
shrinkage=0.05


Tree=121
num_leaves=15
num_cat=0
split_feature=16 22 21 16 9 13 19 15 22 21 20 1 7 2
split_gain=5.71424 2.75537 6.43085 5.74054 4.86697 4.57475 4.00714 2.23362 1.00723 2.08074 1.90354 1.15218 0.707834 0.588313
threshold=824.25000000000011 0.9381407681654238 0.9467953645701922 100.75000000000001 0.81948384845600108 0.48648035596724665 16.131250000000005 771.50000000000011 0.98997305079739462 0.9854036537013019 3.1193750000000007 590.87443165990828 19.375000000000004 0.73765707191065166
decision_type=2 2 2 2 2 2 2 2 2 2 2 2 2 2
left_child=1 2 7 -4 5 -3 -6 -1 9 12 -11 -10 -2 -13
right_child=8 4 3 -5 6 -7 -8 -9 11 10 -12 13 -14 -15
leaf_value=3.6788578408883453e-05 0.00053164499645981251 -0.00014601850040681116 -0.0053326564615459671 -0.0011393067876260426 -0.0042290659488956979 0.00065647662768985053 0.00047554680184166303 -0.0073395840867756974 -0.00040151562231402726 -0.0037854325336994579 0.0010355650555256247 0.00044543271607604313 -3.2852874895995965e-05 0.0015050137345418409
leaf_weight=68293 240 5084 108 1974 63 10660 55 221 42 123 100 637 70 669
leaf_count=68293 240 5084 108 1974 63 10660 55 221 42 123 100 637 70 669
internal_value=0.000173706 0.000114391 -1.9406e-05 -0.00275696 0.000709873 0.000785696 -0.00940678 6.37828e-05 0.00290005 0.00106004 -0.00262332 0.0036276 0.00370968 0.00388974
internal_weight=88339 86458 70596 2082 15862 15744 118 68514 1881 533 223 1348 310 1306
internal_count=88339 86458 70596 2082 15862 15744 118 68514 1881 533 223 1348 310 1306
is_linear=0
shrinkage=0.05


Tree=122
num_leaves=16
num_cat=0
split_feature=15 18 5 18 13 6 6 18 19 18 5 22 20 1 6
split_gain=6.56616 3.8899 3.03398 4.06929 2.29104 2.11804 8.8773 4.72292 2.06345 1.06929 1.09987 0.979706 1.37348 0.48995 0.0219697
threshold=637.50000000000011 6.6875000000000009 0.48314048284850658 92.437500000000014 0.017969622870310908 0.97461712852231652 0.94636490295939868 99.937500000000014 15.681250000000004 72.937500000000014 -0.12546116083924153 0.94955427672171255 2.0118750000000003 638.67590011916241 -0.76696334127844745
decision_type=2 2 2 2 2 2 2 2 2 2 2 2 2 2 2
left_child=4 11 8 -4 9 6 -6 -7 -3 14 -11 12 -2 -13 -1
right_child=1 2 3 -5 5 7 -8 -9 -10 10 -12 13 -14 -15 -16
leaf_value=0.0027205995174486293 0.0016014896107605552 -0.0041650627376273808 8.1604129519592859e-06 -0.016755505764293601 6.8557335960127806e-06 0.0010399758461315388 -0.0011528512089373235 -0.00050755726115358222 0.0015175809490137139 -0.00057051586231423798 0.00017390676133122057 0.00021986089401936673 -0.0075219696132480772 0.00083088804021491994 0.0009340094350367787
leaf_weight=40 41 42 1490 166 74803 3340 1630 587 3772 91 406 146 43 1443 290
leaf_count=40 41 42 1490 166 74803 3340 1630 587 3772 91 406 146 43 1443 290
internal_value=0.000151704 0.00160507 0.000959781 -0.000827294 2.38341e-05 -3.11081e-06 -6.12953e-05 0.00112936 0.00173571 0.00264208 0.00117706 0.00371488 -0.00154762 0.00399308 0.00484848
internal_weight=88330 7143 5470 1656 81187 80360 76433 3927 3814 827 497 1673 84 1589 330
internal_count=88330 7143 5470 1656 81187 80360 76433 3927 3814 827 497 1673 84 1589 330
is_linear=0
shrinkage=0.05


Tree=123
num_leaves=15
num_cat=0
split_feature=15 18 20 22 3 5 9 19 9 21 0 19 1 5
split_gain=6.30978 3.93848 3.68533 3.03501 2.6612 2.56273 6.89826 2.12747 2.11279 0.842804 0.820417 0.94397 0.319962 0.172842
threshold=637.50000000000011 2.6875000000000004 1.7106250000000005 1.3593331046759387 0.84874750804349197 0.98667101781630195 0.72841921524966591 -0.50624999999999987 0.39647989154135294 0.96304664017592001 521.05673148130074 16.518750000000008 72.199532110008334 0.99983759474438971
decision_type=2 2 2 2 2 2 2 2 2 2 2 2 2 2
left_child=3 10 9 5 -4 8 -7 -5 -1 -3 11 -2 -9 -12
right_child=1 2 4 7 -6 6 -8 12 -10 -11 13 -13 -14 -15
leaf_value=-0.0001862750321042768 0.0013274635830787863 0.0046755102108578311 0.0004833342024009979 -0.0039227650485313187 -0.0059675915904223303 -0.00087483959175450312 0.0014495979024726729 0.0059256727025032395 9.141013384684281e-05 0.0002529645925181623 0.00086594985612499791 -0.00012294791809846212 0.001912128190170879 0.00088956051344260545
leaf_weight=22444 71 918 4607 47 40 3496 516 518 54040 296 1112 91 41 40
leaf_count=22444 71 918 4607 47 40 3496 516 518 54040 296 1112 91 41 40
internal_value=0.000115376 0.00153659 0.000981915 -1.03571e-05 0.00034108 -3.68961e-05 -0.00126869 0.00351485 2.77184e-05 0.00343493 0.00401065 0.000679013 0.00437388 0.00447917
internal_weight=88277 7175 5861 81102 4647 80496 4012 606 76484 1214 1314 162 559 1152
internal_count=88277 7175 5861 81102 4647 80496 4012 606 76484 1214 1314 162 559 1152
is_linear=0
shrinkage=0.05


Tree=124
num_leaves=16
num_cat=0
split_feature=15 18 5 5 13 22 0 9 17 18 5 0 22 15 20
split_gain=6.38319 3.67179 3.03608 5.93725 2.62664 2.04106 2.2956 2.11786 1.43643 1.051 1.3396 0.950995 0.894234 0.292391 0.0222067
threshold=637.50000000000011 2.6875000000000004 0.29342972903661901 0.3261394409934788 0.017969622870310908 1.2776318783900091 189.05764101487122 0.33924765957388997 106.50000000000001 72.937500000000014 -0.12546116083924153 521.05673148130074 1.0102968224680469 725.50000000000011 1.8906250000000002
decision_type=2 2 2 2 2 2 2 2 2 2 2 2 2 2 2
left_child=4 11 8 -4 9 6 -6 -7 -3 14 -11 12 -2 -13 -1
right_child=1 2 3 -5 5 7 -8 -9 -10 10 -12 13 -14 -15 -16
leaf_value=0.00086447313822295884 -0.00014921617117530703 -0.00038911691201018065 -0.0067282822715118082 8.1138817461412995e-05 -0.00018514723192504306 -0.001797786125742889 6.7749733361277431e-05 0.0037119935995632396 0.0016684819915878668 -0.00078529503252900063 0.00019375693625893099 0.00040830623972903062 0.0003088615550410401 0.00098570893252619154 0.0015936155136492267
leaf_weight=318 66 77 60 2374 26908 129 52314 997 3336 85 400 345 97 807 40
leaf_count=318 66 77 60 2374 26908 129 52314 997 3336 85 400 345 97 807 40
internal_value=0.00015523 0.00158615 0.00104926 -0.000299918 2.90059e-05 -1.24272e-07 -3.01682e-05 0.00211368 0.00201143 0.00280546 0.00128866 0.00397338 0.000398773 0.00447917 0.00486034
internal_weight=88353 7162 5847 2434 81191 80348 79222 1126 3413 843 485 1315 163 1152 358
internal_count=88353 7162 5847 2434 81191 80348 79222 1126 3413 843 485 1315 163 1152 358
is_linear=0
shrinkage=0.05


Tree=125
num_leaves=14
num_cat=0
split_feature=16 22 3 6 0 19 9 1 19 22 5 5 9
split_gain=5.35575 2.609 2.83116 4.8317 2.95051 1.76621 4.90123 1.24069 1.98418 1.04339 2.20465 0.569644 0.09008
threshold=824.25000000000011 1.2776318783900091 -0.29012925520284066 0.99981043035926087 16.168530941849877 1.2312500000000004 0.39408196235930854 611.71058048270481 15.606250000000003 1.0162741685147623 0.97696484778429815 -0.90893996196865023 0.67255902837887527
decision_type=2 2 2 2 2 2 2 2 2 2 2 2 2
left_child=1 2 3 -1 -4 6 -3 8 -2 10 -9 -7 -11
right_child=7 5 4 -5 -6 11 -8 9 -10 12 -12 -13 -14
leaf_value=-0.00013591135620832169 0.0014265310548879529 -0.0046129151578796273 -0.0013722961485062302 -0.0012542106516277218 0.0001543831194587319 -0.0010655100118950125 0.0045459626620608295 0.00057977348035852889 -0.00014219730374877561 0.00055199807210303269 -0.00077642206675998288 0.0046961642602317 0.00092529933241700601
leaf_weight=29911 52 48 852 102 54430 89 124 973 46 140 128 942 521
leaf_count=29911 52 48 852 102 54430 89 124 973 46 140 128 942 521
internal_value=0.000167953 0.00011087 7.8258e-05 -0.000312698 0.000290511 0.00242311 -0.00226744 0.00282258 -0.00265306 0.00312713 0.00218438 0.00320563 0.00469743
internal_weight=88358 86498 85295 30013 55282 1203 172 1860 98 1762 1101 1031 661
internal_count=88358 86498 85295 30013 55282 1203 172 1860 98 1762 1101 1031 661
is_linear=0
shrinkage=0.05


Tree=126
num_leaves=15
num_cat=0
split_feature=15 22 5 18 22 21 5 19 21 20 0 12 19 6
split_gain=5.69856 3.58748 3.86557 3.21587 2.47261 5.59546 3.25094 10.015 2.25102 2.0715 1.96579 1.17044 0.974591 0.181842
threshold=637.50000000000011 0.98997305079739462 0.48314048284850658 96.937500000000014 1.0383239818484784 1.1502186460870842 -0.16799356919963607 4.8312500000000016 1.0392045756306625 3.4243750000000008 192.00235822438148 475.9500000000001 15.456250000000002 -0.031174269516803289
decision_type=2 2 2 2 2 2 2 2 2 2 2 2 2 2
left_child=4 2 9 -4 5 10 7 -6 -8 -2 -1 12 -3 -13
right_child=1 11 3 -5 6 -7 8 -9 -10 -11 -12 13 -14 -15
leaf_value=-0.00021515238671272679 0.00090743481188195754 0.0017257195990917293 -0.00070945217381457922 -0.015981789141643176 -0.002667081286477432 -0.0074974636500931367 0.0012786348861370059 0.00045162959112363403 0.00036934381730186356 -0.0003680751321155913 5.1004543049728214e-05 0.0011804217008917061 7.3940032442482159e-05 0.001320432387131365
leaf_weight=24536 3486 170 1195 99 266 79 1611 1459 2072 838 50990 925 398 43
leaf_count=24536 3486 170 1195 99 266 79 1611 1459 2072 838 50990 925 398 43
internal_value=0.000138771 0.00149147 0.000906017 -0.0014915 1.93181e-05 -5.45597e-05 0.00105215 -0.00073913 0.00189112 0.0016235 -4.06481e-05 0.00363281 0.00183099 0.00469008
internal_weight=88167 7154 5618 1294 81013 75605 5408 1725 3683 4324 75526 1536 568 968
internal_count=88167 7154 5618 1294 81013 75605 5408 1725 3683 4324 75526 1536 568 968
is_linear=0
shrinkage=0.05


Tree=127
num_leaves=14
num_cat=0
split_feature=16 6 6 19 22 6 6 20 1 19 22 21 12
split_gain=5.4681 2.6258 4.59002 12.5891 4.21277 4.76338 2.79414 2.62588 1.16111 2.06285 1.37023 1.7079 0.492745
threshold=824.25000000000011 -0.98521978256641018 -0.97874870457683594 22.393750000000008 0.58209161818374422 -0.99864786094873803 -0.96234030595689413 3.2781250000000006 611.71058048270481 16.818750000000005 0.98997305079739462 0.98708083015086967 466.9500000000001
decision_type=2 2 2 2 2 2 2 2 2 2 2 2 2
left_child=1 4 3 -3 5 -1 -4 -6 9 -2 11 -10 -12
right_child=8 2 6 -5 7 -7 -8 -9 10 -11 12 -13 -14
leaf_value=-0.0013569992400714933 0.0013080210369789626 -0.0034718623240794057 0.0016544059294431878 0.0032819143239675749 0.0017502027304150938 0.00051767911146354147 -7.718491326505156e-06 -0.00058167153498411232 0.00029657499280247659 -0.00034169974405880659 0.00035033809981950602 -0.00079640243157704524 0.0010217635583794067
leaf_weight=561 61 779 2438 398 3741 896 76944 874 311 40 371 202 892
leaf_count=561 61 779 2438 398 3741 896 76944 874 311 40 371 202 892
internal_value=0.000119085 6.12369e-05 -1.43371e-05 -0.00311385 0.0010639 -0.00128003 3.16194e-05 0.0018039 0.00278903 -0.00242574 0.00308559 0.000906433 0.0039707
internal_weight=88508 86631 80559 1177 6072 1457 79382 4615 1877 101 1776 513 1263
internal_count=88508 86631 80559 1177 6072 1457 79382 4615 1877 101 1776 513 1263
is_linear=0
shrinkage=0.05


Tree=128
num_leaves=15
num_cat=0
split_feature=15 22 5 5 22 22 21 5 9 19 19 21 2 12
split_gain=5.19879 3.2123 5.94321 7.30352 2.59057 2.56588 4.52615 4.03122 3.44236 4.00843 3.17129 2.88664 1.76824 0.791907
threshold=637.50000000000011 0.98997305079739462 0.69676570133721638 0.76696112484652035 0.68865410845875852 1.0185356811665678 1.1189241302968169 0.64579916509010216 0.42540208866063384 1.9062500000000004 21.406250000000004 0.9854036537013019 0.62808961894268034 475.9500000000001
decision_type=2 2 2 2 2 2 2 2 2 2 2 2 2 2
left_child=5 2 4 -4 -2 6 11 -8 9 -7 -10 -1 -3 -14
right_child=1 12 3 -5 -6 8 7 -9 10 -11 -12 -13 13 -15
leaf_value=1.0482988097369751e-05 -0.0041081332607215372 -0.00011187099466917158 -0.018228901661286281 -1.2824336179724183e-05 0.00088844556575711777 -0.00096670627498716586 -0.00121079042280466 -0.0071472466280203765 0.00081257989728361797 0.00024944340356543033 -0.00050760191420377583 -0.00044819718562615231 0.0003843423728349049 0.0011228998172022376
leaf_weight=71755 116 52 238 671 4610 317 57 51 4985 1064 437 2661 497 968
leaf_count=71755 116 52 238 671 4610 317 57 51 4985 1064 437 2661 497 968
internal_value=0.000149132 0.00144155 0.000891748 -0.00281078 0.00160389 3.54743e-05 -4.93799e-05 -0.0102778 0.000965016 -0.00126358 0.00153264 -3.45354e-05 0.00348385 0.00380546
internal_weight=88479 7152 5635 909 4726 81327 74524 108 6803 1381 5422 74416 1517 1465
internal_count=88479 7152 5635 909 4726 81327 74524 108 6803 1381 5422 74416 1517 1465
is_linear=0
shrinkage=0.05


Tree=129
num_leaves=15
num_cat=0
split_feature=15 22 5 18 13 9 6 20 2 19 20 21 12 9
split_gain=5.06839 3.25708 4.50068 4.00532 2.26326 2.1794 3.86082 3.44713 2.00376 1.8742 1.04634 1.62 0.753034 0.455413
threshold=637.50000000000011 0.98997305079739462 0.48314048284850658 96.937500000000014 0.017969622870310908 0.39166652857036116 0.82293497932636273 3.8031250000000005 0.62808961894268034 15.606250000000003 2.9756250000000009 0.54714842730185176 475.9500000000001 0.44933848402502424
decision_type=2 2 2 2 2 2 2 2 2 2 2 2 2 2
left_child=4 2 9 -4 10 6 -6 -7 -3 -2 13 -12 -10 -1
right_child=1 8 3 -5 5 7 -8 -9 12 -11 11 -13 -14 -15
leaf_value=0.00057952609097275301 -0.0035762218935731765 -7.6792091969977552e-05 -0.00080185057966770392 -0.014271668431921805 -0.00041415975828833272 0.00016999204542076166 0.00038733232889007175 -0.00032185147883494289 0.00042531723783673423 0.00079999025692846786 0.00010480242087907034 -0.0017694287754882649 0.00105036908631872 0.0016276227944011911
leaf_weight=434 44 55 1205 97 17027 48095 5303 10078 511 4304 150 75 961 192
leaf_count=434 44 55 1205 97 17027 48095 5303 10078 511 4304 150 75 961 192
internal_value=0.000138426 0.00141215 0.000858407 -0.00172043 2.60591e-05 -1.05567e-06 -0.000420958 0.000160126 0.00346103 0.00163063 0.00259107 -0.000333333 0.00381114 0.00364217
internal_weight=88531 7177 5650 1302 81354 80503 22330 58173 1527 4348 851 225 1472 626
internal_count=88531 7177 5650 1302 81354 80503 22330 58173 1527 4348 851 225 1472 626
is_linear=0
shrinkage=0.05


Tree=130
num_leaves=16
num_cat=0
split_feature=16 9 19 13 2 5 22 6 20 17 19 7 9 5 1
split_gain=4.53629 2.18645 3.06455 2.81404 2.76332 2.53021 1.45986 1.88284 1.81369 1.64381 2.45099 0.536527 0.388861 0.184752 1.11022e-16
threshold=824.25000000000011 0.72953505740696944 7.231250000000002 0.4576877158022416 0.88473270712759755 0.98667101781630195 0.97045461389889065 -0.95242240592625282 3.4606250000000007 100.50000000000001 20.531250000000004 19.375000000000004 0.68560466931841024 0.91248814248966237 871.29763868276564
decision_type=2 2 2 2 2 2 2 2 2 2 2 2 2 2 2
left_child=1 4 13 -4 5 -1 7 14 -9 10 -8 -11 -6 -3 -2
right_child=6 2 3 -5 12 -7 9 8 -10 11 -12 -13 -14 -15 -16
leaf_value=3.200767287982689e-05 0.0017307677302383308 0.0058893502556544288 -0.00083670782852102448 0.00048576386152883086 0.003232477374480975 -0.00065323784245311235 -0.00015238549558782073 -0.0026322081456257558 0.0020293906314476765 0.00082982846246218434 0.00031625987769692463 0.00051271989746512882 0.001270898304932029 0.0015661795151106603 0.0036354200832557472
leaf_weight=74148 46 449 704 6339 641 3822 139 123 51 1037 157 303 120 193 44
leaf_count=74148 46 449 704 6339 641 3822 139 123 51 1037 157 303 120 193 44
internal_value=0.000162258 0.000109123 0.000914119 0.000612665 3.05472e-05 1.28273e-06 0.00257895 -0.000871212 -0.00390805 0.0031357 -0.000236486 0.0038806 0.00302891 0.00422118 0.005
internal_weight=88316 86416 7685 7043 78731 77970 1900 264 174 1636 296 1340 761 642 90
internal_count=88316 86416 7685 7043 78731 77970 1900 264 174 1636 296 1340 761 642 90
is_linear=0
shrinkage=0.05


Tree=131
num_leaves=15
num_cat=0
split_feature=15 22 5 5 19 17 16 17 17 9 9 22 2 12
split_gain=6.23738 3.07188 3.7228 7.83869 2.48533 6.30926 10.7331 5.25516 2.90865 4.71351 4.04543 2.18924 1.67422 0.835209
threshold=637.50000000000011 0.98997305079739462 0.69676570133721638 0.76696112484652035 23.793750000000006 281.50000000000006 128.00000000000003 72.500000000000014 168.50000000000003 0.15453820310038521 0.67124805232663154 0.68865410845875852 0.62808961894268034 475.9500000000001
decision_type=2 2 2 2 2 2 2 2 2 2 2 2 2 2
left_child=4 2 11 -4 8 7 -7 -6 10 -10 -1 -2 -3 -14
right_child=1 12 3 -5 5 6 -8 -9 9 -11 -12 -13 13 -15
leaf_value=-0.00015500372010198669 -0.0039254709362460654 -8.8204349100936118e-05 -0.015840502417450872 0.00025739117417519059 -0.0011285900554518587 -0.0084756635495177347 -0.0056981717681410995 0.00021233701360243442 -0.0011476689680447122 0.00070312114388456281 0.00035519367411469051 0.00083054460458455474 0.00038301948090289852 0.00098390810760181735
leaf_weight=48908 103 54 242 689 770 48 340 3681 269 17488 9594 4638 532 978
leaf_count=48908 103 54 242 689 770 48 340 3681 269 17488 9594 4638 532 978
internal_value=9.70183e-05 0.00150359 0.000962624 -0.00192803 -2.84839e-05 -0.0011273 -0.00724227 -0.000594248 4.12412e-05 0.000601735 -0.000128884 0.00153027 0.00346547 0.00377483
internal_weight=88334 7236 5672 931 81098 4839 388 4451 76259 17757 58502 4741 1564 1510
internal_count=88334 7236 5672 931 81098 4839 388 4451 76259 17757 58502 4741 1564 1510
is_linear=0
shrinkage=0.05


Tree=132
num_leaves=16
num_cat=0
split_feature=15 22 5 5 13 9 13 21 6 5 22 18 5 13 9
split_gain=4.44678 3.76157 2.88558 6.73622 2.85984 2.00593 3.00447 1.87027 1.81636 0.736507 1.4764 0.701089 0.550692 0.196643 0.0812585
threshold=682.50000000000011 0.98997305079739462 0.75580964594513067 0.76696112484652035 0.017969622870310908 0.72953505740696944 0.4576877158022416 0.98708083015086967 -0.98521978256641018 0.99274428880883148 1.0185356811665678 72.937500000000014 0.031174179426909168 0.48884331649522378 0.61604274772152989
decision_type=2 2 2 2 2 2 2 2 2 2 2 2 2 2 2
left_child=4 2 7 -4 11 8 -7 -2 -6 13 -11 14 -13 -3 -1
right_child=1 9 3 -5 5 6 -8 -9 -10 10 -12 12 -14 -15 -16
leaf_value=0.00083547259438528771 0.00062886628146054189 0.0054666048617554404 -0.023132204014834186 -0.00014599497894065837 0.00071012734234427387 -0.00084141883130861973 0.00053780212927990307 -0.0012691976946212784 -5.3036951343487913e-05 -0.00024737766232242018 0.0012814202490391826 -0.00096671973597746918 0.00018520732011901089 0.0009740289107819267 0.014072614142111551
leaf_weight=297 3096 40 66 371 4046 675 6178 239 71665 98 155 110 383 898 43
leaf_count=297 3096 40 66 371 4046 675 6178 239 71665 98 155 110 383 898 43
internal_value=0.000130715 0.00158473 0.000811241 -0.00300915 4.41864e-05 1.47766e-05 0.000833942 0.00131184 -5.93703e-05 0.00403442 0.00164032 0.00295918 0.00175456 0.00468017 0.00470588
internal_weight=88360 4963 3772 437 83397 82564 6853 3335 75711 1191 253 833 493 938 340
internal_count=88360 4963 3772 437 83397 82564 6853 3335 75711 1191 253 833 493 938 340
is_linear=0
shrinkage=0.05


Tree=133
num_leaves=14
num_cat=0
split_feature=16 13 9 19 6 0 19 22 6 18 12 2 9
split_gain=5.32008 2.66736 2.51929 2.8231 2.28831 1.32371 3.04214 1.15527 1.18778 0.770416 0.745402 0.453227 0.0814959
threshold=824.25000000000011 0.017969622870310908 0.72953505740696944 6.6437500000000016 0.97461712852231652 490.5535871792182 17.218750000000004 0.98997305079739462 -0.95242240592625282 72.937500000000014 475.9500000000001 0.33971194434177499 0.61604274772152989
decision_type=2 2 2 2 2 2 2 2 2 2 2 2 2
left_child=1 9 4 -4 -3 6 -2 8 -7 12 -9 -11 -1
right_child=5 2 3 -5 -6 7 -8 10 -10 11 -12 -13 -14
leaf_value=0.00079369896466602329 0.0011967848070837544 -3.7170138441573877e-05 0.0036499168490278879 0.00030206096099902682 0.00046664045915367856 0.0018661125006321057 -0.00031446486644620686 0.00024658556185793134 -0.00010554895191848269 0.00010801323892999269 0.00078018519632480513 0.0011907609398028925 0.010643782075565168
leaf_weight=304 63 74222 576 7059 3913 138 41 430 357 407 849 83 43
leaf_count=304 63 74222 576 7059 3913 138 41 430 357 407 849 83 43
internal_value=0.000157371 0.000100281 7.28695e-05 0.000939751 -1.18383e-05 0.0027902 -0.00269231 0.00311161 0.00106061 0.0029092 0.00390539 0.00163265 0.00471182
internal_weight=88485 86607 85770 7635 78135 1878 104 1774 495 837 1279 490 347
internal_count=88485 86607 85770 7635 78135 1878 104 1774 495 837 1279 490 347
is_linear=0
shrinkage=0.05


Tree=134
num_leaves=16
num_cat=0
split_feature=16 22 2 15 6 17 19 19 22 6 16 21 9 13 18
split_gain=5.23333 2.36507 2.17608 4.00902 3.1321 1.14186 1.88079 2.32383 1.16498 1.20765 1.05237 1.96257 1.03935 0.674659 0.574971
threshold=824.25000000000011 1.2776318783900091 0.33750028086293798 294.50000000000006 0.7487283477006671 100.50000000000001 20.531250000000004 15.981250000000005 0.98997305079739462 -0.95242240592625282 81.350000000000009 1.3454671386834056 0.33924765957388997 0.8287433189993314 23.687500000000004
decision_type=2 2 2 2 2 2 2 2 2 2 2 2 2 2 2
left_child=1 2 3 -1 -4 6 7 -2 9 -7 11 -3 -12 -8 -10
right_child=5 10 4 -5 -6 8 13 -9 14 -11 12 -13 -14 -15 -16
leaf_value=-9.2896797258325763e-05 0.0010612808408045811 -0.0027050850055546833 9.439332521051599e-05 -0.0016858059804969691 0.0008412082497755765 0.0018789642113323679 -7.0094757676386623e-06 -0.00041755753930774092 0.00092115340351164312 -8.2751846064477695e-05 -0.00050988511164649886 0.0032388005670097968 0.0040376709014908118 0.00029673347913613114 0.00015766780127371983
leaf_weight=33852 49 162 49692 187 1609 152 41 81 992 346 108 116 797 136 84
leaf_count=33852 49 162 49692 187 1609 152 41 81 992 346 108 116 797 136 84
internal_value=0.000131442 7.47202e-05 4.39421e-05 -0.000266018 0.000249605 0.00274056 -4.88597e-05 -0.00461538 0.00328463 0.00128514 0.00229501 -0.000395683 0.00312155 0.00330508 0.00421004
internal_weight=88404 86523 85340 34039 51301 1881 307 130 1574 498 1183 278 905 177 1076
internal_count=88404 86523 85340 34039 51301 1881 307 130 1574 498 1183 278 905 177 1076
is_linear=0
shrinkage=0.05


Tree=135
num_leaves=16
num_cat=0
split_feature=16 22 21 6 5 19 22 19 17 13 17 22 5 19 18
split_gain=4.82713 2.25755 4.84964 3.64362 3.17457 7.93266 2.65149 2.58547 1.26489 2.06897 1.78823 1.31429 1.45238 0.823179 0.64313
threshold=824.25000000000011 1.0075655178206382 0.9854036537013019 0.7487283477006671 -0.13398594226331254 4.8312500000000016 0.97254169820241654 10.968750000000002 100.50000000000001 0.8287433189993314 96.500000000000014 0.9952314887722099 0.86548282553247169 20.531250000000004 23.687500000000004
decision_type=2 2 2 2 2 2 2 2 2 2 2 2 2 2 2
left_child=1 2 6 -4 5 -3 -1 -6 9 10 -2 12 -10 -11 -13
right_child=8 4 3 -5 7 -7 -8 -9 11 13 -12 14 -14 -15 -16
leaf_value=6.7332848534382612e-06 8.9450147324686731e-05 -0.0021330191679906321 -0.0014092495927334637 0.0016454972612432754 0.0010423187106981223 0.00032978007622071171 0.0010727531945085602 4.3673078605112606e-05 0.00016725717177539792 -0.00017206303370351594 -0.00045909818697736969 0.00082947025061160917 -0.0014090623180593232 0.00023270793028367905 0.00013131237142190359
leaf_weight=74557 42 343 2416 193 3217 1920 2017 2139 514 76 55 920 51 127 80
leaf_count=74557 42 343 2416 193 3217 1920 2017 2139 514 76 55 920 51 127 80
internal_value=0.000123891 6.98142e-05 -9.28211e-06 -0.00212917 0.000891849 -0.000678303 6.29458e-05 0.00155527 0.00264075 -0.000333333 -0.00634021 0.00321086 0.00128319 0.00253695 0.0043
internal_weight=88667 86802 79183 2609 7619 2263 76574 5356 1865 300 97 1565 565 203 1000
internal_count=88667 86802 79183 2609 7619 2263 76574 5356 1865 300 97 1565 565 203 1000
is_linear=0
shrinkage=0.05


Tree=136
num_leaves=15
num_cat=0
split_feature=16 6 22 6 20 6 16 22 22 6 6 17 19 13
split_gain=5.00483 2.1638 4.43224 4.99245 3.24169 3.20179 13.4973 2.39241 1.11231 1.44546 2.54897 1.34221 2.09524 0.434784
threshold=824.25000000000011 -0.98521978256641018 0.45723898772347737 -0.99864786094873803 3.2606250000000006 -0.98212955754013376 276.95000000000005 1.0684313143715192 0.98997305079739462 -0.95242240592625282 -0.78324956448884031 100.50000000000001 20.531250000000004 0.41165090214850081
decision_type=2 2 2 2 2 2 2 2 2 2 2 2 2 2
left_child=1 2 3 -1 -4 6 -3 -7 9 -2 -11 12 -10 -13
right_child=8 5 4 -5 -6 7 -8 -9 11 10 -12 13 -14 -15
leaf_value=-0.0013240679558020863 0.0017766531421769816 -0.003416393310148676 0.0016119900299583639 0.00065315365956714576 -0.00090158349794875478 -8.6415244692504989e-06 0.0027045107648417566 0.00054989355557491439 -0.00021074313580593529 -0.0092155241290421148 7.7815117919006292e-05 3.481246982250631e-05 0.00026621504172759104 0.00088746417304893426
leaf_weight=474 145 307 3961 584 1073 75834 297 4113 119 58 326 45 162 1029
leaf_count=474 145 307 3961 584 1073 75834 297 4113 119 58 326 45 162 1029
internal_value=0.000141595 8.61583e-05 0.000994747 -0.00194707 0.00161303 1.74426e-05 -0.00360927 4.48424e-05 0.00269108 0.000746692 -0.000859375 0.00345018 0.000373666 0.00425512
internal_weight=88527 86643 6092 1058 5034 80551 604 79947 1884 529 384 1355 281 1074
internal_count=88527 86643 6092 1058 5034 80551 604 79947 1884 529 384 1355 281 1074
is_linear=0
shrinkage=0.05


Tree=137
num_leaves=15
num_cat=0
split_feature=16 22 6 18 19 19 22 6 6 12 19 21 5 1
split_gain=6.38215 2.43286 2.355 7.10147 3.48572 1.87801 0.906693 1.06373 1.22545 0.742091 0.684487 0.370253 0.219765 2.22045e-16
threshold=824.25000000000011 1.3593331046759387 -0.9575230291762723 99.562500000000014 23.493750000000006 -0.69374999999999987 0.98997305079739462 -0.95242240592625282 -0.78324956448884031 441.4500000000001 15.456250000000002 1.2711412967663482 0.98522604642031408 866.73934746807072
decision_type=2 2 2 2 2 2 2 2 2 2 2 2 2 2
left_child=1 2 3 -1 -4 -3 7 13 -9 10 -8 -7 -11 -2
right_child=6 5 4 -5 -6 11 9 8 -10 12 -12 -13 -14 -15
leaf_value=0.001152533045709576 0.0013402423364438866 -0.0042482028349605525 8.7173518229332691e-06 -0.0009812081655979684 -0.0006327500489163051 0.0012301467861229078 0.0011073311366976146 -0.012974464110040754 7.4448043435249026e-05 0.00080144507911789238 9.413219080045554e-07 0.0044819674334147883 0.00028961174506830317 0.0035053679278018337
leaf_weight=8171 58 42 71021 2084 4762 69 107 60 333 746 239 470 267 81
leaf_count=8171 58 42 71021 2084 4762 69 107 60 333 746 239 470 267 81
internal_value=0.000116936 5.42031e-05 3.24277e-05 0.00074354 -6.38004e-05 0.00327883 0.00299048 0.0012406 -8.90583e-05 0.0036755 0.0016763 0.00407236 0.00435834 0.005
internal_weight=88510 86619 86038 10255 75783 581 1891 532 393 1359 346 539 1013 139
internal_count=88510 86619 86038 10255 75783 581 1891 532 393 1359 346 539 1013 139
is_linear=0
shrinkage=0.05


Tree=138
num_leaves=15
num_cat=0
split_feature=16 9 19 9 19 4 6 17 19 19 22 5 9 7
split_gain=5.24397 2.56002 2.74547 2.47015 4.6252 2.46345 2.3389 1.0915 2.00606 2.2696 1.01394 1.4753 0.255606 0.166411
threshold=824.25000000000011 0.72953505740696944 6.1437500000000016 0.72899769095811884 24.156250000000004 -0.19509032201612828 -0.98521978256641018 100.50000000000001 20.631250000000005 15.981250000000005 1.0162741685147623 0.97696484778429815 0.74334639027943694 9.1250000000000018
decision_type=2 2 2 2 2 2 2 2 2 2 2 2 2 2
left_child=1 3 13 6 -5 -4 -1 8 9 -2 11 -9 -10 -3
right_child=7 2 5 4 -6 -7 -8 10 12 -11 -12 -13 -14 -15
leaf_value=0.00081780629080900342 0.0010438453606844624 0.0020131896124172123 3.5504198712263404e-05 -0.0017205321807340871 -0.011319318747202501 0.00082441008550283303 -2.697826203129361e-05 0.00029898624483518224 0.00036913676413692924 -0.00030629686069130009 0.00078299477856519156 -0.00065478273475990723 1.2828972257800195e-06 0.0042516025060567323
leaf_weight=4639 50 142 5235 236 42 1962 73986 924 135 87 555 92 41 405
leaf_count=4639 50 142 5235 236 42 1962 73986 924 135 87 555 92 41 405
internal_value=0.000134473 7.77294e-05 0.000945248 -7.41398e-06 -0.00471223 0.000685703 9.22117e-06 0.00274416 4.79235e-05 -0.00448905 0.00328135 0.00234252 0.00357955 0.00436015
internal_weight=88531 86647 7744 78903 278 7197 78625 1884 313 137 1571 1016 176 547
internal_count=88531 86647 7744 78903 278 7197 78625 1884 313 137 1571 1016 176 547
is_linear=0
shrinkage=0.05


Tree=139
num_leaves=16
num_cat=0
split_feature=15 22 5 18 9 9 19 4 6 6 6 17 3 12 7
split_gain=5.16704 2.58483 4.29073 3.58151 2.38861 2.33756 2.62283 2.85737 2.52487 6.82798 3.71152 1.35327 2.01775 0.649665 0.146826
threshold=637.50000000000011 0.98997305079739462 0.48314048284850658 96.937500000000014 0.63207661403669546 0.72953505740696944 5.9687500000000009 -0.19509032201612828 0.97461712852231652 0.94636490295939868 0.99981043035926087 101.50000000000001 0.47114434510950071 203.85000000000002 9.1250000000000018
decision_type=2 2 2 2 2 2 2 2 2 2 2 2 2 2 2
left_child=5 2 4 -4 -2 8 14 -8 9 -1 -10 12 -3 -13 -7
right_child=1 11 3 -5 -6 6 7 -9 10 -11 -12 13 -14 -15 -16
leaf_value=-2.5169228860955932e-05 0.0019230044044980538 0.00012910583951694578 -0.00078568410080332536 -0.012735443486385842 0.00022481188076620696 0.0019648538099366845 -6.2089620107298336e-05 0.00096038147966520681 0.00078651772088576062 -0.0010401975662187538 -0.00082266435541710273 6.5763928345692881e-05 -3.4127083052076793e-05 0.00092182417216078976 0.0040440599067230604
leaf_weight=69113 1527 231 1219 103 2802 141 3960 1940 3552 1782 373 85 56 1173 399
leaf_count=69113 1527 231 1219 103 2802 141 3960 1940 3552 1782 373 85 56 1173 399
internal_value=0.000123564 0.00140773 0.000912228 -0.00158094 0.0016736 9.84513e-06 0.000923913 0.000618644 -6.88317e-05 -0.000137175 0.00116561 0.00322006 0.000121951 0.00392687 0.00425926
internal_weight=88456 7196 5651 1322 4329 81260 6440 5900 74820 70895 3925 1545 287 1258 540
internal_count=88456 7196 5651 1322 4329 81260 6440 5900 74820 70895 3925 1545 287 1258 540
is_linear=0
shrinkage=0.05


Tree=140
num_leaves=15
num_cat=0
split_feature=16 20 17 6 3 12 6 5 17 3 18 22 22 9
split_gain=4.69191 2.06608 5.8205 5.44975 7.59273 4.88457 3.38717 2.93723 1.49758 1.91923 0.915124 0.713993 0.471169 0.428341
threshold=824.25000000000011 3.5543750000000007 4.5000000000000009 0.99981043035926087 -0.47114434510950071 6.1500000000000012 0.82293497932636273 0.99818282439137029 101.50000000000001 0.5277851165098012 1.0000000180025095e-35 0.96029977208633455 1.0185356811665678 0.67999995946904157
decision_type=2 2 2 2 2 2 2 2 2 2 2 2 2 2
left_child=1 3 5 7 -5 -3 -4 -1 9 10 -2 13 -13 -10
right_child=8 2 6 4 -6 -7 -8 -9 11 -11 -12 12 -14 -15
leaf_value=0.00014204155080932773 0.00024698214514933258 -0.00031337538579931878 -0.00029275390883944368 -0.0029094301088624613 -0.00044572508955524615 -0.0016305231673945334 0.00060834638646299535 -0.00054038145017548526 -0.0024095775367133252 -5.1871326169072564e-05 -2.5914030932129758e-05 0.00029198814771655955 0.0010236777129127843 0.00083689670356479654
leaf_weight=66586 196 45 16482 41 223 43 2402 642 51 54 139 937 446 71
leaf_count=66586 196 45 16482 41 223 43 2402 642 51 54 139 937 446 71
internal_value=0.000162294 0.000108369 -0.000352625 0.000237954 -0.00693182 -0.0131818 -0.00029284 0.00026611 0.00262408 -0.000141388 0.00126866 0.00333887 0.00366233 -0.000327869
internal_weight=88358 86464 18972 67492 264 88 18884 67228 1894 389 335 1505 1383 122
internal_count=88358 86464 18972 67492 264 88 18884 67228 1894 389 335 1505 1383 122
is_linear=0
shrinkage=0.05


Tree=141
num_leaves=15
num_cat=0
split_feature=16 17 3 9 13 21 20 9 19 2 18 22 6 9
split_gain=3.6471 2.29476 2.16069 1.98016 2.9097 3.12746 3.00142 2.0499 3.06893 1.92883 1.21846 0.891692 1.04048 0.469877
threshold=824.25000000000011 101.50000000000001 0.47114434510950071 0.72953505740696944 0.4576877158022416 0.95186583871234287 2.2631250000000009 0.72899769095811884 24.156250000000004 0.88101754234676199 1.0000000180025095e-35 0.9952314887722099 -0.95242240592625282 0.46605392885855684
decision_type=2 2 2 2 2 2 2 2 2 2 2 2 2 2
left_child=3 2 10 7 5 -5 -6 9 -9 -1 -2 12 -3 -13
right_child=1 11 -4 4 6 -7 -8 8 -10 -11 -12 13 -14 -15
leaf_value=-1.3176072485049373e-05 0.00023463303789186818 0.0016082439655078985 -6.3722483129684084e-05 0.00018608923912846742 0.00089246908094447151 -0.0013240972953986827 2.588142471075805e-05 -0.001708071538921463 -0.010759196391718705 0.0020441832306642535 -9.7926215456611561e-05 -2.843796797388856e-05 1.7294815404827915e-05 0.00078135852916133932
leaf_weight=77295 187 161 66 503 3671 247 3268 232 41 1008 128 41 399 884
leaf_count=77295 187 161 66 503 3671 247 3268 232 41 1008 128 41 399 884
internal_value=0.000106716 0.00229368 -0.00116798 5.94101e-05 0.000825205 -0.00213333 0.00114498 -1.55262e-05 -0.00434066 -4.46795e-07 0.000555556 0.00318182 0.00160714 0.00413514
internal_weight=88131 1866 381 86265 7689 750 6939 78576 273 78303 315 1485 560 925
internal_count=88131 1866 381 86265 7689 750 6939 78576 273 78303 315 1485 560 925
is_linear=0
shrinkage=0.05


Tree=142
num_leaves=16
num_cat=0
split_feature=15 18 6 6 15 5 5 17 5 20 20 22 9 19 15
split_gain=3.50327 4.12473 5.04677 11.3728 2.26854 1.88001 5.25306 8.0043 4.84976 6.06465 2.89808 2.54976 0.790744 1.05991 0.955863
threshold=725.50000000000011 58.687500000000007 -0.64580103137750788 -0.57077231802681661 785.50000000000011 -0.93545489084327571 -0.91597725483594616 32.500000000000007 -0.98523971305672675 0.46312500000000006 3.9543750000000011 1.0102968224680469 0.71544931210153451 28.831250000000004 844.50000000000011
decision_type=2 2 2 2 2 2 2 2 2 2 2 2 2 2 2
left_child=5 12 4 -4 -3 8 7 -7 9 -1 -10 -8 13 -2 -14
right_child=1 2 3 -5 -6 6 11 -9 10 -11 -12 -13 14 -15 -16
leaf_value=-0.002685358765989489 0.0013504120775173899 0.0028615978447343714 -0.025235607837549381 0.0010368046204668512 -0.0025761368201430352 -0.0022991412662700596 -4.5282662776187032e-05 -0.00073634009359313914 0.0018074404736937192 -6.8156362987476261e-05 -0.00040772710745040961 0.0002620525706440358 6.8054431141780124e-05 -0.00027900022461212399 0.002404962667423727
leaf_weight=279 1240 372 42 52 227 435 65778 1176 4934 4178 987 7288 1056 125 301
leaf_count=279 1240 372 42 52 227 435 65778 1176 4934 4178 987 7288 1056 125 301
internal_value=9.15566e-05 0.00166179 -0.00178211 -0.0125532 -9.18195e-05 2.85111e-05 -5.91211e-05 -0.0028833 0.000659087 -0.000586717 0.00159686 3.14803e-06 0.00253857 0.00338828 0.00168386
internal_weight=88470 3415 693 94 599 85055 74677 1611 10378 4457 5921 73066 2722 1365 1357
internal_count=88470 3415 693 94 599 85055 74677 1611 10378 4457 5921 73066 2722 1365 1357
is_linear=0
shrinkage=0.05


Tree=143
num_leaves=16
num_cat=0
split_feature=15 20 22 9 17 13 9 2 9 20 5 9 5 7 18
split_gain=3.74897 2.4445 2.03665 2.78508 2.15523 1.98457 1.68365 2.55189 2.29531 1.18989 1.35477 0.637504 0.289801 0.510638 0.265386
threshold=637.50000000000011 1.1156250000000003 0.98461031240766128 0.62910394189247121 101.50000000000001 0.017969622870310908 0.72953505740696944 0.6354794601341115 0.72899769095811884 2.5706250000000006 -0.099819732675876835 0.44933848402502424 0.86548282553247169 18.375000000000004 99.812500000000014
decision_type=2 2 2 2 2 2 2 2 2 2 2 2 2 2 2
left_child=5 12 3 -3 -4 9 8 -8 -7 11 -11 -1 14 -14 -2
right_child=1 2 4 -5 -6 6 7 -9 -10 10 -12 -13 13 -15 -16
leaf_value=0.00063210484611429286 0.0016311739581091182 0.0012130990097326062 -1.6110971611470438e-05 -0.00032482964459839615 0.00092158257623907729 -1.9021175434222328e-05 0.0005172047288980159 -0.00089233093275261223 -0.0026366800009835984 -0.0020382998705547844 0.00011599939382540763 0.00098193915264117838 0.00021056559857083186 -0.00011940632225889677 0.00082614546108067963
leaf_weight=378 582 2005 287 2819 1297 73831 5083 1286 256 59 224 159 94 47 69
leaf_count=378 582 2005 287 2819 1297 73831 5083 1286 256 59 224 159 94 47 69
internal_value=0.000149532 0.00124306 0.000919164 0.000408375 0.00247475 5.26603e-05 2.77172e-05 0.000807819 -3.93454e-05 0.0025 -0.000123675 0.00388268 0.00386364 0.00180851 0.00430876
internal_weight=88476 7200 6408 4824 1584 81276 80456 6369 74087 820 283 537 792 141 651
internal_count=88476 7200 6408 4824 1584 81276 80456 6369 74087 820 283 537 792 141 651
is_linear=0
shrinkage=0.05


Tree=144
num_leaves=15
num_cat=0
split_feature=15 20 22 16 12 6 6 18 5 6 18 17 19 15
split_gain=3.42631 2.36879 2.3057 2.3355 2.28311 1.86159 7.98624 1.70043 0.553753 0.255885 0.243674 1.33073 0.273295 0.0729719
threshold=637.50000000000011 1.0993750000000004 1.3593331046759387 233.55000000000004 601.35000000000014 0.99992139718210815 0.99981043035926087 63.562500000000007 -0.55657520495441892 0.95178258287705175 69.937500000000014 211.50000000000003 17.306250000000006 108.50000000000001
decision_type=2 2 2 2 2 2 2 2 2 2 2 2 2 2
left_child=2 10 5 9 7 6 -1 -3 -6 -4 12 -12 -2 -7
right_child=1 4 3 -5 8 13 -8 -9 -10 -11 11 -13 -14 -15
leaf_value=-4.1657757470821984e-07 0.00070095729854084969 0.00020875458806050119 0.0037442383799339701 -0.0035360783003242375 -0.0021289838417070201 0.0017745977095662499 -0.0012049446371026524 -0.00090364447359881901 0.0034504803706452794 0.0024010456533408082 -0.0030142458341378231 0.0073082885408096866 0.00065020665856680435 0.00044397498905092463
leaf_weight=80341 68 3967 494 64 40 179 147 1569 814 45 52 150 502 44
leaf_count=80341 68 3967 494 64 40 179 147 1569 814 45 52 150 502 44
internal_value=0.000104887 0.00115331 1.25442e-05 0.00309287 0.000837246 -1.04693e-05 -2.31088e-05 0.000466041 0.00324356 0.00416512 0.00376943 0.00227723 0.00429825 0.00455157
internal_weight=88476 7162 81314 603 6390 80711 80488 5536 854 539 772 202 570 223
internal_count=88476 7162 81314 603 6390 80711 80488 5536 854 539 772 202 570 223
is_linear=0
shrinkage=0.05


Tree=145
num_leaves=16
num_cat=0
split_feature=15 5 5 20 22 12 5 9 17 9 5 5 5 20 18
split_gain=3.09109 2.83849 6.90735 6.2835 4.25372 2.1343 2.85027 3.22004 2.58518 5.28461 2.86494 2.15245 1.45463 3.25233 1.14712
threshold=576.50000000000011 0.29342972903661901 0.3261394409934788 2.3293750000000006 0.91046398825437624 461.55000000000001 0.082691702092476851 0.69767651686618293 168.50000000000003 0.15453820310038521 -0.98803845231459242 -0.73866753694953124 -0.63921128368950708 3.9818750000000005 7.6875000000000009
decision_type=2 2 2 2 2 2 2 2 2 2 2 2 2 2 2
left_child=5 12 3 -3 -4 8 11 -8 10 -10 -1 -7 13 -2 -14
right_child=1 2 4 -5 -6 6 7 -9 9 -11 -12 -13 14 -15 -16
leaf_value=-0.00061110388137171996 0.00017882584490198585 -0.002197482149756924 -0.0019023085068557326 -0.0076715230394876436 0.00023461023686548841 -0.0016352580631492947 -0.00087511595456398654 -0.0045828417228976816 -0.0014943722044710548 0.00073498398417495977 -9.2812480715409599e-06 0.00088696218370702966 0.0012408709603886059 -0.0053339126633028646 0.0023801469478227887
leaf_weight=3223 1625 44 1701 43 2730 436 1034 452 264 14286 57342 1275 670 214 3134
leaf_count=3223 1625 44 1701 43 2730 436 1034 452 264 14286 57342 1275 670 214 3134
internal_value=0.0001002 0.000920677 -1.328e-05 -0.0139655 0.000260664 -6.25684e-06 -0.0012715 -0.00287349 4.75939e-05 0.000646048 -9.61775e-05 0.000119813 0.00166844 0.000513866 0.0022266
internal_weight=88473 10161 4518 87 4431 78312 3197 1486 75115 14550 60565 1711 5643 1839 3804
internal_count=88473 10161 4518 87 4431 78312 3197 1486 75115 14550 60565 1711 5643 1839 3804
is_linear=0
shrinkage=0.05


Tree=146
num_leaves=15
num_cat=0
split_feature=15 18 5 5 22 19 1 5 6 20 17 13 18 7
split_gain=3.45829 2.47509 4.87627 9.54623 2.06488 2.21884 2.11986 4.25557 3.80221 1.8787 1.00509 1.29376 0.728102 0.369588
threshold=725.50000000000011 58.687500000000007 0.75580964594513067 0.84773968378660736 1.3593331046759387 -0.69374999999999987 270.73545411760767 -0.99866806308218525 0.95436825032516992 3.4243750000000008 101.50000000000001 0.85322284288055295 11.312500000000002 22.625000000000004
decision_type=2 2 2 2 2 2 2 2 2 2 2 2 2 2
left_child=4 10 9 -4 6 -6 7 -1 -8 -3 11 -2 -12 -7
right_child=1 2 3 -5 5 13 8 -9 -10 -11 12 -13 -14 -15
leaf_value=-0.0022369442107674259 -0.00070752409994304316 0.0016107552692427047 -0.024292107685209369 0.0011099034480764791 -0.0037604741999620879 0.0036915705022528196 0.00011992589253757266 -8.7474530124364297e-05 -0.0025062747962726092 -0.0048120461434655913 0.00039320185629677652 0.00012253054307406308 0.0012913010019406498 0.0013749730569085239
leaf_weight=425 55 482 43 41 49 501 51169 32561 161 120 1090 65 1471 63
leaf_count=425 55 482 43 41 49 501 51169 32561 161 120 1090 65 1471 63
internal_value=0.000131716 0.0017033 -0.000976676 -0.0122619 6.94111e-05 0.00296085 4.83896e-05 -0.000264354 0.000249367 0.000598007 0.00238903 -0.00208333 0.00259859 0.00384752
internal_weight=88296 3367 686 84 84929 613 84316 32986 51330 602 2681 120 2561 564
internal_count=88296 3367 686 84 84929 613 84316 32986 51330 602 2681 120 2561 564
is_linear=0
shrinkage=0.05


Tree=147
num_leaves=14
num_cat=0
split_feature=22 21 5 13 5 19 19 6 6 21 6 22 13
split_gain=2.96066 3.78215 4.34914 3.00053 3.60973 4.05902 3.6943 2.69276 3.70802 2.68342 4.16263 2.56157 0.837812
threshold=1.0075655178206382 1.1189241302968169 0.64579916509010216 0.50542230623715956 -0.16799356919963607 18.468750000000004 8.0312500000000018 -0.42179730054635828 -0.15101602693478741 0.9854036537013019 -0.15101602693478741 0.96596581511648949 0.8669107597602097
decision_type=2 2 2 2 2 2 2 2 2 2 2 2 2
left_child=1 9 -3 4 6 -6 -2 12 -9 11 -11 -1 -5
right_child=3 2 -4 7 5 -7 -8 8 -10 10 -12 -13 -14
leaf_value=1.4166587596873334e-05 -0.0023411541908796882 0.0001939521141271123 -0.0068083280308911982 0.0005298737197631905 0.00052870530881951139 -0.00048725612725095406 -0.00026245596172406739 -0.00044942322395955431 0.00040113477568448321 -8.2704466412286681e-06 -0.0014627677808041015 0.00050042461796897771 0.0011784012216523071
leaf_weight=73761 341 53 40 1650 1839 221 750 278 3120 1993 1105 2864 491
leaf_count=73761 341 53 40 1650 1839 221 750 278 3120 1993 1105 2864 491
internal_value=0.000118975 2.35544e-05 -0.0100538 0.000995397 -0.000236433 0.000995146 -0.00256187 0.00169615 0.000821071 3.53099e-05 -0.00140736 9.3638e-05 0.00308501
internal_weight=88506 79816 93 8690 3151 2060 1091 5539 3398 79723 3098 76625 2141
internal_count=88506 79816 93 8690 3151 2060 1091 5539 3398 79723 3098 76625 2141
is_linear=0
shrinkage=0.05


Tree=148
num_leaves=16
num_cat=0
split_feature=15 13 6 6 13 22 9 6 20 18 21 18 5 9 7
split_gain=3.04199 2.14957 1.97423 3.09662 2.75514 2.34004 1.814 3.16844 2.7348 1.18693 2.11054 1.14145 0.901949 0.077261 0.0738771
threshold=637.50000000000011 0.017969622870310908 -0.9575230291762723 -0.94703994556331683 0.75421588534660378 0.83549863003069225 0.39166652857036116 0.82293497932636273 3.6931250000000007 8.6875000000000018 0.99360037938833767 75.062500000000014 0.031174179426909168 0.61604274772152989 20.875000000000004
decision_type=2 2 2 2 2 2 2 2 2 2 2 2 2 2 2
left_child=1 11 9 4 -4 -5 7 -3 -8 14 -11 13 -13 -1 -2
right_child=2 6 3 5 -6 -7 8 -9 -10 10 -12 12 -14 -15 -16
leaf_value=0.00069342725042616823 0.0011154146650855291 -0.00040002996448844878 0.0034793214268418679 -0.002329095536408891 -0.0069339404358270606 0.00021159668162230931 0.00011030482062037237 0.00033510916672596094 -0.00033628908871593074 0.0027266404133834501 -0.0030408544119565903 -0.00086289662122948608 0.00014402993251040548 0.0093515703479139633 0.0012440848480854865
leaf_weight=299 375 16970 49 529 123 4548 47147 5224 11113 1457 42 113 382 45 48
leaf_count=299 375 16970 49 529 123 4548 47147 5224 11113 1457 42 113 382 45 48
internal_value=6.63549e-05 -2.07273e-05 0.00105355 0.000551534 -0.00604651 0.000775064 -4.69832e-05 -0.000431648 9.95539e-05 0.00242456 0.00176451 0.00249702 0.000959596 0.0047093 0.00476359
internal_weight=88464 81293 7171 5249 172 5077 80454 22194 58260 1922 1499 839 495 344 423
internal_count=88464 81293 7171 5249 172 5077 80454 22194 58260 1922 1499 839 495 344 423
is_linear=0
shrinkage=0.05


Tree=149
num_leaves=13
num_cat=0
split_feature=22 13 21 6 18 21 6 9 16 9 20 13
split_gain=3.05281 3.48423 2.98616 2.49999 7.61863 3.62639 2.34068 2.36733 1.22412 2.09889 0.556739 0.169988
threshold=1.0185356811665678 0.80285439201035735 1.1502186460870842 -0.9575230291762723 99.562500000000014 0.88566065141372363 0.96407344085605606 0.42540208866063384 73.950000000000017 0.56036497957394082 0.54187500000000011 0.69183776425993671
decision_type=2 2 2 2 2 2 2 2 2 2 2 2
left_child=2 6 3 4 -1 -5 7 -2 9 -3 -10 -8
right_child=1 8 -4 5 -6 -7 11 -9 10 -11 -12 -13
leaf_value=0.0011143609957350586 -0.00057848215583074453 -0.0021088589380323687 -0.0062716139150073933 4.0962998567322768e-05 -0.0010436072754986031 -0.0002633072511236096 0.005522068586087097 0.00024821551658712473 0.0012003147862183401 0.010741082276064018 0.00062112364646948472 0.0018754138842001168
leaf_weight=8024 1169 81 63 57787 2109 13064 333 4256 118 103 1303 40
leaf_count=8024 1169 81 63 57787 2109 13064 333 4256 118 103 1303 40
internal_value=9.72303e-05 0.00106916 8.45207e-06 1.69171e-05 0.000751505 -8.81425e-05 0.000498448 0.000235023 0.00313084 -0.000706522 0.00362773 0.00432976
internal_weight=88450 7403 81047 80984 10133 70851 5798 5425 1605 184 1421 373
internal_count=88450 7403 81047 80984 10133 70851 5798 5425 1605 184 1421 373
is_linear=0
shrinkage=0.05


Tree=150
num_leaves=16
num_cat=0
split_feature=15 9 19 4 5 5 5 13 20 22 21 16 21 18 0
split_gain=3.23055 1.94244 2.68386 2.43272 1.8934 4.40228 4.35212 1.70445 1.76598 1.62733 1.16138 0.443027 0.119787 0.0789761 4.44089e-16
threshold=637.50000000000011 0.72953505740696944 6.6437500000000016 -0.13052619222005149 -0.93545489084327571 -0.91597725483594616 -0.98523971305672675 0.96969944441819123 1.1156250000000003 0.98997305079739462 1.01388182100171 672.20000000000016 0.88205947442719956 78.937500000000014 662.72089260756707
decision_type=2 2 2 2 2 2 2 2 2 2 2 2 2 2 2
left_child=1 4 11 -4 6 -6 -1 8 10 -10 -2 -3 13 -9 -14
right_child=7 2 3 -5 5 -7 -8 12 9 -11 -12 -13 14 -15 -16
leaf_value=-0.00023894999938988827 0.00074027213169218108 0.0035799284545968758 -2.9237289700126879e-05 0.00071838233320053622 -0.0013863897512768222 -2.8576096855734145e-05 0.0011587921370641084 0.0080585480311073151 9.5912067807200229e-05 0.00035164538267712375 -3.7735804576138898e-05 -0.00022047018846654148 0.0036169426912142765 0.0063779445801613573 0.0048919278803376863
leaf_weight=4423 687 551 4078 1655 1629 63117 5919 58 4723 1305 59 43 52 40 218
leaf_count=4423 687 551 4078 1655 1629 63117 5919 58 4723 1305 59 43 52 40 218
internal_value=0.000122915 3.34707e-05 0.000874822 0.000543346 -3.74226e-05 -0.000137769 0.000590795 0.00114254 0.000962504 0.000678501 0.00325737 0.00407407 0.00445652 0.00295918 0.005
internal_weight=88557 81415 6327 5733 75088 64746 10342 7142 6774 6028 746 594 368 98 270
internal_count=88557 81415 6327 5733 75088 64746 10342 7142 6774 6028 746 594 368 98 270
is_linear=0
shrinkage=0.05


Tree=151
num_leaves=15
num_cat=0
split_feature=1 18 5 5 13 22 21 5 17 21 9 3 18 16
split_gain=2.2628 3.57056 3.23744 7.24615 3.40252 2.11135 4.30481 4.41835 3.02092 2.66747 2.64499 1.90131 3.52371 1.99155
threshold=805.722590254392 99.937500000000014 0.52766072109828632 0.80926549319045582 0.2408288955764501 1.0162741685147623 1.1189241302968169 0.64579916509010216 10.500000000000002 0.9467953645701922 0.42540208866063384 -0.22695468355932411 98.687500000000014 159.95000000000002
decision_type=2 2 2 2 2 2 2 2 2 2 2 2 2 2
left_child=5 11 4 -4 -3 6 9 -8 -7 -1 -10 12 -2 -13
right_child=1 2 3 -5 -6 8 7 -9 10 -11 -12 13 -14 -15
leaf_value=3.2322820740726941e-05 0.00024242660201688707 -0.0057718512075683286 -0.0028150748861034448 0.0014531195591013695 0.001153376511928883 -0.0053023523024248766 -0.0011936939237359289 -0.0060037473130330841 -0.0003222029199875492 -0.0002287394777216401 0.00037269006126555427 0.003024437038440912 -0.0062754051747831415 0.00093763406143525848
leaf_weight=65085 529 115 363 171 868 48 55 41 1419 7717 6039 739 68 4747
leaf_count=65085 529 115 363 171 868 48 55 41 1419 7717 6039 739 68 4747
internal_value=0.000116131 0.00094079 -0.0012294 -0.0043633 0.000473042 3.81824e-05 -4.40339e-05 -0.010625 0.000836664 -3.00814e-05 0.000917136 0.001482 -0.00119765 0.00177361
internal_weight=88004 7600 1517 534 983 80404 72898 96 7506 72802 7458 6083 597 5486
internal_count=88004 7600 1517 534 983 80404 72898 96 7506 72802 7458 6083 597 5486
is_linear=0
shrinkage=0.05


Tree=152
num_leaves=14
num_cat=0
split_feature=15 22 21 6 22 13 19 4 18 19 20 20 5
split_gain=2.55616 1.99945 3.93037 4.14025 3.32157 2.78531 3.62117 2.86997 1.17964 1.27836 2.06098 0.806613 0.287109
threshold=825.50000000000011 1.0075655178206382 0.9467953645701922 0.7710868207630478 0.86013503459021445 0.50542230623715956 21.406250000000004 0.032701564615071219 50.562500000000007 24.768750000000008 2.5043750000000009 1.2193750000000003 -0.13398594226331254
decision_type=2 2 2 2 2 2 2 2 2 2 2 2 2
left_child=1 2 4 -4 -1 6 -3 -7 11 10 -10 -2 -13
right_child=8 5 3 -5 -6 7 -8 -9 9 -11 -12 12 -14
leaf_value=-8.3998290308922502e-06 -7.7030416359015095e-05 2.0963864592202501e-05 -0.00038796973581129162 0.002778563449328697 0.00066139531711209294 0.00016196750274002637 -0.0010143054233577226 0.0025739415814584874 0.0030045693492781328 0.0051999460385924014 -0.015012621132961394 0.0012174577466203193 0.0019257041960890509
leaf_weight=61172 72 2913 7118 344 10633 4066 209 1219 41 75 41 44 567
leaf_count=61172 72 2913 7118 344 10633 4066 209 1219 41 75 41 44 567
internal_value=0.000112073 8.57725e-05 8.01109e-06 -0.00108416 0.00012151 0.000818961 -0.00036515 0.00151845 0.00285714 -0.00105096 -0.00536585 0.00375549 0.00434534
internal_weight=88514 87674 79267 7462 71805 8407 3122 5285 840 157 82 683 611
internal_count=88514 87674 79267 7462 71805 8407 3122 5285 840 157 82 683 611
is_linear=0
shrinkage=0.05


Tree=153
num_leaves=14
num_cat=0
split_feature=15 13 5 16 20 1 0 6 5 5 12 5 19
split_gain=2.96825 3.02857 3.42194 2.81326 7.12564 4.94563 2.53501 2.46508 2.31464 5.34454 2.28389 2.28313 1.04616
threshold=475.50000000000006 0.85322284288055295 0.62587949062545845 656.4000000000002 0.43937500000000013 359.71791234253095 412.97276789377253 0.21652257995689161 0.99939377080793557 0.99907018497641664 446.55000000000001 0.99966190462023474 15.906250000000004
decision_type=2 2 2 2 2 2 2 2 2 2 2 2 2
left_child=3 2 10 8 -5 -6 -3 -4 9 -1 -2 -8 -10
right_child=1 6 7 4 5 -7 11 -9 12 -11 -12 -13 -14
leaf_value=-7.8589429091532579e-06 0.0011095699097004514 -0.0081509368724650682 -0.00033384619642135016 -0.011182285570387722 -0.0011683533040813248 0.00013712226921950982 0.00069962832545558673 0.0012711442626593102 0.0019666109598046409 -0.0017966839311548376 -0.00021152139307663732 -0.0038749520427253902 -0.00070641637389581846
leaf_weight=69385 5804 47 3773 50 238 817 5249 430 658 201 1791 45 40
leaf_count=69385 5804 47 3773 50 238 817 5249 430 658 201 1791 45 40
internal_value=8.85597e-05 0.000679445 0.000232243 -5.32993e-05 -0.00255656 -0.00168246 0.00166729 -0.000912443 -1.39432e-05 -4.26808e-05 0.000865701 0.00176993 0.002851
internal_weight=88528 17139 11798 71389 1105 1055 5341 4203 70284 69586 7595 5294 698
internal_count=88528 17139 11798 71389 1105 1055 5341 4203 70284 69586 7595 5294 698
is_linear=0
shrinkage=0.05


Tree=154
num_leaves=13
num_cat=0
split_feature=15 6 6 5 5 5 6 18 19 7 13 1
split_gain=2.37724 1.80845 5.49173 12.5959 3.80376 6.521 3.5775 0.767649 0.569897 0.159731 0.369371 0.0213228
threshold=844.50000000000011 0.97461712852231652 0.94636490295939868 0.26866988313759588 0.13398903995667991 0.099822040462190967 0.84199059757024453 50.562500000000007 2.4562500000000003 18.375000000000004 0.91351480394684714 845.58411512615692
decision_type=2 2 2 2 2 2 2 2 2 2 2 2
left_child=1 2 6 -4 5 -3 -1 9 -6 11 -11 -2
right_child=7 4 3 -5 8 -7 -8 -9 -10 10 -12 -13
leaf_value=1.4000288679619706e-06 0.00098400488844725405 0.00030671131184383492 0.00026977666992866934 -0.0021464590647274117 0.0023410518639098432 -0.0018060726195724 0.00060255164047217985 -0.0012051256648893463 0.00048394488812035502 -0.0010962479762818198 0.0027602599662324956 0.0024195075770356927
leaf_weight=77761 41 2691 1157 647 814 285 4405 59 96 41 63 285
leaf_count=77761 41 2691 1157 647 814 285 4405 59 96 41 63 285
internal_value=9.19692e-05 7.2619e-05 2.38182e-05 -0.0027051 0.00112712 0.000262097 8.37331e-05 0.00356851 0.00395604 0.00430233 0.00259615 0.00484663
internal_weight=88345 87856 83970 1804 3886 2976 82166 489 910 430 104 326
internal_count=88345 87856 83970 1804 3886 2976 82166 489 910 430 104 326
is_linear=0
shrinkage=0.05


Tree=155
num_leaves=11
num_cat=0
split_feature=15 22 16 17 18 6 18 6 1 7
split_gain=2.33104 2.00146 3.27027 2.6883 5.64936 2.63307 0.876051 0.725298 0.267316 0.0511218
threshold=844.50000000000011 1.3593331046759387 233.55000000000004 31.500000000000004 99.812500000000014 0.96407344085605606 50.562500000000007 0.95178258287705175 840.93567534877741 22.875000000000004
decision_type=2 2 2 2 2 2 2 2 2 2
left_child=1 3 7 4 -1 -5 8 -3 -2 -10
right_child=6 2 -4 5 -6 -7 -8 -9 9 -11
leaf_value=-8.5318313847530808e-05 0.00031689359450816639 0.0033019151555172634 -0.0034218755581398464 4.1380753533658661e-05 -0.00080892711640275579 0.00093084942025928861 -0.00155965720020688 -0.00056789981178173023 0.0021032408457742646 0.0023136204829520978
leaf_weight=11345 47 490 69 70943 2893 1832 65 43 319 65
leaf_count=11345 47 490 69 70943 2893 1832 65 43 319 65
internal_value=6.98553e-05 5.05052e-05 0.00292359 3.06278e-05 -0.000597696 0.000153556 0.0034879 0.00424953 0.00430394 0.00473958
internal_weight=88111 87615 602 87013 14238 72775 496 533 431 384
internal_count=88111 87615 602 87013 14238 72775 496 533 431 384
is_linear=0
shrinkage=0.05


Tree=156
num_leaves=15
num_cat=0
split_feature=22 21 17 6 22 6 5 9 21 18 9 5 13 3
split_gain=2.06603 4.28197 6.11023 5.37754 3.35351 4.86822 3.32696 2.82554 2.81045 4.50938 2.68453 2.34894 2.04295 0.632511
threshold=0.99284573533404452 0.9467953645701922 92.500000000000014 0.7710868207630478 0.9381407681654238 0.86004965528756494 0.3744682635859638 0.74445345375089367 0.76047687088378646 84.437500000000014 0.74074239038178014 -0.93545489084327571 0.4576877158022416 0.97335555334614954
decision_type=2 2 2 2 2 2 2 2 2 2 2 2 2 2
left_child=1 4 3 -3 11 -6 -4 8 9 -2 -10 -1 -9 -14
right_child=7 2 6 -5 5 -7 -8 12 10 -11 -12 -13 13 -15
leaf_value=0.00042680570802397077 -0.0027919798489690673 -0.0014219908615888063 0.00025534708779339794 0.002639430279285245 0.0017735881012708812 -0.0016441193977852189 -0.0012699093488869561 -0.0015043725673936361 0.00020228516151224311 7.9297565995049097e-05 -0.00023253176704347812 -3.1429827404129166e-05 0.0010145299333695519 -6.4574299192557457e-05
leaf_weight=9287 41 2147 2949 214 2622 179 1501 67 8298 78 557 59287 1037 92
leaf_count=9287 41 2147 2949 214 2622 179 1501 67 8298 78 557 59287 1037 92
internal_value=8.18282e-05 -5.37162e-06 -0.0012032 -0.00325921 0.000108932 0.00180471 -0.000112359 0.000752213 0.000447961 -0.00718487 0.000550537 3.96654e-05 0.00303512 0.00353853
internal_weight=88356 78186 6811 2361 71375 2801 4450 10170 8974 119 8855 68574 1196 1129
internal_count=88356 78186 6811 2361 71375 2801 4450 10170 8974 119 8855 68574 1196 1129
is_linear=0
shrinkage=0.05


Tree=157
num_leaves=15
num_cat=0
split_feature=1 18 5 12 13 22 5 19 21 19 20 3 18 21
split_gain=2.42637 2.89913 2.18178 5.49548 2.44258 2.05956 3.13804 6.83432 3.05763 2.93872 2.43034 1.89954 4.22291 1.99532
threshold=805.722590254392 99.937500000000014 0.52766072109828632 475.9500000000001 0.2408288955764501 1.0075655178206382 -0.13398594226331254 8.0312500000000018 1.1502186460870842 10.968750000000002 3.5543750000000007 -0.22695468355932411 98.562500000000014 0.47526501701601287
decision_type=2 2 2 2 2 2 2 2 2 2 2 2 2 2
left_child=5 11 4 -4 -3 8 7 -7 10 -8 -1 12 -2 -13
right_child=1 2 3 -5 -6 6 9 -9 -10 -11 -12 13 -14 -15
leaf_value=3.3563472283454441e-05 0.00042241857511369775 -0.0055377234857737871 5.4389017853363715e-07 -0.0030206216721171265 0.0010163588834242636 -0.0023697788854610945 0.00089107828162201348 0.00032252402545056942 -0.0047657469754748731 1.6941932158126562e-05 -0.00027787984029949451 0.0027686199066300739 -0.0052051178570070508 0.0008545342210063713
leaf_weight=56026 545 119 351 192 876 545 3330 1708 57 2803 16283 719 75 4782
leaf_count=56026 545 119 351 192 876 545 3330 1708 57 2803 16283 719 75 4782
internal_value=7.58392e-05 0.000926361 -0.0010143 -0.00356354 0.000376885 -4.82942e-06 0.000736943 -0.000858855 -9.07883e-05 0.00132317 -8.16632e-05 0.00141398 -0.00120968 0.00170969
internal_weight=88411 7659 1538 543 995 80752 8386 2253 72366 6133 72309 6121 620 5501
internal_count=88411 7659 1538 543 995 80752 8386 2253 72366 6133 72309 6121 620 5501
is_linear=0
shrinkage=0.05


Tree=158
num_leaves=12
num_cat=0
split_feature=15 13 6 13 6 20 5 18 9 1 22
split_gain=2.593 1.78849 1.60335 11.0493 2.65909 1.37038 1.29903 0.552044 0.496964 0.147049 0.0763182
threshold=844.50000000000011 0.017969622870310908 0.9989598388634241 0.26177282056401446 0.97461712852231652 2.5706250000000006 -0.099819732675876835 50.562500000000007 0.44933848402502424 840.93567534877741 0.94007337817053227
decision_type=2 2 2 2 2 2 2 2 2 2 2
left_child=1 5 4 -4 -3 8 -7 9 -1 -2 -11
right_child=7 2 3 -5 -6 6 -8 -9 -10 10 -12
leaf_value=0.00065845708807537847 0.00047287994995765778 1.0488187778367325e-05 0.00082442888110434019 -0.00094791477007053762 0.0008289848310567519 -0.00206225766191905 0.00011472283564640685 -0.00068820648552098324 0.0012703529121755115 0.0033304403525388827 0.0019075920478341234
leaf_weight=381 46 83203 492 320 3120 58 230 62 159 46 330
leaf_count=381 46 83203 492 320 3120 58 230 62 159 46 330
internal_value=0.000110631 9.05496e-05 6.85719e-05 -0.00214286 8.93738e-05 0.00240338 -0.000381944 0.00376033 0.00388889 0.00440758 0.00473404
internal_weight=88447 87963 87135 812 86323 828 288 484 540 422 376
internal_count=88447 87963 87135 812 86323 828 288 484 540 422 376
is_linear=0
shrinkage=0.05


Tree=159
num_leaves=15
num_cat=0
split_feature=0 18 13 5 20 19 9 21 6 3 5 9 9 9
split_gain=2.44532 2.76575 2.45615 2.09787 1.94406 5.79753 9.73758 5.61468 3.32806 6.34458 2.72847 1.49755 4.18651 1.52069
threshold=656.18474560666516 99.937500000000014 0.98280141840440283 0.52766072109828632 3.5943750000000008 1.9062500000000004 0.3762562434153543 0.095831333234125987 0.99981043035926087 1.0000000180025095e-35 0.99818282439137029 0.66643868980219823 0.67124805232663154 0.25918485246154938
decision_type=2 2 2 2 2 2 2 2 2 2 2 2 2 2
left_child=4 11 3 -3 8 6 -6 -7 10 -10 -1 13 -13 -2
right_child=1 2 -4 -5 5 7 -8 -9 9 -11 -12 12 -14 -15
leaf_value=8.9851941221780749e-05 -0.0035741523474714433 0.00082036314129929492 -0.0019438569775447117 -0.0014022174394364107 0.00015128919746252908 -0.0006823086714397512 -0.0041085853675654586 -9.5647679493844479e-05 -0.0015297255182851693 0.00011195960274625128 -0.0004225467687928003 -0.004602954379025052 0.00053983609937599162 0.0022803003178754095
leaf_weight=64100 148 837 55 420 131 421 124 16213 93 163 754 55 1784 3172
leaf_count=64100 148 837 55 420 131 421 124 16213 93 163 754 55 1784 3172
internal_value=9.2687e-05 0.00102843 -0.00102134 -0.000568814 1.88419e-05 -0.000459174 -0.00794118 -0.000344475 0.000142835 -0.00554687 0.000165295 0.00154972 0.000405112 0.00218374
internal_weight=88470 6471 1312 1257 81999 16889 255 16634 65110 256 64854 5159 1839 3320
internal_count=88470 6471 1312 1257 81999 16889 255 16634 65110 256 64854 5159 1839 3320
is_linear=0
shrinkage=0.05


Tree=160
num_leaves=14
num_cat=0
split_feature=22 21 5 12 19 19 2 22 6 13 6 22 18
split_gain=2.35721 4.73079 8.79949 6.77145 6.21724 4.13114 4.47422 3.41235 4.52071 3.21723 2.8516 2.18476 1.45456
threshold=0.9381407681654238 0.88566065141372363 -0.99866806308218525 92.850000000000009 14.218750000000002 33.218750000000007 0.81188464222235857 0.8417715024145862 -0.99938741687870725 0.85322284288055295 0.96407344085605606 0.9317263371893949 17.437500000000004
decision_type=2 2 2 2 2 2 2 2 2 2 2 2 2
left_child=1 7 4 -4 -3 9 -7 8 -1 10 -2 -9 -11
right_child=5 2 3 -5 -6 6 -8 11 -10 12 -12 -13 -14
leaf_value=-0.001377232457504181 2.4947606340774976e-05 -0.0057819393090115957 -0.0015522075502569588 4.5263907407746703e-05 -0.0058271253071942699 -0.00063827330098126245 0.00042384186766613804 0.0012040205674074018 8.9479385294716223e-07 0.00055290408160087287 0.003572518652278275 -0.0044783864120200656 0.00057787189962789809
leaf_weight=703 13392 49 2150 4305 58 43 41 5831 57634 1770 551 210 1816
leaf_count=703 13392 49 2150 4305 58 43 41 5831 57634 1770 551 210 1816
internal_value=6.79256e-05 -6.06144e-05 -0.00133953 -0.0011038 -0.0155607 0.000585647 -0.0104762 6.97445e-05 -4.73968e-05 0.000638656 0.00029513 0.00120096 0.00197434
internal_weight=88553 70940 6562 6455 107 17613 84 64378 58337 17529 13943 6041 3586
internal_count=88553 70940 6562 6455 107 17613 84 64378 58337 17529 13943 6041 3586
is_linear=0
shrinkage=0.05


Tree=161
num_leaves=15
num_cat=0
split_feature=15 17 6 5 9 9 16 20 13 20 7 21 1 2
split_gain=2.85914 1.92928 4.71753 3.65216 2.37514 3.08133 2.34645 1.86505 0.277875 0.317081 0.439024 0.1489 4.44089e-16 4.44089e-16
threshold=844.50000000000011 168.50000000000003 0.16587474750015932 0.9193901325473397 0.7627949850588478 0.76133632535529028 485.2000000000001 4.7581250000000006 0.91351480394684714 3.5343750000000007 12.625000000000002 0.97558702407764564 896.4393850652732 0.86840007536802266
decision_type=2 2 2 2 2 2 2 2 2 2 2 2 2 2
left_child=1 4 3 -3 5 -1 -6 -4 9 11 -11 -2 13 -10
right_child=8 2 7 -5 6 -7 -8 -9 12 10 -12 -13 -14 -15
leaf_value=-4.11931066017566e-05 0.0025339086990869165 0.00043418461464733715 0.0032221144028569712 -0.00086309662998990035 0.0016797687112795438 -0.0032428244155406406 -0.00012672883493442094 -0.00099219064714655119 0.0020243513502644223 0.00080983351722797186 -0.0012599667321768406 0.00098112691194001344 0.0050022585837814996 0.0023846046841913397
leaf_weight=62831 43 17810 1946 2860 1096 192 1006 182 92 41 41 106 53 116
leaf_count=62831 43 17810 1946 2860 1096 192 1006 182 92 41 41 106 53 116
internal_value=8.11516e-05 5.98821e-05 0.000455742 0.000224964 -7.86946e-05 -0.00013384 0.00157469 0.00269737 0.00388211 0.00261905 0.000121951 0.00399329 0.005 0.005
internal_weight=88415 87923 22798 20670 65125 63023 2102 2128 492 231 82 149 261 208
internal_count=88415 87923 22798 20670 65125 63023 2102 2128 492 231 82 149 261 208
is_linear=0
shrinkage=0.05


Tree=162
num_leaves=15
num_cat=0
split_feature=22 2 18 20 6 6 5 5 6 6 5 22 17 7
split_gain=2.26121 2.1753 2.90103 2.5905 2.03543 6.65508 6.36806 1.49148 1.06553 3.58984 1.14257 0.877636 0.893289 0.112482
threshold=1.2776318783900091 0.79883948922554626 99.187500000000014 4.0631250000000012 0.14888728888808328 0.1318557721318592 0.42958674266195179 -0.65234524191686594 0.71353761266622884 0.84199059757024453 0.26866988313759588 1.3593331046759387 28.500000000000004 22.625000000000004
decision_type=2 2 2 2 2 2 2 2 2 2 2 2 2 2
left_child=1 4 7 -4 5 -1 -6 -3 11 -10 -11 12 -2 -13
right_child=8 2 3 -5 6 -7 -8 -9 9 10 -12 13 -14 -15
leaf_value=-6.3742166400931893e-05 -0.0010754924116946573 -0.00020002548614394817 -0.0011365668354075369 0.0025642019933804767 -0.00012236512113399933 -0.0017327105588887341 0.00073697236398075495 0.0010064241676828382 -0.0037372331314004139 0.0068602022663435862 -0.00096435558984923312 0.0030787042399969102 0.0041672127406418681 0.0029279444710911227
leaf_weight=46218 248 169 1591 424 21091 440 11222 6104 42 122 68 421 249 58
leaf_count=46218 248 169 1591 424 21091 440 11222 6104 42 122 68 421 249 58
internal_value=7.8391e-05 4.86485e-05 0.000819257 -0.000831265 -3.22268e-05 -0.000243474 0.000272801 0.00134943 0.00222682 -0.000818965 0.00210526 0.00295082 0.00147887 0.00447808
internal_weight=88467 87259 8288 2015 78971 46658 32313 6273 1208 232 190 976 497 479
internal_count=88467 87259 8288 2015 78971 46658 32313 6273 1208 232 190 976 497 479
is_linear=0
shrinkage=0.05


Tree=163
num_leaves=11
num_cat=0
split_feature=15 22 19 0 15 18 6 16 1 7
split_gain=2.15179 2.10092 1.80654 1.82694 1.46679 0.768642 0.611728 0.480372 0.297752 0.114839
threshold=844.50000000000011 1.3593331046759387 -2.1312499999999996 189.05764101487122 58.500000000000007 50.562500000000007 0.95178258287705175 24.450000000000003 840.93567534877741 22.875000000000004
decision_type=2 2 2 2 2 2 2 2 2 2
left_child=1 2 7 -4 6 8 -3 -1 -2 -10
right_child=5 4 3 -5 -6 -7 -8 -9 9 -11
leaf_value=-8.0121109681049454e-05 0.00010085490129234654 0.002727233526018516 -0.00015197223071704242 6.2404943336765453e-05 -0.0027411400653405446 -0.00082915821038293067 -0.00051472293996773224 0.00066219732571906652 0.0017419074241769195 0.0017878331604052455
leaf_weight=40 41 518 27957 59020 40 69 42 267 316 65
leaf_count=40 41 518 27957 59020 40 69 42 267 316 65
internal_value=6.98729e-05 5.14316e-05 3.11628e-05 1.76485e-05 0.003 0.00337067 0.00366071 0.00385993 0.00417062 0.0046063
internal_weight=88375 87884 87284 86977 600 491 560 307 422 381
internal_count=88375 87884 87284 86977 600 491 560 307 422 381
is_linear=0
shrinkage=0.05


Tree=164
num_leaves=13
num_cat=0
split_feature=15 13 22 21 19 20 21 13 19 18 22 2
split_gain=2.43562 1.95337 1.55878 4.97748 4.86333 1.26585 0.825693 0.693826 0.746359 0.499467 0.0416426 4.44089e-16
threshold=844.50000000000011 0.017969622870310908 0.9381407681654238 0.88935122622285934 33.218750000000007 2.9756250000000009 0.54714842730185176 0.88163982510626748 22.968750000000004 88.187500000000014 0.9640247933089886 0.86100355852401067
decision_type=2 2 2 2 2 2 2 2 2 2 2 2
left_child=1 5 3 -3 -4 9 -7 8 -2 -1 -9 -12
right_child=7 2 4 -5 -6 6 -8 10 -10 -11 11 -13
leaf_value=0.00074725944361230727 0.0020278527098869909 4.4487088687144708e-05 0.00012402945788715037 -0.00090473332904879929 -0.00063817162936226639 7.0200517864735116e-05 -0.0012828941735467865 0.0020647265276129002 -0.0013315623563754349 0.00040692283753753682 0.0011754419158355048 0.0027943790368898606
leaf_weight=408 70 63659 16864 6178 58 139 74 76 47 228 116 172
leaf_count=408 70 63659 16864 6178 58 139 74 76 47 228 116 172
internal_value=0.00010041 8.09289e-05 5.75735e-05 -4.67515e-05 0.000488122 0.00246761 -0.000868544 0.00364865 0.000299145 0.00358491 0.00472527 0.005
internal_weight=88089 87608 86759 69837 16922 849 213 481 117 636 364 288
internal_count=88089 87608 86759 69837 16922 849 213 481 117 636 364 288
is_linear=0
shrinkage=0.05


Tree=165
num_leaves=13
num_cat=0
split_feature=15 13 18 0 5 13 18 12 22 7 3 1
split_gain=2.17544 1.53236 1.6387 1.62358 4.23062 1.96655 1.49126 1.03613 0.229486 0.294039 0.0220674 4.44089e-16
threshold=844.50000000000011 0.017969622870310908 72.937500000000014 189.05764101487122 -0.99866806308218525 0.17597566537681111 50.562500000000007 8.8500000000000014 0.9640247933089886 17.125000000000004 -0.9733555533461492 896.4393850652732
decision_type=2 2 2 2 2 2 2 2 2 2 2 2
left_child=1 2 10 4 -3 -5 8 -4 9 -2 -1 -10
right_child=6 3 7 5 -6 -7 -8 -9 11 -11 -12 -13
leaf_value=0.0020009636027378433 0.002537917639535872 -0.0021813791992912417 -0.00013195615485762092 -0.00036385763284819034 -9.5759022458212877e-05 0.00011147369276190978 -0.0020912180655114129 0.0047637208087993365 0.0013089195957341482 4.3714119382702327e-05 0.00071831484088069597 0.0044792906184860995
leaf_weight=40 44 374 386 5032 27832 53937 62 95 300 43 301 45
leaf_count=40 44 374 386 5032 27832 53937 62 95 300 43 301 45
internal_value=7.18154e-05 5.32406e-05 0.00220195 3.29798e-05 -0.000279018 0.000182215 0.00338057 0.000322246 0.0044213 0.00212644 0.00485337 0.005
internal_weight=88491 87997 822 87175 28206 58969 494 481 432 87 341 345
internal_count=88491 87997 822 87175 28206 58969 494 481 432 87 341 345
is_linear=0
shrinkage=0.05


Tree=166
num_leaves=12
num_cat=0
split_feature=15 6 6 5 5 5 6 18 19 7 5
split_gain=2.23955 1.99418 5.87785 12.857 4.61782 7.28175 3.12674 0.888719 0.385081 0.176036 0.0818812
threshold=844.50000000000011 0.97461712852231652 0.94636490295939868 0.26866988313759588 0.13398903995667991 0.099822040462190967 0.84199059757024453 50.562500000000007 2.4562500000000003 22.875000000000004 0.77788564761185042
decision_type=2 2 2 2 2 2 2 2 2 2 2
left_child=1 2 6 -4 5 -3 -1 9 -6 10 -2
right_child=7 4 3 -5 8 -7 -8 -9 -10 -11 -12
leaf_value=-2.8073875022523276e-07 0.0020538464195366708 0.00029575022911760564 0.00019289509253147988 -0.0020843941836533467 0.002179431551003684 -0.001775802093497074 0.00054737586959558153 -0.00072310520289484885 0.00051619246944521844 0.0016298723408618378 0.00047832504804101375
leaf_weight=77750 316 2729 1174 646 816 306 4450 64 93 64 43
leaf_count=77750 316 2729 1174 646 816 306 4450 64 93 64 43
internal_value=7.86313e-05 5.99111e-05 8.33154e-06 -0.0028022 0.00115872 0.000222405 7.05598e-05 0.00345996 0.00428493 0.00429078 0.00472145
internal_weight=88451 87964 84020 1820 3944 3035 82200 487 909 423 359
internal_count=88451 87964 84020 1820 3944 3035 82200 487 909 423 359
is_linear=0
shrinkage=0.05


Tree=167
num_leaves=16
num_cat=0
split_feature=13 20 12 22 5 6 6 18 5 21 4 19 19 16 3
split_gain=1.74615 1.75507 1.72116 2.31713 2.73052 1.54324 9.88368 4.37876 1.15563 1.41484 0.853893 0.525 0.48557 0.912884 0.0225517
threshold=0.017969622870310908 3.2781250000000006 609.15000000000009 0.55455967546178531 0.29342972903661901 0.97461712852231652 0.94636490295939868 99.937500000000014 0.3504237462291826 0.54714842730185176 -0.95642797789208689 7.3687500000000012 6.9312500000000012 4.0500000000000007 0.032701564615071628
decision_type=2 2 2 2 2 2 2 2 2 2 2 2 2 2 2
left_child=1 12 5 4 -4 6 -2 -7 9 -3 -5 -10 14 -14 -1
right_child=2 8 3 10 -6 7 -8 -9 11 -11 -12 -13 13 -15 -16
leaf_value=0.00047166743634225968 8.8931071543174586e-06 1.2723209276574401e-05 0.00065686309436256284 0.0036245263552704705 -0.0017253423218951778 0.00083420348071176179 -0.0011310979751264806 -0.0005092725211485403 -0.00044113320047696469 -0.0028720247478001256 0.00096645224689790351 0.0022859045243870525 -0.00019108495950390653 0.0022825311964151194 0.00063388820572213788
leaf_weight=120 80872 44 99 722 77 3319 1643 578 40 47 422 56 91 190 251
leaf_count=120 80872 44 99 722 77 3319 1643 578 40 47 422 56 91 190 251
internal_value=4.80407e-05 0.00231824 2.63304e-05 0.00181818 -0.00352273 -1.04134e-06 -4.6961e-05 0.00097126 -0.00195187 -0.00598901 0.00263986 0.001875 0.00354294 0.00197509 0.00473046
internal_weight=88571 839 87732 1320 176 86412 82515 3897 187 91 1144 96 652 281 371
internal_count=88571 839 87732 1320 176 86412 82515 3897 187 91 1144 96 652 281 371
is_linear=0
shrinkage=0.05


Tree=168
num_leaves=15
num_cat=0
split_feature=13 12 22 12 22 19 17 18 5 22 4 20 6 0
split_gain=2.02009 1.76523 3.06855 1.61547 1.58913 2.67984 1.75158 1.31052 1.01304 2.81248 0.823947 0.616873 0.0215167 4.44089e-16
threshold=0.017969622870310908 609.15000000000009 0.47758172897001266 643.95000000000016 1.3593331046759387 -0.50624999999999987 32.500000000000007 72.937500000000014 -0.12546116083924153 0.25793148804266902 -0.16280825711808977 2.3631250000000006 -0.75581183015052977 231.7633983386587
decision_type=2 2 2 2 2 2 2 2 2 2 2 2 2 2
left_child=7 4 3 -3 6 -6 -2 12 9 -9 -10 -4 -1 -14
right_child=1 2 11 -5 5 -7 -8 8 10 -11 -12 -13 13 -15
leaf_value=0.0017868028997177071 -0.00024793768566201138 -0.00054532708505475574 0.0018762887813441763 -0.0011947248918614346 -0.0033079626382224469 0.0025848374839430054 3.3989284998452568e-05 0.00041463579965981818 0.00015017921671785494 -0.0027514283294515114 -0.00099799883124587828 0.0022551374827964698 0.00081623712214607444 0.00046890297993036547
leaf_weight=41 14114 95 440 58 41 517 71611 44 301 45 89 726 267 40
leaf_count=41 14114 95 440 58 41 517 71611 44 301 45 89 726 267 40
internal_value=6.1575e-05 3.83555e-05 0.00185368 -0.00480392 1.06048e-05 0.00267025 -6.70731e-06 0.00252116 0.000824635 -0.00398876 0.00192308 0.00272727 0.00485632 0.005
internal_weight=88429 87602 1319 153 86283 558 85725 827 479 89 390 1166 348 307
internal_count=88429 87602 1319 153 86283 558 85725 827 479 89 390 1166 348 307
is_linear=0
shrinkage=0.05


Tree=169
num_leaves=16
num_cat=0
split_feature=13 9 5 17 9 6 6 22 20 15 0 1 18 9 6
split_gain=2.10041 1.94193 2.35873 3.58989 2.93575 1.57303 6.29152 3.75704 1.50473 0.964918 1.51285 0.944017 0.453663 0.623524 0.0212121
threshold=0.017969622870310908 0.74445345375089367 -0.30983472475487867 247.50000000000003 0.75296188528120822 -0.98521978256641018 -0.98212955754013376 0.45723898772347737 2.9756250000000009 33.500000000000007 206.54975521145869 17.31359425042708 83.937500000000014 0.44933848402502424 0.95436825032516992
decision_type=2 2 2 2 2 2 2 2 2 2 2 2 2 2 2
left_child=8 5 3 -3 -4 7 -7 -2 12 11 -11 -10 14 -14 -1
right_child=1 2 4 -5 -6 6 -8 -9 9 10 -12 -13 13 -15 -16
leaf_value=0.00067095997937138569 -0.0007418671629786847 -0.00011117662520768754 0.0031849790306249684 -0.0089117672482245738 0.00037450049857191097 -0.0027152816478072522 -1.0618728521286092e-05 0.00090609394979669253 -0.00043607925920939578 -0.00094062375789055882 0.00074701109028869265 7.8359870663339548e-05 0.00040305021445222796 -0.00051424462259188882 0.0070265070860265795
leaf_weight=343 822 661 623 40 3827 446 76926 4167 40 41 42 104 154 88 42
leaf_count=343 822 661 623 40 3827 446 76926 4167 40 41 42 104 154 88 42
internal_value=7.33316e-05 4.92506e-05 0.00099107 -0.00170471 0.00141573 -9.65244e-06 -6.51397e-05 0.000850872 0.00254098 -0.000947136 -0.00524096 0.00152778 0.00380383 0.00210744 0.00487013
internal_weight=88366 87512 5151 701 4450 82361 77372 4989 854 227 83 144 627 242 385
internal_count=88366 87512 5151 701 4450 82361 77372 4989 854 227 83 144 627 242 385
is_linear=0
shrinkage=0.05


Tree=170
num_leaves=14
num_cat=0
split_feature=13 5 4 5 6 20 21 4 4 19 22 3 0
split_gain=2.47135 1.8456 1.68736 3.41343 2.33279 1.08147 1.04688 0.503291 0.482681 0.472106 0.101576 0.0570397 2.22045e-16
threshold=0.017969622870310908 0.99995780822346225 -0.97335555334614932 0.93237596376505805 0.99958851518450398 3.2781250000000006 0.54714842730185176 -0.16280825711808977 -0.032701564615071545 5.543750000000002 0.56908084290481076 -0.72947329433276231 266.31013541414808
decision_type=2 2 2 2 2 2 2 2 2 2 2 2 2
left_child=5 2 3 -2 -4 7 9 11 -9 -7 -3 -1 -12
right_child=1 10 4 -5 -6 6 -8 8 -10 -11 12 -13 -14
leaf_value=0.00050906657818225096 0.0004480604856616111 0.0011117932915471909 -1.3516672424662515e-05 -0.00076277584512361718 -0.00053310416526648752 -5.283621095577163e-05 -0.00073366373937897857 -0.0013616740831685259 0.0016563992862279845 0.0018274889972708522 0.0021356316353568698 0.00054220317447014113 0.0024112738710781096
leaf_weight=102 12121 65 73295 1516 393 55 58 43 143 62 57 370 122
leaf_count=102 12121 65 73295 1516 393 55 58 43 143 62 57 370 122
internal_value=6.85507e-05 4.27665e-05 3.06329e-05 0.000541542 -6.3918e-05 0.00277911 -0.000714286 0.00370821 0.00150538 0.00200855 0.00438525 0.00457627 0.005
internal_weight=88402 87569 87325 13637 73688 833 175 658 186 117 244 472 179
internal_count=88402 87569 87325 13637 73688 833 175 658 186 117 244 472 179
is_linear=0
shrinkage=0.05


Tree=171
num_leaves=13
num_cat=0
split_feature=22 6 5 3 6 18 6 16 6 12 7 7
split_gain=1.8952 1.80871 7.20052 9.02042 2.17325 4.91825 4.07275 1.88198 1.50523 2.53055 0.287559 0.0751044
threshold=1.3593331046759387 0.99981043035926087 0.013976441590891219 1.0000000180025095e-35 0.97461712852231652 92.562500000000014 0.95436825032516992 61.750000000000007 0.71353761266622884 15.150000000000002 22.625000000000004 18.125000000000004
decision_type=2 2 2 2 2 2 2 2 2 2 2 2
left_child=1 4 7 -4 6 -6 -1 -3 10 -10 11 -2
right_child=8 2 3 -5 5 -7 -8 -9 9 -11 -12 -13
leaf_value=2.1817729028541221e-05 0.0026117060625064064 0.0017229209534451364 -0.0017780249479672633 -0.00013517938484916312 0.0012434708570354344 -0.00048260529687353519 -0.00095892901922178635 -0.00045640703024684039 0.0011449602423507451 -0.0031411291186131257 0.0024410591356487659 0.0040825132678775373
leaf_weight=82372 344 174 62 90 2639 877 1334 41 55 52 60 82
leaf_count=82372 344 174 62 90 2639 877 1334 41 55 52 60 82
internal_value=7.49588e-05 5.58862e-05 -0.00344687 -0.0117763 7.06246e-05 0.0012884 1.94731e-05 0.00244186 0.00289207 -0.00247664 0.00407407 0.00453052
internal_weight=88182 87589 367 152 87222 3516 83706 215 593 107 486 426
internal_count=88182 87589 367 152 87222 3516 83706 215 593 107 486 426
is_linear=0
shrinkage=0.05


Tree=172
num_leaves=15
num_cat=0
split_feature=9 9 4 20 6 22 6 4 16 17 7 20 12 13
split_gain=1.99574 2.74782 2.80959 2.43232 2.19897 4.10719 3.85173 1.8144 1.73972 4.28935 1.68258 1.30371 1.27734 0.970963
threshold=0.7627949850588478 0.76133632535529028 0.13052619222005193 3.9543750000000011 -0.98521978256641018 0.58209161818374422 -0.97874870457683594 -0.68322629814330815 466.55000000000007 71.500000000000014 9.1250000000000018 4.3931250000000013 630.9000000000002 0.4576877158022416
decision_type=2 2 2 2 2 2 2 2 2 2 2 2 2 2
left_child=1 4 10 8 5 -1 -6 12 13 -10 -3 -9 -5 -2
right_child=3 2 -4 7 6 -7 -8 11 9 -11 -12 -13 -14 -15
leaf_value=-0.000706012401096441 0.00010837562903957645 -0.0059504071807476386 -0.0049524550999155903 0.00044229252907563709 -0.002219100070272787 0.001047503305599983 7.5966495727018143e-07 -0.00056476999461523133 -0.0011354862947882155 0.00099409280305789191 -0.00011353859144048994 -0.0033226979802773618 -0.0015167159918648421 0.0021694393845006015
leaf_weight=1159 230 46 48 212 839 4342 78487 52 55 1299 209 50 41 1232
leaf_count=1159 230 46 48 212 839 4342 78487 52 55 1299 209 50 41 1232
internal_value=6.291e-05 1.7033e-05 -0.00473597 0.00129454 3.40106e-05 0.00100073 -3.30281e-05 -0.00260563 0.00178622 0.00049483 -0.00264706 -0.00823529 -0.000335968 0.00298222
internal_weight=88301 85130 303 3171 84827 5501 79326 355 2816 1354 255 102 253 1462
internal_count=88301 85130 303 3171 84827 5501 79326 355 2816 1354 255 102 253 1462
is_linear=0
shrinkage=0.05


Tree=173
num_leaves=14
num_cat=0
split_feature=6 5 3 0 6 6 5 18 13 6 9 16 0
split_gain=1.73063 8.59944 9.20932 2.75987 2.06107 5.752 24.5171 4.68613 8.15308 2.77917 1.8306 0.67518 2.22045e-16
threshold=0.99981043035926087 0.013976441590891219 1.0000000180025095e-35 140.75733084987027 0.97461712852231652 0.95436825032516992 0.26866988313759588 92.562500000000014 0.52839605644221033 0.84199059757024453 0.20238329161774835 21.850000000000005 175.01229361036914
decision_type=2 2 2 2 2 2 2 2 2 2 2 2 2
left_child=4 11 -3 -4 5 9 -7 10 -9 -1 -6 12 -2
right_child=1 2 3 -5 7 6 -8 8 -10 -11 -12 -13 -14
leaf_value=7.9657787900371258e-06 0.0017996261173617294 -0.0011811164710510359 -0.0011200228121873625 0.00040553260115971831 -0.00018460838986443103 0.00046420421320961735 -0.0021298984699417681 0.00054715238141655575 -0.0012046193498314029 0.00038370124255292834 0.0015882403556146457 -0.00015432730612408477 0.0015514148032394967
leaf_weight=78263 115 65 41 56 420 1029 321 615 263 4963 2264 54 42
leaf_count=78263 115 65 41 56 420 1029 321 615 263 4963 2264 54 42
internal_value=8.76164e-05 -0.00331099 -0.0119753 -0.00221649 0.000101999 5.23791e-05 -0.00318518 0.00128018 -0.00189066 0.000104895 0.00231744 0.00334123 0.005
internal_weight=88511 373 162 97 88138 84576 1350 3562 878 83226 2684 211 157
internal_count=88511 373 162 97 88138 84576 1350 3562 878 83226 2684 211 157
is_linear=0
shrinkage=0.05


Tree=174
num_leaves=12
num_cat=0
split_feature=9 6 20 4 9 6 22 19 4 0 13
split_gain=1.88975 2.38245 2.51194 2.90477 2.01345 2.12241 6.30453 2.19585 1.92885 2.42557 1.55962
threshold=0.7627949850588478 -0.99864786094873803 4.2631250000000014 -0.68322629814330815 0.76133632535529028 -0.99052477729077237 0.58571220149313818 23.793750000000006 0.13052619222005193 612.36680888493186 0.4576877158022416
decision_type=2 2 2 2 2 2 2 2 2 2 2
left_child=4 -2 10 -4 5 6 -1 -7 9 -6 -3
right_child=1 2 3 -5 8 7 -8 -9 -10 -11 -12
leaf_value=-0.00098347174335890165 -0.0058201024432814608 -0.00093428855909804826 4.6059031358053646e-05 -0.002743612108507495 0.0006927036593258627 1.0601522639179565e-05 0.0010743626331008525 -0.0002339822283405473 -0.0036942258228257197 -0.00520130941206314 0.0012404873714651401
leaf_weight=945 70 287 161 66 169 75317 3430 5043 46 89 2561
leaf_count=945 70 287 161 66 169 75317 3430 5043 46 89 2561
internal_value=6.03286e-05 0.00126391 0.00147154 -0.00359031 1.58165e-05 3.0389e-05 0.00110286 -2.79988e-05 -0.00404605 -0.00236434 0.001875
internal_weight=88184 3145 3075 227 85039 84735 4375 80360 304 258 2848
internal_count=88184 3145 3075 227 85039 84735 4375 80360 304 258 2848
is_linear=0
shrinkage=0.05


Tree=175
num_leaves=13
num_cat=0
split_feature=15 5 5 20 17 18 6 22 18 13 21 17
split_gain=1.71579 1.55865 4.37556 7.47251 3.34681 4.20496 3.13274 1.90704 1.29831 0.270074 0.456197 0.0211008
threshold=844.50000000000011 -0.93545489084327571 -0.91597725483594616 1.1493750000000003 154.50000000000003 6.6875000000000009 -0.34234976856068178 1.0185356811665678 50.562500000000007 0.89022168039656369 0.99360037938833767 152.50000000000003
decision_type=2 2 2 2 2 2 2 2 2 2 2 2
left_child=1 4 3 -3 5 -1 -6 -4 9 10 -2 -11
right_child=8 2 7 -5 6 -7 -8 -9 -10 11 -12 -13
leaf_value=0.0024397803887058899 0.0011035942804604505 -0.0020528427105482613 -1.361180402475109e-05 -0.00028056484495639914 -0.0023208029209394083 -0.00015032359232145193 0.0021614376172849389 0.00026351584457307855 -0.0015655910339634116 0.0013372020134672547 -0.00014215906507986987 0.0018055760344018439
leaf_weight=1067 61 496 69052 1117 128 6372 2714 6862 64 263 56 41
leaf_count=1067 61 496 69052 1117 128 6372 2714 6862 64 263 56 41
internal_value=7.54875e-05 5.91064e-05 -1.76066e-05 -0.00259454 0.000637584 7.99841e-05 0.00209711 3.71475e-05 0.00304124 0.00404988 0.00200855 0.00483553
internal_weight=88293 87808 77527 1613 10281 7439 2842 75914 485 421 117 304
internal_count=88293 87808 77527 1613 10281 7439 2842 75914 485 421 117 304
is_linear=0
shrinkage=0.05


Tree=176
num_leaves=12
num_cat=0
split_feature=15 21 6 18 19 15 16 18 3 18 7
split_gain=1.81656 1.61897 1.45704 6.19362 3.43716 1.35288 1.10795 0.853129 0.27891 0.226913 0.0865634
threshold=844.50000000000011 1.3454671386834056 -0.9575230291762723 99.937500000000014 23.493750000000006 40.500000000000007 182.85000000000005 43.062500000000007 -0.097964660725097089 67.312500000000014 21.875000000000004
decision_type=2 2 2 2 2 2 2 2 2 2 2
left_child=1 2 3 -1 -4 9 -7 8 -2 -3 -10
right_child=7 5 4 -5 -6 6 -8 -9 10 -11 -12
leaf_value=0.00076724714536297598 0.0003691850148707759 0.0025262126137323743 1.6477286205094883e-05 -0.0010207518744060589 -0.00040603443427630892 -0.0032965824010431168 0.00025378941607448908 -0.00043604330158291977 0.0011333190317845603 0.001054617633735375 0.0012840129029230104
leaf_weight=8371 61 373 71897 1868 5078 52 80 73 267 90 80
leaf_count=8371 61 373 71897 1868 5078 52 80 73 267 90 80
internal_value=6.45602e-05 4.77743e-05 3.00412e-05 0.00059039 -4.44948e-05 0.00264706 -0.00181818 0.0031289 0.00401961 0.00392009 0.00456772
internal_weight=88290 87809 87214 10239 76975 595 132 481 408 463 347
internal_count=88290 87809 87214 10239 76975 595 132 481 408 463 347
is_linear=0
shrinkage=0.05


Tree=177
num_leaves=12
num_cat=0
split_feature=15 22 15 3 6 6 18 6 12 4 22
split_gain=1.83828 1.50389 2.53342 1.44807 4.26382 2.74487 0.874834 0.550413 0.255658 0.418118 0.103619
threshold=844.50000000000011 1.3593331046759387 58.500000000000007 -0.29012925520284066 -0.99864786094873803 -0.99864786094873803 55.187500000000007 0.95178258287705175 566.25000000000011 -0.98611507088852035 0.9640247933089886
decision_type=2 2 2 2 2 2 2 2 2 2 2
left_child=1 3 7 4 -1 -5 8 -3 9 -2 -10
right_child=6 2 -4 5 -6 -7 -8 -9 10 -11 -12
leaf_value=-0.0015909427467179086 0.0033352412418084947 0.00205997796809299 -0.0029992672853278671 0.0011792471943852939 -7.7117426441748098e-05 5.3630178183686406e-05 -0.00065775861872916788 -0.00029892014886334249 0.001213459591849613 -0.0002088238532070113 0.0010051249390783238
leaf_weight=724 40 507 42 1047 29805 55739 59 43 62 42 294
leaf_count=724 40 507 42 1047 29805 55739 59 43 62 42 294
internal_value=5.62194e-05 3.90756e-05 0.00255068 2.20468e-05 -0.000255658 0.000171345 0.00308853 0.00345455 0.00385845 0.00134146 0.0044382
internal_weight=88404 87907 592 87315 30529 56786 497 550 438 82 356
internal_count=88404 87907 592 87315 30529 56786 497 550 438 82 356
is_linear=0
shrinkage=0.05


Tree=178
num_leaves=13
num_cat=0
split_feature=15 5 1 19 19 5 19 7 12 19 17 22
split_gain=1.87452 1.51665 4.10332 4.00999 3.2953 1.6824 2.64032 1.38391 0.878916 1.01637 0.123377 0.0829304
threshold=844.50000000000011 0.9193901325473397 657.11318920023916 21.843750000000004 17.406250000000004 0.89017062131308955 2.193750000000001 18.875000000000004 595.05000000000007 22.968750000000004 150.50000000000003 0.94955427672171255
decision_type=2 2 2 2 2 2 2 2 2 2 2 2
left_child=1 5 3 -3 -4 7 -7 -1 9 10 -2 -10
right_child=8 2 4 -5 -6 6 -8 -9 11 -11 -12 -13
leaf_value=0.0001129930782831537 0.00036305295385484216 4.3886910615774381e-05 -0.0014687080531162004 -0.0048450499164150954 0.00028102361825597179 -0.0036582157558117559 0.00084072747801176839 -0.00011111655512037158 0.0029474130771907137 -0.00062487068461745216 0.00061223597960472192 0.0012409593982940711
leaf_weight=53774 57 9199 1960 81 424 46 1891 20773 42 69 42 283
leaf_count=53774 57 9199 1960 81 424 46 1891 20773 42 69 42 283
internal_value=9.98975e-05 8.2702e-05 -0.000448388 2.69398e-05 -0.00229866 0.000163695 0.00161848 0.000125894 0.00317444 0.000238095 0.00348485 0.00469231
internal_weight=88641 88148 11664 9280 2384 76484 1937 74547 493 168 99 325
internal_count=88641 88148 11664 9280 2384 76484 1937 74547 493 168 99 325
is_linear=0
shrinkage=0.05


Tree=179
num_leaves=12
num_cat=0
split_feature=15 13 0 5 6 18 18 12 12 9 22
split_gain=1.92164 1.54243 1.52636 3.61173 1.88107 1.34438 1.03178 0.775966 0.34857 0.0853286 0.056529
threshold=844.50000000000011 0.017969622870310908 189.05764101487122 -0.99985146406598202 0.16587474750015932 72.937500000000014 50.562500000000007 8.8500000000000014 566.25000000000011 0.61604274772152989 0.9640247933089886
decision_type=2 2 2 2 2 2 2 2 2 2 2
left_child=1 5 3 -3 -4 9 8 -7 -2 -1 -10
right_child=6 2 4 -5 -6 7 -8 -9 10 -11 -12
leaf_value=0.00053699513065553551 0.00055382577494159774 -0.0014948456582014854 2.0163901693768292e-07 -0.00010873381136698906 0.00030613620951193822 -4.1438726868931288e-05 -0.00069078789395390688 0.003744101911725424 0.0013047591307067206 0.0082659799995679819 0.00091660868225654387
leaf_weight=286 74 123 42624 28083 16333 396 65 100 59 41 296
leaf_count=286 74 123 42624 28083 16333 396 65 100 59 41 296
internal_value=6.83772e-05 5.09174e-05 3.05751e-05 -0.000271928 0.000175297 0.00220535 0.00317814 0.000564516 0.0040676 0.00469419 0.00471831
internal_weight=88480 87986 87163 28206 58957 823 494 496 429 327 355
internal_count=88480 87986 87163 28206 58957 823 494 496 429 327 355
is_linear=0
shrinkage=0.05


Tree=180
num_leaves=12
num_cat=0
split_feature=15 13 3 2 3 18 18 5 3 9 9
split_gain=1.54784 1.4935 1.46934 2.93356 1.87664 1.38638 0.968319 0.854937 0.383787 0.197091 0.0806776
threshold=844.50000000000011 0.017969622870310908 -0.98611507088852024 0.29189081400197364 -0.8814490726585632 70.312500000000014 50.562500000000007 0.92602006027323147 -0.097964660725097089 0.67255902837887527 0.61604274772152989
decision_type=2 2 2 2 2 2 2 2 2 2 2
left_child=1 5 3 -3 -4 10 8 -7 -2 -10 -1
right_child=6 2 4 -5 -6 7 -8 -9 9 -11 -12
leaf_value=0.00051116837685702464 0.00020991382568662714 0.00092750402003769774 -0.00056180093082035297 -0.0017271414730960699 9.1125118677558316e-06 5.8175431055247639e-05 -0.00069290326810566227 -0.0010549036619107426 0.0006604302782705115 0.0010426534560226493 0.0090969552072648462
leaf_weight=281 60 3106 5949 134 77931 447 63 52 61 304 43
leaf_count=281 60 3106 5949 134 77931 447 63 52 61 304 43
internal_value=4.0201e-05 2.46184e-05 4.59155e-06 0.00104938 -3.57652e-05 0.00214459 0.00284836 0.000490982 0.00370588 0.00431507 0.00469136
internal_weight=88431 87943 87120 3240 83880 823 488 499 425 365 324
internal_count=88431 87943 87120 3240 83880 823 488 499 425 365 324
is_linear=0
shrinkage=0.05


Tree=181
num_leaves=15
num_cat=0
split_feature=12 22 12 5 5 17 9 6 17 22 20 19 1 3
split_gain=1.61617 2.44555 2.07025 1.57307 4.28741 7.80707 3.77994 5.43342 2.95402 1.79017 1.07372 0.877666 1.82222 0.602805
threshold=609.15000000000009 0.55455967546178531 643.95000000000016 -0.93545489084327571 -0.91597725483594616 32.500000000000007 0.24225393111440596 -0.12545862287572049 151.50000000000003 1.0261534176440932 3.0668750000000009 17.131250000000005 849.34054962067728 -0.29012925520284066
decision_type=2 2 2 2 2 2 2 2 2 2 2 2 2 2
left_child=3 2 10 6 5 -5 7 -1 -8 -6 -2 12 -3 -13
right_child=1 11 -4 4 9 -7 8 -9 -10 -11 -12 13 -14 -15
leaf_value=-0.0010389308507438211 -0.00062135678213890995 0.0034069763164998046 -0.001430846578569784 -0.0019441971490966868 -2.0778739343153831e-05 -0.00050843956512350936 0.0002513200330499724 -0.00015602198623319711 0.0022163982163106036 0.00025644900005776787 0.0026150672269549292 -0.0017595427185065323 -0.0042856862268773532 0.0022065826565913931
leaf_weight=291 43 41 62 441 69166 1172 6181 1096 2716 5986 57 46 40 1024
leaf_count=291 43 41 62 441 69166 1172 6181 1096 2716 5986 57 46 40 1024
internal_value=6.00939e-05 0.00180122 -0.00395062 3.38317e-05 -4.39652e-05 -0.00259454 0.000614547 -0.00181327 0.000993032 1.07783e-05 0.0005 0.00261077 -0.00240741 0.00299065
internal_weight=88362 1313 162 87049 76765 1613 10284 1387 8897 75152 100 1151 81 1070
internal_count=88362 1313 162 87049 76765 1613 10284 1387 8897 75152 100 1151 81 1070
is_linear=0
shrinkage=0.05


Tree=182
num_leaves=14
num_cat=0
split_feature=12 22 17 5 22 19 5 5 9 20 5 16 5
split_gain=1.7229 3.20155 2.67011 1.95496 1.56318 1.82384 1.32364 3.56783 3.28091 0.86774 1.32327 0.376563 0.338414
threshold=601.35000000000014 0.52766001703440468 283.50000000000006 0.29342972903661901 1.3593331046759387 -0.69374999999999987 -0.93545489084327571 -0.91597725483594616 0.67255902837887527 2.3631250000000006 -0.30983472475487867 42.750000000000007 -0.58482361983252518
decision_type=2 2 2 2 2 2 2 2 2 2 2 2 2
left_child=4 2 3 -2 6 -6 8 -8 -1 10 -3 -7 -11
right_child=1 9 -4 -5 5 11 7 -9 -10 12 -12 -13 -14
leaf_value=0.00014337979169508198 0.0017438121241348554 -0.0011321018021236461 -0.0034889986205892455 -0.0010906011229463682 -0.0028676962989310668 -0.00017901010750683566 -0.0011519353230575653 -7.3383384510679155e-06 0.0023074386963996166 -0.0016707940637935169 0.0019778750256560398 0.0025658573070232674 0.0015707604252772761
leaf_weight=9282 83 72 41 67 46 40 1640 74496 1047 42 477 497 849
leaf_count=9282 83 72 41 67 46 40 1640 74496 1047 42 477 497 849
internal_value=4.84333e-05 0.00165849 -0.00442408 -0.00133333 1.8266e-05 0.00259863 8.67589e-07 -7.11882e-05 0.000531997 0.00246528 0.00090164 0.00341713 0.00342873
internal_weight=88679 1631 191 150 87048 583 86465 76136 10329 1440 549 537 891
internal_count=88679 1631 191 150 87048 583 86465 76136 10329 1440 549 537 891
is_linear=0
shrinkage=0.05


Tree=183
num_leaves=14
num_cat=0
split_feature=15 7 5 5 17 6 17 21 17 21 17 22 16
split_gain=1.75321 1.36686 1.66489 4.95603 2.19917 1.54598 1.90049 1.30462 0.557792 0.898027 0.259259 0.191187 0.0125
threshold=844.50000000000011 18.875000000000004 0.9193901325473397 0.92602006027323147 146.50000000000003 -0.98521978256641018 78.500000000000014 0.94119948285498889 151.50000000000003 0.99360037938833767 108.50000000000001 0.9640247933089886 778.55000000000007
decision_type=2 2 2 2 2 2 2 2 2 2 2 2 2
left_child=1 2 4 -4 -1 6 -3 -7 10 12 -2 -12 -10
right_child=8 5 3 -5 -6 7 -8 -9 9 -11 11 -13 -14
leaf_value=9.3383774881605025e-06 0.00017358791289676101 -0.0010474404717041254 -0.0030769789513678679 -8.8875987233706397e-05 0.00072389376579077853 -0.00013359641519593112 0.001218186136657312 -0.00035784862242796802 0.0029123442566159124 -0.00069350702334505625 0.00076636453292005841 0.0011978712042194333 0.00071361114199732238
leaf_weight=37940 42 287 354 8050 17070 18745 1331 4012 40 41 67 269 40
leaf_count=37940 42 287 354 8050 17070 18745 1331 4012 40 41 67 269 40
internal_value=4.06626e-05 2.38642e-05 0.000146182 -0.000509281 0.000246319 -0.000294359 0.00119901 -0.000400536 0.00299599 4.13225e-05 0.0039418 0.00440476 0.003125
internal_weight=88288 87789 63414 8404 55010 24375 1618 22757 499 121 378 336 80
internal_count=88288 87789 63414 8404 55010 24375 1618 22757 499 121 378 336 80
is_linear=0
shrinkage=0.05


Tree=184
num_leaves=15
num_cat=0
split_feature=9 19 9 20 13 5 5 15 5 5 20 9 17 19
split_gain=1.40896 2.76639 2.39246 5.55075 5.45621 2.01003 2.66587 1.69069 2.98179 2.71024 0.505342 0.149505 0.290256 0.0794483
threshold=0.72841921524966591 5.7562500000000005 0.72367906349764 4.7168750000000008 0.45174851344864103 0.99466373373798567 0.76696112484652035 568.50000000000011 0.68432406471780916 0.99939377080793557 3.1193750000000007 0.74445345375089367 98.500000000000014 4.3187500000000014
decision_type=2 2 2 2 2 2 2 2 2 2 2 2 2 2
left_child=2 11 7 4 -4 6 -3 9 -9 -1 -7 12 -2 -13
right_child=1 5 3 -5 -6 10 -8 8 -10 -11 -12 13 -14 -15
leaf_value=-4.9682536775858113e-05 0.0026596975256764303 0.00028846704769511325 -0.0014056952494098567 -0.0037836510406471348 -3.2374299100454106e-05 0.00050420022629475475 -0.00019487576107036638 0.00067650026753351977 -0.00029584394601288126 0.0014033160520879487 0.0016381362290825764 0.0039272811800765764 1.2934102594847612e-06 0.0024221683636797111
leaf_weight=70192 144 6364 41 40 466 186 1985 5649 1959 732 296 288 44 87
leaf_count=70192 144 6364 41 40 466 186 1985 5649 1959 732 296 288 44 87
internal_value=4.59464e-05 0.000624867 -2.28251e-05 -0.0033181 -0.00190335 0.000408221 0.000226973 1.27523e-07 0.000708465 -7.58557e-05 0.00354772 0.00402309 0.00287234 0.0046
internal_weight=88473 9394 79079 547 507 8831 8349 78532 7608 70924 482 563 188 375
internal_count=88473 9394 79079 547 507 8831 8349 78532 7608 70924 482 563 188 375
is_linear=0
shrinkage=0.05


Tree=185
num_leaves=14
num_cat=0
split_feature=13 2 5 3 18 20 18 18 12 19 5 0 9
split_gain=1.54395 1.45767 1.37193 1.3852 1.34036 1.3015 1.72633 1.00032 1.73602 0.671153 0.661213 0.298111 0.0789688
threshold=0.017969622870310908 0.88101754234676199 0.99995780822346225 -0.98611507088852024 70.312500000000014 2.4493750000000003 99.937500000000014 90.562500000000014 3.4500000000000006 16.131250000000005 0.92602006027323147 168.66604071244768 0.61604274772152989
decision_type=2 2 2 2 2 2 2 2 2 2 2 2 2
left_child=4 2 3 -2 12 9 -7 8 -6 -3 -9 -4 -1
right_child=1 5 11 -5 7 6 -8 10 -10 -11 -12 -13 -14
leaf_value=0.00058208610999469759 0.0007736718553526898 -0.00031743431909859359 0.00060774504560557544 4.9559794719600545e-06 -0.0012268081655660047 0.001279799989905501 -0.0034821813310895525 0.00017318315223931727 0.0028558111440811981 0.0029312193510196037 -0.0003512024097514506 0.0017148742022161754 0.0089809764263905009
leaf_weight=291 3231 69 57 82722 84 737 166 304 53 420 47 190 44
leaf_count=291 3231 69 57 82722 84 737 166 304 53 420 47 190 44
internal_value=0.000110558 9.03052e-05 6.43853e-05 5.36923e-05 0.0022661 0.0016954 0.000570321 0.000594262 -0.0030292 0.00377301 0.00200855 0.00378543 0.00470149
internal_weight=88415 87592 86200 85953 823 1392 903 488 137 489 351 247 335
internal_count=88415 87592 86200 85953 823 1392 903 488 137 489 351 247 335
is_linear=0
shrinkage=0.05


Tree=186
num_leaves=16
num_cat=0
split_feature=6 6 19 21 19 16 18 21 20 19 9 21 21 1 4
split_gain=1.6227 2.59507 11.4801 5.12706 2.66413 8.89265 2.45207 3.14536 4.03818 2.42401 1.65319 1.11356 1.45083 0.970701 0.342446
threshold=-0.98521978256641018 -0.98212955754013376 21.518750000000008 0.4135450414037844 33.218750000000007 715.25000000000011 58.687500000000007 0.94928068236970697 1.6918750000000002 29.231250000000006 0.7627949850588478 0.9467953645701922 0.95186583871234287 875.72493372615816 -0.98611507088852035
decision_type=2 2 2 2 2 2 2 2 2 2 2 2 2 2 2
left_child=6 2 3 -2 10 -6 11 9 -9 -8 -3 13 -13 -1 -4
right_child=1 4 14 -5 5 -7 7 8 -10 -11 -12 12 -14 -15 -16
leaf_value=0.0020688365939371361 0.00044953190323293948 1.4049333147077076e-05 0.00023460291174747796 -0.00378380437879332 0.0019034908031406823 -0.0074492126373383264 0.00038285284534421345 -0.00034872366363689159 -0.010174035785953004 -0.0046247635075778813 0.00073246691083802282 -0.0017160722061679715 0.00046930453235119587 -0.0010823342732040259 0.0031194517230074318
leaf_weight=1125 91 78813 40 240 56 43 3808 69 41 140 2501 96 810 113 238
leaf_count=1125 91 78813 40 240 56 43 3808 69 41 140 2501 96 810 113 238
internal_value=0.00010054 4.15744e-05 -0.00321018 -0.00950151 6.58988e-05 -0.00813131 0.000880361 0.000157713 -0.00818182 0.000390071 7.58789e-05 0.00224813 0.000916115 0.00322294 0.00428058
internal_weight=88224 82022 609 331 81413 99 6202 4058 110 3948 81314 2144 906 1238 278
internal_count=88224 82022 609 331 81413 99 6202 4058 110 3948 81314 2144 906 1238 278
is_linear=0
shrinkage=0.05


Tree=187
num_leaves=14
num_cat=0
split_feature=15 13 18 9 5 9 0 12 19 19 13 19 20
split_gain=1.57185 1.54943 1.60637 1.50228 4.95227 4.10982 0.779351 0.750198 1.39649 0.247596 0.0583333 0.0220238 0.020806
threshold=844.50000000000011 0.017969622870310908 72.937500000000014 0.30874939122456702 -0.67803021058859214 0.33458151202740682 236.56713880454839 595.05000000000007 22.968750000000004 29.756250000000005 0.84650879601184315 16.193750000000005 3.7343750000000009
decision_type=2 2 2 2 2 2 2 2 2 2 2 2 2
left_child=1 2 11 4 -3 -5 -4 8 10 12 -2 -1 -9
right_child=7 3 6 5 -6 -7 -8 9 -10 -11 -12 -13 -14
leaf_value=0.00058191053965198406 0.0027218559441789083 -0.00073679343266869885 -2.4304067960924109e-05 0.0010867115339276386 9.2267940614858276e-05 9.9209345669156159e-06 0.00095190350754598835 0.00095362644075373869 -0.00052033304773764402 0.0016752870565790012 0.00022501860989620483 0.0014607701213434966 0.0011564954945544248
leaf_weight=296 40 3908 408 3132 9112 71008 76 238 67 50 56 40 41
leaf_count=296 40 3908 408 3132 9112 71008 76 238 67 50 56 40 41
internal_value=4.75859e-05 3.18256e-05 0.00219512 1.14733e-05 -0.000483871 9.84626e-05 0.00035124 0.00286585 9.20247e-05 0.00424012 0.00395833 0.00485119 0.00482079
internal_weight=88472 87980 820 87160 13020 74140 484 492 163 329 96 336 279
internal_count=88472 87980 820 87160 13020 74140 484 492 163 329 96 336 279
is_linear=0
shrinkage=0.05


Tree=188
num_leaves=14
num_cat=0
split_feature=13 2 20 5 9 5 17 18 6 5 19 9 0
split_gain=1.66269 1.68739 1.42129 1.40521 3.95396 3.88374 1.30291 1.28287 1.08525 0.536294 0.296987 0.188274 4.44089e-16
threshold=0.017969622870310908 0.88101754234676199 2.3131250000000008 -0.93545489084327571 0.24225393111440596 -0.91597725483594616 285.50000000000006 72.937500000000014 0.94636490295939868 0.92602006027323147 16.131250000000005 0.61536133439539098 227.58892870094044
decision_type=2 2 2 2 2 2 2 2 2 2 2 2 2
left_child=7 3 10 4 -2 -5 -4 11 9 -9 -3 12 -1
right_child=1 2 6 5 -6 -7 -8 8 -10 -11 -12 -13 -14
leaf_value=0.00052839687809558159 -0.00073581306935361431 0.0004513875635579595 0.0012491706074024053 -0.0012012612610303804 0.000592812635046963 -2.2679348973684017e-05 -0.0015930544588991004 8.4221500543260708e-05 -0.00075122585746623409 -0.00076154439055929829 0.0026977655852913956 0.0078268434755682775 0.00029869274547202122
leaf_weight=243 1320 62 703 1627 8980 74450 267 364 54 55 355 42 61
leaf_count=243 1320 62 703 1627 8980 74450 267 364 54 55 355 42 61
internal_value=1.03295e-05 -1.05964e-05 0.00171954 -3.83781e-05 0.000509709 -0.000112583 0.000670103 0.00225275 0.000560254 0.00142005 0.00416067 0.00456647 0.005
internal_weight=88583 87764 1387 86377 10300 76077 970 819 473 419 417 346 304
internal_count=88583 87764 1387 86377 10300 76077 970 819 473 419 417 346 304
is_linear=0
shrinkage=0.05


Tree=189
num_leaves=14
num_cat=0
split_feature=13 20 5 17 5 20 18 22 0 17 5 7 9
split_gain=1.61065 1.36 1.33666 4.05218 3.73788 7.39813 2.88944 1.90695 0.989583 1.66718 0.451014 0.447602 0.0780386
threshold=0.017969622870310908 1.6518750000000002 -0.93545489084327571 204.50000000000003 -0.91597725483594616 1.3481250000000002 13.312500000000002 0.86013503459021445 236.56713880454839 45.500000000000007 -0.94139628442229062 22.125000000000004 0.58968760776797768
decision_type=2 2 2 2 2 2 2 2 2 2 2 2 2
left_child=1 11 3 6 5 -4 -2 -6 9 -3 -5 12 -1
right_child=2 8 4 10 7 -7 -8 -9 -10 -11 -12 -13 -14
leaf_value=0.00040214704776252695 0.0021404956849655349 4.229198589101762e-05 -0.0019161427439975541 0.0045977416194354576 -8.994894062102878e-05 6.2378976001980276e-05 -3.0034974554036257e-05 0.00011604834312031005 0.0010677303454976409 -0.00038062418032795659 -0.00030914114854882718 -0.00015024237820778007 0.0018241900568793262
leaf_weight=363 1106 241 553 661 51375 1047 8430 24255 80 63 44 44 41
leaf_count=363 1106 241 553 661 51375 1047 8430 24255 80 63 44 44 41
internal_value=4.60349e-05 0.00223558 2.52085e-05 0.000561957 -4.59664e-05 -0.0024375 0.000291527 4.62798e-06 5.20835e-05 -0.00125 0.00421986 0.00410714 0.00462871
internal_weight=88303 832 87471 10241 77230 1600 9536 75630 384 304 705 448 404
internal_count=88303 832 87471 10241 77230 1600 9536 75630 384 304 705 448 404
is_linear=0
shrinkage=0.05


Tree=190
num_leaves=16
num_cat=0
split_feature=6 18 3 5 19 19 17 6 3 5 18 15 6 9 17
split_gain=1.43471 4.53514 4.4593 10.5542 3.72742 3.24997 6.92238 9.06596 6.24843 3.20102 2.28261 6.58413 3.45215 2.01397 0.433229
threshold=-0.96234030595689413 99.937500000000014 -0.8814490726585632 -0.16799356919963607 21.056250000000002 23.493750000000006 269.50000000000006 -0.64580103137750788 0.032701564615071628 0.21022171450811275 97.312500000000014 27.500000000000004 0.99958851518450398 0.31729624542921775 144.50000000000003
decision_type=2 2 2 2 2 2 2 2 2 2 2 2 2 2 2
left_child=1 9 3 -3 -4 10 8 -8 -7 13 12 -12 -2 -1 -11
right_child=5 2 4 -5 -6 6 7 -9 -10 14 11 -13 -14 -15 -16
leaf_value=-0.0012488907746140161 -2.5870368888612132e-05 -0.0047043800140435825 -0.00093088513967216143 -0.0013595326709019261 0.0048014629996072263 0.00013135997112617061 -0.0047534405084120575 -0.011279870557533943 -0.001233087638485301 0.0029429810961732247 -0.00050307310753025525 0.00034505736463081536 -0.00069528803795592764 0.00059682633920181037 0.0031572729424687029
leaf_weight=528 49257 45 1037 281 337 3503 442 76 1304 573 3060 20501 302 6717 365
leaf_count=528 49257 45 1037 281 337 3503 442 76 1304 573 3060 20501 302 6717 365
internal_value=7.63067e-05 0.000644035 -0.00170588 -0.00696319 -0.000458515 4.78061e-06 -0.00118779 -0.00667954 -0.000596006 0.00113223 9.16304e-05 0.000496796 -0.000100991 0.000776398 0.0038806
internal_weight=88328 9883 1700 326 1374 78445 5325 518 4807 8183 73120 23561 49559 7245 938
internal_count=88328 9883 1700 326 1374 78445 5325 518 4807 8183 73120 23561 49559 7245 938
is_linear=0
shrinkage=0.05


Tree=191
num_leaves=16
num_cat=0
split_feature=12 22 5 9 22 6 5 6 17 22 21 6 12 7 17
split_gain=1.83379 3.85144 3.60272 2.5 1.53703 1.34658 6.0379 1.54774 0.739851 0.73018 1.09032 0.713261 1.12669 0.327586 0.0216102
threshold=601.35000000000014 0.52766001703440468 0.29342972903661901 0.61536133439539098 1.3593331046759387 0.99958851518450398 0.013976441590891219 0.97461712852231652 269.50000000000006 0.97465609334504777 0.9467953645701922 0.71353761266622884 15.150000000000002 22.625000000000004 117.50000000000001
decision_type=2 2 2 2 2 2 2 2 2 2 2 2 2 2 2
left_child=4 2 8 -4 5 7 -7 -1 -2 10 -3 13 -13 -6 -11
right_child=1 9 3 -5 11 6 -8 -9 -10 14 -12 12 -14 -15 -16
leaf_value=-1.4832015870486887e-05 0.0027750643020972902 0.0039655264895086355 -0.0027698831408394693 -0.000837662231021029 0.002356610051101988 0.00030900683144920475 -0.0010314764418988039 0.00050362824635779224 -0.000866440746326843 0.00072738311707706599 -0.00020967729975925341 0.0010357476582485857 -0.0026260055431271629 0.00037439048698764639 0.0023819983536748357
leaf_weight=82384 61 879 45 45 428 358 150 3370 40 40 233 52 53 58 255
leaf_count=82384 61 879 45 45 428 358 150 3370 40 40 233 52 53 58 255
internal_value=3.62349e-05 0.00171464 -0.00494764 -0.0122222 5.35406e-06 -1.20561e-05 -0.00257874 3.14873e-06 0.00153465 0.00261905 0.00203237 0.00254653 -0.00119048 0.00335391 0.00483051
internal_weight=88451 1598 191 90 86853 86262 508 85754 101 1407 1112 591 105 486 295
internal_count=88451 1598 191 90 86853 86262 508 85754 101 1407 1112 591 105 486 295
is_linear=0
shrinkage=0.05


Tree=192
num_leaves=13
num_cat=0
split_feature=13 13 6 13 18 5 6 6 18 0 2 9
split_gain=1.66362 1.49999 5.37487 5.15846 4.16123 7.78276 5.96981 3.01114 1.12585 0.7 0.952778 0.0624424
threshold=0.017969622870310908 0.19099283341015219 0.9989598388634241 0.51615808870840063 70.687500000000014 0.099822040462190967 0.73721509932751383 0.96407344085605606 59.687500000000007 236.56713880454839 0.282194671727996 0.58968760776797768
decision_type=2 2 2 2 2 2 2 2 2 2 2 2
left_child=8 4 7 -4 5 -2 -6 -3 11 10 -10 -1
right_child=1 2 3 -5 6 -7 -8 -9 9 -11 -12 -13
leaf_value=0.00048651133756125631 -0.00022804487260723219 2.1504801948674103e-05 -0.0001145985024309182 -0.0010670322423127401 -0.00031055664495426434 -0.0018278796839407857 0.0012982428627015589 0.00082277978320191732 7.8966811377447911e-05 0.00081545556849486531 -8.0226792743241359e-05 0.0013648174209255676
leaf_weight=254 2474 73657 324 131 5421 1103 1510 3005 360 84 60 53
leaf_count=254 2474 73657 324 131 5421 1103 1510 3005 360 84 60 53
internal_value=3.31315e-05 1.22684e-05 8.86317e-05 -0.00532967 -0.000548154 -0.00193318 0.000166643 0.00012079 0.0022873 0.000833334 1.86265e-10 0.00467427
internal_weight=88436 87625 77117 455 10508 3577 6931 76662 811 504 420 307
internal_count=88436 87625 77117 455 10508 3577 6931 76662 811 504 420 307
is_linear=0
shrinkage=0.05


Tree=193
num_leaves=16
num_cat=0
split_feature=5 20 5 22 9 6 20 5 15 6 6 9 9 9 20
split_gain=1.52786 3.8151 5.30295 9.32245 5.40822 2.50262 2.07064 1.94039 1.81974 2.95581 4.85855 2.29513 4.61946 3.34176 2.26829
threshold=0.9193901325473397 2.6031250000000008 0.94978112945126536 0.65851029609712997 0.20238329161774835 0.19969739736768838 1.6343750000000006 0.94978112945126536 496.50000000000006 -0.44505783185115427 -0.6523320455745395 0.67836721577445469 0.61536133439539098 0.69040359826940223 1.0306250000000003
decision_type=2 2 2 2 2 2 2 2 2 2 2 2 2 2 2
left_child=8 5 3 -3 -4 6 -2 -7 11 10 -10 12 -1 -13 -11
right_child=1 2 4 -5 -6 7 -8 -9 9 14 -12 13 -14 -15 -16
leaf_value=2.3603257846583234e-05 -0.00050611101601144028 -0.00024589791682518318 -0.00098401825667840089 -0.0043041924810398651 -0.00011392590402644498 6.032964038874683e-05 0.00060392501307542285 0.0023378371535330927 0.00051325322581510791 -0.001800319356968322 -0.00033550129458162492 0.0018722468759434785 -0.00065826682018976551 0.00011246945268257869 0.0012954498217783552
leaf_weight=46238 2143 721 108 540 5203 548 1653 755 9555 171 2387 1650 6892 8753 1262
leaf_count=46238 2143 721 108 540 5203 548 1653 755 9555 171 2387 1650 6892 8753 1262
internal_value=4.51012e-05 -0.000487961 -0.00128424 -0.00419905 -0.000592167 0.000538341 -0.000110643 0.00242901 0.000125995 0.000656075 0.000398593 1.44022e-05 -0.000118577 0.00069355 0.00280181
internal_weight=88579 11671 6572 1261 5311 5099 3796 1303 76908 13375 11942 63533 53130 10403 1433
internal_count=88579 11671 6572 1261 5311 5099 3796 1303 76908 13375 11942 63533 53130 10403 1433
is_linear=0
shrinkage=0.05


Tree=194
num_leaves=12
num_cat=0
split_feature=22 5 19 6 15 5 6 5 19 12 16
split_gain=1.48505 1.37072 5.97132 4.1679 3.69327 1.42157 13.7117 4.657 1.23738 0.801208 0.23186
threshold=1.3593331046759387 0.98213580174693105 12.481250000000003 0.097680735332368748 183.50000000000003 -0.98803845231459242 0.1318557721318592 -0.97509794945709805 -0.69374999999999987 36.45000000000001 46.150000000000013
decision_type=2 2 2 2 2 2 2 2 2 2 2
left_child=1 5 3 -3 -4 6 -1 -7 -2 10 -10
right_child=8 2 4 -5 -6 7 -8 -9 9 -11 -12
leaf_value=-5.3762506777608936e-05 -0.0025902128215753691 0.00086961633018019019 0.000876531298536426 -0.0014135738891922448 -0.00093593217139298292 0.0020412127053428646 -0.0020696775141107932 3.1861220344149948e-05 0.010791271373178564 -0.0022303854594652689 0.0022608765326991658
leaf_weight=3747 42 2087 435 720 2046 1975 220 76596 41 41 470
leaf_count=3747 42 2087 435 720 2046 1975 220 76596 41 41 470
internal_value=6.72927e-05 5.04408e-05 -0.000729954 0.000849662 -0.00251713 0.000100439 -0.00082304 0.000147065 0.00255892 0.00318841 0.00372798
internal_weight=88420 87826 5288 2807 2481 82538 3967 78571 594 552 511
internal_count=88420 87826 5288 2807 2481 82538 3967 78571 594 552 511
is_linear=0
shrinkage=0.05


Tree=195
num_leaves=14
num_cat=0
split_feature=22 21 5 13 5 19 6 21 5 4 5 5 5
split_gain=1.40726 3.96759 3.27932 3.15302 3.67522 5.20159 3.37402 3.33375 2.71884 1.94639 1.90518 3.97394 1.91294
threshold=0.99284573533404452 0.9854036537013019 -0.99866806308218525 0.50542230623715956 0.44505654568748165 19.206250000000008 0.95436825032516992 0.76377214928779713 0.64579916509010216 1.0000000180025095e-35 -0.95244167294248061 -0.98523971305672675 -0.94705910369513524
decision_type=2 2 2 2 2 2 2 2 2 2 2 2 2
left_child=1 10 -3 4 6 -6 -2 -5 -4 -9 11 -1 -12
right_child=3 2 8 7 5 -7 -8 9 -10 -11 12 -13 -14
leaf_value=-9.8371285657915261e-05 -0.00098808434811166251 -0.0054599757775491975 -0.00021118033744125936 -0.0028290996971510841 0.00065852597131887958 -0.00069038919548167861 0.0016572451228469927 0.00018082937866962615 -0.0023364665194731912 0.0020904583530945331 -0.0013970548830639458 0.0014437539442815118 -1.9280188040620569e-05
leaf_weight=4209 1737 47 1200 73 1401 164 325 5153 921 1306 542 4005 67315
leaf_count=4209 1737 47 1200 73 1401 164 325 5153 921 1306 542 4005 67315
internal_value=3.1562e-05 -4.0325e-05 -0.00214945 0.000585196 -0.000596912 0.00123003 -0.00198351 0.00124158 -0.00185997 0.00136167 1.97843e-05 0.000738982 -6.72736e-05
internal_weight=88398 78239 2168 10159 3627 1565 2062 6532 2121 6459 76071 8214 67857
internal_count=88398 78239 2168 10159 3627 1565 2062 6532 2121 6459 76071 8214 67857
is_linear=0
shrinkage=0.05


Tree=196
num_leaves=14
num_cat=0
split_feature=7 5 5 21 4 20 5 17 19 5 9 9 6
split_gain=1.68974 2.09292 3.3271 6.65905 2.53827 1.39141 2.08729 1.27094 3.7206 2.56097 1.20565 3.862 1.24223
threshold=18.875000000000004 0.9193901325473397 0.92602006027323147 0.80546688646185938 -0.99465189230620676 7.0568750000000007 -1.0000000180025095e-35 152.50000000000003 14.956250000000002 -0.99866806308218525 0.17434099974896719 0.28181463930565548 0.99981043035926087
decision_type=2 2 2 2 2 2 2 2 2 2 2 2 2
left_child=1 7 3 -3 -4 10 -7 9 -9 -1 12 -12 -2
right_child=5 2 4 -5 -6 6 -8 8 -10 -11 11 -13 -14
leaf_value=-0.0015410895267925914 0.00036460462257790208 -0.00070874984312331579 -0.0013249001408451768 -0.0044258987322574632 -1.8241612006991543e-05 -0.0028882936896124142 0.00010807926179173112 0.0015242896741445022 0.00025108558142442647 7.7751210636964734e-05 -0.00074963044281770724 -5.8062883171189421e-05 -0.0015562022630892895
leaf_weight=648 901 250 620 106 7435 40 52 3747 12515 38521 2104 21427 42
leaf_count=648 901 250 620 106 7435 40 52 3747 12515 38521 2104 21427 42
internal_value=7.68032e-05 0.0002124 -0.00052253 -0.00525281 -0.00031347 -0.000275584 -0.00641304 0.000323916 0.000695487 0.00016965 -0.000252513 -0.000322766 0.00150053
internal_weight=88408 63842 8411 356 8055 24566 92 55431 16262 39169 24474 23531 943
internal_count=88408 63842 8411 356 8055 24566 92 55431 16262 39169 24474 23531 943
is_linear=0
shrinkage=0.05


Tree=197
num_leaves=12
num_cat=0
split_feature=5 5 1 22 19 4 13 13 7 17 13
split_gain=1.5245 1.80084 4.19323 3.37731 2.66352 1.95007 2.267 1.82152 0.0856237 0.146755 0.0181402
threshold=0.99995780822346225 0.9193901325473397 657.11318920023916 0.89184736771066409 21.843750000000004 -0.97335555334614932 0.16105197689641829 0.017969622870310908 12.625000000000002 99.500000000000014 0.3511888829878233
decision_type=2 2 2 2 2 2 2 2 2 2 2
left_child=1 5 4 -4 -3 6 -1 -7 9 -2 -10
right_child=8 2 3 -5 -6 7 -8 -9 10 -11 -12
leaf_value=-0.0006126945895951894 2.7005217547796539e-05 1.8976611423976525e-05 -0.0016114744592654593 0.00028329784968353925 -0.0062733780887343667 0.00028892198992580917 0.00048490949370524807 1.2939729297345028e-05 0.0015462644736939021 0.0034208390447609295 0.0019935205362142344
leaf_weight=957 49 9006 1725 574 77 677 11023 63946 41 40 119
leaf_count=957 49 9006 1725 574 77 677 11023 63946 41 40 119
internal_value=8.91948e-05 7.81385e-05 -0.000508698 -0.00241627 -2.58723e-05 0.000165333 0.000751252 5.67137e-05 0.00399598 0.00275281 0.0046875
internal_weight=88234 87985 11382 2299 9083 76603 11980 64623 249 89 160
internal_count=88234 87985 11382 2299 9083 76603 11980 64623 249 89 160
is_linear=0
shrinkage=0.05


Tree=198
num_leaves=16
num_cat=0
split_feature=20 19 9 22 17 19 13 6 3 5 5 5 13 12 12
split_gain=1.38733 4.64565 5.77306 5.2917 4.83541 4.16532 4.05599 1.75091 6.27566 1.63913 3.80397 3.29711 0.976281 0.635519 0.485615
threshold=3.5731250000000006 1.9062500000000004 0.3762562434153543 0.53141473490303659 4.5000000000000009 11.393750000000002 0.34098271574773825 0.99981043035926087 1.0000000180025095e-35 -0.93545489084327571 -0.91597725483594616 -0.98803845231459242 0.40022356737367309 17.850000000000005 18.750000000000004
decision_type=2 2 2 2 2 2 2 2 2 2 2 2 2 2 2
left_child=7 2 13 -4 6 -6 -3 9 12 11 -11 -1 -9 -2 -10
right_child=1 4 3 -5 5 -7 -8 8 14 10 -12 -13 -14 -15 -16
leaf_value=-0.00030729056439992414 -0.00010697003505809422 -6.1471159800600535e-05 -0.00080135379418022905 -0.0059208674343431212 0.000301389116780987 -0.00039942230997162614 -0.0014589168891849628 -0.00062542793030523217 -0.00076070661268569525 -0.0012993754227197465 5.2737316679173695e-05 0.0012394472228812103 -0.002297171980569375 0.00085518753689550796 0.00034403177550308348
leaf_weight=2925 77 43 77 47 7373 11440 46 42 46 1250 59705 5088 51 58 125
leaf_count=2925 77 43 77 47 7373 11440 46 42 46 1250 59705 5088 51 58 125
internal_value=5.84324e-05 -0.000318094 -0.00696911 -0.0147581 -0.00022696 -0.000171955 -0.0118539 0.000162642 -0.00390151 0.000178199 8.98205e-05 0.000850493 -0.0143548 0.000185185 0.00178363
internal_weight=88393 19161 259 124 18902 18813 89 69232 264 68968 60955 8013 93 135 171
internal_count=88393 19161 259 124 18902 18813 89 69232 264 68968 60955 8013 93 135 171
is_linear=0
shrinkage=0.05


Tree=199
num_leaves=13
num_cat=0
split_feature=22 21 5 19 4 17 20 1 5 5 22 22
split_gain=1.66661 4.08954 6.65663 5.27905 4.4714 2.74735 2.63592 3.76889 2.6872 2.62395 3.16999 2.27459
threshold=0.9381407681654238 0.88566065141372363 -0.99866806308218525 14.218750000000002 0.29012925520284133 10.500000000000002 2.9206250000000007 48.966872306315729 0.97696484778429815 -0.99763297024448894 0.8417715024145862 0.79935383724692055
decision_type=2 2 2 2 2 2 2 2 2 2 2 2
left_child=1 9 3 -3 -4 -2 7 -7 -8 11 -11 -1
right_child=5 2 4 -5 -6 6 8 -9 -10 10 -12 -13
leaf_value=0.0018209537285609108 -0.0048391121282435508 -0.0056172760145523732 -0.00064286041455626777 -0.0053114729780285924 -0.0040937893461178102 0.0022686053780281382 0.00082376544021308122 -3.4625290216324898e-05 -8.7059549917950933e-05 -3.5104864050708296e-05 0.0011293301920960121 -0.0018561500495715708
leaf_weight=1157 59 49 6342 63 58 2050 3440 11169 972 56829 5785 277
leaf_count=1157 59 49 6342 63 58 2050 3440 11169 972 56829 5785 277
internal_value=8.32863e-05 -2.551e-05 -0.00121929 -0.0133036 -0.00100781 0.000517242 0.000553287 0.000200091 0.00161151 9.58658e-05 4.74337e-05 0.0022106
internal_weight=88250 70560 6512 112 6400 17690 17631 13219 4412 64048 62614 1434
internal_count=88250 70560 6512 112 6400 17690 17631 13219 4412 64048 62614 1434
is_linear=0
shrinkage=0.05


Tree=200
num_leaves=15
num_cat=0
split_feature=12 22 15 17 17 19 12 19 16 18 5 22 21 17
split_gain=1.5803 2.03747 2.28545 1.49933 3.70447 3.66065 1.27618 1.18291 4.37073 2.11471 1.02616 0.599414 0.944511 0.0207806
threshold=609.15000000000009 0.52766001703440468 349.50000000000006 307.50000000000006 304.50000000000006 18.831250000000008 412.65000000000003 23.793750000000006 282.85000000000008 84.437500000000014 0.46800856592688472 0.97465609334504777 0.9467953645701922 121.50000000000001
decision_type=2 2 2 2 2 2 2 2 2 2 2 2 2 2
left_child=3 2 10 4 6 -6 -1 9 -9 -5 -2 12 -3 -13
right_child=1 11 -4 7 5 -7 -8 8 -10 -11 -12 13 -14 -15
leaf_value=3.9519293546313341e-05 0.0010333082493767995 0.0036877632205164334 -0.0015360107456668765 -0.0033844890020189563 0.00078091214316956207 -0.0055812957545411891 -0.00012145517227202807 -0.0080502944499131722 0.0049508248679964971 0.0029639428951639172 -0.00053827707348208769 0.00072850628394270916 -0.0008144892393199528 0.0026855709043736445
leaf_weight=75987 75 733 44 64 44 76 9356 122 159 1307 40 40 173 197
leaf_count=75987 75 733 44 64 44 76 9356 122 159 1307 40 40 173 197
internal_value=8.35248e-05 0.0018126 -0.00349057 5.76826e-05 2.88431e-05 -0.00875 4.11869e-05 0.00154964 -0.00140569 0.00215536 0.000217391 0.00255031 0.00196468 0.00478903
internal_weight=88417 1302 159 87115 85463 120 85343 1652 281 1371 115 1143 906 237
internal_count=88417 1302 159 87115 85463 120 85343 1652 281 1371 115 1143 906 237
is_linear=0
shrinkage=0.05


Tree=201
num_leaves=14
num_cat=0
split_feature=22 21 13 5 5 22 19 21 16 9 16 4 5
split_gain=1.44833 3.63104 3.45321 2.46213 2.39782 1.98602 4.1079 3.04806 1.84873 1.79661 1.0814 2.19984 0.9828
threshold=0.99284573533404452 0.9854036537013019 0.85322284288055295 -0.99866806308218525 0.64579916509010216 0.96596581511648949 31.018750000000008 0.9467953645701922 884.80000000000007 0.42540208866063384 73.950000000000017 -0.44228869021900119 -0.90893996196865023
decision_type=2 2 2 2 2 2 2 2 2 2 2 2 2
left_child=1 5 8 -3 -5 7 -7 -1 9 -2 11 -4 -12
right_child=2 3 10 4 -6 6 -8 -9 -10 -11 12 -13 -14
leaf_value=2.6133743108409241e-05 -0.00034446283938752175 -0.0044759375634959115 -0.002135323883330337 -0.00023657731475120646 -0.0021195233787929604 0.00066312762939217933 -0.00015367509485641771 -0.00062005070777608397 -0.00016083415761820419 0.00014273517348122139 -0.0028170597548509632 0.0044013767447510397 0.00057704538260979214
leaf_weight=70527 1673 46 50 1234 917 2227 72 3073 64 6694 51 108 1554
leaf_count=70527 1673 46 50 1234 917 2227 72 3073 64 6694 51 108 1554
internal_value=4.47391e-05 -2.84264e-05 0.000605258 -0.00203232 -0.00178754 2.9579e-05 0.00147673 -1.56248e-05 0.000184439 0.000249193 0.0026177 -0.00132911 0.00300623
internal_weight=88290 78096 10194 2197 2151 75899 2299 73600 8431 8367 1763 158 1605
internal_count=88290 78096 10194 2197 2151 75899 2299 73600 8431 8367 1763 158 1605
is_linear=0
shrinkage=0.05


Tree=202
num_leaves=16
num_cat=0
split_feature=22 21 19 6 9 20 5 6 6 19 5 6 9 17 21
split_gain=1.93991 3.89025 3.92131 5.07551 3.37264 7.43 11.9671 3.19323 9.19195 3.09143 5.33486 2.9488 1.16202 1.11191 0.698462
threshold=0.8490721281300635 0.86399519858020557 17.606250000000006 -0.57782411410281842 0.27096366726759108 1.4806250000000005 -0.70291267844185523 0.96407344085605606 0.95936279103287792 23.793750000000006 0.52766072109828632 -0.86548532668110156 0.25704403896072697 70.500000000000014 1.0307114959554131
decision_type=2 2 2 2 2 2 2 2 2 2 2 2 2 2 2
left_child=1 9 3 -3 5 6 -2 8 -6 11 -11 -1 -7 -4 -9
right_child=4 2 13 -5 7 12 -8 14 -10 10 -12 -13 -14 -15 -16
leaf_value=-0.00048014951285371856 -0.0022710931560993119 -0.0062684047509154461 -0.0038761816277814859 -0.0012302731542280271 0.00015097435536187698 0.0013919582054571257 -0.0004535152945170101 0.0038664443891492264 -0.0028797268242090057 -0.00085444221982725055 -0.0096680359632109192 9.3374567634040565e-05 -0.00090860031377808898 0.001783909356028554 0.00060208366890944726
leaf_weight=10574 126 246 90 1196 25885 576 568 518 71 2090 183 45392 104 654 127
leaf_count=10574 126 246 90 1196 25885 576 568 518 71 2090 183 45392 104 654 127
internal_value=4.80771e-05 -0.000111295 -0.00218207 -0.00370319 0.000392315 -0.00202329 -0.00566282 0.000517086 0.000430729 -3.35684e-05 -0.00184118 3.98458e-05 0.00169118 0.000766129 0.00399225
internal_weight=88400 60425 2186 1442 27975 1374 694 26601 25956 58239 2273 55966 680 744 645
internal_count=88400 60425 2186 1442 27975 1374 694 26601 25956 58239 2273 55966 680 744 645
is_linear=0
shrinkage=0.05


Tree=203
num_leaves=16
num_cat=0
split_feature=4 18 22 5 16 5 5 20 19 9 5 17 12 18 18
split_gain=1.36726 4.37893 3.0744 3.18014 3.05667 2.38114 3.49678 1.79086 4.91784 6.17456 3.25359 3.19589 2.27592 2.00961 1.49055
threshold=-0.93540483100319616 45.812500000000007 0.11811853751280908 0.41398981800788198 13.850000000000003 -0.75015329512557205 -0.72696319516528884 3.7131250000000007 1.2312500000000004 0.3762562434153543 -0.99985146406598202 4.5000000000000009 174.45000000000002 76.062500000000014 42.312500000000007
decision_type=2 2 2 2 2 2 2 2 2 2 2 2 2 2 2
left_child=1 5 3 -3 -4 14 -7 10 9 -9 12 -10 -2 -12 -1
right_child=7 2 4 -5 -6 6 -8 8 11 -11 13 -13 -14 -15 -16
leaf_value=0.001899971215051179 -0.001209570675614477 9.9296576624820313e-05 0.00048238709632468854 -0.00088139855913606951 -0.00011219854525871218 -0.0023073799157760119 0.00029912652397850971 8.8970888518940508e-05 -0.00069416718466589768 -0.0067344954215380259 -8.4214854149687615e-05 -0.00021643832102229938 -0.0043835918097684034 0.00016806273641097291 -0.0050567306987279962
leaf_weight=1457 166 78 1804 87 13890 64 4196 50 81 44 26262 11054 45 29069 57
leaf_count=1457 166 78 1804 87 13890 64 4196 50 81 44 26262 11054 45 29069 57
internal_value=5.50882e-05 0.000400546 -2.86901e-05 -0.00681818 4.26917e-05 0.00157949 0.000974179 -5.68359e-05 -0.000632736 -0.0120213 5.95947e-05 -0.000536596 -0.00613744 8.32266e-05 0.00328269
internal_weight=88404 21633 15859 165 15694 5774 4260 66771 11229 94 55542 11135 211 55331 1514
internal_count=88404 21633 15859 165 15694 5774 4260 66771 11229 94 55542 11135 211 55331 1514
is_linear=0
shrinkage=0.05


Tree=204
num_leaves=15
num_cat=0
split_feature=12 16 15 20 19 9 19 5 3 6 4 12 5 9
split_gain=1.5493 1.73781 3.20097 1.64005 4.13275 5.25173 4.04633 2.63656 3.96072 2.11754 0.74701 1.01192 0.536 0.481144
threshold=609.15000000000009 118.05000000000001 349.50000000000006 3.5343750000000007 1.9062500000000004 0.3762562434153543 11.393750000000002 0.99818282439137029 0.88144907265856365 0.99958851518450398 -0.95642797789208689 643.95000000000016 0.49812943072827093 0.58073009477079851
decision_type=2 2 2 2 2 2 2 2 2 2 2 2 2 2
left_child=3 2 12 7 5 -5 -6 9 -9 -1 13 -12 -2 -3
right_child=1 10 -4 4 6 -7 -8 8 -10 -11 11 -13 -14 -15
leaf_value=8.3778464235059679e-05 0.001026946547697053 0.0021103670252694989 -0.0012707131187213137 4.5878934710557073e-05 0.00023884349468485932 -0.0031038694688347965 -0.00044914782473848454 -0.00065750316187474791 0.0014621724745938168 -0.00050680088130329452 -0.00075078653671150242 0.0027924244686080239 -0.00047772476245382052 0.0023499660535669172
leaf_weight=66594 86 164 43 150 7517 131 11556 491 228 396 316 126 40 564
leaf_count=66594 86 164 43 150 7517 131 11556 491 228 396 316 126 40 564
internal_value=6.34603e-05 0.00175131 -0.00298817 3.75018e-05 -0.000368399 -0.0063879 -0.000279715 0.000153525 -0.00285814 0.000185849 0.0024359 0.00081448 0.00103175 0.00342033
internal_weight=88402 1339 169 87063 19354 281 19073 67709 719 66990 1170 442 126 728
internal_count=88402 1339 169 87063 19354 281 19073 67709 719 66990 1170 442 126 728
is_linear=0
shrinkage=0.05


Tree=205
num_leaves=12
num_cat=0
split_feature=22 15 15 16 20 5 5 17 19 16 7
split_gain=1.35768 2.20167 1.27516 2.55723 5.49469 2.33666 4.69099 1.90418 1.41442 0.264351 0.182272
threshold=1.3593331046759387 48.500000000000007 471.50000000000006 656.4000000000002 0.43937500000000013 0.29342972903661901 0.3261394409934788 367.50000000000006 13.181250000000004 42.750000000000007 22.625000000000004
decision_type=2 2 2 2 2 2 2 2 2 2 2
left_child=2 9 3 7 -5 8 -7 -1 -4 -2 -11
right_child=1 -3 5 4 -6 6 -8 -9 -10 10 -12
leaf_value=6.4157220780964524e-07 0.0025554380301383074 -0.0024704200037030943 -0.0027919447186229712 -0.0094993785671232331 -0.00050000654214669385 -0.0051202844101673368 -3.4491379897342596e-06 -0.0051845717410072588 0.00046629644114876812 0.0020261141336152823 0.0019503884459521168
leaf_weight=69336 52 76 108 58 1045 156 7820 67 9289 423 52
leaf_count=69336 52 76 108 58 1045 156 7820 67 9289 423 52
internal_value=6.50982e-05 0.00242952 4.88742e-05 -4.56697e-05 -0.00243427 0.000432568 -0.00019684 -7.70841e-06 0.000966798 0.00357685 0.00394737
internal_weight=88482 603 87879 70506 1103 17373 7976 69403 9397 527 475
internal_count=88482 603 87879 70506 1103 17373 7976 69403 9397 527 475
is_linear=0
shrinkage=0.05


Tree=206
num_leaves=14
num_cat=0
split_feature=15 3 22 6 2 19 6 2 18 13 3 9 9
split_gain=1.22973 1.24485 2.7554 5.22982 1.85071 4.09505 2.27095 1.35873 1.17868 1.05926 0.321738 0.655233 0.133704
threshold=844.50000000000011 -0.98611507088852024 0.38774515229442041 -0.8901731938066898 0.30895395960858463 23.493750000000006 0.90803977035715633 0.29189081400197364 43.062500000000007 0.91351480394684714 1.0000000180025095e-35 0.74445345375089367 0.67255902837887527
decision_type=2 2 2 2 2 2 2 2 2 2 2 2 2
left_child=1 2 3 -1 5 -3 -6 -4 10 -10 11 -2 -12
right_child=8 4 7 -5 6 -7 -8 -9 9 -11 12 -13 -14
leaf_value=-0.0028491400858045635 -0.00027858602639875942 -0.00012752345248015978 0.001045162598224323 0.00027784413788023183 7.629842824867229e-05 -0.0012566845567012022 -0.00042129592080428023 -0.0022828333973399311 -0.0024819236062625857 0.0014195528109349487 0.00041025744450405707 0.00073783939782646601 0.00071861849900717875
leaf_weight=79 40 27719 2840 225 55830 394 809 128 40 42 50 46 270
leaf_count=79 40 27719 2840 225 55830 394 809 128 40 42 50 46 270
internal_value=3.79611e-05 2.40845e-05 0.000981052 -0.00355263 -1.28609e-05 -0.000344502 0.000151751 0.00144542 0.00254098 -0.00292683 0.00364532 0.000930233 0.004375
internal_weight=88512 88024 3272 304 84752 28113 56639 2968 488 82 406 86 320
internal_count=88512 88024 3272 304 84752 28113 56639 2968 488 82 406 86 320
is_linear=0
shrinkage=0.05


Tree=207
num_leaves=16
num_cat=0
split_feature=22 20 1 3 16 15 6 21 5 19 9 5 5 22 9
split_gain=1.31245 2.79314 3.28672 4.73075 3.27437 2.8513 2.92473 2.75012 7.01133 4.99947 4.15109 2.48088 2.72894 2.48271 1.85836
threshold=0.9381407681654238 2.8693750000000007 57.306342900859683 -0.9103761370219875 39.250000000000007 33.500000000000007 -0.99465740988130902 0.88566065141372363 -0.99866806308218525 14.218750000000002 0.14448820788155367 -0.99763297024448894 -0.98523971305672675 0.79935383724692055 0.53989106269242526
decision_type=2 2 2 2 2 2 2 2 2 2 2 2 2 2 2
left_child=7 2 4 -4 -2 14 -7 11 9 -9 -10 13 -13 -1 -3
right_child=1 5 3 -5 -6 6 -8 8 10 -11 -12 12 -14 -15 -16
leaf_value=0.0017301528787631447 -0.0010792767901930164 0.0011790977832206507 -0.00069505300228046298 1.2170061642995931e-05 0.0023167968653679655 -0.0032884184982046303 0.00048658259973099506 -0.0052691807106957245 -0.0019277174564729127 -0.0048119300870261674 -0.00052402754201274658 -0.00045498596293312086 3.979462740838564e-05 -0.0019026557020205969 -0.0036982999955529647
leaf_weight=1156 437 68 1092 9427 2031 147 4320 47 74 64 6338 2397 60208 272 76
leaf_count=1156 437 68 1092 9427 2031 147 4320 47 74 64 6338 2397 60208 272 76
internal_value=6.48866e-05 0.000451188 7.58453e-05 -0.00030944 0.00171799 0.00150835 0.00173159 -3.14642e-05 -0.0010095 -0.0134685 -0.000793824 6.81682e-05 2.11646e-05 0.00212885 -0.00541667
internal_weight=88154 17598 12987 10519 2468 4611 4467 70556 6523 111 6412 64033 62605 1428 144
internal_count=88154 17598 12987 10519 2468 4611 4467 70556 6523 111 6412 64033 62605 1428 144
is_linear=0
shrinkage=0.05


Tree=208
num_leaves=15
num_cat=0
split_feature=15 18 6 9 5 5 21 17 22 16 21 13 3 19
split_gain=1.03214 6.11919 5.26847 10.7574 4.41108 13.3634 3.23285 2.96066 2.16408 2.48937 3.57779 2.29611 3.30708 2.1559
threshold=27.500000000000004 99.812500000000014 0.26659387353423869 0.60559424102008419 0.83849049182116964 0.87397152483179585 0.14541776741805032 4.5000000000000009 0.10385967154276697 9.7500000000000018 0.33806339143565189 0.38391621722087138 1.0000000180025095e-35 1.9062500000000004
decision_type=2 2 2 2 2 2 2 2 2 2 2 2 2 2
left_child=1 2 6 -4 7 -6 -1 -3 11 10 -10 12 -2 -11
right_child=8 4 3 -5 5 -7 -8 -9 9 13 -12 -13 -14 -15
leaf_value=0.0074237630078499142 -4.927362796599889e-05 -0.0019769933124766763 9.1671416264114429e-05 -0.0018710709669301367 -0.0020242947317211336 -0.0007744948694480199 0.00039307562832117249 -0.00041452193041962779 9.8609578137788976e-05 -0.00034122431664219412 0.0018218052426409133 0.00071326923488204035 -0.00090813232714453311 5.5528589987804624e-05
leaf_weight=1011 62 146 7886 670 57 216 956 2069 5238 2312 1642 61 56 66031
leaf_count=1011 62 146 7886 670 57 216 956 2069 5238 2312 1642 61 56 66031
internal_value=8.4999e-05 -0.000326262 0.000200988 -0.000335437 -0.00255627 -0.00855311 0.00253432 -0.00181716 0.000155964 0.000169031 0.00107558 -0.0053352 -0.00940678 7.77697e-05
internal_weight=88413 13011 10523 8556 2488 273 1967 2215 75402 75223 6880 179 118 68343
internal_count=88413 13011 10523 8556 2488 273 1967 2215 75402 75223 6880 179 118 68343
is_linear=0
shrinkage=0.05


Tree=209
num_leaves=16
num_cat=0
split_feature=13 12 3 20 20 9 1 5 5 2 20 6 5 16 4
split_gain=1.42974 2.07582 3.33478 2.0263 1.94024 2.72485 1.79585 1.59457 4.3705 1.2307 1.55794 1.19708 1.18281 1.11821 0.686316
threshold=0.096847750447492928 7.0500000000000016 -0.81241147629688981 2.8693750000000007 3.3306250000000008 0.16616911445198015 51.875587313891437 -0.89406062840022227 -0.92274349529687905 0.88101754234676199 2.3131250000000008 -0.99273797715557011 -0.67803021058859214 374.05000000000007 0.16280825711809024
decision_type=2 2 2 2 2 2 2 2 2 2 2 2 2 2 2
left_child=3 2 14 7 5 -5 -4 8 -1 11 -11 -3 -6 -9 -2
right_child=1 9 6 4 12 -7 -8 13 -10 10 -12 -13 -14 -15 -16
leaf_value=0.00042177007720627053 0.0024572964919225247 0.00044805163128633753 -0.0012815423871370755 -0.0023903541269405591 -0.0010030456273795146 -0.00048431242094435666 0.00084164240460182858 0.00065716293368058628 -0.002335170455521595 0.0023351469280756348 0.00022357656526934713 -1.9341422616049722e-06 0.00023643343802690005 -0.0005260231401275487 -0.0021440701798464789
leaf_weight=318 247 3772 1058 70 136 209 126 1897 78 425 949 78206 746 181 56
leaf_count=318 247 3772 1058 70 136 209 126 1897 78 425 949 78206 746 181 56
internal_value=6.74776e-05 2.58727e-05 -0.00182582 0.00103851 -0.000684754 -0.004319 -0.00302365 0.00184721 -0.00106061 5.8907e-05 0.00154294 3.40337e-05 0.000464853 0.00240135 0.00285479
internal_weight=88474 84839 1487 3635 1161 279 1184 2474 396 83352 1374 81978 882 2078 303
internal_count=88474 84839 1487 3635 1161 279 1184 2474 396 83352 1374 81978 882 2078 303
is_linear=0
shrinkage=0.05


Tree=210
num_leaves=15
num_cat=0
split_feature=22 21 5 19 4 5 22 17 6 4 20 20 19 19
split_gain=1.16388 3.38941 9.00765 5.13974 4.56227 2.44687 2.87307 2.43307 4.42914 3.41644 3.80307 2.36931 1.88507 1.6612
threshold=0.9381407681654238 0.88935122622285934 -0.99866806308218525 14.218750000000002 0.29012925520284133 -0.99763297024448894 0.79935383724692055 114.50000000000001 0.95178258287705175 0.13052619222005193 2.9568750000000006 3.6931250000000007 1.9062500000000004 16.668750000000006
decision_type=2 2 2 2 2 2 2 2 2 2 2 2 2 2
left_child=1 5 3 -3 -4 6 -1 9 12 10 -2 -7 -9 -11
right_child=7 2 4 -5 -6 11 -8 8 -10 13 -12 -13 -14 -15
leaf_value=0.0016754190220533785 -0.00015886163779716967 -0.004944357520192514 -0.00059368399072211395 -0.0052533020273018375 -0.0037287244040540113 9.0697145792904268e-05 -0.0022589098135254791 -0.0027858386849052702 -0.0027165749869860092 0.00078193264835823564 0.0002429234406386123 -0.00023785007042044566 0.00089736461677866362 0.0026292018167516596
leaf_weight=1157 8939 52 6166 59 54 48637 263 76 53 1328 2655 14388 4169 442
leaf_count=1157 8939 52 6166 59 54 48637 263 76 53 1328 2655 14388 4169 442
internal_value=4.22897e-05 -4.83213e-05 -0.00115227 -0.0152703 -0.000900321 6.0129e-05 0.00211268 0.00040539 0.0014402 7.25832e-05 -0.000239779 1.38836e-05 0.00161955 0.00211864
internal_weight=88438 70776 6331 111 6220 64445 1420 17662 4298 13364 11594 63025 4245 1770
internal_count=88438 70776 6331 111 6220 64445 1420 17662 4298 13364 11594 63025 4245 1770
is_linear=0
shrinkage=0.05


Tree=211
num_leaves=15
num_cat=0
split_feature=6 6 5 14 17 13 18 6 6 5 5 5 3 3
split_gain=1.28335 4.36053 23.524 30.8513 6.14532 3.58114 3.76879 2.70745 9.64075 5.9325 2.44952 6.20394 2.01746 1.18803
threshold=0.97461712852231652 0.95436825032516992 0.28519915169571858 1.0000000180025095e-35 110.50000000000001 0.76265665295638441 97.687500000000014 0.84199059757024453 0.81304046271159414 0.42958674266195179 0.13398903995667991 0.099822040462190967 -0.097964660725097089 -0.63405362205439464
decision_type=2 2 2 2 2 2 2 2 2 2 2 2 2 2
left_child=1 7 4 -4 -3 10 12 8 -1 -9 11 -2 -7 -12
right_child=5 2 3 -5 -6 6 -8 9 -10 -11 13 -13 -14 -15
leaf_value=2.8586839791857721e-05 0.00037031006210391315 0.00015689286114544556 -0.0019641568182234455 0.00044124704560884187 -0.0025807462376367081 0.0020230630437350593 -0.0025396422758949097 2.0321947268147075e-05 -0.0014474650651056077 0.00540138138759216 -0.0018299119610615756 -0.0017032078440837681 -0.002244468364014224 0.0016428346460827241
leaf_weight=77159 2525 1135 85 83 52 142 68 3539 1010 1383 52 280 46 815
leaf_count=77159 2525 1135 85 83 52 142 68 3539 1010 1383 52 280 46 815
internal_value=6.86855e-05 2.75918e-05 -0.00278598 -0.0202976 -0.000307498 0.000952139 -0.00476562 7.34738e-05 1.85514e-06 0.00121089 0.00135076 0.000632799 -0.00111702 0.00367359
internal_weight=88374 84446 1355 168 1187 3928 256 83091 78169 4922 3672 2805 188 867
internal_count=88374 84446 1355 168 1187 3928 256 83091 78169 4922 3672 2805 188 867
is_linear=0
shrinkage=0.05


Tree=212
num_leaves=15
num_cat=0
split_feature=6 6 5 5 13 18 6 5 5 6 6 5 3 19
split_gain=1.19703 3.96612 8.66612 11.6672 3.72031 5.47495 3.1668 2.79123 8.14206 2.76924 8.00573 5.86006 2.71793 0.709085
threshold=0.97461712852231652 0.94636490295939868 0.26866988313759588 0.30164402523644185 0.76265665295638441 97.687500000000014 0.96849880583763492 0.13398903995667991 0.099822040462190967 0.84199059757024453 0.81304046271159414 0.42958674266195179 -0.097964660725097089 2.4562500000000003
decision_type=2 2 2 2 2 2 2 2 2 2 2 2 2 2
left_child=1 9 6 -4 7 12 -3 8 -2 10 -1 -11 -6 -9
right_child=4 2 3 -5 5 -7 -8 13 -10 11 -12 -13 -14 -15
leaf_value=3.0524377849309757e-05 0.00035773297641043767 0.0015150670442592711 -0.0018066412685844727 -8.884062593853982e-05 0.0025381544410477304 -0.0026332644642102949 -0.00098252798955897835 0.0017049369583690547 -0.0016669107873575038 1.151802475104904e-05 -0.0013420519683531877 0.0051843184895135324 -0.0022560176617242591 -0.00035952146458700696
leaf_weight=77198 2547 728 321 330 143 68 449 740 292 3064 1016 1386 47 97
leaf_count=77198 2547 728 321 330 143 68 449 740 292 3064 1016 1386 47 97
internal_value=6.76274e-05 2.79318e-05 -0.00227571 -0.00690476 0.000920183 -0.00488372 0.000284622 0.00132753 0.00057943 7.88737e-05 9.84497e-06 0.00129213 -0.000526316 0.00386499
internal_weight=88426 84492 1828 651 3934 258 1177 3676 2839 82664 78214 4450 190 837
internal_count=88426 84492 1828 651 3934 258 1177 3676 2839 82664 78214 4450 190 837
is_linear=0
shrinkage=0.05


Tree=213
num_leaves=15
num_cat=0
split_feature=6 13 18 6 5 5 6 5 5 6 6 5 3 3
split_gain=1.2484 4.00062 4.37309 3.43521 8.03779 11.2452 3.08472 2.62234 3.91242 2.52479 7.33075 5.94665 2.28557 0.948283
threshold=0.97461712852231652 0.76265665295638441 97.937500000000014 0.94636490295939868 0.26866988313759588 0.30164402523644185 0.97263757644091875 0.13398903995667991 0.099822040462190967 0.84199059757024453 0.80290535434334509 0.42958674266195179 -0.58216583101416142 -0.63405362205439464
decision_type=2 2 2 2 2 2 2 2 2 2 2 2 2 2
left_child=3 7 12 9 6 -6 -5 8 -2 10 -1 -11 -3 -9
right_child=1 2 -4 4 5 -7 -8 13 -10 11 -12 -13 -14 -15
leaf_value=2.1461732167774197e-05 0.0003237693353431118 0.0041958023886506466 -0.0025487273538232266 0.00085330452539950856 -0.0017164693655038158 -4.7436145384283128e-05 -0.00092837299956191697 -0.00025283989422585594 -0.0015042139383035279 -1.3117724588765837e-06 -0.0010746434002354463 0.0049360063643333618 -0.0019445764571440268 0.0015120833489098912
leaf_weight=76883 2545 99 66 1015 320 325 143 51 287 3061 1372 1374 92 801
leaf_count=76883 2545 99 66 1015 320 325 143 51 287 3061 1372 1374 92 801
internal_value=4.48924e-05 0.000914743 -0.00511673 4.32007e-06 -0.00215474 -0.00662791 0.000336788 0.00133551 0.000603814 5.1397e-05 -1.43759e-05 0.00121195 -0.00128272 0.00376761
internal_weight=88434 3941 257 84493 1803 645 1158 3684 2832 82690 78255 4435 191 852
internal_count=88434 3941 257 84493 1803 645 1158 3684 2832 82690 78255 4435 191 852
is_linear=0
shrinkage=0.05


Tree=214
num_leaves=15
num_cat=0
split_feature=4 18 22 20 6 17 16 3 19 21 18 16 19 19
split_gain=1.21258 4.73278 2.62871 2.87969 2.11708 2.03044 4.87596 7.45818 3.27021 6.62518 4.3369 1.9806 1.96808 1.62728
threshold=-0.93540483100319616 45.812500000000007 0.11811853751280908 2.7343750000000004 0.99958851518450398 100.50000000000001 610.55000000000007 -0.93540483100319605 12.093750000000002 0.61768025636941071 80.937500000000014 1.7500000000000002 10.406250000000002 28.831250000000004
decision_type=2 2 2 2 2 2 2 2 2 2 2 2 2 2
left_child=1 4 12 -4 13 6 11 -8 10 -10 -7 -2 -3 -1
right_child=5 2 3 -5 -6 8 7 -9 9 -11 -12 -13 -14 -15
leaf_value=0.00056989406639598283 -0.00024385218489797776 -0.00028818433688214412 -0.00045726102515142308 0.00035525785503542212 -0.00052431319186258929 -0.00024021224904205701 -0.0015569901637089141 -0.00028645086946505366 -0.00069221999956195924 0.00031666007514548111 0.0011079782507238086 5.4089728757246406e-05 -0.00092123451376335873 -0.00011709270039512278
leaf_weight=5340 10337 104 6557 9046 78 2406 57 2069 7957 16354 4436 23200 59 331
leaf_count=5340 10337 104 6557 9046 78 2406 57 2069 7957 16354 4436 23200 59 331
internal_value=8.8361e-05 0.000414827 -3.29822e-05 3.30067e-05 0.00164289 -1.67623e-05 -0.000274374 -0.00259642 0.000278144 6.3759e-06 0.00124379 -0.000127173 -0.00634969 0.00175542
internal_weight=88331 21515 15766 15603 5749 66816 35663 2126 31153 24311 6842 33537 163 5671
internal_count=88331 21515 15766 15603 5749 66816 35663 2126 31153 24311 6842 33537 163 5671
is_linear=0
shrinkage=0.05


Tree=215
num_leaves=16
num_cat=0
split_feature=19 18 5 21 13 13 6 17 17 3 6 6 21 1 6
split_gain=1.31593 7.04716 7.24974 9.51629 6.28291 3.97107 3.45822 1.86081 2.72487 4.11886 2.10857 1.97976 2.62196 0.87459 0.124258
threshold=23.793750000000006 96.937500000000014 0.52766072109828632 0.53850397876675882 0.82513161349481845 0.393617723362437 -0.59867820553660911 307.50000000000006 304.50000000000006 0.032701564615071628 -0.98521978256641018 -0.99628250747696534 0.56896151705866038 862.76371110962691 -0.97111920233974802
decision_type=2 2 2 2 2 2 2 2 2 2 2 2 2 2 2
left_child=7 5 3 -3 -4 14 -7 8 10 -10 -1 12 -9 -13 -2
right_child=1 2 4 -5 -6 6 -8 11 9 -11 -12 13 -14 -15 -16
leaf_value=0.00060260992908321113 0.0030163899131484379 -0.0047353663792374743 -0.0057786567938429706 -0.0006361250666104811 -0.013947787064470011 6.2204769434467193e-05 -0.00059339875289167183 -0.0078391703746773754 -0.0052563693755871598 0.0006728714787529055 1.2291654877643882e-05 0.0036570892701560521 0.0053277717034188035 0.00044264334784787452 0.0035780845831091626
leaf_weight=4182 120 204 92 1053 60 4793 952 41 56 59 74875 964 85 395 401
leaf_count=4182 120 204 92 1053 60 4793 952 41 56 59 74875 964 85 395 401
internal_value=5.55859e-05 -0.000570032 -0.00376508 -0.0025179 -0.0140789 0.00014842 -0.000230635 0.000115117 8.22262e-05 -0.0076087 9.34138e-05 0.00186869 -0.00412698 0.00242458 0.00432822
internal_weight=88332 7675 1409 1257 152 6266 5745 80657 79172 115 79057 1485 126 1359 521
internal_count=88332 7675 1409 1257 152 6266 5745 80657 79172 115 79057 1485 126 1359 521
is_linear=0
shrinkage=0.05


Tree=216
num_leaves=15
num_cat=0
split_feature=9 9 4 9 20 16 5 3 2 12 13 3 20 5
split_gain=1.22672 2.68962 2.79231 2.18661 3.07093 2.86687 1.82958 1.81511 1.27355 1.4365 1.25874 2.65003 1.13544 0.642691
threshold=0.7627949850588478 0.76133632535529028 0.13052619222005193 0.77634323470482058 4.3256250000000014 466.55000000000007 0.29342972903661901 1.0000000180025095e-35 0.88101754234676199 412.65000000000003 0.4576877158022416 -0.097964660725097089 2.4493750000000003 -0.72696319516528884
decision_type=2 2 2 2 2 2 2 2 2 2 2 2 2 2
left_child=1 8 6 10 5 -5 -3 -6 9 -1 11 -2 -10 -12
right_child=3 2 -4 4 7 -7 -8 -9 12 -11 13 -13 -14 -15
leaf_value=3.2885989283975195e-05 -0.0022713502719721871 0.00076443928721813426 -0.0043964379445200468 0.0013061128668398914 -0.00070379569442202347 -0.0013336881769023591 -0.0046843557644952356 -0.0057713238202107171 0.0020412315020502778 -0.00015188328497501113 -0.00053458961742500351 0.00057986567518954668 0.000255547278715474 0.0012619499357342191
leaf_weight=74257 40 126 52 1038 89 890 134 40 429 9351 61 71 755 915
leaf_count=74257 40 126 52 1038 89 890 134 40 429 9351 61 71 755 915
internal_value=5.4279e-05 1.84482e-05 -0.00461538 0.00102417 6.56297e-05 0.000565353 -0.0025 -0.0074031 3.54988e-05 1.24392e-05 0.00283809 -0.00220721 0.00166385 0.00341189
internal_weight=88248 85104 312 3144 2057 1928 260 129 84792 83608 1087 111 1184 976
internal_count=88248 85104 312 3144 2057 1928 260 129 84792 83608 1087 111 1184 976
is_linear=0
shrinkage=0.05


Tree=217
num_leaves=15
num_cat=0
split_feature=13 18 12 22 5 12 5 5 12 15 22 9 4 3
split_gain=1.11564 1.34572 1.02746 2.76878 2.45415 1.30966 5.06342 1.97963 0.841927 1.92335 0.825394 0.312913 0.0188665 0.0141304
threshold=0.017969622870310908 72.937500000000014 601.35000000000014 0.55455967546178531 0.61237135649459018 436.9500000000001 0.99966190462023474 0.99939377080793557 8.8500000000000014 130.50000000000003 0.97465609334504777 0.58968760776797768 -0.93540483100319616 0.032701564615071628
decision_type=2 2 2 2 2 2 2 2 2 2 2 2 2 2
left_child=1 11 5 4 -4 7 -7 -2 9 -3 -5 12 -1 -10
right_child=2 8 3 10 -6 6 -8 -9 13 -11 -12 -13 -14 -15
leaf_value=0.00017368197906921881 1.3127439209315996e-05 1.2735019287121383e-05 -0.00037725848139634667 0.00056930873885137887 -0.0018040989594134912 -0.00014022939126691724 -0.0068242845448771173 0.00043854241367361467 0.007580940189081297 -0.00043175172109572092 0.00096417894383311062 0.0010363743322361675 0.00052864766240551069 0.002116581283932275
leaf_weight=45 76639 362 158 1102 51 8314 52 887 52 40 286 61 253 40
leaf_count=45 76639 362 158 1102 51 8314 52 887 52 40 286 61 253 40
internal_value=3.52043e-05 0.0018347 1.76595e-05 0.00127426 -0.00409091 -5.70465e-06 -0.000600048 5.84322e-05 0.000141701 -0.000845771 0.00208213 0.00416435 0.00483221 0.00445652
internal_weight=88342 853 87489 1597 209 85892 8366 77526 494 402 1388 359 298 92
internal_count=88342 853 87489 1597 209 85892 8366 77526 494 402 1388 359 298 92
is_linear=0
shrinkage=0.05


Tree=218
num_leaves=14
num_cat=0
split_feature=7 5 5 16 4 17 19 5 20 9 9 9 15
split_gain=1.32046 1.70365 3.16857 5.88844 2.34961 2.17007 3.92528 2.32733 1.28376 2.13239 1.23808 2.20657 1.5404
threshold=18.875000000000004 0.9193901325473397 0.92602006027323147 130.65000000000001 -0.99892946161930163 154.50000000000003 13.993750000000004 -0.99866806308218525 7.0568750000000007 0.48576427999707467 0.18276329663276905 0.24518814705566372 247.50000000000003
decision_type=2 2 2 2 2 2 2 2 2 2 2 2 2
left_child=1 5 3 -3 -4 7 -7 -1 10 -10 12 -12 -2
right_child=8 2 4 -5 -6 6 -8 -9 9 -11 11 -13 -14
leaf_value=-0.0012051441786112389 0.00032986882835601408 0.0063471375773650127 -0.0012475227960829539 -0.0041285286014033423 -4.7266950228152373e-05 0.0020727726048241635 0.0004091785184989816 4.9945029462403434e-05 0.00099085460110963342 -0.0024916856547192016 -0.00073048870585355969 -8.2636579650260353e-05 -0.0014968190786265275
leaf_weight=647 946 103 229 254 7807 2687 13213 39041 44 45 1230 22211 134
leaf_count=647 946 103 229 254 7807 2687 13213 39041 44 45 1230 22211 134
internal_value=6.94768e-05 0.000189197 -0.0004748 -0.00508403 -0.000270035 0.000289451 0.000783019 9.17156e-05 -0.000241771 -0.00623595 -0.000220015 -0.000296276 0.00143519
internal_weight=88591 63981 8393 357 8036 55588 15900 39688 24610 89 24521 23441 1080
internal_count=88591 63981 8393 357 8036 55588 15900 39688 24610 89 24521 23441 1080
is_linear=0
shrinkage=0.05


Tree=219
num_leaves=15
num_cat=0
split_feature=13 13 20 5 6 6 13 6 6 6 6 6 17 20
split_gain=1.25833 1.96478 6.81982 8.43722 4.18837 3.70536 4.8915 2.49822 1.7379 1.82295 3.01098 1.56416 1.17851 0.670775
threshold=0.096847750447492928 0.17597566537681111 0.46312500000000006 0.23537774960157334 0.66367808336324663 0.9989598388634241 0.51615808870840063 0.96407344085605606 0.73721509932751383 -0.73284120334876357 -0.69676771491221523 -0.94703994556331683 121.50000000000001 4.2306250000000007
decision_type=2 2 2 2 2 2 2 2 2 2 2 2 2 2
left_child=8 2 3 -2 -4 7 -7 -3 9 11 -11 -1 13 -10
right_child=1 5 4 -5 -6 6 -8 -9 12 10 -12 -13 -14 -15
leaf_value=-5.739564839124208e-05 -0.0005780857734845158 2.0385492260293619e-05 -0.00041543028390830339 -0.0016980833991917556 0.0012169443312331114 -0.00011710321792425735 -0.0011516129824998779 0.00071554391035823965 0.00043432553443461446 -0.0035718811862539435 -2.998848849757354e-05 0.0049213452957067166 -6.3805614616549268e-05 0.00015127951060198521
leaf_weight=304 1124 74961 3710 181 1287 356 123 3168 839 132 1631 336 59 272
leaf_count=304 1124 74961 3710 181 1287 356 123 3168 839 132 1631 336 59 272
internal_value=6.45889e-05 2.591e-05 -0.000823548 -0.00404215 1.70104e-05 9.4011e-05 -0.00429019 0.00012089 0.000983767 0.000214316 -0.000615428 0.0025 0.0025641 0.00292979
internal_weight=88483 84910 6302 1305 4997 78608 479 78129 3573 2403 1763 640 1170 1111
internal_count=88483 84910 6302 1305 4997 78608 479 78129 3573 2403 1763 640 1170 1111
is_linear=0
shrinkage=0.05


Tree=220
num_leaves=16
num_cat=0
split_feature=5 3 20 19 5 5 17 4 16 9 0 20 19 5 4
split_gain=1.21614 3.47896 5.58623 5.88571 4.1816 2.70467 7.49741 4.992 3.78848 2.30759 2.13256 1.43674 5.00421 4.42167 1.31365
threshold=-0.93545489084327571 0.97335555334614954 0.66937500000000016 4.8312500000000016 -0.99866806308218525 -0.91597725483594616 36.500000000000007 -0.84874750804349175 263.05000000000007 0.65808720280347643 248.37807921047292 0.89312500000000017 1.9062500000000004 -0.45274443793211405 -0.77259657388510627
decision_type=2 2 2 2 2 2 2 2 2 2 2 2 2 2 2
left_child=1 9 3 -3 -4 6 7 -2 -8 10 -1 13 -13 -7 -11
right_child=5 2 4 -5 -6 11 8 -9 -10 14 -12 12 -14 -15 -16
leaf_value=0.00070363518045367195 0.00061798133740770592 0.0020542167112522105 -0.0015230916964144416 -0.0030995006042747772 0.00080890600136618123 -0.00033475825154275179 0.0015080067944204395 -0.0017421865432888141 -0.001027850984604992 0.0025288002465381062 1.2560446930314982e-05 -0.00052842120153294002 2.037041319545921e-06 0.0003509102959807936 0.00074589964565217437
leaf_weight=2687 138 78 103 143 646 6471 558 332 622 582 5508 1580 57250 11043 528
leaf_count=2687 138 78 103 143 646 6471 558 332 622 582 5508 1580 57250 11043 528
internal_value=7.01834e-05 0.000581509 -0.00226804 -0.00925339 -0.000206942 2.82092e-06 -0.002 -0.00734043 0.000127119 0.00087856 0.000588774 4.61073e-05 -7.22419e-05 0.000443645 0.00301802
internal_weight=88269 10275 970 221 749 77994 1650 470 1180 9305 8195 76344 58830 17514 1110
internal_count=88269 10275 970 221 749 77994 1650 470 1180 9305 8195 76344 58830 17514 1110
is_linear=0
shrinkage=0.05


Tree=221
num_leaves=15
num_cat=0
split_feature=13 18 3 22 6 3 21 0 18 3 5 0 9 4
split_gain=1.05602 1.26777 1.0683 2.24413 5.07444 1.63977 5.79245 1.28298 1.21772 0.923766 2.31036 0.619563 0.229739 0.0207801
threshold=0.017969622870310908 72.937500000000014 -0.98611507088852024 0.36986367537559256 -0.8901731938066898 -0.8814490726585632 0.91688966405004757 73.815906317235573 90.062500000000014 0.29012925520284144 0.3504237462291826 13.458872958123555 0.58968760776797768 -0.93540483100319616
decision_type=2 2 2 2 2 2 2 2 2 2 2 2 2 2
left_child=1 12 3 4 -2 6 -4 -7 -5 10 -3 -11 13 -1
right_child=2 9 5 8 -6 7 -8 -9 -10 11 -12 -13 -14 -15
leaf_value=0.00014814539611424598 -0.0026971056518803674 -0.000411252526884434 7.7685525410444738e-05 0.0003853662332127417 0.00032397830950455837 -0.00030664353920467895 -0.0010387623689697451 4.8079557276789193e-05 0.0020778263929119396 -0.00033957070107075091 0.0025088079035770561 0.00038440798911266034 0.0010181589978247706 0.00047080623553890646
leaf_weight=41 62 146 4250 1836 220 7876 1717 70768 1150 58 110 167 53 236
leaf_count=41 62 146 4250 1836 220 7876 1717 70768 1150 58 110 167 53 236
internal_value=5.97589e-05 0.00185573 4.31846e-05 0.000930233 -0.00333333 8.92338e-06 -0.000790179 6.95541e-05 0.00133289 0.000218295 -0.00183594 0.00255556 0.00424242 0.00481949
internal_weight=88690 811 87879 3268 282 84611 5967 78644 2986 481 256 225 330 277
internal_count=88690 811 87879 3268 282 84611 5967 78644 2986 481 256 225 330 277
is_linear=0
shrinkage=0.05


Tree=222
num_leaves=15
num_cat=0
split_feature=9 5 6 5 23 3 9 5 9 5 6 6 19 13
split_gain=1.00586 3.65224 11.5567 23.9229 2.95271 2.20244 7.53097 2.71239 2.08658 3.80702 3.94414 2.9954 3.67195 1.63425
threshold=0.39166652857036116 -0.67803021058859214 0.60383265664488517 -0.78326540922535159 1.5000000000000002 0.81241147629689026 0.38624132937693928 0.79904096188274243 0.44667025330212023 0.99374995976406788 -0.92272482904738262 0.99855310097228334 -0.19999999999999996 0.19916291303120978
decision_type=2 2 2 2 2 2 2 2 2 2 2 2 2 2
left_child=1 2 4 -4 -1 7 -7 -3 9 10 -2 13 -13 -10
right_child=8 5 3 -5 -6 6 -8 -9 11 -11 -12 12 -14 -15
leaf_value=0.00019826926306661135 -0.0014485402783753845 0.00029719601662557711 -0.0015260109271263526 -0.0011894880219758194 -0.00089342193401033233 -0.00023705361492524477 -0.0019750284607493742 -0.0004005275765692984 -0.00049343363762769656 -0.0051485463745869417 0.00077230992516235742 0.007130016052619312 -0.00076985220101883224 4.5084827621057492e-05
leaf_weight=4414 689 9968 84 1174 1425 2922 116 3249 3581 65 7278 53 139 53105
leaf_count=4414 689 9968 84 1174 1425 2922 116 3249 3581 65 7278 53 139 53105
internal_value=4.20341e-05 -0.00023938 -0.00118571 -0.00553259 -0.000249186 0.000173793 -0.00104016 0.000452826 0.000143275 0.00089766 0.000995984 3.67455e-05 -0.00619792 5.78628e-05
internal_weight=88262 23352 7097 1258 5839 16255 3038 13217 64910 8032 7967 56878 192 56686
internal_count=88262 23352 7097 1258 5839 16255 3038 13217 64910 8032 7967 56878 192 56686
is_linear=0
shrinkage=0.05


Tree=223
num_leaves=12
num_cat=0
split_feature=17 6 22 21 22 12 13 21 4 17 15
split_gain=1.83321 5.17962 4.63602 6.08588 3.69361 3.32716 5.50106 3.44447 2.43774 3.26443 2.32195
threshold=114.50000000000001 0.95936279103287792 0.32823821919300272 0.45550102521122787 0.92276304126539432 541.05000000000007 0.85322284288055295 0.9960412099423831 -0.93540483100319616 113.50000000000001 132.50000000000003
decision_type=2 2 2 2 2 2 2 2 2 2 2
left_child=5 2 3 -2 -4 8 -7 -8 9 -1 -10
right_child=1 -3 4 -5 -6 6 7 -9 10 -11 -12
leaf_value=0.00024990852603273692 -0.00033006592766140482 -0.0022958510019243585 0.00015361502943407523 -0.0035304790472872995 0.00085782088937450234 -0.00023407497647381958 -0.00083388132836827796 8.0097113134338217e-05 -2.2012758994056236e-05 -0.0024208098799569683 -0.0002415153621422889
leaf_weight=7115 1744 63 32889 52 5509 56 138 262 28827 97 11776
leaf_count=7115 1744 63 32889 52 5509 56 138 262 28827 97 11776
internal_value=2.86917e-05 0.00027784 0.000300294 -0.00218263 0.000416428 -0.000179093 -0.00442982 -0.002375 -0.000138555 0.000708541 -0.000289018
internal_weight=88528 40257 40194 1796 38398 48271 456 400 47815 7212 40603
internal_count=88528 40257 40194 1796 38398 48271 456 400 47815 7212 40603
is_linear=0
shrinkage=0.05


Tree=224
num_leaves=15
num_cat=0
split_feature=3 6 22 21 5 12 6 13 18 6 5 6 21 19
split_gain=1.07343 2.50021 6.54154 2.56578 1.78713 5.31256 1.10044 4.30917 4.61527 4.01497 7.19775 2.72398 2.26776 0.633532
threshold=-0.98611507088852024 -0.86974577485258975 0.34806793616523729 1.0540645223866556 0.76696112484652035 46.350000000000009 0.97461712852231652 0.76265665295638441 97.937500000000014 0.94636490295939868 0.26866988313759588 0.84199059757024453 0.68863906438948919 23.231250000000006
decision_type=2 2 2 2 2 2 2 2 2 2 2 2 2 2
left_child=1 2 -1 -4 13 -6 9 12 -9 11 -11 -2 -8 -3
right_child=6 4 3 -5 5 -7 7 8 -10 10 -12 -13 -14 -15
leaf_value=-0.0021218166694734349 -1.3021526836326514e-05 0.0027518033649653094 0.00034624282656511716 -0.0030862134717348001 0.00089201794747067673 -0.0034518239720348954 0.00015090411659613912 -0.00036836916461301534 -0.0020039833055499742 -7.4831988019499282e-07 -0.0014039323838060391 0.00043931813094912975 0.0029985094997562675 0.0007629839422687801
leaf_weight=42 74912 901 1397 86 547 56 2841 176 70 1167 642 4446 816 246
leaf_count=42 74912 901 1397 86 547 56 2841 176 70 1167 642 4446 816 246
internal_value=5.06539e-05 0.000938931 -0.000540983 1.01148e-05 0.00222857 2.48758e-05 1.64572e-05 0.000836536 -0.00556911 -2.29771e-05 -0.00235213 3.01169e-05 0.00126743 0.0033871
internal_weight=88345 3275 1525 1483 1750 603 85070 3903 246 81167 1809 79358 3657 1147
internal_count=88345 3275 1525 1483 1750 603 85070 3903 246 81167 1809 79358 3657 1147
is_linear=0
shrinkage=0.05


Tree=225
num_leaves=16
num_cat=0
split_feature=5 9 3 20 5 20 16 17 5 12 5 19 3 20 18
split_gain=1.34869 3.20891 3.66765 5.8349 2.80718 7.67411 7.29438 3.56207 2.40168 1.47174 7.5655 1.66058 0.976933 1.36314 0.365905
threshold=-0.93545489084327571 0.67836721577445469 0.97335555334614954 0.87687500000000018 -0.91597725483594616 1.1493750000000003 263.05000000000007 36.500000000000007 -0.98523971305672675 393.75000000000006 -0.85227431625818906 29.756250000000005 -0.81241147629688981 1.2368750000000004 28.937500000000004
decision_type=2 2 2 2 2 2 2 2 2 2 2 2 2 2 2
left_child=1 2 8 -4 5 6 -2 -7 -1 11 -11 -6 13 -3 -14
right_child=4 12 3 -5 9 7 -8 -9 -10 10 -12 -13 14 -15 -16
leaf_value=-0.00010475053163502063 -0.0014202710629979756 0.0019632745182495376 -0.0025831265828204753 0.00012702516121754581 4.782219412868084e-05 -0.0016317671140629588 -0.0038181519900499883 0.0010443570744394107 0.0010330683154324103 -0.0063029797753415568 -5.4105247672188e-05 0.00075429755822397639 0.000672497296833282 -0.003861480319683642 0.0033541313962722908
leaf_weight=3661 458 56 309 554 64025 114 42 1028 4903 323 11592 617 88 66 714
leaf_count=3661 458 56 309 554 64025 114 42 1028 4903 323 11592 617 88 66 714
internal_value=8.24395e-05 0.000618781 0.000343163 -0.00276362 1.14453e-05 -0.0020341 -0.0072 0.000227671 0.000656236 5.53184e-05 -0.000455308 0.000149439 0.00343074 -0.000737705 0.00406484
internal_weight=88550 10351 9427 863 78199 1642 500 1142 8564 76557 11915 64642 924 122 802
internal_count=88550 10351 9427 863 78199 1642 500 1142 8564 76557 11915 64642 924 122 802
is_linear=0
shrinkage=0.05


Tree=226
num_leaves=16
num_cat=0
split_feature=6 18 3 5 19 6 12 17 22 9 19 5 16 6 22
split_gain=1.2796 3.75442 2.90617 10.5129 2.92231 2.57526 5.64182 4.24112 2.20552 2.06228 3.93169 1.9263 1.51942 3.40685 2.50883
threshold=-0.9575230291762723 99.937500000000014 -0.81241147629688981 -0.18492532721306487 21.056250000000002 -0.94703994556331683 436.9500000000001 239.50000000000003 0.61621224316396062 0.28563923514227413 12.381250000000003 -0.11692013674435776 144.75000000000003 0.96407344085605606 0.32823821919300272
decision_type=2 2 2 2 2 2 2 2 2 2 2 2 2 2 2
left_child=1 9 3 -3 -4 6 8 -8 -2 10 -1 -11 14 -14 -7
right_child=5 2 4 -5 -6 12 7 -9 -10 11 -12 -13 13 -15 -16
leaf_value=-0.0069949110588085894 -0.0020883681919678571 -0.0038529113144921776 -0.00068245675112498915 -0.0012733529355411514 0.0018654941914471816 -3.923117493261431e-05 -0.0067324501138750692 -0.0016361327248780467 0.0012519773162895931 2.6326507953844393e-05 -0.00039276113930425838 0.00092950945849802798 -9.1344155160837722e-05 0.0020629009617233011 0.00031875974287271988
leaf_weight=41 376 51 1058 376 401 16719 140 147 567 2592 450 5596 38797 796 20113
leaf_count=41 376 51 1058 376 401 16719 140 147 567 2592 450 5596 38797 796 20113
internal_value=6.34779e-05 0.000579745 -0.00144221 -0.00507026 -0.000380397 -6.76049e-06 -0.00227642 -0.00841463 -0.000408271 0.00101913 -0.00212831 0.00120787 2.97679e-05 -0.00018526 0.000260915
internal_weight=88220 10565 1886 427 1459 77655 1230 287 943 8679 491 8188 76425 39593 36832
internal_count=88220 10565 1886 427 1459 77655 1230 287 943 8679 491 8188 76425 39593 36832
is_linear=0
shrinkage=0.05


Tree=227
num_leaves=15
num_cat=0
split_feature=6 18 6 0 6 18 19 6 12 5 6 22 3 0
split_gain=1.53238 5.90483 6.59712 2.75121 2.35912 5.02586 8.83167 3.91019 9.32512 2.10952 2.10147 0.32233 0.2461 2.22045e-16
threshold=0.99958851518450398 98.687500000000014 0.99999537620422141 85.846029998604436 0.97461712852231652 99.937500000000014 3.631250000000001 0.97263757644091875 60.750000000000007 -0.159513159777915 0.94636490295939868 0.25040874052279244 0.5277851165098012 187.46637877969036
decision_type=2 2 2 2 2 2 2 2 2 2 2 2 2 2
left_child=4 2 3 -2 7 9 -7 10 -9 -6 -1 -3 -4 -13
right_child=1 11 12 -5 5 6 -8 8 -10 -11 -12 13 -14 -15
leaf_value=2.1382276623962221e-05 -0.0022086912434060792 3.0322936366747091e-05 0.0044738969067526458 -0.00052774212592606091 -0.00082507317714053765 -0.0017896592378146945 0.00085252116834427533 -8.9352176445133861e-05 -0.0013958738995789822 0.0012190523724415199 -0.00053437523773570516 0.0011793138359568233 0.00061346187934632345 0.001147779672212223
leaf_weight=82678 65 40 70 156 392 143 254 98 40 2618 1678 123 41 43
leaf_count=82678 65 40 70 156 392 143 254 98 40 2618 1678 123 41 43
internal_value=3.95189e-05 -0.00262082 -0.00674699 -0.0117421 5.58016e-05 0.00134576 -0.00394207 3.78744e-06 -0.0084058 0.00204319 1.75449e-05 0.00402913 0.0031982 0.005
internal_weight=88439 538 332 221 87901 3407 397 84494 138 3010 84356 206 111 166
internal_count=88439 538 332 221 87901 3407 397 84494 138 3010 84356 206 111 166
is_linear=0
shrinkage=0.05


Tree=228
num_leaves=10
num_cat=0
split_feature=19 6 6 18 6 16 12 3 0
split_gain=1.48092 1.12516 2.90361 8.46881 1.49376 0.281836 0.0735099 0.0199495 2.22045e-16
threshold=-2.7812499999999996 0.99999537620422141 0.99958851518450398 96.812500000000014 0.97461712852231652 24.450000000000003 11.550000000000002 0.097964660725097366 133.61871963262334
decision_type=2 2 2 2 2 2 2 2 2
left_child=5 2 4 -4 -2 -1 -3 -7 -9
right_child=1 6 3 -5 -6 7 -8 8 -10
leaf_value=6.1379522033072433e-05 -1.1837192357760505e-06 0.0024836994052220077 -0.00086717125006322308 0.00071454912820027145 0.00041520792941964683 0.00019405123465075124 0.0017910020625244148 0.0013726414739772554 7.5028067578604809e-05
leaf_weight=42 84242 40 192 174 3348 40 111 116 42
leaf_count=42 84242 40 192 174 3348 40 111 116 42
internal_value=3.60512e-05 2.53671e-05 1.79637e-05 -0.00442623 3.6534e-05 0.00395833 0.00433775 0.00474747 0.005
internal_weight=88347 88107 87956 366 87590 240 151 198 158
internal_count=88347 88107 87956 366 87590 240 151 198 158
is_linear=0
shrinkage=0.05


Tree=229
num_leaves=12
num_cat=0
split_feature=19 2 20 9 9 17 16 19 15 19 0
split_gain=1.30769 1.28694 1.08736 1.08714 2.04906 0.879157 0.259288 0.115615 0.0796954 0.0273973 2.22045e-16
threshold=-2.7812499999999996 0.88101754234676199 2.1968750000000008 0.8216092256955948 0.81948384845600108 299.50000000000006 24.450000000000003 16.131250000000005 166.50000000000003 19.493750000000006 122.41280530516291
decision_type=2 2 2 2 2 2 2 2 2 2 2
left_child=6 3 7 4 -2 -4 -1 -3 10 -5 -8
right_child=1 2 5 9 -6 -7 8 -9 -10 -11 -12
leaf_value=5.82859105040035e-05 3.0294125883951058e-06 0.0006432130813009522 0.0010641761286879704 0.0094427782865449568 -0.0021210334642980835 -0.0020198604745805923 0.00086417925584986513 0.0020771255557039655 2.440420447960357e-05 0.0037225403373643165 0.00096389676672485776
leaf_weight=41 86583 42 807 73 153 218 115 320 40 73 42
leaf_count=41 86583 42 807 73 153 218 115 320 40 73 42
internal_value=3.82457e-05 2.82661e-05 0.00153929 4.14374e-06 -3.11271e-06 0.000707317 0.0037395 0.00389503 0.00449239 0.00431507 0.005
internal_weight=88507 88269 1387 86882 86736 1025 238 362 197 146 157
internal_count=88507 88269 1387 86882 86736 1025 238 362 197 146 157
is_linear=0
shrinkage=0.05


Tree=230
num_leaves=12
num_cat=0
split_feature=19 12 16 19 12 22 17 19 17 0 0
split_gain=1.40129 1.03026 3.27153 1.62792 1.17345 2.57772 1.60459 0.536336 0.43998 0.0200739 2.22045e-16
threshold=-2.7812499999999996 630.9000000000002 253.90000000000003 19.606250000000006 412.65000000000003 0.93376174617818641 168.50000000000003 25.593750000000004 39.500000000000007 172.96954770846 106.4535782590122
decision_type=2 2 2 2 2 2 2 2 2 2 2
left_child=8 4 3 -3 6 -6 -2 -4 -1 10 -10
right_child=1 2 7 -5 5 -7 -8 -9 9 -11 -12
leaf_value=-0.00010423686025591301 -1.8285064091810471e-05 -0.0014691380652156398 0.0031190644189820795 0.0012992833738486279 -0.0010772271326533395 6.9314735945920681e-05 0.0005599075212428308 0.00073618190656493275 0.0009933929640833707 2.3183994255623377e-05 0.00057610990605294783
leaf_weight=43 60990 96 404 86 7165 3534 15715 197 106 40 57
leaf_count=43 60990 96 404 86 7165 3534 15715 197 106 40 57
internal_value=1.20432e-05 1.53102e-06 0.00180715 -0.00406593 -1.46445e-05 -0.000505187 5.37776e-05 0.00358569 0.00378049 0.00475369 0.005
internal_weight=88433 88187 783 182 87404 10699 76705 601 246 203 163
internal_count=88433 88187 783 182 87404 10699 76705 601 246 203 163
is_linear=0
shrinkage=0.05


Tree=231
num_leaves=11
num_cat=0
split_feature=19 2 12 22 12 20 21 19 20 1
split_gain=1.52819 1.18022 1.06806 1.39026 1.31829 0.885801 1.13005 0.658279 0.1448 0.0193182
threshold=-2.7812499999999996 0.88473270712759755 643.95000000000016 0.58209161818374422 446.55000000000001 2.3293750000000006 0.98342440398631026 16.056250000000006 0.27312500000000006 34.220619963937658
decision_type=2 2 2 2 2 2 2 2 2 2
left_child=8 2 4 -4 -2 7 -7 -3 -1 -10
right_child=1 5 3 -5 -6 6 -8 -9 9 -11
leaf_value=9.840464429850859e-05 8.9354164106169119e-06 -0.00014592824365057476 -0.00062151196249293392 0.0021255296547553104 -0.00018866703203249807 0.00075118681792812024 -0.0013036170367662376 0.0020730772325251953 0.00079936641655464909 0.00048165489933328426
leaf_weight=66 78288 43 50 301 8398 663 40 289 40 136
leaf_count=66 78288 43 50 301 8398 663 40 289 40 136
internal_value=-9.05672e-07 -1.18083e-05 -3.17679e-05 0.0027208 -4.29133e-05 0.00166667 0.000661451 0.00379518 0.00396694 0.00471591
internal_weight=88314 88072 87037 351 86686 1035 703 332 242 176
internal_count=88314 88072 87037 351 86686 1035 703 332 242 176
is_linear=0
shrinkage=0.05


Tree=232
num_leaves=15
num_cat=0
split_feature=5 5 20 18 21 22 6 19 16 6 22 17 21 18
split_gain=1.73367 4.3117 3.78156 5.23087 2.37473 2.08908 5.61041 1.37275 2.71675 2.23047 1.35789 3.07259 2.11216 0.131543
threshold=-0.96689237009891416 -0.98523971305672675 0.46312500000000006 96.687500000000014 0.8391819921784468 0.41289647178935523 0.21652257995689161 29.756250000000005 839.90000000000009 -0.99983123799342477 0.9952314887722099 10.500000000000002 1.1502186460870842 96.312500000000014
decision_type=2 2 2 2 2 2 2 2 2 2 2 2 2 2
left_child=1 2 3 -1 -4 13 -7 10 9 -9 12 -12 -2 -3
right_child=7 5 4 -5 -6 6 -8 8 -10 -11 11 -13 -14 -15
leaf_value=-0.0023197113886688626 -4.9507612904190391e-05 0.006482313248327435 0.00021260004843918416 0.0022613705102003021 -0.0013947623228902307 0.0019250225424174332 -0.0014259995890250781 -0.0025201754789412416 -0.00013621735701522253 0.00059671839183904048 -0.0044920862377509597 0.00011884597931905984 -0.0044691617257615326 0.0013633480255009552
leaf_weight=185 70262 527 3506 92 663 1542 327 97 74 1269 46 9364 48 252
leaf_count=185 70262 527 3506 92 663 1542 327 97 74 1269 46 9364 48 252
internal_value=2.85541e-05 0.000778123 -0.000173189 -0.00583032 0.000202687 0.00237538 0.0014687 -3.69638e-05 0.00149306 0.00199854 -6.46009e-05 0.000499469 -0.000140094 0.00455071
internal_weight=88254 7094 4446 277 4169 2648 1869 81160 1440 1366 79720 9410 70310 779
internal_count=88254 7094 4446 277 4169 2648 1869 81160 1440 1366 79720 9410 70310 779
is_linear=0
shrinkage=0.05


Tree=233
num_leaves=11
num_cat=0
split_feature=19 6 5 3 16 6 6 18 20 0
split_gain=1.25595 0.946618 5.08642 4.76449 2.39312 1.56406 4.61806 4.31266 0.135809 0.0745725
threshold=-2.7812499999999996 0.99958851518450398 0.013976441590891219 1.0000000180025095e-35 73.950000000000017 0.97461712852231652 0.94636490295939868 92.562500000000014 0.27312500000000006 27.878865027150969
decision_type=2 2 2 2 2 2 2 2 2 2
left_child=8 5 4 -4 -3 6 -2 -7 -1 -10
right_child=1 2 3 -5 -6 7 -8 -9 9 -11
leaf_value=0.00015323351664708787 2.6800557378084199e-05 0.00098556841455431561 -0.0012241641721406655 -0.00018807309776670768 -0.0013895417068061002 0.001064140493542949 -0.00071252395434442516 -0.00043330118356442655 0.00051211418126634182 0.00047670774667146287
leaf_weight=60 82322 330 63 79 43 2545 1740 807 41 133
leaf_count=60 82322 330 63 79 43 2545 1740 807 41 133
internal_value=5.97191e-05 4.99837e-05 -0.00208738 -0.0101408 0.000978552 6.2576e-05 2.03423e-05 0.00112172 0.00371795 0.00442529
internal_weight=88163 87929 515 142 373 87414 84062 3352 234 174
internal_count=88163 87929 515 142 373 87414 84062 3352 234 174
is_linear=0
shrinkage=0.05


Tree=234
num_leaves=13
num_cat=0
split_feature=20 19 6 0 19 3 21 6 13 18 6 5
split_gain=1.41874 3.55805 5.79615 4.6467 3.55573 3.87924 2.24631 1.43518 3.6615 2.64599 1.34042 1.2723
threshold=4.3256250000000014 13.006250000000003 0.80290535434334509 632.46941648635107 1.9062500000000004 0.58216583101416142 0.12202310917625998 0.99958851518450398 0.68355000079653372 98.687500000000014 0.99932962452255414 -0.92923668111203805
decision_type=2 2 2 2 2 2 2 2 2 2 2 2
left_child=7 4 3 -3 5 -2 -6 10 9 -9 11 -1
right_child=1 2 -4 -5 6 -7 -8 8 -10 -11 -12 -13
leaf_value=0.00033939172151056953 -0.0001586962735597124 -0.0010634220865502711 -0.0022692518505127743 0.00146383890519167 -0.00059566006451401438 -0.0028837341657502557 0.00038800129801587626 -0.00044030815356033951 -0.0012166424134231607 0.00064956494889545921 0.0061050693393702301 2.7393567134432336e-05
leaf_weight=9385 96 3324 77 1086 358 62 4988 246 41 139 143 68350
leaf_count=9385 96 3324 77 1086 358 62 4988 246 41 139 143 68350
internal_value=7.61653e-05 -0.000484936 -0.00152998 -0.00129252 0.000367006 -0.00702532 0.000585485 0.000147758 -0.00274648 -0.00123377 0.000163589 0.000154692
internal_weight=88295 9991 4487 4410 5504 158 5346 78304 426 385 77878 77735
internal_count=88295 9991 4487 4410 5504 158 5346 78304 426 385 77878 77735
is_linear=0
shrinkage=0.05


Tree=235
num_leaves=15
num_cat=0
split_feature=22 21 17 4 17 1 4 19 4 3 16 22 6 21
split_gain=1.21671 3.05342 3.42197 5.9737 2.92777 3.25216 2.90696 2.8271 2.7372 2.60129 2.31468 2.25695 5.03877 1.75036
threshold=0.97465609334504777 0.9467953645701922 192.50000000000003 -0.95642797789208689 105.50000000000001 48.966872306315729 0.29012925520284133 29.756250000000005 -0.44228869021900119 -0.9103761370219875 39.250000000000007 0.93601588666344282 0.7710868207630478 0.84600084011378296
decision_type=2 2 2 2 2 2 2 2 2 2 2 2 2 2
left_child=1 11 6 -4 5 10 -3 8 -6 -7 -2 13 -13 -1
right_child=4 2 3 -5 7 9 -8 -9 -10 -11 -12 12 -14 -15
leaf_value=2.7907725996474227e-05 -0.00094828091693841823 -0.00020477104001847166 0.00025320073719101643 -0.013077071478415768 0.00067013556856080475 -0.00065588786540155626 -0.0047302281865920625 -0.00011653261238860393 -0.0089063734350058651 -8.5755761724454852e-06 0.0023095429915874046 0.001412514793538672 -0.0019996247542290366 -0.00053881014414530152
leaf_weight=61304 429 4879 75 60 2841 1148 50 45 47 6087 1750 2424 162 7136
leaf_count=61304 429 4879 75 60 2841 1148 50 45 47 6087 1750 2424 162 7136
internal_value=4.05375e-05 -3.41699e-05 -0.00122038 -0.00907407 0.000500932 7.11708e-05 -0.00100527 0.00188033 0.0020741 -0.000438839 0.00176457 5.04043e-05 0.00150039 -4.38322e-06
internal_weight=88437 76090 5064 135 12347 9414 4929 2933 2888 7235 2179 71026 2586 68440
internal_count=88437 76090 5064 135 12347 9414 4929 2933 2888 7235 2179 71026 2586 68440
is_linear=0
shrinkage=0.05


Tree=236
num_leaves=14
num_cat=0
split_feature=22 22 6 15 20 19 5 12 13 13 20 13 15
split_gain=1.53408 1.06731 3.91066 2.39115 1.08847 3.20564 1.68002 0.976924 1.36804 1.39745 0.957499 0.680352 0.55167
threshold=1.2776318783900091 1.2282916162032704 0.39629089145655322 72.500000000000014 3.5543750000000007 1.9062500000000004 0.99818282439137029 22.050000000000001 1.104009726044052 0.67132394796318995 0.41687500000000005 0.56813846159682491 17.500000000000004
decision_type=2 2 2 2 2 2 2 2 2 2 2 2 2
left_child=1 4 11 -4 6 -6 -1 10 9 -9 -2 -3 -12
right_child=7 2 3 -5 5 -7 -8 8 -10 -11 12 -13 -14
leaf_value=5.0295673864076795e-05 -0.00070978776925624684 -0.00056398002507889735 -0.00046466515751329327 -0.0042690758211042876 -0.0013348520259978205 -7.9544259073317808e-05 -0.0003966515313323371 -0.00080151430330194283 -0.0019857324413154807 0.003028188723526165 -0.0021913066991633735 0.0038156215398232629 0.003726400211427278
leaf_weight=66637 52 99 75 56 277 19160 655 211 45 177 54 87 654
leaf_count=66637 52 99 75 56 277 19160 655 211 45 177 54 87 654
internal_value=3.39421e-05 9.53537e-06 -0.00288644 -0.00950382 2.01203e-05 -0.000309461 0.000115318 0.00181475 -8.08312e-05 0.000876289 0.00289474 0.00177419 0.00337571
internal_weight=88239 87046 317 131 86729 19437 67292 1193 433 388 760 186 708
internal_count=88239 87046 317 131 86729 19437 67292 1193 433 388 760 186 708
is_linear=0
shrinkage=0.05


Tree=237
num_leaves=13
num_cat=0
split_feature=3 6 22 9 4 18 22 19 17 6 16 12
split_gain=1.06246 1.99128 1.642 2.77467 1.23945 3.393 2.5335 1.86662 1.76699 3.25882 3.09168 1.0582
threshold=-0.98611507088852024 -0.99983123799342477 0.38774515229442041 0.63207661403669546 -0.93540483100319616 45.812500000000007 0.11811853751280908 28.831250000000004 101.50000000000001 0.57605713708605399 859.20000000000016 40.050000000000004
decision_type=2 2 2 2 2 2 2 2 2 2 2 2
left_child=1 -1 3 -3 5 7 -7 -2 10 -10 -6 -4
right_child=4 2 11 -5 8 6 -8 -9 9 -11 -12 -13
leaf_value=-0.0020679145262476953 0.00050512456680782975 -0.0017121434999873395 0.0016986331712790939 0.00098777930010216864 -0.00010472033262688898 -0.00055176874946703423 2.1977203621964538e-05 -0.00012249910554406969 5.0373444732635844e-05 0.001166732988492646 -0.00020459686536160025 0.00021097347176106098
leaf_weight=56 5392 182 1709 114 32753 172 15592 332 29108 1543 60 1227
leaf_count=56 5392 182 1709 114 32753 172 15592 332 29108 1543 60 1227
internal_value=7.30963e-05 0.000954988 0.00111696 -0.00243243 3.89634e-05 0.000367182 -1.14182e-05 0.00140985 -7.21667e-05 0.000200809 -0.000327157 0.0014748
internal_weight=88240 3288 3232 296 84952 21488 15764 5724 63464 30651 32813 2936
internal_count=88240 3288 3232 296 84952 21488 15764 5724 63464 30651 32813 2936
is_linear=0
shrinkage=0.05


Tree=238
num_leaves=13
num_cat=0
split_feature=3 6 22 6 3 6 19 15 12 15 13 22
split_gain=1.36307 2.65505 1.61437 3.39695 1.24309 2.53136 3.68257 2.35733 2.44189 2.04282 1.00712 0.924502
threshold=-0.98611507088852024 -0.99983123799342477 0.61621224316396062 -0.94137724084408114 -0.3520614488341251 -0.99864786094873803 23.643750000000008 558.50000000000011 61.650000000000006 48.500000000000007 0.75024451953976723 0.72011534564784119
decision_type=2 2 2 2 2 2 2 2 2 2 2 2
left_child=1 -1 3 -3 7 9 -7 8 -2 -6 -9 -4
right_child=4 2 11 -5 5 6 -8 10 -10 -11 -12 -13
leaf_value=-0.0022620612980112048 6.2376839974237491e-05 -0.0021952565178862335 0.0030056509687539775 0.00093839033509706023 -0.00071876822251489491 5.1778837752043285e-05 -0.0004725624144107537 0.00184562772042093 -0.00041033100300453098 0.0011810155753892784 3.6998663993792763e-05 0.00079895596454319104
leaf_weight=53 9085 229 311 525 84 54909 3255 611 14938 1086 1023 2149
leaf_count=53 9085 229 311 525 84 54909 3255 611 14938 1086 1023 2149
internal_value=3.28601e-06 0.00100551 0.00118855 -0.000835544 -3.52388e-05 9.05048e-05 4.41856e-05 -0.000326032 -0.000451026 0.00239316 0.00151163 0.00180894
internal_weight=88258 3267 3214 754 84991 59334 58164 25657 24023 1170 1634 2460
internal_count=88258 3267 3214 754 84991 59334 58164 25657 24023 1170 1634 2460
is_linear=0
shrinkage=0.05


Tree=239
num_leaves=12
num_cat=0
split_feature=5 12 5 19 16 20 9 17 2 15 12
split_gain=0.933065 3.74195 3.64925 18.4032 1.25247 1.24624 1.41534 1.06516 3.41846 1.30371 0.549612
threshold=0.99939377080793557 481.05000000000001 0.99907018497641664 13.606250000000003 85.950000000000017 3.5343750000000007 0.50243627249018696 168.50000000000003 0.47878211966155815 127.50000000000001 350.85000000000008
decision_type=2 2 2 2 2 2 2 2 2 2 2
left_child=2 5 7 4 -4 6 -2 9 -9 -1 -7
right_child=1 -3 3 -5 -6 10 -8 8 -10 -11 -12
leaf_value=4.4744660056892536e-05 0.0011832347113070311 -0.0088863695755734533 -0.00047311248516044283 -0.0030976692165973997 0.0061094580363657714 0.0019294763406414294 -0.00042162823759513276 0.0025025079373538622 0.00019201897081661662 -9.3745409940107879e-05 9.7370209121881918e-05
leaf_weight=33581 184 46 47 65 125 479 193 1115 21359 31172 110
leaf_count=33581 184 46 47 65 125 479 193 1115 21359 31172 110
internal_value=3.19863e-05 0.0015415 1.45204e-05 -0.00618143 0.00238372 0.00220497 -3.97876e-05 3.13552e-05 0.000327935 -7.15795e-05 0.00364177
internal_weight=88476 1012 87464 237 172 966 377 87227 22474 64753 589
internal_count=88476 1012 87464 237 172 966 377 87227 22474 64753 589
is_linear=0
shrinkage=0.05


Tree=240
num_leaves=12
num_cat=0
split_feature=19 9 5 9 15 6 6 6 17 9 0
split_gain=1.17302 1.12181 2.23861 2.88315 2.55672 1.22777 6.11668 5.88963 0.240833 0.100161 2.22045e-16
threshold=-2.7812499999999996 0.74445345375089367 -0.48314718476766422 0.75296188528120822 134.50000000000003 -0.8611288361322974 -0.76696334127844745 -0.87810534180523914 38.500000000000007 0.25704403896072697 108.90863308610993
decision_type=2 2 2 2 2 2 2 2 2 2 2
left_child=8 5 4 -4 -3 7 -7 -2 -1 -10 -11
right_child=1 2 3 -5 -6 6 -8 -9 9 10 -12
leaf_value=5.6584311357931752e-05 -7.3468246862537094e-05 0.0013754331507363552 0.0022468270032621794 0.00023091352300451929 -0.00051341919692970419 0.00093211408482107112 -1.8164285164406422e-05 -0.0023236544111410128 0.00017920455248516428 0.0012401065348948551 0.00092393099415782475
leaf_weight=40 15195 118 687 3850 506 5414 61374 1126 62 92 46
leaf_count=40 15195 118 687 3850 506 5414 61374 1126 62 92 46
internal_value=5.08419e-05 4.13506e-05 0.000756636 0.00114283 -0.00205128 -3.06807e-06 9.19329e-05 -0.000391826 0.00354167 0.00425 0.005
internal_weight=88510 88270 5161 4537 624 83109 66788 16321 240 200 138
internal_count=88510 88270 5161 4537 624 83109 66788 16321 240 200 138
is_linear=0
shrinkage=0.05


Tree=241
num_leaves=15
num_cat=0
split_feature=9 5 5 9 21 16 9 5 12 6 6 6 18 5
split_gain=1.02625 2.12673 2.85767 2.36618 1.79006 1.7103 1.35703 5.20928 4.19979 1.46292 7.11512 4.90351 0.9388 0.418868
threshold=0.74445345375089367 -0.48314718476766422 -0.49813634056773481 0.75296188528120822 0.96943688668899886 778.55000000000007 0.74074239038178014 0.76696112484652035 417.4500000000001 -0.86548532668110156 -0.87810534180523914 -0.76696334127844745 99.937500000000014 -0.048361574224334618
decision_type=2 2 2 2 2 2 2 2 2 2 2 2 2 2
left_child=6 2 4 13 -2 -5 9 12 -9 10 -1 -11 -8 -3
right_child=1 3 -4 5 -6 -7 7 8 -10 11 -12 -13 -14 -15
leaf_value=-6.5486752844077175e-05 0.00043813255749699663 8.2763021233872591e-05 -0.0072076435056674694 0.00013707173904380811 -0.00034983608630070054 0.00038051116542304754 0.0011891408040177916 -0.00036363063222369748 -0.00066960782905013184 0.00088535825352344946 -0.0031375842083154349 6.9488428290762081e-06 -0.0010979096805413654 0.0024165958271709781
leaf_weight=14606 284 73 74 3294 264 556 403 452 221 5745 815 61046 68 630
leaf_count=14606 284 73 74 3294 264 556 403 452 221 5745 815 61046 68 630
internal_value=6.55704e-05 0.000748792 -0.00199357 0.00112344 -0.000748175 0.000636364 2.31539e-05 -0.00168706 -0.00450966 4.6952e-05 -0.000391998 0.000148299 0.00234607 0.0037909
internal_weight=88531 5175 622 4553 548 3850 83356 1144 673 82212 15421 66791 471 703
internal_count=88531 5175 622 4553 548 3850 83356 1144 673 82212 15421 66791 471 703
is_linear=0
shrinkage=0.05


Tree=242
num_leaves=16
num_cat=0
split_feature=4 18 22 18 19 6 17 18 1 6 1 21 5 13 4
split_gain=1.06058 3.07963 3.05666 2.76165 2.68522 2.0013 1.66121 3.3686 3.77172 3.32677 2.88959 3.07558 1.50775 1.40871 0.781926
threshold=-0.93540483100319616 45.812500000000007 0.11811853751280908 99.562500000000014 13.093750000000002 0.99958851518450398 31.500000000000004 99.812500000000014 18.96104794217943 0.29958852271690523 57.306342900859683 1.0654929248254059 -0.75015329512557205 0.63160458062456348 -0.98611507088852035
decision_type=2 2 2 2 2 2 2 2 2 2 2 2 2 2 2
left_child=1 5 4 -4 -3 12 7 9 -9 -2 13 -12 -1 -8 -7
right_child=6 2 3 -5 -6 14 10 8 -10 -11 11 -13 -14 -15 -16
leaf_value=0.0015981248990513065 0.00073173343369974965 -0.00035248375055523185 -0.00022519654313862158 0.00040249549373054251 -0.00081127512481290001 -0.00029254689371204016 0.00035010536500888859 -0.0017956969325513457 -0.00032273284432717664 -0.00036366432403818933 1.9085801070894197e-05 -0.00084778321029669592 0.00021959244035233135 0.0036096438968230417 -0.0004640549047920162
leaf_weight=1528 2897 130 11272 4400 42 40 1426 341 2449 6323 51398 1079 4144 1047 44
leaf_count=1528 2897 130 11272 4400 42 40 1426 341 2449 6323 51398 1079 4144 1047 44
internal_value=5.64591e-05 0.000361111 1.26249e-06 7.40175e-05 -0.00662791 0.00135163 -4.18158e-05 -0.000574521 -0.00209677 -0.000113883 7.46135e-05 -4.09685e-06 0.00146509 0.00174484 -0.00630952
internal_weight=88560 21600 15844 15672 172 5756 66960 12010 2790 9220 54950 52477 5672 2473 84
internal_count=88560 21600 15844 15672 172 5756 66960 12010 2790 9220 54950 52477 5672 2473 84
is_linear=0
shrinkage=0.05


Tree=243
num_leaves=15
num_cat=0
split_feature=22 5 6 9 19 21 17 1 19 3 1 7 16 13
split_gain=1.48261 2.88957 2.68477 2.57631 8.63426 3.76265 2.35337 3.89006 2.51263 1.3799 0.457028 0.2842 0.570115 0.0625577
threshold=0.8490721281300635 -0.99940763397299126 -0.99938741687870725 0.60559424102008419 0.45625000000000004 0.84984004707759697 114.50000000000001 77.799678130307939 16.268750000000008 0.93540483100319627 586.4416105564228 19.875000000000004 656.4000000000002 0.9397397517896966
decision_type=2 2 2 2 2 2 2 2 2 2 2 2 2 2
left_child=1 9 11 5 -5 -3 7 -4 -8 10 -1 13 -13 -2
right_child=2 3 6 4 -6 -7 8 -9 -10 -11 -12 12 -14 -15
leaf_value=0.0028263644808983806 0.0013497773766843247 6.3231551602623053e-05 0.00075381634453587512 -0.0014369340699458737 -0.00023641257405341144 -0.0011534560838342164 -0.00013463460478178345 -0.00010014852110665528 0.0010232737071557696 -0.00050984239933863642 -2.3507457086736385e-06 0.0030818983765705222 -0.00033301411030157708 0.0018294752880685515
leaf_weight=470 389 43297 4164 727 13880 1908 3082 12805 7412 76 46 62 58 41
leaf_count=470 389 43297 4164 727 13880 1908 3082 12805 7412 76 46 62 58 41
internal_value=5.86428e-05 -8.07892e-05 0.000359298 -0.000115194 -0.000692476 7.13419e-05 0.000290027 -7.39582e-05 0.000878597 0.00339527 0.00432171 0.00381818 0.00166667 0.0044186
internal_weight=88417 60404 28013 59812 14607 45205 27463 16969 10494 592 516 550 120 430
internal_count=88417 60404 28013 59812 14607 45205 27463 16969 10494 592 516 550 120 430
is_linear=0
shrinkage=0.05


Tree=244
num_leaves=15
num_cat=0
split_feature=4 13 13 18 0 6 6 0 22 9 15 16 20 7
split_gain=1.24716 4.10302 2.80318 3.38421 2.10601 1.05078 2.90949 4.69265 1.03347 0.987805 0.740696 0.690407 0.553877 0.0174081
threshold=0.29012925520284133 0.63798651513041393 0.16900656881569923 99.812500000000014 52.002314281122878 0.99992139718210815 0.99981043035926087 106.4535782590122 0.98744854199646437 0.66643868980219823 48.500000000000007 61.750000000000007 2.0443750000000005 19.625000000000004
decision_type=2 2 2 2 2 2 2 2 2 2 2 2 2 2
left_child=5 2 10 -4 12 6 8 -8 -1 -6 -2 13 -3 -7
right_child=1 4 3 -5 9 11 7 -9 -10 -11 -12 -13 -14 -15
leaf_value=7.9568488205758878e-06 0.0011435510680155162 0.003925467083946939 -0.00095550456792881263 -0.0026167792247786398 0.0012536824088891481 0.0011687590970521301 -0.0018580396699190338 6.7976681861772642e-06 0.00011121079930526319 -0.00050998544000011936 -0.0015949823440043029 -0.00026234381737156779 -0.00086541042843209671 0.0015125338137329536
leaf_weight=76398 151 476 699 227 41 144 52 94 9949 41 69 40 41 44
leaf_count=76398 151 476 699 227 41 144 52 94 9949 41 69 40 41 44
internal_value=4.83804e-05 -0.00127507 -0.00302792 -0.00423326 0.00207846 7.50109e-05 6.60749e-05 -0.0069863 7.79994e-05 -0.00536585 0.00204545 0.00346491 0.00325919 0.00473404
internal_weight=88466 1745 1146 926 599 86721 86493 146 86347 82 220 228 517 188
internal_count=88466 1745 1146 926 599 86721 86493 146 86347 82 220 228 517 188
is_linear=0
shrinkage=0.05


Tree=245
num_leaves=15
num_cat=0
split_feature=6 13 6 20 6 12 5 5 3 6 5 6 21 19
split_gain=1.31669 4.09145 4.22787 4.62571 2.9137 8.085 2.01784 6.19225 1.85122 1.58445 9.31711 2.36736 1.29649 0.82112
threshold=0.97461712852231652 0.71306529851977407 0.99748108949426018 0.56187500000000012 0.97263757644091875 60.750000000000007 0.13398903995667991 0.099822040462190967 -0.16280825711808958 0.94636490295939868 0.26866988313759588 0.84199059757024453 1.026141835522296 2.9687500000000004
decision_type=2 2 2 2 2 2 2 2 2 2 2 2 2 2
left_child=4 6 13 -4 9 8 7 -2 -6 11 -11 -1 -8 -3
right_child=1 2 3 -5 5 -7 12 -9 -10 10 -12 -13 -14 -15
leaf_value=-1.9286745779034666e-05 0.00044383136353636833 -0.00037591626478770425 -0.00035075693068714522 -0.0022575505249182947 -0.0024308770062359381 -0.0013369439500237714 0.001255824464470188 -0.0012773983953044126 0.0017776958615177898 0.00084674670395257646 -0.0012667252873249471 0.00035432590220708785 -0.0010281123545523964 0.0030989227276127908
leaf_weight=78238 2481 157 81 41 41 40 744 285 69 1042 630 4465 69 57
leaf_count=78238 2481 157 81 41 41 40 744 285 69 1042 630 4465 69 57
internal_value=3.95767e-06 0.000900383 -0.004375 -0.0118033 -3.75627e-05 -0.007 0.00139564 0.000751989 1.86265e-10 -2.5185e-05 -0.00154904 5.62271e-06 0.00358549 -0.000140187
internal_weight=88440 3915 336 122 84525 150 3579 2766 110 84375 1672 82703 813 214
internal_count=88440 3915 336 122 84525 150 3579 2766 110 84375 1672 82703 813 214
is_linear=0
shrinkage=0.05


Tree=246
num_leaves=11
num_cat=0
split_feature=19 6 6 0 9 17 16 7 0 0
split_gain=1.37677 1.17081 3.34717 4.44 0.997041 0.467719 0.458527 0.020098 2.22045e-16 2.22045e-16
threshold=-2.7812499999999996 0.99992139718210815 0.99981043035926087 106.4535782590122 0.8216092256955948 38.500000000000007 21.850000000000005 19.875000000000004 177.03635878648956 162.13838958430355
decision_type=2 2 2 2 2 2 2 2 2 2
left_child=5 2 4 -4 -2 -1 8 9 -3 -7
right_child=1 6 3 -5 -6 7 -8 -9 -10 -11
leaf_value=-0.00010163234073873859 6.5900909614555897e-06 0.0015583706128138081 -0.001731569289317047 -0.00033321908939675865 0.0045598274900581137 0.00061834407190664248 -7.296973395339746e-05 0.0010220375961925647 0.0010435185093728549 5.6194400023842214e-05
leaf_weight=41 87555 122 48 100 155 122 58 40 42 42
leaf_count=41 87555 122 48 100 155 122 58 40 42 42
internal_value=3.25504e-05 2.21392e-05 1.29757e-05 -0.0075 2.56529e-05 0.00377551 0.00364865 0.0047549 0.005 0.005
internal_weight=88325 88080 87858 148 87710 245 222 204 164 164
internal_count=88325 88080 87858 148 87710 245 222 204 164 164
is_linear=0
shrinkage=0.05


Tree=247
num_leaves=11
num_cat=0
split_feature=19 17 17 3 17 22 9 7 15 18
split_gain=1.56911 0.923725 3.84331 3.55547 1.18608 4.88071 0.981974 0.895737 0.304001 0.0195826
threshold=-2.7812499999999996 307.50000000000006 304.50000000000006 1.0000000180025095e-35 345.50000000000006 0.51427823337231648 0.25918485246154938 18.875000000000004 46.500000000000007 57.187500000000007
decision_type=2 2 2 2 2 2 2 2 2 2
left_child=8 2 7 -4 6 -6 -3 -2 -1 -10
right_child=1 4 3 -5 5 -7 -8 -9 9 -11
leaf_value=1.1117820871366513e-05 3.4607123534315111e-05 -0.0060290989985099415 -0.0048505918177062114 -0.001448068806092149 -0.0048758634042732072 0.00088562570948919062 0.0024698489592218098 -0.00010873451244054085 0.00044864135744981237 0.00032995288434973797
leaf_weight=40 62078 68 53 75 64 532 1155 24047 41 167
leaf_count=40 62078 68 53 75 64 532 1155 24047 41 167
internal_value=2.03806e-05 9.19721e-06 -1.43182e-05 -0.00867187 0.00112424 -0.000704698 0.00201554 -1.45119e-06 0.00399194 0.00475962
internal_weight=88320 88072 86253 128 1819 596 1223 86125 248 208
internal_count=88320 88072 86253 128 1819 596 1223 86125 248 208
is_linear=0
shrinkage=0.05


Tree=248
num_leaves=16
num_cat=0
split_feature=13 20 6 6 20 5 12 13 20 5 12 6 13 6 12
split_gain=1.40106 2.50263 2.90049 3.12429 2.08897 2.37576 2.21096 1.33058 5.67932 5.66854 3.4894 2.25226 5.33265 2.21382 0.192516
threshold=0.096847750447492928 2.8693750000000007 0.47369649395226454 0.33222858587828868 2.9943750000000007 0.68432406471780916 1.0000000180025095e-35 0.18740973709335337 0.58062500000000017 0.23537774960157334 116.25000000000001 0.9989598388634241 0.71306529851977407 0.98486764554468398 15.150000000000002
decision_type=2 2 2 2 2 2 2 2 2 2 2 2 2 2 2
left_child=1 2 3 -1 5 -3 -6 8 9 -2 -10 13 -13 -9 -4
right_child=7 4 14 -5 6 -7 -8 11 10 -11 -12 12 -14 -15 -16
leaf_value=0.0006053864927052803 -0.0004493010308079283 0.00011044409996130802 0.00050472171240396554 -0.0013489068636846505 -0.00024117931823107198 -0.0022004009104941544 4.8356860971861841e-05 1.4691441988817777e-05 8.6116149536309008e-05 -0.0014698653113652733 -0.0052167123610320507 -0.00013772855182970066 -0.0016467211712957808 0.00087655383282460384 0.0022002902344198283
leaf_weight=1400 1340 43 827 112 73 48 1003 75096 5677 259 68 437 41 1862 127
leaf_count=1400 1340 43 827 112 73 48 1003 75096 5677 259 68 437 41 1862 127
internal_value=3.3536e-05 0.000995046 0.00189781 0.000535714 -0.000912596 -0.00818681 -0.000297398 -7.66672e-06 -0.000650871 -0.00328643 8.26808e-05 5.33346e-05 -0.0033682 7.45863e-05 0.0040566
internal_weight=88413 3633 2466 1512 1167 91 1076 84780 7344 1599 5745 77436 478 76958 954
internal_count=88413 3633 2466 1512 1167 91 1076 84780 7344 1599 5745 77436 478 76958 954
is_linear=0
shrinkage=0.05


Tree=249
num_leaves=15
num_cat=0
split_feature=22 17 15 21 16 6 6 22 19 1 19 18 19 19
split_gain=1.27492 3.69293 4.28161 2.61572 3.32504 6.47679 2.86321 2.85357 3.67524 2.08536 1.98554 0.964757 1.47408 0.43983
threshold=0.98997305079739462 105.50000000000001 814.50000000000011 0.9467953645701922 105.15000000000002 -0.42179730054635828 0.63755505330306683 0.9381407681654238 2.9687500000000004 24.717608922008719 29.756250000000005 64.312500000000014 2.4562500000000003 15.681250000000004
decision_type=2 2 2 2 2 2 2 2 2 2 2 2 2 2
left_child=3 2 9 7 5 -5 -6 10 -9 -2 -1 13 -13 -3
right_child=1 11 -4 4 6 -7 -8 8 -10 -11 -12 12 -14 -15
leaf_value=-1.8929930505679319e-05 0.0040778350288376512 0.0018341441206907061 -0.00023749694759800738 -0.0087716262111340385 -0.00028071935149985219 -0.00016849613345284935 0.001530810655978182 -0.0010928726571281227 0.0013139709210429273 -1.3488834456736477e-05 0.0025184280242220498 -0.0026225076868326099 0.00081166293716299878 0.00045668160033175578
leaf_weight=67517 864 732 44 47 5970 113 363 211 2529 7668 869 44 210 892
leaf_count=67517 864 732 44 47 5970 113 363 211 2529 7668 869 44 210 892
internal_value=2.40144e-05 0.000542376 0.000102612 -4.58005e-05 -0.00100647 -0.008125 -0.000826622 4.18977e-05 0.00162409 0.000182841 -2.14954e-05 0.00255059 -0.00031496 0.00299877
internal_weight=88073 10454 8576 77619 6493 160 6333 71126 2740 8532 68386 1878 254 1624
internal_count=88073 10454 8576 77619 6493 160 6333 71126 2740 8532 68386 1878 254 1624
is_linear=0
shrinkage=0.05


Tree=250
num_leaves=16
num_cat=0
split_feature=22 21 7 12 5 20 6 5 6 21 21 0 18 19 16
split_gain=1.23773 3.76479 2.28088 3.13273 2.42575 2.15038 5.05959 6.4853 2.9896 2.70514 2.59068 1.85918 4.6014 1.71401 1.66625
threshold=0.95630427941842078 0.94119948285498889 22.125000000000004 21.450000000000006 -0.99866806308218525 1.5206250000000006 0.47369649395226454 -0.091260668982868151 0.42763731121559989 0.77665860748951021 0.96943688668899886 37.172506674239081 99.937500000000014 23.368750000000006 130.65000000000001
decision_type=2 2 2 2 2 2 2 2 2 2 2 2 2 2 2
left_child=1 11 4 -4 -3 6 13 -8 10 -10 -7 12 -1 -2 -13
right_child=5 2 3 -5 -6 8 7 -9 9 -11 -12 14 -14 -15 -16
leaf_value=4.777753403476388e-05 0.00030506211305520939 -0.0042830223393694709 -0.0035511786442814063 -0.0012268429480592495 -0.00039945522912327976 0.0014595064292444518 -0.0017935879606576152 -8.4196696982039877e-05 -0.0012998620409971464 0.0029899071269678607 -8.6678478366231896e-07 0.00010289619939122754 -0.0014035152638212952 -0.00023498156146862733 -0.00010657896861098764
leaf_weight=2610 4183 54 44 366 3128 1629 591 1226 53 1594 5150 33201 1052 643 32826
leaf_count=2610 4183 54 44 366 3128 1629 591 1226 53 1594 5150 33201 1052 643 32826
internal_value=5.14999e-05 -3.33645e-05 -0.00161192 -0.00512195 -0.00115965 0.000464198 -0.00020849 -0.00245735 0.000994541 0.00290528 0.000530314 4.79992e-05 -0.00104861 0.00063821 0.000108819
internal_weight=88350 73281 3592 410 3182 15069 6643 1817 8426 1647 6779 69689 3662 4826 66027
internal_count=88350 73281 3592 410 3182 15069 6643 1817 8426 1647 6779 69689 3662 4826 66027
is_linear=0
shrinkage=0.05


Tree=251
num_leaves=15
num_cat=0
split_feature=22 5 5 2 12 21 6 9 16 17 9 6 22 3
split_gain=1.02123 3.73971 3.33968 3.24303 3.92664 3.07365 2.84345 5.09735 2.78176 2.71672 2.31323 2.2179 1.01194 0.812464
threshold=0.78637306748051572 -0.99866806308218525 -0.99763297024448894 0.52738392138519818 174.45000000000002 0.80820330022883147 -0.99938741687870725 0.56886481341308459 130.65000000000001 255.50000000000003 0.68439098077433791 0.96407344085605606 0.8235609847498907 0.97335555334614954
decision_type=2 2 2 2 2 2 2 2 2 2 2 2 2 2
left_child=2 3 5 4 -2 13 7 -4 -8 11 -11 -3 -5 -1
right_child=1 9 6 12 -6 -7 8 -9 -10 10 -12 -13 -14 -15
leaf_value=0.0015859977860655647 -0.0015016179289682116 3.4814077031643639e-05 0.00026011410502202903 -0.0029293377876079894 -0.0050704261486116849 -0.0044486125084199114 3.6789824410590883e-05 -0.0025348604266055815 -0.00040760589096608906 0.0049137415099108272 -0.0012139424579317511 0.001794597481100022 0.0032949508526783898 -0.00039744486467356154
leaf_weight=968 299 31406 371 40 57 41 34355 308 17727 1156 466 809 121 108
leaf_count=968 299 31406 371 40 57 41 34355 308 17727 1156 466 809 121 108
internal_value=1.31473e-05 0.000226175 -0.000122684 -0.0039942 -0.0066573 0.00258281 -0.000179962 -0.0033947 -0.000138051 0.000290658 0.0022873 0.000190129 0.00189441 0.0030948
internal_weight=88232 34354 53878 517 356 1117 52761 679 52082 33837 1622 32215 161 1076
internal_count=88232 34354 53878 517 356 1117 52761 679 52082 33837 1622 32215 161 1076
is_linear=0
shrinkage=0.05


Tree=252
num_leaves=16
num_cat=0
split_feature=13 20 13 20 5 6 6 13 5 5 5 5 6 9 15
split_gain=1.20768 2.53088 1.46352 5.25663 5.93584 4.09198 2.28223 4.17024 1.86098 1.37818 2.10601 1.04824 1.01723 0.678982 0.142409
threshold=0.096847750447492928 1.2193750000000003 0.18740973709335337 0.54187500000000011 0.23537774960157334 0.04621408538533487 0.9989598388634241 0.51615808870840063 -0.96689237009891416 -0.99275805973510278 -0.66528616069191593 -0.8781231054254196 0.36447543099728863 0.53873051343836698 127.50000000000001
decision_type=2 2 2 2 2 2 2 2 2 2 2 2 2 2 2
left_child=1 11 3 4 -2 -5 8 -8 -4 14 -11 12 -1 -13 -3
right_child=2 9 6 5 -6 -7 7 -9 -10 10 -12 13 -14 -15 -16
leaf_value=0.00036188222978874169 -0.00046117416566386307 0.0007701479390343274 0.00043354083007501182 -0.00045411804428247237 -0.0014306475342106681 0.00059157666434850754 -8.0742985286348854e-05 -0.00073770203310711061 9.7406661993921539e-06 -0.0013284974186701399 3.2050389939626825e-05 0.00058915902582797888 -0.00084917323648155932 1.5312121759989609e-06 0.0029127986758466216
leaf_weight=109 1327 150 6002 3133 248 2677 336 127 70910 306 1744 1066 103 150 41
leaf_count=109 1327 150 6002 3133 248 2677 336 127 70910 306 1744 1066 103 150 41
internal_value=5.08319e-05 0.000938948 1.23881e-05 -0.000660122 -0.00322222 3.44236e-05 7.65753e-05 -0.00342333 9.76442e-05 -0.000109326 -0.000487805 0.00258403 -0.000660377 0.00314967 0.00395288
internal_weight=88429 3669 84760 7385 1575 5810 77375 463 76912 2241 2050 1428 212 1216 191
internal_count=88429 3669 84760 7385 1575 5810 77375 463 76912 2241 2050 1428 212 1216 191
is_linear=0
shrinkage=0.05


Tree=253
num_leaves=16
num_cat=0
split_feature=13 6 20 9 13 18 5 0 5 5 22 16 5 19 5
split_gain=1.13424 2.33157 2.32915 4.278 1.82722 5.86753 4.82308 3.59764 1.39061 3.68523 1.31356 1.12113 0.998418 0.923097 0.824816
threshold=0.096847750447492928 0.73721509932751383 2.8693750000000007 0.17434099974896719 0.17597566537681111 68.062500000000014 0.23537774960157334 256.89751355328764 -0.97509794945709805 -0.98523971305672675 0.83549863003069225 320.55000000000007 0.28519915169571858 8.6812500000000039 0.36648264796514479
decision_type=2 2 2 2 2 2 2 2 2 2 2 2 2 2 2
left_child=1 2 11 -4 5 6 -2 -7 9 -6 -10 -1 13 -3 -14
right_child=4 12 3 -5 8 7 -8 -9 10 -11 -12 -13 14 -15 -16
leaf_value=0.00053926485049346094 -0.00042426016434606072 0.0035202142475263733 -0.0023053672042250965 -0.00033339805993224379 7.3791889312103125e-07 0.00045647434686939167 -0.0015287594287355763 -0.00042302911521829856 -6.9040148991279075e-05 0.0020134172446245584 8.011217715049239e-05 -0.0010614328497746291 -1.8807171340784481e-05 -0.00047573114638503524 0.00097090700257260328
leaf_weight=1493 1497 576 59 631 3647 2224 504 2102 47048 1471 26397 244 344 57 231
leaf_count=1493 1497 576 59 631 3647 2224 504 2102 47048 1471 26397 244 344 57 231
internal_value=2.23103e-05 0.000887208 -6.18028e-06 -0.00246377 -1.47248e-05 -0.000832148 -0.00307096 0.000203421 5.11057e-05 0.000847988 -4.42489e-06 0.000970063 0.00268212 0.00405213 0.00117391
internal_weight=88525 3635 2427 690 84890 6327 2001 4326 78563 5118 73445 1737 1208 633 575
internal_count=88525 3635 2427 690 84890 6327 2001 4326 78563 5118 73445 1737 1208 633 575
is_linear=0
shrinkage=0.05


Tree=254
num_leaves=15
num_cat=0
split_feature=22 18 6 6 19 5 21 6 6 9 17 20 21 3
split_gain=0.97428 3.02531 3.59633 4.37719 2.97842 2.84102 3.52284 2.69824 6.1665 3.28606 2.43862 2.26482 2.10193 0.64141
threshold=0.76762309246869209 99.687500000000014 -0.72694848937061807 -0.72102888505294738 24.768750000000008 -0.99763297024448894 0.79632896616894044 0.14888728888808328 0.28313308994381592 0.25918485246154938 30.500000000000004 2.9206250000000007 0.91688966405004757 0.95642797789208711
decision_type=2 2 2 2 2 2 2 2 2 2 2 2 2 2
left_child=5 2 12 -4 10 6 13 9 -9 -7 -3 -6 -2 -1
right_child=1 4 3 -5 11 7 -8 8 -10 -11 -12 -13 -14 -15
leaf_value=0.0016868322306054383 0.0014348810809024658 -0.00081522029334730323 -0.003191315507354851 -4.8126041559836701e-05 -0.0022363086609510779 -0.00057044528504391777 -0.0040018355799350388 0.0025912799070444202 -9.1848435762525821e-06 -0.00012529599915067749 0.002825543292731247 0.0059837146661944843 3.256744453334491e-05 -3.7622084670470032e-06
leaf_weight=860 6174 222 273 22202 294 2433 42 2472 20864 24912 1787 87 5785 124
leaf_count=860 6174 222 273 22202 294 2433 42 2472 20864 24912 1787 87 5785 124
internal_value=4.97568e-05 0.000246307 0.00012691 -0.000245829 0.00196653 -9.02197e-05 0.00251462 -0.000142953 0.000251971 -0.000479978 0.00273519 -0.00208661 0.00082741 0.00311992
internal_weight=88531 36824 34434 22475 2390 51707 1026 50681 23336 27345 2009 381 11959 984
internal_count=88531 36824 34434 22475 2390 51707 1026 50681 23336 27345 2009 381 11959 984
is_linear=0
shrinkage=0.05


Tree=255
num_leaves=16
num_cat=0
split_feature=6 6 19 3 19 20 5 19 5 6 9 16 0 6 6
split_gain=1.0957 21.158 27.2921 8.38803 7.75052 4.293 15.8743 3.85183 3.64925 3.33998 6.00829 2.87213 2.68601 2.09677 1.55886
threshold=0.82293497932636273 0.81304046271159414 1.5812500000000005 0.41248606129204562 4.3187500000000014 1.0643750000000003 0.54940630780725741 9.8687500000000039 -0.45274443793211405 0.7487283477006671 0.61536133439539098 95.550000000000011 113.41188530144682 0.689015599449598 0.90070004940655357
decision_type=2 2 2 2 2 2 2 2 2 2 2 2 2 2 2
left_child=1 9 12 -4 5 8 -7 14 -2 13 -11 -9 -3 -1 -6
right_child=4 2 3 -5 7 6 -8 11 -10 10 -12 -13 -14 -15 -16
leaf_value=1.1895900540274239e-05 -0.0013868930418267295 -0.0022913189702466496 0.0012559518473631843 -0.002238051218960333 0.0035808118467580627 -0.00031158062369743386 -0.0040922122000205674 -0.001641059170891987 0.00020840459541500084 0.0018364873907774999 -0.0016389704957349713 0.0047371297859343884 -0.0014903806874492942 -0.00046903560110903388 0.00083113824106070214
leaf_weight=73134 698 40 158 74 1226 1914 57 157 5121 1828 202 88 56 2101 1611
leaf_count=73134 698 40 158 74 1226 1914 57 157 5121 1828 202 88 56 2101 1611
internal_value=5.51067e-05 -1.07611e-05 -0.0126829 -0.00340517 0.000525203 -0.000314506 -0.0023313 0.00264763 0.00036862 4.30339e-05 0.00204434 -0.00336735 -0.0351042 -1.09655e-05 0.00316708
internal_weight=88465 77593 328 232 10872 7790 1971 3082 5819 77265 2030 245 96 75235 2837
internal_count=88465 77593 328 232 10872 7790 1971 3082 5819 77265 2030 245 96 75235 2837
is_linear=0
shrinkage=0.05


Tree=256
num_leaves=16
num_cat=0
split_feature=13 21 13 20 5 6 20 20 17 0 22 3 5 9 20
split_gain=1.09617 2.60726 1.50958 6.46572 6.3346 2.53776 1.44655 3.21664 1.33969 3.25773 2.84532 1.26471 0.564994 1.36364 0.22256
threshold=0.096847750447492928 0.13646201297068619 0.17597566537681111 0.54187500000000011 0.23537774960157334 0.62420859727530387 2.8856250000000006 3.1543750000000008 103.50000000000001 646.1320452609167 0.32823821919300272 -0.68322629814330804 -0.8781231054254196 0.22744884391036158 4.564375000000001
decision_type=2 2 2 2 2 2 2 2 2 2 2 2 2 2 2
left_child=1 12 3 4 -2 -5 11 -8 9 -4 -10 -3 13 -1 -14
right_child=2 6 8 5 -6 -7 7 -9 10 -11 -12 -13 14 -15 -16
leaf_value=0.0016314529227971124 -0.00051352537066130918 -0.00027660896896662327 -3.9717779105676078e-05 -0.0002874486110870566 -0.0012644004920642682 0.00083598098364619255 -0.0017136006738978729 -1.119160503255251e-05 -0.00042341543550654994 -0.00034869101363279556 0.00017845882571232034 0.00055288735632491733 0.00066613359179191675 -0.00081654157922674421 0.00036852380791649737
leaf_weight=122 1127 385 36482 3582 199 1302 147 907 1955 130 39858 1175 743 120 57
leaf_count=122 1127 385 36482 3582 199 1302 147 907 1955 130 39858 1175 743 120 57
internal_value=2.21429e-05 0.000869803 -1.44737e-05 -0.000764895 -0.00386124 7.57578e-05 2.67791e-05 -0.00140417 4.49476e-05 -0.000175898 0.000238323 0.00099359 0.00298465 0.000867769 0.003625
internal_weight=88291 3656 84635 6210 1326 4884 2614 1054 78425 36612 41813 1560 1042 242 800
internal_count=88291 3656 84635 6210 1326 4884 2614 1054 78425 36612 41813 1560 1042 242 800
is_linear=0
shrinkage=0.05


Tree=257
num_leaves=10
num_cat=0
split_feature=9 9 16 9 19 12 3 3 0
split_gain=1.18134 1.44943 3.08755 1.13815 1.46761 1.24872 0.628772 0.0178571 2.22045e-16
threshold=0.8216092256955948 0.81948384845600108 532.75000000000011 0.80769463549941889 17.706250000000008 412.65000000000003 -0.63405362205439464 -0.58216583101416142 615.69078883045756
decision_type=2 2 2 2 2 2 2 2 2
left_child=1 3 6 5 -5 -1 -3 -2 -9
right_child=7 2 -4 4 -6 -7 -8 8 -10
leaf_value=3.956677404286553e-05 0.0012017076427824479 -0.00050401063061630521 -0.0037467656872707668 -0.00058432456533973748 0.0019690529077760368 -0.00011101104166455131 0.0020148691709989397 0.0098778889884778426 0.011650703650584031
leaf_weight=76451 40 41 46 147 462 11030 59 57 43
leaf_count=76451 40 41 46 147 462 11030 59 57 43
internal_value=5.35215e-05 4.62398e-05 -0.00493151 5.44899e-05 0.00220854 3.94945e-05 1.86265e-10 0.00464286 0.005
internal_weight=88376 88236 146 88090 609 87481 100 140 100
internal_count=88376 88236 146 88090 609 87481 100 140 100
is_linear=0
shrinkage=0.05


Tree=258
num_leaves=10
num_cat=0
split_feature=6 6 18 22 6 18 6 12 12
split_gain=1.2608 1.85279 5.00106 2.05303 1.98776 4.75893 1.71282 0.326797 0.0176335
threshold=0.99999537620422141 0.99958851518450398 98.687500000000014 0.46660192839133957 0.98486764554468398 99.937500000000014 0.94636490295939868 16.950000000000006 18.750000000000004
decision_type=2 2 2 2 2 2 2 2 2
left_child=1 4 3 -3 6 -6 -1 -4 -2
right_child=8 2 7 -5 5 -7 -8 -9 -10
leaf_value=2.1971915403917744e-05 0.0026326409512629498 -0.00025910793845150169 0.00076732146431264905 -0.0019923891172544026 0.001288890879470048 -0.00071807019216319423 -0.00033865313019983432 0.00022638713992914974 0.0015668332966601488
leaf_weight=82656 41 168 51 43 2159 369 2718 102 107
leaf_count=82656 41 168 51 43 2159 369 2718 102 107
internal_value=5.11233e-05 4.33918e-05 -0.00351648 -0.00850711 5.81331e-05 0.00143987 1.72185e-05 0.00336601 0.00466216
internal_weight=88414 88266 364 211 87902 2528 85374 153 148
internal_count=88414 88266 364 211 87902 2528 85374 153 148
is_linear=0
shrinkage=0.05


Tree=259
num_leaves=15
num_cat=0
split_feature=9 19 19 17 20 5 9 17 1 19 19 5 13 3
split_gain=1.32768 2.15928 1.71276 4.16647 1.44106 1.35572 3.38427 4.14739 3.31957 3.08536 2.63721 2.05366 0.169437 0.0182463
threshold=0.74445345375089367 5.7562500000000005 9.1687500000000028 66.500000000000014 0.97687500000000016 0.9193901325473397 0.74334639027943694 100.50000000000001 657.11318920023916 21.843750000000004 17.406250000000004 0.89017062131308955 0.88163982510626748 -0.52778511650980109
decision_type=2 2 2 2 2 2 2 2 2 2 2 2 2 2
left_child=5 12 3 -3 -4 6 11 -8 9 -7 -10 -1 13 -2
right_child=1 2 4 -5 -6 8 7 -9 10 -11 -12 -13 -14 -15
leaf_value=8.2240005666267215e-06 0.0054185141281875519 -0.001333757654438654 0.00087197121756177559 0.00021732025476511042 7.5603346127797418e-05 -2.3187815047387122e-06 3.464448775910889e-07 -0.0050774280517324952 -0.0012238388456363763 -0.0058880253807037765 0.00020350593120131385 0.00064697478758401214 0.0039545066523842655 0.0032126582966272321
leaf_weight=69972 47 77 778 153 3785 8855 85 63 1879 76 432 1915 43 283
leaf_count=69972 47 77 778 153 3785 8855 85 63 1879 76 432 1915 43 283
internal_value=2.16525e-05 0.000799458 0.000514292 -0.00369565 0.000726496 -2.65978e-05 5.30994e-05 -0.0075 -0.000537271 -0.000100213 -0.00222631 6.86496e-05 0.00446381 0.00484848
internal_weight=88443 5166 4793 230 4563 83277 72035 148 11242 8931 2311 71887 373 330
internal_count=88443 5166 4793 230 4563 83277 72035 148 11242 8931 2311 71887 373 330
is_linear=0
shrinkage=0.05


Tree=260
num_leaves=13
num_cat=0
split_feature=17 17 3 16 21 15 17 17 6 3 20 22
split_gain=0.922185 3.66219 3.61258 1.07601 5.16483 0.975611 3.66889 2.53791 0.777109 1.64718 0.735294 0.504379
threshold=307.50000000000006 304.50000000000006 1.0000000180025095e-35 83.750000000000014 0.49628840186307777 127.50000000000001 100.50000000000001 47.500000000000007 -0.7444366621422277 0.5277851165098012 3.5943750000000008 0.45723898772347737
decision_type=2 2 2 2 2 2 2 2 2 2 2 2
left_child=1 5 -3 4 11 7 -7 -1 9 -5 -10 -2
right_child=3 2 -4 8 -6 6 -8 -9 10 -11 -12 -13
leaf_value=-2.9022083538391293e-05 -0.00025676022369033018 -0.0047737433812563967 -0.0004764976174510336 0.0014666286320883918 -0.0056178887997195021 -0.00024056890202885287 4.0262982953709017e-05 0.00024018095080520531 0.0061655815743379095 -0.0025520474514780572 8.7277191262808839e-05 0.0036205648434579673
leaf_weight=21036 50 57 69 1058 49 9185 43390 12903 357 89 147 108
leaf_count=21036 50 57 69 1058 49 9185 43390 12903 357 89 147 108
internal_value=4.96058e-05 2.59697e-05 -0.00849206 0.00115178 -0.00224638 3.83755e-05 -9.65286e-05 0.000247356 0.00157783 0.000858762 0.00321429 0.0021519
internal_weight=88498 86640 126 1858 207 86514 52575 33939 1651 1147 504 158
internal_count=88498 86640 126 1858 207 86514 52575 33939 1651 1147 504 158
is_linear=0
shrinkage=0.05


Tree=261
num_leaves=16
num_cat=0
split_feature=22 21 17 22 2 20 3 2 9 6 21 2 22 5 9
split_gain=1.1972 3.57862 2.7462 4.79525 2.59855 2.5175 3.72918 3.68693 3.22126 3.74886 2.91105 2.58419 2.33847 5.23127 1.59825
threshold=0.97465609334504777 0.9467953645701922 192.50000000000003 0.91046398825437624 0.5720108909604954 1.5006250000000003 -0.81241147629688981 0.20187134394639289 0.48857298781392799 -0.40613878790836594 0.77665860748951021 0.16162906757464282 0.9381407681654238 0.98213580174693105 0.60559424102008419
decision_type=2 2 2 2 2 2 2 2 2 2 2 2 2 2 2
left_child=1 12 4 -4 -3 8 7 -7 9 -2 -8 -10 14 -14 -1
right_child=5 2 3 -5 -6 6 10 -9 11 -11 -12 -13 13 -15 -16
leaf_value=7.845842796172846e-05 0.00066984244174352623 -0.00071797502760789008 0.0055469614024193908 -0.010111870591756706 2.6223866869247584e-05 0.00049949808449778206 -0.0015868163259969475 -0.00065873261139445533 0.0015309432810133297 -0.0011229413120640364 0.00041296955890184864 -0.00017490569822603194 0.0010279184202975995 -0.0068763981515914292 -0.00016507360573110661
leaf_weight=49943 492 2786 53 77 2149 1041 49 559 1719 1160 5145 2260 2342 44 18702
leaf_count=49943 492 2786 53 77 2149 1041 49 559 1719 1160 5145 2260 2342 44 18702
internal_value=7.00965e-05 -4.20503e-06 -0.00128825 -0.00846154 -0.00109929 0.000525151 0.00117309 -0.0009375 -0.000256615 -0.00211259 0.00182326 0.000513948 8.73564e-05 0.00162615 3.38701e-05
internal_weight=88521 76096 5065 130 4935 12425 6794 1600 5631 1652 5194 3979 71031 2386 68645
internal_count=88521 76096 5065 130 4935 12425 6794 1600 5631 1652 5194 3979 71031 2386 68645
is_linear=0
shrinkage=0.05


Tree=262
num_leaves=9
num_cat=0
split_feature=6 6 18 0 6 13 13 16
split_gain=0.969749 1.25684 4.65965 1.90338 1.47402 0.919044 0.390094 0.160689
threshold=0.99999537620422141 0.99958851518450398 96.812500000000014 85.846029998604436 0.99932962452255414 0.19916291303120978 0.23766478991418741 44.150000000000013
decision_type=2 2 2 2 2 2 2 2
left_child=1 4 3 -3 5 -1 -4 -2
right_child=7 2 6 -5 -6 -7 -8 -9
leaf_value=-0.00011450031421469799 0.0019739307384632693 -0.0015872864251519608 0.00083979918604930391 -0.0003176107652869231 0.0054783225579482118 3.2832101703596242e-05 -6.2271889405450305e-06 0.00047935163139442436
leaf_weight=11648 112 58 127 141 150 75990 42 41
leaf_count=11648 112 58 127 141 150 75990 42 41
internal_value=4.24081e-05 3.55054e-05 -0.00288043 -0.00806533 4.77288e-05 3.92526e-05 0.00322485 0.00401961
internal_weight=88309 88156 368 199 87788 87638 169 153
internal_count=88309 88156 368 199 87788 87638 169 153
is_linear=0
shrinkage=0.05


Tree=263
num_leaves=12
num_cat=0
split_feature=22 21 5 17 22 5 4 20 1 9 6
split_gain=1.15469 2.39329 2.75891 2.20603 2.0779 5.15533 1.99471 2.8936 2.84971 1.91977 1.83456
threshold=0.97465609334504777 0.9467953645701922 -0.99866806308218525 10.500000000000002 0.9381407681654238 0.98213580174693105 -0.77259657388510627 1.5206250000000006 48.966872306315729 0.60559424102008419 0.7710868207630478
decision_type=2 2 2 2 2 2 2 2 2 2 2
left_child=1 4 -3 -2 9 -6 7 -5 -8 -1 -4
right_child=3 2 10 6 5 -7 8 -9 -10 -11 -12
leaf_value=4.8769954258606833e-05 -0.003909846522002834 -0.0047391334308687603 -0.00033808219470982267 -0.00013386436751773066 0.00093990732264354277 -0.0065939644563543344 0.0015221071863371306 0.00043210777673301063 -0.00012911648164408109 -0.00024537429477458812 0.0013393972445217201
leaf_weight=49907 50 64 4750 1192 2298 44 2130 3116 5827 18666 251
leaf_count=49907 50 64 4750 1192 2298 44 2130 3116 5827 18666 251
internal_value=3.19952e-05 -4.08e-05 -0.00109082 0.000481121 3.41961e-05 0.00149872 0.000523849 0.00139044 5.4669e-05 -1.58224e-05 -0.000958808
internal_weight=88295 75980 5065 12315 70915 2342 12265 4308 7957 68573 5001
internal_count=88295 75980 5065 12315 70915 2342 12265 4308 7957 68573 5001
is_linear=0
shrinkage=0.05


Tree=264
num_leaves=16
num_cat=0
split_feature=20 17 9 5 21 18 9 5 3 19 13 13 6 9 3
split_gain=1.41804 3.59541 5.63301 4.90178 2.31102 2.23675 2.8237 1.71995 2.99878 2.47059 1.62458 2.5811 2.06137 1.47253 1.08514
threshold=3.5343750000000007 19.500000000000004 0.5714938305576065 0.79904096188274243 0.081590484291179904 38.437500000000007 0.52398839017394672 0.99818282439137029 0.88144907265856365 20.318750000000005 0.096847750447492928 0.19099283341015219 0.51849435583340198 0.48149700293933112 0.9946518923062071
decision_type=2 2 2 2 2 2 2 2 2 2 2 2 2 2 2
left_child=7 2 4 -4 -2 13 -7 10 9 -9 12 -12 -1 -3 -10
right_child=1 5 3 -5 -6 6 -8 8 14 -11 11 -13 -14 -15 -16
leaf_value=0.00010811328261270551 -0.00029241167307754375 -0.0011179705684865027 -0.0010199335098511795 -0.0011844636708630936 -1.1864420250251584e-05 7.1225589532777911e-05 -0.00055458530637815897 -0.000673413222485265 0.0017137162682272747 0.00049106556150297514 -0.00033240653093312986 8.1122328958847115e-05 0.00039772107318354101 0.00046401994892619292 -0.00076641215055286711
leaf_weight=1710 128 245 146 44 607 9830 7518 408 146 68 5427 59643 1097 1324 74
leaf_count=1710 128 245 146 44 607 9830 7518 408 146 68 5427 59643 1097 1324 74
internal_value=3.76069e-05 -0.000334643 -0.00337838 -0.0110526 -0.00139456 -0.000185812 -0.00034932 0.00014532 -0.00232759 -0.00455882 0.000170677 0.000119871 0.00134841 0.00162205 0.0025
internal_weight=88415 19842 925 190 735 18917 17348 68573 696 476 67877 65070 2807 1569 220
internal_count=88415 19842 925 190 735 18917 17348 68573 696 476 67877 65070 2807 1569 220
is_linear=0
shrinkage=0.05


Tree=265
num_leaves=14
num_cat=0
split_feature=9 21 22 9 4 19 4 6 17 22 5 9 4
split_gain=1.01758 2.24261 5.42257 1.9893 2.65847 1.52119 1.4746 2.91844 1.24877 2.58141 1.94852 0.980371 0.7
threshold=0.7627949850588478 1.0392045756306625 1.0901460155958185 0.76133632535529028 0.13052619222005193 27.968750000000004 -0.19509032201612828 -0.98801846520836312 140.50000000000003 0.82612154032231799 0.99466373373798567 0.81020215734344159 0.13052619222005193
decision_type=2 2 2 2 2 2 2 2 2 2 2 2 2
left_child=3 6 -3 8 5 -5 7 -2 10 -10 -1 -8 -4
right_child=1 2 12 4 -6 -7 11 -9 9 -11 -12 -13 -14
leaf_value=-4.352919042911613e-05 -0.00171404553451326 -0.0012361836343299237 0.00082802787109503839 0.00044161162309374122 -0.0035658985764438415 -0.0045568549959897403 0.0024571570071862826 0.00066795079614941077 1.6869510840375277e-05 0.0013898480418118822 0.00029874699087700839 -7.3573702097012864e-06 -0.00027503527469610047
leaf_weight=53579 302 52 63 168 48 90 546 1979 21600 7753 2078 166 42
leaf_count=53579 302 52 63 168 48 90 546 1979 21600 7753 2078 166 42
internal_value=6.98575e-05 0.000952381 -0.00487261 3.72734e-05 -0.00398693 -0.00197674 0.00125794 0.000637878 5.17588e-05 0.000315641 -8.74102e-05 0.00324438 0.00166667
internal_weight=88466 3150 157 85316 306 258 2993 2281 85010 29353 55657 712 105
internal_count=88466 3150 157 85316 306 258 2993 2281 85010 29353 55657 712 105
is_linear=0
shrinkage=0.05


Tree=266
num_leaves=16
num_cat=0
split_feature=6 5 12 6 19 21 19 5 6 15 21 16 21 20 13
split_gain=1.0741 7.28612 6.27404 6.23375 9.61734 19.4682 6.52223 4.86535 4.63738 2.73829 2.06584 0.355875 0.733766 0.287186 0.0235876
threshold=0.84199059757024453 0.44505654568748165 131.55000000000004 0.80290535434334509 2.4562500000000003 0.65174182701462535 13.006250000000003 0.26866988313759588 0.78192542922038288 104.50000000000001 1.0000000180025095e-35 169.05000000000004 0.81137282508550213 5.4931250000000009 0.96969944441819123
decision_type=2 2 2 2 2 2 2 2 2 2 2 2 2 2 2
left_child=3 2 7 8 5 -5 -6 -2 10 -4 -1 14 -13 -10 -3
right_child=1 11 9 4 6 -7 -8 -9 13 -11 -12 12 -14 -15 -16
leaf_value=0.00073654360488760559 0.00021746219056641941 0.0048086140484283127 -0.0022161788807464203 -0.00089246605347049861 0.00047932603493034965 -0.004288396915203452 -0.0021029090645140716 -0.00053501253318210878 0.0047642770738663374 -0.0023409729473020946 -1.3190657611443277e-05 0.001133599694421605 0.006106428531893018 0.00021016507938282169 0.0034411509924623094
leaf_weight=4528 7055 668 78 447 759 71 68 1780 597 56 71647 146 349 63 40
leaf_count=4528 7055 668 78 447 759 71 68 1780 597 56 71647 146 349 63 40
internal_value=7.31168e-05 0.00055643 6.63398e-05 1.0233e-05 -0.00336431 -0.00870656 -1.81377e-05 0.000229202 6.93045e-05 -0.0106716 3.31475e-05 0.00421031 0.00318182 0.00424242 0.00492938
internal_weight=88352 10172 8969 78180 1345 518 827 8835 76835 134 76175 1203 495 660 708
internal_count=88352 10172 8969 78180 1345 518 827 8835 76835 134 76175 1203 495 660 708
is_linear=0
shrinkage=0.05


Tree=267
num_leaves=16
num_cat=0
split_feature=13 6 6 6 13 20 5 6 12 3 7 4 16 12 9
split_gain=0.96799 2.47253 2.08311 2.83859 1.50334 4.90827 6.8801 2.38297 1.52359 2.4555 1.402 1.29996 0.737302 0.935293 0.378617
threshold=0.096847750447492928 0.66367808336324663 0.33222858587828868 0.39629089145655322 0.17597566537681111 0.54187500000000011 0.099822040462190967 0.66367808336324663 7.0500000000000016 -0.81241147629688981 17.125000000000004 -0.97335555334614932 2.4500000000000006 8.8500000000000014 0.61604274772152989
decision_type=2 2 2 2 2 2 2 2 2 2 2 2 2 2 2
left_child=1 2 10 -4 5 6 -2 -7 9 -6 -1 -10 14 -14 -3
right_child=4 12 3 -5 8 7 -8 -9 11 -11 -12 -13 13 -15 -16
leaf_value=0.00048429419555182524 -0.0002600427350477792 0.0004272882645138447 -0.0021091871039688472 -0.0004960617282719987 0.00077011969002243946 -0.00027162004575919497 -0.0011576120364129767 0.00077741885943533495 0.00024640432935774283 -0.0011704677580889041 -0.000463817730093855 4.8310624359457889e-06 -1.4443286936155763e-05 0.0027786664348494177 -6.2299074946455439e-06
leaf_weight=1186 1019 755 66 246 173 3674 326 1299 12367 665 760 65250 414 218 40
leaf_count=1186 1019 755 66 246 173 3674 326 1299 12367 665 760 65250 414 218 40
internal_value=5.47154e-05 0.000848033 -0.000181576 -0.00397436 2.02307e-05 -0.000721747 -0.00340149 3.01647e-06 7.99823e-05 -0.00204057 0.000426516 0.000102877 0.00247723 0.00120253 0.00349057
internal_weight=88458 3685 2258 312 84773 6318 1345 4973 78455 838 1946 77617 1427 632 795
internal_count=88458 3685 2258 312 84773 6318 1345 4973 78455 838 1946 77617 1427 632 795
is_linear=0
shrinkage=0.05


Tree=268
num_leaves=13
num_cat=0
split_feature=17 17 15 3 6 9 9 4 5 12 19 5
split_gain=1.35613 2.85125 3.1318 3.24777 1.26433 1.51055 1.30059 1.18879 1.89467 1.5039 0.550763 0.671535
threshold=307.50000000000006 304.50000000000006 475.50000000000006 0.097964660725097366 -0.7444366621422277 0.28181463930565548 0.74970413652204393 -0.97335555334614932 0.93237596376505805 412.65000000000003 8.6812500000000039 -0.8041866928211282
decision_type=2 2 2 2 2 2 2 2 2 2 2 2
left_child=1 7 -3 -4 5 -2 -7 8 -1 -9 -6 -12
right_child=4 2 3 -5 10 6 -8 9 -10 -11 11 -13
leaf_value=0.00024896671076881461 -0.0070592653245414617 0.0016401005636956117 -0.0046161957727918704 -0.0020081730556829008 -0.0009157964952883433 0.0011945808676995032 -0.0032026092604440053 1.1855374459283894e-05 -0.00035819787645295198 -0.00022881723132287576 -0.00033264308283007253 0.0036785855402049423
leaf_weight=11327 50 42 41 46 68 1139 106 66491 1484 7099 42 463
leaf_count=11327 50 42 41 46 68 1139 106 66491 1484 7099 42 463
internal_value=5.36213e-05 2.48471e-05 -0.0074031 -0.0128161 0.00138651 0.000521236 0.000863454 3.59373e-05 0.000480447 -4.14457e-05 0.00334206 0.00391089
internal_weight=88398 86530 129 87 1868 1295 1245 86401 12811 73590 573 505
internal_count=88398 86530 129 87 1868 1295 1245 86401 12811 73590 573 505
is_linear=0
shrinkage=0.05


Tree=269
num_leaves=16
num_cat=0
split_feature=6 6 19 3 19 12 20 5 19 21 6 17 3 16 1
split_gain=1.11246 18.4918 25.0724 11.143 7.34545 4.25121 5.5 3.09394 2.52734 2.32787 3.51847 2.79854 2.16939 1.94576 1.70445
threshold=0.82293497932636273 0.81304046271159414 1.2312500000000004 0.41248606129204562 4.3187500000000014 130.05000000000004 1.3881250000000003 0.23537774960157334 10.281250000000002 1.0000000180025095e-35 0.26659387353423869 101.50000000000001 0.16280825711808991 95.550000000000011 24.717608922008719
decision_type=2 2 2 2 2 2 2 2 2 2 2 2 2 2 2
left_child=1 9 12 -4 5 7 -7 -2 14 10 -1 -11 -3 -10 -6
right_child=4 2 3 -5 8 6 -8 -9 13 11 -12 -13 -14 -15 -16
leaf_value=0.0063770952936966835 0.00012052331320495547 -0.0015907016172932256 0.0013230529155394861 -0.0021324805052998909 -0.0002598677957120151 -0.00076851002669412751 -0.0036952708424078024 -0.00035208712060046045 -0.0017065203602470913 -0.00012343830575990935 0.00033054806155337558 0.00011035546577212147 -0.002014927014815115 0.0040117797893315698 0.0015803391838531845
leaf_weight=1029 5730 40 172 80 133 216 81 1743 111 27455 3794 45016 53 58 2729
leaf_count=1029 5730 40 172 80 133 216 81 1743 111 27455 3794 45016 53 58 2729
internal_value=9.44145e-05 2.82721e-05 -0.0115217 -0.00333333 0.000569855 -0.00024453 -0.00611111 -1.13741e-05 0.00265754 7.98253e-05 0.00114348 9.03828e-06 -0.0337097 -0.00328402 0.00300839
internal_weight=88440 77639 345 252 10801 7770 297 7473 3031 77294 4823 72471 93 169 2862
internal_count=88440 77639 345 252 10801 7770 297 7473 3031 77294 4823 72471 93 169 2862
is_linear=0
shrinkage=0.05


Tree=270
num_leaves=14
num_cat=0
split_feature=22 5 2 12 5 21 21 6 2 16 13 19 17
split_gain=1.22801 3.82929 3.90059 3.15683 3.02008 2.98417 2.9192 2.65358 2.22861 4.71546 2.91474 1.0548 0.433315
threshold=0.79414358982965172 -0.99866806308218525 0.52738392138519818 183.45000000000002 -0.99763297024448894 0.85377485216479709 0.99844067352880794 -0.99938741687870725 0.43248356089986689 656.4000000000002 0.59776486749059388 15.306250000000004 178.50000000000003
decision_type=2 2 2 2 2 2 2 2 2 2 2 2 2
left_child=4 2 3 -2 5 11 7 -6 9 -3 -10 -1 -4
right_child=1 8 12 -5 6 -7 -8 -9 10 -11 -12 -13 -14
leaf_value=0.0014462948061538597 -0.0014124487757584848 2.3337594627293487e-05 0.0051455170381801765 -0.0048068163130369646 -0.000861569722492582 -0.0037710287259257098 -0.003504716414100037 -3.7873065786341186e-05 0.0017895660110910556 -0.0010475047472845161 6.9013898529914425e-05 -0.00041491380989587849 -0.0017928741487520652
leaf_weight=1083 289 15938 87 45 700 41 58 52937 5214 416 11588 48 52
leaf_count=1083 289 15938 87 45 700 41 58 52937 5214 416 11588 48 52
internal_value=3.2544e-05 0.000270451 -0.00419662 -0.00712575 -0.000113274 0.00239761 -0.000168079 -0.000155956 0.000334178 -8.13255e-05 0.000738603 0.00287798 0.00284173
internal_weight=88496 33629 473 334 54867 1172 53695 53637 33156 16354 16802 1131 139
internal_count=88496 33629 473 334 54867 1172 53695 53637 33156 16354 16802 1131 139
is_linear=0
shrinkage=0.05


Tree=271
num_leaves=13
num_cat=0
split_feature=3 6 4 5 13 9 0 20 22 22 6 18
split_gain=0.921439 2.97006 1.1418 3.33541 10.682 2.28718 1.89995 2.51972 2.15388 1.10697 3.31146 1.19243
threshold=-0.98611507088852024 -0.99983123799342477 -0.38268343236508956 -0.99866806308218525 0.20923098557044764 0.41977287111012085 21.99408771803952 4.5993750000000011 1.0439717433682956 0.61952512288926587 -0.94137724084408114 82.937500000000014
decision_type=2 2 2 2 2 2 2 2 2 2 2 2
left_child=1 -1 6 4 -4 -5 7 -2 -8 10 -3 -11
right_child=2 9 3 5 -6 -7 8 -9 -10 11 -12 -13
leaf_value=-0.0012260050711564909 -0.00043090769750118833 -0.0020186492984315949 -0.0026983336997160861 -0.00057704266838116578 -0.0001760974076350795 2.5324162470953537e-05 3.3623356033416649e-05 -0.001363077298825788 0.00075868506449564563 0.00054363216380710943 0.0007372703579108631 0.002140033718919564
leaf_weight=54 998 239 48 3934 176 13459 64557 81 1916 1637 533 833
leaf_count=54 998 239 48 3934 176 13459 64557 81 1916 1637 533 833
internal_value=6.86714e-05 0.000888956 3.69268e-05 -0.000321564 -0.00638393 -0.000243489 0.000130418 -0.00195088 0.000164202 0.00108267 -0.000569948 0.00159919
internal_weight=88465 3296 85169 17617 224 17393 67552 1079 66473 3242 772 2470
internal_count=88465 3296 85169 17617 224 17393 67552 1079 66473 3242 772 2470
is_linear=0
shrinkage=0.05


Tree=272
num_leaves=15
num_cat=0
split_feature=22 21 17 4 15 20 18 1 21 5 9 9 6 13
split_gain=1.06449 2.74167 2.31561 6.02022 2.0679 3.59688 2.94489 2.2669 4.05229 1.90579 1.75676 4.44254 2.55424 0.863102
threshold=0.97465609334504777 0.9467953645701922 192.50000000000003 -0.95642797789208689 33.500000000000007 0.3756250000000001 28.062500000000004 57.306342900859683 1.0654929248254059 -0.99866806308218525 0.71199056465922095 0.69767651686618293 -0.99983123799342477 0.63798651513041393
decision_type=2 2 2 2 2 2 2 2 2 2 2 2 2 2
left_child=1 10 9 -4 5 -2 -7 13 -9 -3 11 -1 -12 -6
right_child=4 2 3 -5 7 6 -8 8 -10 -11 12 -13 -14 -15
leaf_value=2.0132959213923253e-05 -0.0020008496619801164 -0.0038610328566629328 0.00067885362872341511 -0.010098879428629063 0.00044458245647836992 0.0027619916534196848 -0.0011057438807269809 0.00014529560912291984 -0.00068915187990684903 -0.00018250656747367767 -0.003064397694906931 -0.0017781509796002235 0.00062532058822077662 0.0038327742354639796
leaf_weight=62618 55 66 76 59 814 185 790 8424 1246 4846 118 1805 6496 826
leaf_count=62618 55 66 76 59 814 185 790 8424 1246 4846 118 1805 6496 826
internal_value=6.35576e-05 -6.30863e-06 -0.00113236 -0.00759259 0.000494328 -0.00165049 -0.000948718 0.000689655 0.000398139 -0.000954804 7.36942e-05 -5.97594e-06 0.000849713 0.00240854
internal_weight=88424 76084 5047 135 12340 1030 975 11310 9670 4912 71037 64423 6614 1640
internal_count=88424 76084 5047 135 12340 1030 975 11310 9670 4912 71037 64423 6614 1640
is_linear=0
shrinkage=0.05


Tree=273
num_leaves=16
num_cat=0
split_feature=13 20 16 6 6 17 13 18 5 0 17 20 17 6 19
split_gain=1.25038 2.47504 1.72368 1.56514 2.77768 1.42849 1.39774 3.84858 4.18141 2.629 1.36547 1.30915 4.01298 1.2889 1.09602
threshold=0.096847750447492928 2.8856250000000006 2.4500000000000006 0.47369649395226454 0.33222858587828868 130.50000000000003 0.17597566537681111 70.687500000000014 0.099822040462190967 256.89751355328764 21.500000000000004 3.5543750000000007 19.500000000000004 0.99958851518450398 7.5187500000000016
decision_type=2 2 2 2 2 2 2 2 2 2 2 2 2 2 2
left_child=1 3 14 4 -1 -5 7 8 -2 -9 -4 13 -13 -8 -3
right_child=6 2 10 5 -6 -7 11 9 -10 -11 -12 12 -14 -15 -16
leaf_value=0.00051860398141692263 -0.00020071371058836759 -0.0001406847284332343 -0.0010907894308830278 0.00054603420314464242 -0.0012825886621626165 -0.00010439518210454267 6.9958942877668923e-05 0.00044786786071728294 -0.0012618134734491044 -0.00036486022933259897 -0.00040162682294562086 -0.00064125500719137702 -4.4701281331589356e-05 -0.00025141306414356391 0.0012066922570481882
leaf_weight=1380 1387 84 41 920 117 43 61178 2159 691 2026 882 691 16258 296 187
leaf_count=1380 1387 84 41 920 117 43 61178 2159 691 2026 882 691 16258 296 187
internal_value=5.77317e-05 0.000963328 -0.000904522 0.00186992 0.000858384 0.00344237 1.86573e-05 -0.000700143 -0.0024591 0.000173238 -0.00193391 7.60621e-05 -0.000312998 0.00018333 0.00260148
internal_weight=88340 3654 1194 2460 1497 963 84686 6263 2078 4185 923 78423 16949 61474 271
internal_count=88340 3654 1194 2460 1497 963 84686 6263 2078 4185 923 78423 16949 61474 271
is_linear=0
shrinkage=0.05


Tree=274
num_leaves=13
num_cat=0
split_feature=12 5 6 5 17 2 22 9 3 3 16 16
split_gain=1.08262 2.91185 2.45874 4.4718 2.42048 3.10745 3.08317 1.67592 2.12822 2.0189 1.00296 0.933059
threshold=412.65000000000003 0.99966190462023474 -0.099822328936730861 0.69676570133721638 168.50000000000003 0.49544026183560702 0.70807162118969991 0.70931095128662991 -0.8814490726585632 0.93540483100319627 36.350000000000001 130.65000000000001
decision_type=2 2 2 2 2 2 2 2 2 2 2 2
left_child=4 2 3 -2 7 11 -7 9 -9 -1 -4 -6
right_child=1 -3 10 -5 5 6 -8 8 -10 -11 -12 -13
leaf_value=4.0719884780762762e-06 -1.7760656390930351e-06 -0.0059236342793507653 -0.0019413427453218294 -0.00067889213028510254 0.0030259901318689733 -0.00011159197621662294 0.0014446530405763181 -0.00019093501080882783 0.00030874683586560317 -0.00030980345822217341 0.00096934442510045269 0.0016396313341857053
leaf_weight=44238 8604 71 40 2064 564 7326 6901 2088 5700 9016 603 895
leaf_count=44238 8604 71 40 2064 564 7326 6901 2088 5700 9016 603 895
internal_value=5.618e-05 -0.000398875 -0.000335514 -0.000516498 0.000123684 0.000677675 0.000452309 -1.86755e-05 0.00066641 -0.000118864 0.00266719 0.00287526
internal_weight=88110 11382 11311 10668 76728 15686 14227 61042 7788 53254 643 1459
internal_count=88110 11382 11311 10668 76728 15686 14227 61042 7788 53254 643 1459
is_linear=0
shrinkage=0.05


Tree=275
num_leaves=16
num_cat=0
split_feature=13 3 16 6 18 21 13 5 9 9 4 6 9 20 5
split_gain=1.01011 1.50059 1.6628 1.92007 1.45038 1.4969 1.14603 1.104 1.04546 1.78671 2.28257 1.50422 1.49095 2.15641 1.74375
threshold=0.096847750447492928 -0.22695468355932411 412.75000000000006 -0.45273527932988084 76.312500000000014 0.64446656100762778 0.070928051086202856 0.99818282439137029 0.7627949850588478 0.76133632535529028 0.13052619222005193 -0.99273797715557011 0.77634323470482058 4.5993750000000011 -0.21861968191509915
decision_type=2 2 2 2 2 2 2 2 2 2 2 2 2 2 2
left_child=1 2 7 -4 6 -6 -3 -1 9 11 -11 -2 14 -14 -10
right_child=8 4 3 -5 5 -7 -8 -9 12 10 -12 -13 13 -15 -16
leaf_value=7.5061258965865128e-05 0.00050488619829160467 0.00066215440760988668 -0.0034414987111359898 0.00090117795471400118 0.00023958931749062354 -0.0006294374710043559 0.00035541435623077477 -0.00056536332076735369 -3.7681055767273266e-05 -0.001460283642609971 -0.0036759676807679915 -7.8252812278155191e-06 0.00028001068059365204 -0.0025919686505504178 0.0017071796137700054
leaf_weight=1241 3605 560 71 40 1058 294 315 49 420 270 44 77696 1997 82 683
leaf_count=1241 3605 560 71 40 1058 294 315 49 420 270 44 77696 1997 82 683
internal_value=7.60533e-05 0.000893054 -0.000389008 -0.00626126 0.0016996 0.000673077 0.00328571 0.000116279 4.10983e-05 6.43283e-06 -0.00375796 2.09716e-05 0.000930233 0.000141895 0.00241614
internal_weight=88425 3628 1401 111 2227 1352 875 1290 84797 81615 314 81301 3182 2079 1103
internal_count=88425 3628 1401 111 2227 1352 875 1290 84797 81615 314 81301 3182 2079 1103
is_linear=0
shrinkage=0.05


Tree=276
num_leaves=15
num_cat=0
split_feature=13 13 18 5 12 5 16 21 22 6 5 13 6 19
split_gain=1.40985 1.5787 3.60316 6.57647 3.46184 1.55033 3.47607 1.72845 1.71441 1.62418 1.49113 1.45266 2.00438 1.49014
threshold=0.096847750447492928 0.18740973709335337 70.687500000000014 0.23537774960157334 116.25000000000001 0.96687895796550427 9.7500000000000018 0.69155702276930942 0.92489911692658977 0.029024409397335523 -0.73866753694953124 0.2408288955764501 0.9989598388634241 9.5687500000000032
decision_type=2 2 2 2 2 2 2 2 2 2 2 2 2 2
left_child=5 2 3 -2 -4 7 -7 10 -9 -8 -1 13 -13 -3
right_child=1 11 4 -5 -6 6 9 8 -10 -11 -12 12 -14 -15
leaf_value=-0.00013795126413779715 -0.00017579051228311106 -1.3030588611681657e-06 0.0001097255574328368 -0.0012950780973982462 -0.0047127091821267727 -0.00084733382749267575 0.0031224890493655026 -0.00090561672190181636 0.00037085188567155612 -0.0014065973693425996 0.00044935385734583478 7.6723986595175481e-06 -0.00026757992448936179 0.00079060614556454025
leaf_weight=553 1839 2515 4828 636 59 74 111 523 390 48 1944 71886 362 2751
leaf_count=553 1839 2515 4828 636 59 74 111 523 390 48 1944 71886 362 2751
internal_value=4.28723e-05 1.53183e-06 -0.00069818 -0.00225253 8.90118e-05 0.00100604 -0.00293991 0.00127566 -0.00058598 0.00122642 0.00195635 6.79879e-05 9.55062e-06 0.000869731
internal_weight=88519 84876 7362 2475 4887 3643 233 3410 913 159 2497 77514 72248 5266
internal_count=88519 84876 7362 2475 4887 3643 233 3410 913 159 2497 77514 72248 5266
is_linear=0
shrinkage=0.05


Tree=277
num_leaves=16
num_cat=0
split_feature=6 6 19 3 19 9 5 5 13 19 6 9 4 6 13
split_gain=1.22445 17.4513 21.4001 7.37619 5.85906 3.59368 9.0736 3.19677 2.94843 2.92427 2.91548 4.78037 2.2951 1.97941 1.93332
threshold=0.82293497932636273 0.81304046271159414 1.2312500000000004 0.41248606129204562 4.3187500000000014 0.52312540216533054 -0.45274443793211405 0.23537774960157334 0.31867215733453497 9.8687500000000039 0.7487283477006671 0.61536133439539098 -0.72947329433276242 0.689015599449598 0.037770744064505292
decision_type=2 2 2 2 2 2 2 2 2 2 2 2 2 2 2
left_child=1 10 8 -4 5 7 -7 -2 -3 14 13 -12 -11 -1 -6
right_child=4 2 3 -5 9 6 -8 -9 -10 12 11 -13 -14 -15 -16
leaf_value=8.6524072382100232e-06 0.00029778305665238301 -0.0012104206598817719 0.0011678222592014784 -0.0020246115337368554 -0.00017778082479768734 -0.0031283534961545397 -0.00022516821009523026 -0.00028319171706716061 -0.0018182997891151528 -0.00021263593144447992 0.0015224801593667313 -0.0015699543535638021 -0.0041132938054049056 -0.00049254889479778132 0.001953706295707383
leaf_weight=73134 4620 49 157 82 110 233 1655 1294 43 211 1855 194 40 2126 2720
leaf_count=73134 4620 49 157 82 110 233 1655 1294 43 211 1855 194 40 2126 2720
internal_value=6.06059e-05 -9.01578e-06 -0.0114653 -0.00357741 0.000557291 -0.000171751 -0.00207097 0.000434562 -0.0319565 0.00240344 4.00343e-05 0.00190093 -0.00276892 -1.06296e-05 0.00286219
internal_weight=88523 77640 331 239 10883 7802 1888 5914 92 3081 77309 2049 251 75260 2830
internal_count=88523 77640 331 239 10883 7802 1888 5914 92 3081 77309 2049 251 75260 2830
is_linear=0
shrinkage=0.05


Tree=278
num_leaves=14
num_cat=0
split_feature=20 19 18 16 9 9 13 9 9 5 9 6 18
split_gain=1.00281 4.10715 3.52944 3.28775 6.3188 2.75568 1.30109 1.3105 4.7525 1.94961 1.22813 1.1564 0.559087
threshold=3.7131250000000007 1.5812500000000005 38.437500000000007 14.550000000000002 0.3762562434153543 0.52168661083684953 0.017969622870310908 0.34955120886128022 0.33458151202740682 -0.51297808981038739 0.48149700293933112 -0.89404254237865755 70.312500000000014
decision_type=2 2 2 2 2 2 2 2 2 2 2 2 2
left_child=6 3 10 -2 -5 -4 11 8 -8 -9 -3 -1 -13
right_child=1 2 5 4 -6 -7 7 9 -10 -11 -12 12 -14
leaf_value=-0.0012413861362039671 0.00032277104774605507 -0.00041687671454237595 6.9619699670677609e-05 -0.00029122086287156366 -0.0050476870830194242 -0.0004072608968193087 2.8410181430611668e-05 0.0003049291503789819 -0.00095636510334697424 1.0268185411217023e-05 0.00092819192771459241 0.00037554234540571448 9.2835776667169991e-05
leaf_weight=42 64 213 8742 75 58 6686 12219 20014 2181 36412 1056 314 336
leaf_count=42 64 213 8742 75 58 6686 12219 20014 2181 36412 1056 314 336
internal_value=8.72055e-05 -0.000259263 -0.000174582 -0.00743655 -0.0119173 -0.00038307 0.000169049 0.000147968 -0.000277778 0.000256619 0.00236013 0.00232659 0.00284615
internal_weight=88412 16894 16697 197 133 15428 71518 70826 14400 56426 1269 692 650
internal_count=88412 16894 16697 197 133 15428 71518 70826 14400 56426 1269 692 650
is_linear=0
shrinkage=0.05


Tree=279
num_leaves=14
num_cat=0
split_feature=17 17 6 12 3 16 22 19 3 1 7 9 17
split_gain=1.01341 2.27395 2.71157 1.37774 1.06058 1.04485 0.867425 1.73295 2.58734 1.66952 0.782229 0.468736 0.066235
threshold=307.50000000000006 304.50000000000006 -0.8901731938066898 630.9000000000002 -0.98611507088852024 125.65000000000002 0.77608097412696198 24.156250000000004 0.032701564615071628 853.33417384566178 20.875000000000004 0.58073009477079851 367.50000000000006
decision_type=2 2 2 2 2 2 2 2 2 2 2 2 2
left_child=1 3 -3 4 -1 -5 7 9 -9 -2 12 -12 -8
right_child=6 2 -4 5 -6 -7 10 8 -10 -11 11 -13 -14
leaf_value=0.00046431130575211896 0.0026810724192547681 -0.0039316921179546249 0.00015583521683207278 -0.0004904446866239821 -9.8736522938339713e-06 0.0016340143673597264 0.006007975255560908 -0.0053017062678710619 0.01016912743084936 -0.0012140782718250245 0.0023489223517747905 -0.01042421025458538 0.0054482227957187096
leaf_weight=3310 739 63 66 54 82286 557 267 115 62 513 53 40 72
leaf_count=3310 739 63 66 54 82286 557 267 115 62 513 53 40 72
internal_value=3.04434e-05 5.55986e-06 -0.00662791 1.54862e-05 -1.40175e-06 0.00238134 0.00118485 0.000591323 -0.00403955 0.00124601 0.00314815 -0.000913978 0.00426254
internal_weight=88197 86336 129 86207 85596 611 1861 1429 177 1252 432 93 339
internal_count=88197 86336 129 86207 85596 611 1861 1429 177 1252 432 93 339
is_linear=0
shrinkage=0.05


Tree=280
num_leaves=14
num_cat=0
split_feature=7 6 6 5 13 18 6 19 20 9 9 9 21
split_gain=1.05801 1.24628 2.35652 4.83369 1.70949 2.63942 1.52892 1.42024 1.22197 1.52517 0.981919 2.87862 1.56673
threshold=18.875000000000004 0.97461712852231652 0.94636490295939868 -0.2270106897347694 0.71306529851977407 95.687500000000014 0.82293497932636273 10.406250000000002 7.0568750000000007 0.48576427999707467 0.17434099974896719 0.28181463930565548 0.93879657506333369
decision_type=2 2 2 2 2 2 2 2 2 2 2 2 2
left_child=1 2 6 -4 7 -6 -1 -3 10 -10 12 -12 -2
right_child=8 4 3 -5 5 -7 -8 -9 9 -11 11 -13 -14
leaf_value=3.5532484217232206e-05 0.00031365752293247814 0.00044311511341399993 0.0011915875563894959 -0.00081635292535751729 9.8056713522657636e-05 -0.0013755559750561392 0.00043583785029293335 -0.0038626792649824404 0.00033467325252783817 -0.0023009768459964731 -0.00061738572578881601 -3.0005008187874188e-05 -0.0014026666993353486
leaf_weight=56076 886 2530 513 776 167 68 3586 45 45 46 2128 21395 69
leaf_count=56076 886 2530 513 776 167 68 3586 45 45 46 2128 21395 69
internal_value=7.30218e-05 0.00018044 0.000132976 -0.00198216 0.00120996 -0.00287234 0.000178673 0.00158252 -0.000205747 -0.00598901 -0.000184247 -0.000248055 0.00138743
internal_weight=88330 63761 60951 1289 2810 235 59662 2575 24569 91 24478 23523 955
internal_count=88330 63761 60951 1289 2810 235 59662 2575 24569 91 24478 23523 955
is_linear=0
shrinkage=0.05


Tree=281
num_leaves=11
num_cat=0
split_feature=19 5 5 3 17 6 9 19 17 18
split_gain=1.69653 1.00814 3.39022 6.59913 2.37532 4.24067 1.72385 1.62337 0.159827 0.0201691
threshold=-2.7812499999999996 0.99466373373798567 0.98667101781630195 -0.68322629814330804 247.50000000000003 0.029024409397335523 0.61536133439539098 8.2687500000000025 38.500000000000007 58.187500000000007
decision_type=2 2 2 2 2 2 2 2 2 2
left_child=8 2 6 -4 7 -6 -2 -3 -1 -10
right_child=1 4 3 -5 5 -7 -8 -9 9 -11
leaf_value=9.6244102247062876e-05 8.5837744813110681e-05 0.0012811201053100634 -0.0039307418172858325 -0.0001779261513844987 7.3931995032188976e-05 -0.0025256469528197149 -8.1363147780371653e-05 0.00015148682146918875 0.00042088367432841639 0.00024262374900023203
leaf_weight=41 56897 478 376 1345 102 66 26583 2345 40 167
leaf_count=41 56897 478 376 1345 102 66 26583 2345 40 167
internal_value=6.38853e-05 5.22725e-05 2.05985e-05 -0.00217606 0.00095453 -0.00482143 6.58842e-05 0.00129826 0.00419355 0.00475845
internal_weight=88440 88192 85201 1721 2991 168 83480 2823 248 207
internal_count=88440 88192 85201 1721 2991 168 83480 2823 248 207
is_linear=0
shrinkage=0.05


Tree=282
num_leaves=11
num_cat=0
split_feature=19 6 21 19 6 12 13 3 20 17
split_gain=1.67884 1.21379 3.68093 5.27582 3.37826 5.52527 2.66546 1.48766 0.0933752 0.222537
threshold=-2.7812499999999996 -0.9575230291762723 0.61768025636941071 17.131250000000005 -0.94703994556331683 436.9500000000001 0.077886209627957906 0.9946518923062071 0.35062500000000008 61.500000000000007
decision_type=2 2 2 2 2 2 2 2 2 2
left_child=8 2 3 -2 5 -3 -4 -6 9 -1
right_child=1 4 6 -5 7 -7 -8 -9 -10 -11
leaf_value=0.00011472946340054178 0.00094367619076780808 -0.00067819562748207556 -0.0017171301450264892 -0.0011623529218780376 1.9370399427785446e-05 -0.0048534457287426882 0.00060077969592911844 -0.00029367616304574562 0.00040235260382084285 2.3765836320582218e-05
leaf_weight=42 1395 930 95 2145 73882 289 6956 2583 145 59
leaf_count=42 1395 930 95 2145 73882 289 6956 2583 145 59
internal_value=6.21888e-05 5.0694e-05 0.000552828 -0.000762712 -1.77641e-05 -0.0026292 0.0012133 2.38673e-05 0.00418699 0.0030198
internal_weight=88521 88275 10591 3540 77684 1219 7051 76465 246 101
internal_count=88521 88275 10591 3540 77684 1219 7051 76465 246 101
is_linear=0
shrinkage=0.05


Tree=283
num_leaves=11
num_cat=0
split_feature=19 6 6 3 6 17 9 3 0 0
split_gain=1.26961 1.08644 1.32067 2.08136 1.14005 0.403882 0.139013 0.072973 2.22045e-16 2.22045e-16
threshold=-2.4562499999999994 0.99999537620422141 0.99981043035926087 1.0000000180025095e-35 0.95936279103287792 37.500000000000007 0.32860102603149138 0.5277851165098012 166.44059427956341 122.41280530516291
decision_type=2 2 2 2 2 2 2 2 2 2
left_child=5 2 4 -4 -2 -1 -7 8 -3 -8
right_child=1 7 3 -5 -6 6 9 -9 -10 -11
leaf_value=-0.00010397071452141652 1.8572135534890232e-06 0.0035612193108026016 -0.00054336925740364824 3.4808263439517486e-07 0.00022885913426249905 4.5643341255565374e-05 0.0022731329816183055 0.00075463461218695403 0.0012023683956848053 0.001602499583377757
leaf_weight=40 83374 53 93 128 4554 78 116 40 55 48
leaf_count=40 83374 53 93 128 4554 78 116 40 55 48
internal_value=5.46971e-05 4.39994e-05 3.68129e-05 -0.00382353 4.65155e-05 0.00340426 0.00417355 0.00432432 0.005 0.005
internal_weight=88579 88297 88149 221 87928 282 242 148 108 164
internal_count=88579 88297 88149 221 87928 282 242 148 108 164
is_linear=0
shrinkage=0.05


Tree=284
num_leaves=15
num_cat=0
split_feature=22 21 5 6 9 6 9 5 17 5 20 13 0 19
split_gain=1.10578 2.64904 2.83439 4.12947 2.4313 3.7669 3.62801 2.03871 1.95898 1.74794 4.58661 2.14932 1.15641 0.662724
threshold=0.9952314887722099 0.9467953645701922 0.64579916509010216 -0.4755978891912595 0.71199056465922095 0.99748108949426018 0.69767651686618293 0.40614137006726808 105.50000000000001 -0.95754239937548935 0.9593750000000002 0.87045635881644057 219.04454354188431 15.306250000000004
decision_type=2 2 2 2 2 2 2 2 2 2 2 2 2 2
left_child=1 4 7 -4 6 -6 -1 -3 9 10 -2 -11 -10 -14
right_child=8 2 3 -5 5 -7 -8 -9 12 11 -12 -13 13 -15
leaf_value=7.5732827255802031e-06 -0.0024993369363716413 -0.00011086436987695604 -0.0025962143820267968 -0.00024579512319167018 0.00074140676825631274 -0.0011544982046602173 -0.0016375889447937109 0.0035725388065798477 -0.0019442396043092382 1.0698678327177511e-05 0.0003004627302195029 0.001017137446325874 0.0018458046410951689 0.00021421616240074423
leaf_weight=62983 116 4838 797 1117 6629 71 1857 313 40 7159 260 748 757 778
leaf_count=62983 116 4838 797 1117 6629 71 1857 313 40 7159 260 748 757 778
internal_value=2.72997e-05 -3.53029e-05 -0.000958952 -0.00260188 5.5913e-05 0.000962687 -3.77851e-05 -0.000348476 0.000526476 0.000219124 -0.0031117 0.000377514 0.00214286 0.00236156
internal_weight=88463 78605 7065 1914 71540 6700 64840 5151 9858 8283 376 7907 1575 1535
internal_count=88463 78605 7065 1914 71540 6700 64840 5151 9858 8283 376 7907 1575 1535
is_linear=0
shrinkage=0.05


Tree=285
num_leaves=16
num_cat=0
split_feature=13 20 6 6 13 20 5 6 20 5 12 4 18 16 22
split_gain=1.13136 1.92521 1.87105 3.90686 1.59624 4.98552 4.91718 2.28135 1.37903 2.62794 1.51844 1.22374 3.41054 1.98273 0.532927
threshold=0.096847750447492928 2.8856250000000006 0.41202506375868281 0.33222858587828868 0.17597566537681111 0.54187500000000011 0.099822040462190967 -0.10837475778693638 3.1543750000000008 0.68432406471780916 1.0000000180025095e-35 -0.91037613702198739 44.562500000000007 1.7500000000000002 1.2282916162032704
decision_type=2 2 2 2 2 2 2 2 2 2 2 2 2 2 2
left_child=1 2 3 -1 5 6 -2 -7 9 -3 -10 12 -6 -13 -4
right_child=4 8 14 -5 11 7 -8 -9 10 -11 -12 13 -14 -15 -16
leaf_value=0.00043861394094677777 -0.00039187125446641302 0.00022490715417240867 0.00044989805632992988 -0.001940087031436931 0.00031677825974836559 -0.00054969401223036926 -0.0010207427651610617 0.00037205723911393001 -0.00019020007338523155 -0.0020308977745295206 4.7455496256302733e-05 -0.00024709311305523801 -9.0960804982716437e-06 1.0618870357434474e-05 -0.00012877112297032372
leaf_weight=1382 1015 98 938 89 6004 2311 320 2659 58 73 936 7919 16857 47634 42
leaf_count=1382 1015 98 938 89 6004 2311 320 2659 58 73 936 7919 16857 47634 42
internal_value=1.33018e-05 0.000879425 0.00167483 0.000547247 -2.36663e-05 -0.000789056 -0.00350187 -6.0362e-05 -0.000793991 -0.00494152 -8.04827e-05 3.78761e-05 0.000345786 -8.88339e-05 0.00336735
internal_weight=88335 3616 2451 1471 84719 6305 1335 4970 1165 171 994 78414 22861 55553 980
internal_count=88335 3616 2451 1471 84719 6305 1335 4970 1165 171 994 78414 22861 55553 980
is_linear=0
shrinkage=0.05


Tree=286
num_leaves=10
num_cat=0
split_feature=6 6 18 22 6 22 20 4 7
split_gain=0.94123 1.77187 3.94532 2.16069 1.25996 0.842826 0.548846 0.165397 0.0182886
threshold=0.99999537620422141 0.99958851518450398 97.312500000000014 0.46660192839133957 0.99932962452255414 0.95397233167573059 1.3306250000000002 -0.77259657388510627 19.625000000000004
decision_type=2 2 2 2 2 2 2 2 2
left_child=1 4 3 -3 5 -1 -4 -2 -6
right_child=7 2 6 -5 8 -7 -8 -9 -10
leaf_value=-2.6107753648645056e-06 0.0012333430188941757 -0.00028086259440630071 0.00086449562388864513 -0.0019206135935347893 0.0052048349013139837 7.9842912973800969e-05 -2.7576777044189401e-05 0.0012354597177716337 0.0047792958510918674
leaf_weight=72309 111 173 91 41 109 15512 79 40 40
leaf_count=72309 111 173 91 41 109 15512 79 40 40
internal_value=6.2426e-05 5.56853e-05 -0.00333333 -0.00785047 7.04788e-05 6.26845e-05 0.00235294 0.00400662 0.00466443
internal_weight=88505 88354 384 214 87970 87821 170 151 149
internal_count=88505 88354 384 214 87970 87821 170 151 149
is_linear=0
shrinkage=0.05


Tree=287
num_leaves=14
num_cat=0
split_feature=17 17 19 6 5 6 9 16 21 2 19 16 12
split_gain=1.10561 1.88565 1.95191 1.08716 7.03053 4.48451 0.825377 1.5013 2.93527 1.13103 0.566761 0.575033 0.373573
threshold=307.50000000000006 304.50000000000006 20.018750000000008 0.41202506375868281 0.42958674266195179 0.38043945030393422 0.61604274772152989 83.750000000000014 0.48081436398082794 0.85218171720857117 26.306250000000002 230.65000000000001 559.35000000000014
decision_type=2 2 2 2 2 2 2 2 2 2 2 2 2
left_child=1 3 -3 5 -5 -1 7 8 -2 -9 12 -12 -8
right_child=6 2 -4 4 -6 -7 10 9 -10 -11 11 -13 -14
leaf_value=-1.7379297723832286e-05 0.0010268734563143379 -0.00043105126771173429 -0.0037564778695818855 -8.187129082222717e-05 0.00088275598580162895 -0.0013744955910459512 0.0060430642844593015 0.0019582503996622303 -0.0051604829746509616 -0.0018641277836394039 0.0025351085901210214 -0.00094549480347406339 0.0027984073031082205
leaf_weight=60727 74 71 55 16770 7822 1004 356 674 41 392 52 93 188
leaf_count=60727 74 71 55 16770 7822 1004 356 674 41 392 52 93 188
internal_value=2.71178e-05 1.0991e-06 -0.00611111 1.00207e-05 0.000291152 -0.000101975 0.00122995 0.000427604 -0.005 0.00101313 0.00260523 -0.000172414 0.00334559
internal_weight=88319 86449 126 86323 24592 61731 1870 1181 115 1066 689 145 544
internal_count=88319 86449 126 86323 24592 61731 1870 1181 115 1066 689 145 544
is_linear=0
shrinkage=0.05


Tree=288
num_leaves=14
num_cat=0
split_feature=22 17 15 4 21 6 6 22 19 21 0 3 6
split_gain=1.29284 2.87577 2.52894 2.1103 1.8815 2.399 1.98317 1.70562 4.89156 1.79941 1.18869 0.576948 0.36579
threshold=0.98744854199646437 105.50000000000001 814.50000000000011 1.0000000180025095e-35 0.96943688668899886 0.71353761266622884 -0.99465740988130902 0.95630427941842078 12.193750000000003 0.88566065141372363 213.03060857991764 0.68322629814330826 0.98174098242282837
decision_type=2 2 2 2 2 2 2 2 2 2 2 2 2
left_child=4 2 3 -2 7 6 -6 9 -9 -1 -3 -12 -7
right_child=1 10 -4 -5 5 12 -8 8 -10 -11 11 -13 -14
leaf_value=1.7718899862577098e-05 -5.7093502304761564e-05 -0.0014607425787449447 -0.0001958602062203651 0.00044173264886034628 -0.0019264652034242228 0.0015912198276138553 -0.00026722608032191396 -0.00098939677349955978 0.00090114315459382383 -0.00039561490850954117 0.00060378799000338499 -2.873505477521037e-05 0.0001286900914065553
leaf_weight=64557 6388 55 45 2320 187 201 3241 493 1732 7094 1768 195 61
leaf_count=64557 6388 55 45 2320 187 201 3241 493 1732 7094 1768 195 61
internal_value=3.49233e-05 0.000548232 0.000155947 0.000217042 -3.63559e-05 -0.00113821 -0.00149066 1.86801e-05 0.00138202 -2.36561e-05 0.00224975 0.00245288 0.00347328
internal_weight=88337 10771 8753 8708 77566 3690 3428 73876 2225 71651 2018 1963 262
internal_count=88337 10771 8753 8708 77566 3690 3428 73876 2225 71651 2018 1963 262
is_linear=0
shrinkage=0.05


Tree=289
num_leaves=16
num_cat=0
split_feature=20 2 3 18 9 5 9 17 6 18 9 15 21 3 9
split_gain=1.03291 2.8797 2.99851 2.57789 2.8808 1.42796 1.3233 1.27196 4.74025 4.45236 2.36768 1.88353 2.97753 2.51236 1.05763
threshold=3.5731250000000006 0.083886480482585971 -0.77259657388510605 37.687500000000007 0.52398839017394672 -0.17647087149565668 0.48149700293933112 164.50000000000003 -0.26037106507032781 96.187500000000014 0.24518814705566372 127.50000000000001 0.25961367840673377 0.91037613702198772 0.58384903114926512
decision_type=2 2 2 2 2 2 2 2 2 2 2 2 2 2 2
left_child=7 2 14 6 -5 -4 -3 11 9 -9 -10 13 -13 -1 -2
right_child=1 3 5 4 -6 -7 -8 8 10 -11 -12 12 -14 -15 -16
leaf_value=0.00020365758977146633 0.0012301223883520278 -0.0011744751563022588 -0.0020675627483930509 4.2138383129249824e-05 -0.00056222490060214858 -0.0010854347814630942 0.00040570697481694248 0.00081739532466233028 -0.00023931784143168882 -0.00093490011275896819 0.0021139906686957911 -0.0011954181150551787 -7.2612455988554927e-05 -0.00026231605855924384 -0.00097749956725974065
leaf_weight=21099 78 222 106 9943 7402 121 1212 8082 351 5124 3278 650 23952 6574 40
leaf_count=21099 78 222 106 9943 7402 121 1212 8082 351 5124 3278 650 23952 6574 40
internal_value=-3.17319e-06 -0.000328383 -0.00485507 -0.000245221 -0.000413664 -0.00821586 0.00179219 8.68183e-05 0.000464806 2.49888e-05 0.00206531 -3.49113e-05 -0.000353223 0.000248076 0.00161017
internal_weight=88234 19124 345 18779 17345 227 1434 69110 16835 13206 3629 52275 24602 27673 118
internal_count=88234 19124 345 18779 17345 227 1434 69110 16835 13206 3629 52275 24602 27673 118
is_linear=0
shrinkage=0.05


Tree=290
num_leaves=16
num_cat=0
split_feature=7 6 9 20 5 5 19 16 13 20 20 6 17 6 5
split_gain=1.04169 1.44891 1.67929 2.02085 1.67364 5.60619 2.72018 1.05706 0.961175 1.18377 1.84654 1.14705 1.10105 5.2047 2.55449
threshold=18.875000000000004 -0.98521978256641018 0.31729624542921775 1.8906250000000002 0.7210268013660811 0.68432406471780916 24.568750000000005 370.45000000000005 0.096847750447492928 2.8856250000000006 3.1193750000000007 -0.99465740988130902 115.50000000000001 0.95936279103287792 -0.99866806308218525
decision_type=2 2 2 2 2 2 2 2 2 2 2 2 2 2 2
left_child=8 2 3 -2 5 -3 -6 -4 9 11 -11 -1 14 -14 -10
right_child=1 4 7 -5 6 -7 -8 -9 12 10 -12 -13 13 -15 -16
leaf_value=-0.0010175279022608817 -0.0041037660435232787 -0.00019188491372436057 0.00018473798575171165 0.00020666029575258914 0.00017233206805603328 -0.0026479500380819044 -0.0025229957794250073 0.0012802365610387429 -0.00099322241469637098 -0.0012906075481031109 3.7362541367721301e-05 0.00040211679178705291 0.00022569815680971726 -0.0018689865643841408 -5.1079179499778263e-06
leaf_weight=102 50 16391 824 112 6033 403 69 683 469 108 703 1688 27823 47 32782
leaf_count=102 50 16391 824 112 6033 403 69 683 469 108 703 1688 27823 47 32782
internal_value=4.96677e-05 -0.000226949 0.00119533 -0.00364198 -0.000330625 -0.000588305 0.000378565 0.00171533 0.000156304 0.00109765 -0.000487053 0.00181564 0.000116245 0.000348045 -7.80426e-05
internal_weight=88287 24565 1669 162 22896 16794 6102 1507 63722 2601 811 1790 61121 27870 33251
internal_count=88287 24565 1669 162 22896 16794 6102 1507 63722 2601 811 1790 61121 27870 33251
is_linear=0
shrinkage=0.05


Tree=291
num_leaves=14
num_cat=0
split_feature=5 18 20 13 21 5 6 17 12 5 5 3 9
split_gain=1.13684 4.5999 8.0056 4.55428 3.5629 1.59346 9.06995 15.5613 3.99581 2.60248 3.88521 2.30588 0.210437
threshold=-0.96235977360714686 11.312500000000002 0.52312500000000017 0.65641567868047279 0.25961367840673377 -0.814291907305839 0.56191161272202661 67.500000000000014 273.15000000000003 -0.79384350655589164 -0.78326540922535159 -0.8814490726585632 0.69767651686618293
decision_type=2 2 2 2 2 2 2 2 2 2 2 2 2
left_child=1 12 3 -3 -4 6 8 -8 -2 11 -11 -7 -1
right_child=5 2 4 -5 -6 9 7 -9 -10 10 -12 -13 -14
leaf_value=0.0059866363517704947 5.4181856385881556e-05 -0.0020074741921172015 -0.00024970544677865825 0.0018727310622254545 0.00065006929873542363 -0.0012902682686261892 0.0030867692759548233 -0.006959858181236506 -0.0018644225979014611 -0.0011065600320387498 2.030700479486728e-05 0.0014895589127653893 0.00025911370470919074
leaf_weight=578 8760 394 1388 110 5130 80 133 142 1778 524 68253 975 40
leaf_count=578 8760 394 1388 110 5130 80 133 142 1778 524 68253 975 40
internal_value=3.8795e-05 0.000621728 0.000257762 -0.00581349 0.000727217 -1.64298e-05 -0.000581245 -0.00954545 -0.000347314 7.10278e-05 3.32235e-05 0.00253555 0.00475728
internal_weight=88285 7640 7022 504 6518 80645 10813 275 10538 69832 68777 1055 618
internal_count=88285 7640 7022 504 6518 80645 10813 275 10538 69832 68777 1055 618
is_linear=0
shrinkage=0.05


Tree=292
num_leaves=16
num_cat=0
split_feature=5 5 20 18 17 22 15 17 17 15 5 6 13 22 9
split_gain=1.27207 3.39746 3.85189 5.52021 2.65438 2.10231 5.64948 1.15471 3.57248 2.68981 1.1164 1.09468 1.80962 0.989015 0.390652
threshold=-0.96689237009891416 -0.98523971305672675 0.48312500000000008 95.937500000000014 53.500000000000007 0.41289647178935523 92.500000000000014 307.50000000000006 304.50000000000006 475.50000000000006 -0.69057362043749781 -0.7444366621422277 0.18740973709335337 0.46660192839133957 0.63591387350552975
decision_type=2 2 2 2 2 2 2 2 2 2 2 2 2 2 2
left_child=1 2 3 -1 -4 14 -7 8 10 -10 -2 12 -9 -13 -3
right_child=7 5 4 -5 -6 6 -8 11 9 -11 -12 13 -14 -15 -16
leaf_value=-0.0024572234228320651 -0.00019523022180255363 0.0051330327288912677 -0.00032313063507689789 0.0018830464693889962 0.00032444606792583709 -0.0015947606716085899 0.0014266152751542527 -0.0055987889717850738 0.001737105431432945 -0.0036760219132391972 2.1268305268855408e-05 -0.00018974245086860004 0.00048615624582546519 0.0032918600321523751 0.00041207542532756161
leaf_weight=175 17042 627 1052 107 3043 288 1579 45 45 87 62339 53 1239 528 150
leaf_count=175 17042 627 1052 107 3043 288 1579 45 45 87 62339 53 1239 528 150
internal_value=4.57586e-05 0.000691497 -0.000163354 -0.0058156 0.000225885 0.00210666 0.00119711 -9.95336e-06 -3.87985e-05 -0.00825758 -2.51318e-05 0.00121984 0.000404985 0.00302065 0.00429215
internal_weight=88399 7021 4377 282 4095 2644 1867 81378 79513 132 79381 1865 1284 581 777
internal_count=88399 7021 4377 282 4095 2644 1867 81378 79513 132 79381 1865 1284 581 777
is_linear=0
shrinkage=0.05


Tree=293
num_leaves=16
num_cat=0
split_feature=22 20 5 6 1 21 21 19 6 9 6 5 6 4 21
split_gain=1.09024 2.77307 3.19892 11.869 2.81334 2.99957 1.99566 4.70926 5.35755 3.3065 2.28765 7.20152 2.76877 1.93614 1.64239
threshold=0.95630427941842078 2.8693750000000007 0.97696484778429815 0.11478523713130605 48.966872306315729 1.0392045756306625 0.79957134245509198 17.131250000000005 0.78192542922038288 0.61536133439539098 -0.86548532668110156 0.48314048284850658 -0.73284120334876357 -0.63405362205439475 0.97558702407764564
decision_type=2 2 2 2 2 2 2 2 2 2 2 2 2 2 2
left_child=6 4 14 -4 13 -6 10 8 -8 -9 11 -1 -12 -2 -3
right_child=1 2 3 -5 5 -7 7 9 -10 -11 12 -13 -14 -15 -16
leaf_value=-0.00018973927977757323 -0.0040424900874702595 0.0016197024132586864 5.8679597639453773e-05 -0.0043279957159923638 2.3896067390168423e-05 -0.00050972420474340032 -0.0010938912908005666 0.00098373323692151505 0.00099810017886658889 -0.0002775778075178951 0.0008085414413783479 -0.0023138409446452229 4.0433261112320619e-05 0.001640481546424901 0.00026106822934316608
leaf_weight=11474 148 1083 899 51 7332 1892 6523 3832 740 5017 4657 242 40847 1881 1899
leaf_count=11474 148 1083 899 51 7332 1892 6523 3832 740 5017 4657 242 40847 1881 1899
internal_value=5.06684e-05 0.000436286 0.00157935 -0.000947368 3.68792e-05 -0.000333911 -2.91822e-05 -0.00052073 -0.00146427 0.000253701 0.000109228 -0.000513827 0.000269647 0.00172252 0.00238431
internal_weight=88517 15185 3932 950 11253 9224 73332 16112 7263 8849 57220 11716 45504 2029 2982
internal_count=88517 15185 3932 950 11253 9224 73332 16112 7263 8849 57220 11716 45504 2029 2982
is_linear=0
shrinkage=0.05


Tree=294
num_leaves=15
num_cat=0
split_feature=3 6 22 5 12 22 3 16 1 20 22 21 9 9
split_gain=1.22541 1.39679 3.95643 1.69579 3.87836 1.28542 1.18966 4.35529 8.51302 2.34248 1.71445 3.40572 2.49329 0.997858
threshold=-0.98611507088852024 -0.86974577485258975 0.34806793616523729 0.76696112484652035 46.350000000000009 0.61952512288926587 -0.8814490726585632 366.50000000000006 278.54708634028412 2.2968750000000004 0.82612154032231799 0.80203995304786513 0.27096366726759108 0.81399729065561433
decision_type=2 2 2 2 2 2 2 2 2 2 2 2 2 2
left_child=1 2 -1 13 -5 -4 7 9 -9 -2 11 -8 -12 -3
right_child=6 3 5 4 -6 -7 10 8 -10 -11 12 -13 -14 -15
leaf_value=-0.0016980872037411718 0.00070333724781481951 0.0015720771294952863 -0.0015404891820870415 0.00047963498272111487 -0.0042095514307621072 0.00058207029017325648 3.1786391194027488e-07 -0.0012003485534414745 0.00024224341527873672 -0.00051637402858749511 -0.00047178990393884285 -0.0010878778796588075 0.00014302279374134232 -0.00054868144088056846
leaf_weight=46 2464 1134 295 552 52 1181 49781 746 768 2024 1324 3570 24508 42
leaf_count=46 2464 1134 295 552 52 1181 49781 746 768 2024 1324 3570 24508 42
internal_value=4.22098e-05 0.000987281 -0.000124836 0.0019382 -0.000215232 0.000325203 5.57629e-06 -0.000673109 -0.00299207 0.00010918 5.702e-05 -0.000104871 0.000391375 0.00304422
internal_weight=88487 3302 1522 1780 604 1476 85185 6002 1514 4488 79183 53351 25832 1176
internal_count=88487 3302 1522 1780 604 1476 85185 6002 1514 4488 79183 53351 25832 1176
is_linear=0
shrinkage=0.05


Tree=295
num_leaves=14
num_cat=0
split_feature=22 21 9 17 15 22 16 4 0 18 9 6 9
split_gain=0.974389 2.15953 2.38058 2.0546 2.0878 1.68359 3.01285 1.6158 1.60171 1.48036 2.7429 1.41498 0.630531
threshold=0.99284573533404452 0.97911630744217204 0.81399729065561433 105.50000000000001 814.50000000000011 0.95397233167573059 792.40000000000009 1.0000000180025095e-35 73.815906317235573 63.562500000000007 0.69931833206448257 0.71353761266622884 0.71911136914555696
decision_type=2 2 2 2 2 2 2 2 2 2 2 2 2
left_child=1 5 11 4 7 8 -7 -2 -1 12 -11 -3 -5
right_child=3 2 -4 9 -6 6 -8 -9 -10 10 -12 -13 -14
leaf_value=-0.00025484126691276181 -3.0093049680254212e-05 -0.00053119399333040535 -0.0033151957623515959 0.00070105359493825023 -0.00020328762889501191 0.00061592915830216627 -0.00011728253645986731 0.00043389312052717903 2.3033882015505159e-05 -0.0024213543131052281 0.00099253993992505724 0.00083182836503519679 0.00015727120742437846
leaf_weight=7147 6157 2591 45 938 50 3094 437 2270 64655 55 190 182 559
leaf_count=7147 6157 2591 45 938 50 3094 437 2270 64655 55 190 182 559
internal_value=4.9225e-05 -1.08122e-05 -0.00136977 0.000508367 0.000186977 4.00225e-05 0.00110592 0.000247419 -1.2395e-05 0.00207233 -0.00153061 -0.00118464 0.00266199
internal_weight=88370 78151 2818 10219 8477 75333 3531 8427 71802 1742 245 2773 1497
internal_count=88370 78151 2818 10219 8477 75333 3531 8427 71802 1742 245 2773 1497
is_linear=0
shrinkage=0.05


Tree=296
num_leaves=14
num_cat=0
split_feature=9 21 22 9 21 19 22 4 15 19 19 4 13
split_gain=1.04723 1.65411 5.3218 1.64641 1.79704 2.45266 1.61372 1.55595 1.26748 3.16289 1.80152 0.612729 0.309601
threshold=0.7627949850588478 1.0392045756306625 1.0901460155958185 0.76133632535529028 0.95186583871234287 27.968750000000004 0.99284573533404452 -0.19509032201612828 785.50000000000011 28.831250000000004 29.756250000000005 0.13052619222005193 0.53371152228008734
decision_type=2 2 2 2 2 2 2 2 2 2 2 2 2
left_child=3 6 -3 8 5 -5 7 -2 10 -10 -1 -4 -8
right_child=1 2 11 4 -6 -7 12 -9 9 -11 -12 -13 -14
leaf_value=1.752001647453143e-05 3.5539810173004456e-05 -0.001252184840089494 0.00080361229027666858 -0.0013071497269332723 0.0011945171682213047 -0.0057663185093370399 0.0011200807705907729 0.0016679424596039664 -0.00012904725460807109 -0.00078218866748369805 0.00037029687341624058 -0.00032446829707923899 0.0012347049376365837
leaf_weight=82632 2032 48 67 199 52 72 41 605 1083 150 947 47 350
leaf_count=82632 2032 48 67 199 52 72 41 605 1083 150 947 47 350
internal_value=8.23664e-05 0.000971787 -0.00395062 4.90399e-05 -0.00351393 -0.0051476 0.00123514 0.000790671 6.26092e-05 -0.00152879 8.60864e-05 0.00192982 0.00423274
internal_weight=88325 3190 162 85135 323 271 3028 2637 84812 1233 83579 114 391
internal_count=88325 3190 162 85135 323 271 3028 2637 84812 1233 83579 114 391
is_linear=0
shrinkage=0.05


Tree=297
num_leaves=16
num_cat=0
split_feature=5 18 20 12 17 22 17 1 5 12 18 0 5 0 0
split_gain=1.05047 3.77811 7.62007 4.63648 2.92466 1.62433 2.2801 2.40273 1.64107 1.26218 0.98015 0.215056 0.0720794 0.130877 4.44089e-16
threshold=-0.96235977360714686 6.6875000000000009 0.66937500000000016 127.05000000000003 146.50000000000003 0.98744854199646437 105.50000000000001 117.76256754777988 0.99983759474438971 412.65000000000003 66.187500000000014 168.66604071244768 -0.97509794945709805 309.68156648992311 390.83752370549792
decision_type=2 2 2 2 2 2 2 2 2 2 2 2 2 2 2
left_child=1 12 3 -3 -4 8 7 -7 9 -2 -8 -10 13 -1 -14
right_child=5 2 4 -5 -6 6 10 -9 11 -11 -12 -13 14 -15 -16
leaf_value=0.0043716811423288168 -3.7267207016174352e-06 -0.0018821783988657013 1.745858064534673e-05 0.00041766217740242393 0.0016517369872678404 0.00057955377741262767 0.00052536202088127883 -0.00010197057249152646 0.00064504938084180012 -0.00027751915790277012 -0.00026463236478038721 0.001796677859498769 0.012324673354343695 0.0013677304748400047 0.016554549174859209
leaf_weight=136 60529 485 4118 243 2192 4166 1767 4219 48 9581 248 215 273 133 41
leaf_count=136 60529 485 4118 243 2192 4166 1767 4219 48 9581 248 215 273 133 41
internal_value=5.62257e-05 0.000617373 0.00029696 -0.0045467 0.000855785 3.28099e-06 0.000586539 0.000223614 -8.29151e-05 -9.77034e-05 0.00209677 0.00385932 0.00448542 0.00388476 0.005
internal_weight=88394 7621 7038 728 6310 80773 10400 8385 70373 70110 2015 263 583 269 314
internal_count=88394 7621 7038 728 6310 80773 10400 8385 70373 70110 2015 263 583 269 314
is_linear=0
shrinkage=0.05


Tree=298
num_leaves=14
num_cat=0
split_feature=17 17 3 6 6 2 9 19 21 3 22 13 16
split_gain=1.09471 2.66832 3.37024 1.00365 2.64419 0.900074 2.31043 1.73474 3.92373 1.44862 1.10796 0.887019 0.166558
threshold=307.50000000000006 304.50000000000006 1.0000000180025095e-35 0.99999537620422141 0.99981043035926087 0.85634169171603114 0.39166652857036116 24.156250000000004 0.63679187997327535 0.097964660725097366 0.48123081920495669 0.98280141840440283 44.150000000000013
decision_type=2 2 2 2 2 2 2 2 2 2 2 2 2
left_child=1 3 -3 4 -1 7 9 10 -9 -7 -2 -8 -5
right_child=5 2 -4 12 -6 6 11 8 -10 -11 -12 -13 -14
leaf_value=1.5024564863897527e-07 -0.00018230071333904499 -0.003954492527941009 -9.5049257947908588e-05 0.001789768042482355 -0.00035804411864851182 -0.0079628244688095817 0.0013944252710846403 -0.0062819173493830899 0.00064572110659615175 -0.0038633931719300012 0.0038101009410523908 -0.001521551711865551 0.00023279203673286691
leaf_weight=85955 98 56 76 114 232 41 546 40 142 56 878 47 40
leaf_count=85955 98 56 76 114 232 41 546 40 142 56 878 47 40
internal_value=7.98243e-06 -1.7751e-05 -0.00712121 -6.89109e-06 -1.40971e-05 0.00121212 -0.000217391 0.0020639 -0.00241758 -0.00737113 0.00289959 0.000952783 0.00402597
internal_weight=88321 86473 132 86341 86187 1848 690 1158 182 97 976 593 154
internal_count=88321 86473 132 86341 86187 1848 690 1158 182 97 976 593 154
is_linear=0
shrinkage=0.05


Tree=299
num_leaves=15
num_cat=0
split_feature=19 16 20 6 16 22 17 21 17 1 3 22 6 20
split_gain=1.05987 1.56238 3.50112 2.24198 1.21951 1.15921 2.64321 2.29361 1.94388 1.89973 1.8348 1.82783 0.672498 0.441633
threshold=29.756250000000005 817.35000000000002 2.0281250000000006 -0.99983123799342477 762.85000000000002 0.96596581511648949 105.50000000000001 0.9467953645701922 194.50000000000003 48.966872306315729 0.88144907265856365 0.94007337817053227 -0.99273797715557011 2.7693750000000006
decision_type=2 2 2 2 2 2 2 2 2 2 2 2 2 2
left_child=5 3 -3 4 -2 7 9 11 -9 -7 -8 -1 -5 -4
right_child=1 2 13 12 -6 6 10 8 -10 -11 -12 -13 -14 -15
leaf_value=-1.5116271867570046e-05 -0.0072421680955657586 -0.00019391133882465199 0.00039331633416700456 0.002589956446445274 0.00048887183929121312 0.00088443013865478835 0.00046162394502221801 -0.00032998451232745972 -0.006543077233178961 -6.6760669099230019e-05 -0.0059050356322430672 0.00077496602479581447 0.00046645658362787782 -0.00019779608482644475
leaf_weight=67734 41 63 64 230 41 2219 3522 3699 109 7731 77 1806 927 47
leaf_count=67734 41 63 64 230 41 2219 3522 3699 109 7731 77 1806 927 47
internal_value=3.22729e-05 0.00139066 -0.00304598 0.00201372 -0.00597561 1.01847e-05 0.000435088 -6.83043e-05 -0.00126313 1.50756e-05 0.00159628 -2.87586e-06 0.00257995 0.0022973
internal_weight=88310 1413 174 1239 82 86897 13549 73348 3808 9950 3599 69540 1157 111
internal_count=88310 1413 174 1239 82 86897 13549 73348 3808 9950 3599 69540 1157 111
is_linear=0
shrinkage=0.05


end of trees

feature_importances:
doy_cos=537
doy_sin=468
kcs_fc_ens=403
kcs_recent=334
cloud_fc_pct=260
temp_fc_c=250
wind_fc_ms=236
dni_fc_wm2=226
kcs_lag_24h=215
dhi_fc_wm2=204
kcs_fc=165
pv_lag_24h_kw=161
ghi_fc_wm2=125
tod_sin=120
clear_sky_kw=97
tod_cos=96
clear_sky_ghi_wm2=62
cos_zenith=57
lead_time_hours=48
has_weather=1
nwp_lead_d=1

parameters:
[boosting: gbdt]
[objective: quantile]
[metric: quantile]
[tree_learner: serial]
[device_type: cpu]
[data_sample_strategy: bagging]
[data: ]
[valid: ]
[num_iterations: 300]
[learning_rate: 0.05]
[num_leaves: 16]
[num_threads: 8]
[seed: 42]
[deterministic: 1]
[force_col_wise: 0]
[force_row_wise: 1]
[histogram_pool_size: -1]
[max_depth: 4]
[min_data_in_leaf: 40]
[min_sum_hessian_in_leaf: 0.001]
[bagging_fraction: 0.85]
[pos_bagging_fraction: 1]
[neg_bagging_fraction: 1]
[bagging_freq: 1]
[bagging_seed: 400]
[bagging_by_query: 0]
[feature_fraction: 1]
[feature_fraction_bynode: 1]
[feature_fraction_seed: 30056]
[extra_trees: 0]
[extra_seed: 12879]
[early_stopping_round: 0]
[early_stopping_min_delta: 0]
[first_metric_only: 0]
[max_delta_step: 0]
[lambda_l1: 0]
[lambda_l2: 0]
[linear_lambda: 0]
[min_gain_to_split: 0]
[drop_rate: 0.1]
[max_drop: 50]
[skip_drop: 0.5]
[xgboost_dart_mode: 0]
[uniform_drop: 0]
[drop_seed: 17869]
[top_rate: 0.2]
[other_rate: 0.1]
[min_data_per_group: 100]
[max_cat_threshold: 32]
[cat_l2: 10]
[cat_smooth: 10]
[max_cat_to_onehot: 4]
[top_k: 20]
[monotone_constraints: ]
[monotone_constraints_method: basic]
[monotone_penalty: 0]
[feature_contri: ]
[forcedsplits_filename: ]
[refit_decay_rate: 0.9]
[cegb_tradeoff: 1]
[cegb_penalty_split: 0]
[cegb_penalty_feature_lazy: ]
[cegb_penalty_feature_coupled: ]
[path_smooth: 0]
[interaction_constraints: ]
[verbosity: -1]
[saved_feature_importance_type: 0]
[use_quantized_grad: 0]
[num_grad_quant_bins: 4]
[quant_train_renew_leaf: 0]
[stochastic_rounding: 1]
[linear_tree: 0]
[max_bin: 255]
[max_bin_by_feature: ]
[min_data_in_bin: 3]
[bin_construct_sample_cnt: 200000]
[data_random_seed: 175]
[is_enable_sparse: 1]
[enable_bundle: 1]
[use_missing: 1]
[zero_as_missing: 0]
[feature_pre_filter: 1]
[pre_partition: 0]
[two_round: 0]
[header: 0]
[label_column: ]
[weight_column: ]
[group_column: ]
[ignore_column: ]
[categorical_feature: ]
[forcedbins_filename: ]
[precise_float_parser: 0]
[parser_config_file: ]
[objective_seed: 16083]
[num_class: 1]
[is_unbalance: 0]
[scale_pos_weight: 1]
[sigmoid: 1]
[boost_from_average: 1]
[reg_sqrt: 0]
[alpha: 0.1]
[fair_c: 1]
[poisson_max_delta_step: 0.7]
[tweedie_variance_power: 1.5]
[lambdarank_truncation_level: 30]
[lambdarank_norm: 1]
[label_gain: ]
[lambdarank_position_bias_regularization: 0]
[eval_at: ]
[multi_error_top_k: 1]
[auc_mu_weights: ]
[num_machines: 1]
[local_listen_port: 12400]
[time_out: 120]
[machine_list_filename: ]
[machines: ]
[gpu_platform_id: -1]
[gpu_device_id: -1]
[gpu_device_id_list: ]
[gpu_use_dp: 0]
[num_gpu: 1]

end of parameters

pandas_categorical:[]
