tree
version=v4
num_class=1
num_tree_per_iteration=1
label_index=0
max_feature_idx=23
objective=quantile
feature_names=clear_sky_kw clear_sky_ghi_wm2 cos_zenith tod_sin tod_cos doy_sin doy_cos lead_time_hours has_recent kcs_recent pv_last_kw kcs_last pv_lag_24h_kw kcs_lag_24h has_weather ghi_fc_wm2 dni_fc_wm2 dhi_fc_wm2 cloud_fc_pct temp_fc_c wind_fc_ms kcs_fc kcs_fc_ens nwp_lead_d
feature_infos=[8.0067576055486445:662.72299999999996] [10.013128144343288:900.75728806310656] [0.050188670617315613:0.89684342909509362] [-1:1] [-1:0.50000000000000011] [-0.9999994220246925:0.99998555065071859] [-0.99997919295908233:1] [6:23.75] [0:1] [-1:0.82299972646507147] none none [0:751.20000000000005] [-1:1.3] [0:1] [-1:903] [-1:915.10000000000002] [-1:426] [-1:100] [-6.7999999999999998:37.375] [-1:10.180000000000001] [-1:1.5] [-1:1.5] [-1:2]
tree_sizes=1564 1639 1646 1645 1636 1639 1643 1643 1636 1641 1650 1646 1655 1640 1647 1650 1649 1640 1653 1632 1642 1639 1638 1635 1642 1638 1641 1639 1637 1634 1634 1641 1643 1621 1632 1630 1633 1631 1630 1641 1625 1634 1628 1632 1622 1629 1630 1631 1633 1623 1634 1631 1610 1605 1624 1614 1609 1608 1608 1519 1621 1604 1616 1602 1619 1612 1616 1611 1614 1603 1617 1613 1593 1610 1501 1424 1611 1519 1433 1638 1603 1609 1504 1501 1502 1610 1629 1632 1240 1321 1316 1638 1510 1526 1512 1597 1621 1431 1630 1521 1622 1629 1532 1620 1522 1520 1630 1514 1639 1613 1629 1641 1617 1605 1435 1612 1538 1142 1505 1633 1590 1604 1634 1612 1641 1252 1152 1392 1636 1657 1623 1491 1636 1640 1621 1348 1642 1493 1497 1409 1639 1325 1333 1664 1650 1626 1159 1629 1424 1349 1616 1149 992 1335 1613 1604 1630 1508 1604 1329 1615 1163 1416 1635 990 1515 1581 1530 1616 1626 1622 879 1164 1476 1136 1241 1404 1317 1446 1327 1624 1517 1594 1626 1591 1514 1153 1527 1521 1535 1331 1441 1546 1597 1619 1620 1618 1428 1443 1641 1534 1627 1421 976 1386 1327 1535 1585 1430 1507 1518 1599 1537 1630 1629 1402 1507 1529 1529 1391 1626 1537 1423 1639 1614 1545 1328 1553 1326 1614 1516 1627 1595 1231 1597 1557 1505 1619 1428 1612 1159 1572 1328 1612 1517 1629 1530 1617 1543 1426 1625 1241 1418 1513 1633 1615 1423 1453 1490 1420 1635 1438 1405 1643 1335 1642 1606 1555 1240 1523 1612 1632 1498 1220 1228 1612 1157 1526 1612 1316 1417 1635 1546 1600 1328 1514 1593 1245 1336 1625 1604 1651 1320 1481 1536 1640 1631 1469 1624 1528

Tree=0
num_leaves=16
num_cat=0
split_feature=22 15 22 22 13 18 1 22 2 22 22 6 12 19 19
split_gain=4461.53 955.817 402.982 279.841 231.053 149.676 120.522 115.065 80.2564 72.5727 47.0789 37.788 26.2405 24.1192 20.4109
threshold=0.6915603414064676 308.50000000000006 0.53141473490303659 0.8417715024145862 0.51359060251753663 95.562500000000014 34.220619963937658 1.0185356811665678 0.53441613196087789 0.31230678005211115 1.1660453931284656 -0.59867820553660911 139.95000000000002 15.768750000000002 18.468750000000004
decision_type=2 2 2 2 2 2 2 2 2 2 2 2 2 2 2
left_child=2 4 5 11 10 6 -1 -6 13 -7 -2 -3 -5 -4 -10
right_child=1 3 8 12 7 9 -8 -9 14 -11 -12 -13 -14 -15 -16
leaf_value=0.50052143633365631 0.4927806556224823 0.5036563321948051 0.48874631673097613 0.50075073838233952 0.49556604325771331 0.47867848463356494 0.48556720092892647 0.50010559260845189 0.49223159998655319 0.48509008511900903 0.50008405745029449 0.49765839576721194 0.50997716486454014 0.49234451055526735 0.49628944993019103
leaf_weight=1136 10806 4892 5642 1616 5700 8228 11352 3108 3471 9656 807 3823 14020 1900 2236
leaf_count=1136 10806 4892 5642 1616 5700 8228 11352 3108 3471 9656 807 3823 14020 1900 2236
internal_value=0.493612 0.5047 0.482232 0.51139 0.496723 0.479058 0.483258 0.50283 0.489508 0.476125 0.492091 0.504211 0.515392 0.486123 0.493982
internal_weight=88393 44772 43621 24351 20421 30372 12488 8808 13249 17884 11613 8715 15636 7542 5707
internal_count=88393 44772 43621 24351 20421 30372 12488 8808 13249 17884 11613 8715 15636 7542 5707
is_linear=0
shrinkage=1


Tree=1
num_leaves=16
num_cat=0
split_feature=22 15 22 22 13 18 1 2 22 22 20 19 1 22 6
split_gain=4126.24 868.044 482.57 256.942 213.888 144.313 111.118 102.08 88.1944 63.2589 62.9844 44.6239 32.2885 28.1197 18.0884
threshold=0.71410182208495798 308.50000000000006 0.52354878631110668 0.8564796343541321 0.51359060251753663 97.687500000000014 34.220619963937658 0.53441613196087789 1.0075655178206382 0.28049223684746444 0.78312500000000018 14.218750000000002 293.54731086515716 0.57808339172924017 -0.44505783185115427
decision_type=2 2 2 2 2 2 2 2 2 2 2 2 2 2 2
left_child=2 4 5 11 10 6 -1 14 -6 -7 -2 -3 -5 -9 -4
right_child=1 3 7 12 8 9 -8 13 -10 -11 -12 -13 -14 -15 -16
leaf_value=0.0056818209588527686 -0.0025679662823677066 0.0023051726818084707 -0.0016868703812360775 -0.00022228896617889629 0.0020211561024189003 -0.014909861478954553 -0.0079186165705323226 -0.0025968369096517566 0.0059515161812305432 -0.0086530913040041933 0.00033908486366271976 0.0093558577448129687 0.015259069055318831 0.0021665683388710027 -0.0044351682811975494
leaf_weight=1212 2463 2003 2732 144 5026 6459 12949 1763 3289 9129 8375 6559 14625 5213 6446
leaf_count=1212 2463 2003 2732 144 5026 6459 12949 1763 3289 9129 8375 6559 14625 5213 6446
internal_value=0.00012417 0.0113537 -0.0102689 0.0178293 0.00346551 -0.0140467 -0.010393 -0.00331187 0.0094979 -0.0173659 -0.00116258 0.0109379 0.0218244 0.00124713 -0.00677708
internal_weight=88387 42484 45903 23331 19153 29749 14161 16154 8315 15588 10838 8562 14769 6976 9178
internal_count=88387 42484 45903 23331 19153 29749 14161 16154 8315 15588 10838 8562 14769 6976 9178
is_linear=0
shrinkage=0.05


Tree=2
num_leaves=16
num_cat=0
split_feature=22 15 22 22 13 21 6 22 22 2 22 20 22 6 19
split_gain=3958.81 904.2 328.071 304.465 210.829 165.487 168.144 102.751 85.1351 73.5012 46.0592 45.5257 39.4945 35.4518 17.5042
threshold=0.66904998247980296 326.50000000000006 0.82612154032231799 0.46167753418189045 0.51359060251753663 1.0000000180025095e-35 0.26659387353423869 0.96029977208633455 0.28049223684746444 0.53441613196087789 0.90450790301279416 0.78312500000000018 0.56908084290481076 -0.59867820553660911 2.9687500000000004
decision_type=2 2 2 2 2 2 2 2 2 2 2 2 2 2 2
left_child=3 4 13 5 11 6 -1 -6 -7 14 -4 -2 -11 -3 -5
right_child=1 2 10 9 7 8 -8 -9 -10 12 -12 -13 -14 -15 -16
leaf_value=0.006752102412283423 -0.0023736064881086346 0.0085039308033883609 0.012344245547428726 -0.0095450259707868107 0.0016016962453722972 -0.014164368405006825 -0.0084016217943280926 0.004978148870170113 -0.0084207157958298921 -0.0035777338398620493 0.015046895302832125 4.8962533473967397e-05 0.0013996009230613699 0.0026470671705901617 -0.004237568533979357
leaf_weight=1007 2685 4721 4742 669 5508 6665 7940 4235 10178 2968 11296 10131 3491 3634 8632
leaf_count=1007 2685 4721 4742 669 5508 6665 7940 4235 10178 2968 11296 10131 3491 3634 8632
internal_value=0.000147454 0.0100954 0.0167681 -0.0110939 0.00288023 -0.0144397 -0.00894434 0.008424 -0.0173588 -0.00561865 0.0209534 -0.00133427 -0.00152113 0.00873429 -0.00846414
internal_weight=88502 46952 24393 41550 22559 25790 8947 9743 16843 15760 16038 12816 6459 8355 9301
internal_count=88502 46952 24393 41550 22559 25790 8947 9743 16843 15760 16038 12816 6459 8355 9301
is_linear=0
shrinkage=0.05


Tree=3
num_leaves=16
num_cat=0
split_feature=22 15 22 22 13 18 1 22 6 22 19 19 22 15 16
split_gain=3701.35 868.982 357.536 272.968 190.709 159.041 108.39 86.628 61.7625 61.1982 53.099 47.4934 29.0865 24.5719 20.7247
threshold=0.68865410845875852 333.50000000000006 0.48662355814319108 0.87989444966365871 0.51359060251753663 95.312500000000014 31.435317312145944 0.95844462698335453 -0.50557503990954278 0.31230678005211115 18.181250000000006 2.4562500000000003 0.56545474901180315 223.50000000000003 692.35000000000002
decision_type=2 2 2 2 2 2 2 2 2 2 2 2 2 2 2
left_child=2 4 5 10 11 6 -1 -6 12 -7 -3 -2 -4 -10 -5
right_child=1 3 8 14 7 9 -8 -9 13 -11 -12 -13 -14 -15 -16
leaf_value=0.0075234664562158302 -0.0054323236793279665 0.0042287924285046739 -0.0032809665957931446 0.011645305871590973 0.0016524172496050595 -0.01287671088115312 -0.0071187455900944777 0.0046663868386298433 -0.0051238030424807235 -0.0077583527202717967 0.010849435313977302 5.3325727581976515e-05 0.0008517972618341447 -0.0023953904096502832 0.015219015597924591
leaf_weight=1078 1461 4745 2330 5945 5261 8271 10071 4363 5368 7835 5623 10813 4545 3918 6749
leaf_count=1078 1461 4745 2330 5945 5261 8271 10071 4363 5368 7835 5623 10813 4545 3918 6749
internal_value=0.000277225 0.0103325 -0.0101357 0.0171061 0.00319892 -0.0136296 -0.00903893 0.00846841 -0.00424324 -0.0168074 0.011087 -0.000932866 -0.000650909 -0.00690286 0.0220222
internal_weight=88376 44960 43416 23062 21898 27255 11149 9624 16161 16106 10368 12274 6875 9286 12694
internal_count=88376 44960 43416 23062 21898 27255 11149 9624 16161 16106 10368 12274 6875 9286 12694
is_linear=0
shrinkage=0.05


Tree=4
num_leaves=16
num_cat=0
split_feature=22 12 22 22 18 22 15 22 2 1 19 13 19 19 16
split_gain=3577.95 801.306 495.19 171.11 123.128 106.145 99.382 91.1774 111.071 78.4157 55.623 50.9414 20.8537 20.0588 17.9227
threshold=0.74091814769963305 139.95000000000002 0.56140669805634913 0.89184736771066409 98.437500000000014 0.36447315286211562 317.50000000000006 1.0776631653655271 0.34776992757014696 34.220619963937658 17.893750000000008 0.55216952144085474 18.831250000000008 14.818750000000003 679.45000000000016
decision_type=2 2 2 2 2 2 2 2 2 2 2 2 2 2 2
left_child=2 7 4 10 9 -6 13 8 -2 -1 -3 -9 -8 -4 -5
right_child=1 3 6 14 5 -7 12 11 -10 -11 -12 -13 -14 -15 -16
leaf_value=0.003275327725079841 -0.00014106671333312948 0.0047285149761685163 -0.0034943044059141562 0.010078607284668833 -0.012010485192032065 -0.0060320686651812866 0.00050284993147942656 0.0022138014070689663 0.0042842134468257407 -0.0066389965167036298 0.010702194497203455 0.0072268608769588127 0.0043176343393977737 -0.00081373900704085906 0.014437098884228616
leaf_weight=1258 10822 3618 6043 5024 9023 7008 4057 2050 4025 15393 5246 1919 2522 3453 6811
leaf_count=1258 10822 3618 6043 5024 9023 7008 4057 2050 4025 15393 5246 1919 2522 3453 6811
internal_value=0.000205614 0.0113874 -0.00885668 0.018176 -0.0123906 -0.0155184 -0.00167185 0.00391954 0.00211996 -0.00937932 0.0129231 0.0106513 0.00305138 -0.00494419 0.0221103
internal_weight=88272 39515 48757 20699 32682 16031 16075 18816 14847 16651 8864 3969 6579 9496 11835
internal_count=88272 39515 48757 20699 32682 16031 16075 18816 14847 16651 8864 3969 6579 9496 11835
is_linear=0
shrinkage=0.05


Tree=5
num_leaves=16
num_cat=0
split_feature=22 12 22 22 18 22 15 1 22 2 13 6 16 15 6
split_gain=3340.31 793.91 386.007 260.636 138.427 93.7318 98.0823 90.4808 77.1122 73.8429 47.8263 44.5173 36.2282 21.9716 15.088
threshold=0.71410182208495798 138.15000000000003 0.52354878631110668 0.8564796343541321 97.687500000000014 1.0776631653655271 303.50000000000006 34.220619963937658 0.2719159643992895 0.53441613196087789 0.53696788125175787 -0.69676771491221523 692.35000000000002 492.50000000000006 -0.44505783185115427
decision_type=2 2 2 2 2 2 2 2 2 2 2 2 2 2 2
left_child=2 5 4 11 7 6 -2 -1 -6 14 -7 -3 -5 -11 -4
right_child=1 3 9 12 8 10 -8 -9 -10 13 -12 -13 -14 -15 -16
leaf_value=0.0052778712915617478 -0.00011975707271695281 0.0090280928651974516 -0.0012981936946596302 0.0097048515978441566 -0.012449611223634914 0.0021031113367155187 0.004611759423054751 -0.0064305385741463411 -0.0071301231072216755 -0.00022421387210953966 0.0061166033529015231 0.0036086168052687968 0.013753802184722386 0.0033963652876956617 -0.0037639790653219707
leaf_weight=1241 12956 4221 2737 7527 6207 1909 3095 12922 9497 5208 2041 4112 6619 1678 6459
leaf_count=1241 12956 4221 2737 7527 6207 1909 3095 12922 9497 5208 2041 4112 6619 1678 6459
internal_value=0.00031579 0.0104226 -0.00902794 0.0168702 -0.0123908 0.00317609 0.0014781 -0.0088064 -0.0156234 -0.00278261 0.0100759 0.00985539 0.0210024 0.00113273 -0.00571444
internal_weight=88429 42480 45949 22479 29867 20001 16051 14163 15704 16082 3950 8333 14146 6886 9196
internal_count=88429 42480 45949 22479 29867 20001 16051 14163 15704 16082 3950 8333 14146 6886 9196
is_linear=0
shrinkage=0.05


Tree=6
num_leaves=16
num_cat=0
split_feature=22 12 22 22 18 15 0 2 1 22 19 18 22 0 6
split_gain=3152.47 782.249 453.754 176.193 132.336 90.4868 86.9514 93.0603 78.0013 59.5934 52.0086 38.3394 38.2892 27.0316 15.5108
threshold=0.74428736550655372 139.95000000000002 0.48662355814319108 0.89184736771066409 97.687500000000014 268.50000000000006 45.140943781097477 0.34776992757014696 34.220619963937658 0.28049223684746444 14.068750000000003 68.812500000000014 0.56908084290481076 250.59540637639688 -0.44505783185115427
decision_type=2 2 2 2 2 2 2 2 2 2 2 2 2 2 2
left_child=2 6 4 10 8 14 11 -8 -1 -6 -3 -2 -7 -5 -4
right_child=1 3 5 13 9 12 7 -9 -10 -11 -12 -13 -14 -15 -16
leaf_value=0.0044223420229431319 0.008860629609588111 0.0026373187181008453 -0.0016083332196763279 0.0024347481864905652 -0.011608333187353603 -0.0031319643235243086 -0.00012802552403062551 0.0038398075461053061 -0.0063841536719453891 -0.0071379855532753174 0.0090857161439379507 0.0058342069670639929 0.0013867453706969957 0.012252148066201297 -0.0037670061625225517
leaf_weight=1214 1692 1805 3892 321 6523 2068 11190 3951 11841 7833 6874 1824 8173 11613 7668
leaf_count=1214 1692 1805 3892 321 6523 2068 11190 3951 11841 7833 6874 1824 8173 11613 7668
internal_value=0.000335096 0.0109002 -0.00809559 0.0176139 -0.0123773 -0.00271203 0.00348261 0.00183773 -0.0087342 -0.0156903 0.0121932 0.010566 0.00071038 0.0215561 -0.00574394
internal_weight=88482 39270 49212 20613 27411 21801 18657 15141 13055 14356 8679 3516 10241 11934 11560
internal_count=88482 39270 49212 20613 27411 21801 18657 15141 13055 14356 8679 3516 10241 11934 11560
is_linear=0
shrinkage=0.05


Tree=7
num_leaves=16
num_cat=0
split_feature=22 12 22 22 18 0 2 17 16 1 22 19 2 15 19
split_gain=2904.07 750.895 430.599 190.969 135.594 90.8899 107.057 76.3438 76.276 72.3313 58.0066 52.857 35.9799 27.7304 21.1042
threshold=0.74428736550655372 139.95000000000002 0.52354878631110668 0.89184736771066409 97.687500000000014 69.261402835911781 0.34776992757014696 149.50000000000003 12.050000000000002 34.220619963937658 0.95199483600701174 14.068750000000003 0.43248356089986689 492.50000000000006 14.743750000000004
decision_type=2 2 2 2 2 2 2 2 2 2 2 2 2 2 2
left_child=2 5 4 11 9 10 -7 14 -6 -1 -2 -3 -5 -9 -4
right_child=1 3 7 12 8 6 -8 13 -10 -11 -12 -13 -14 -15 -16
leaf_value=0.0046835775832305415 1.5855607472692324e-05 0.0023954524102628217 -0.0039350867088454953 0.0028256420207368408 -0.010415801197771985 -0.00049942345435418365 0.0034976678805683642 -0.00022068064545542609 -0.0058810224193941224 -0.0056683649942189385 0.0059976614721568011 0.008494656562773201 0.012177125008140711 0.0034507541261107446 -0.00086957436559059742
leaf_weight=1231 1417 1813 6057 1494 8936 9416 3934 8135 6664 12977 3835 6916 10458 2281 2803
leaf_count=1231 1417 1813 6057 1494 8936 9416 3934 8135 6664 12977 3835 6916 10458 2281 2803
internal_value=0.00035279 0.0104848 -0.00775609 0.017041 -0.0115221 0.00319589 0.00100375 -0.00193245 -0.0147404 -0.00798846 0.00876809 0.0114188 0.0211471 0.000969662 -0.00534424
internal_weight=88367 39283 49084 20681 29808 18602 13350 19276 15600 14208 5252 8729 11952 10416 8860
internal_count=88367 39283 49084 20681 29808 18602 13350 19276 15600 14208 5252 8729 11952 10416 8860
is_linear=0
shrinkage=0.05


Tree=8
num_leaves=16
num_cat=0
split_feature=22 12 22 22 18 15 15 0 1 22 6 15 22 16 19
split_gain=2744.56 715.85 423.833 180.518 134.196 91.5009 76.5244 108.552 67.8497 59.3885 48.3193 39.0131 28.3448 23.7481 17.4984
threshold=0.75378224007178518 152.55000000000004 0.48662355814319108 0.89184736771066409 98.687500000000014 191.50000000000003 383.50000000000006 69.261402835911781 34.220619963937658 0.26478680415345573 -0.70900320270980455 503.50000000000006 0.87436021765798366 699.95000000000016 2.7062500000000007
decision_type=2 2 2 2 2 2 2 2 2 2 2 2 2 2 2
left_child=2 6 4 10 8 14 7 -2 -1 -6 -3 -7 -8 -5 -4
right_child=1 3 5 13 9 11 12 -9 -10 -11 -12 -13 -14 -15 -16
leaf_value=0.0043355001883677189 0.0048528906953976825 0.010196219711792992 -0.0078356141497924175 0.0085860248622029733 -0.010894548463498709 -0.0005906086942018663 0.0059495225655263329 -1.5609509174813185e-06 -0.0057019857332942826 -0.0065648947982380815 0.0045070609131561247 0.0035199074905711671 0.0099185055774007047 0.011955453456406619 -0.003062068016571726
leaf_weight=1277 5286 3913 673 5249 5628 12082 970 12131 12909 7480 3798 2263 807 6127 7584
leaf_count=1277 5286 3913 673 5249 5628 12082 970 12131 12909 7480 3798 2263 807 6127 7584
internal_value=0.000355251 0.0104262 -0.00737133 0.0172827 -0.0115648 -0.00230732 0.0036079 0.00259947 -0.0081947 -0.0152121 0.0113766 0.000106309 0.0134918 0.021286 -0.00650054
internal_weight=88177 38281 49896 19087 27294 22602 19194 17417 14186 13108 7711 14345 1777 11376 8257
internal_count=88177 38281 49896 19087 27294 22602 19194 17417 14186 13108 7711 14345 1777 11376 8257
is_linear=0
shrinkage=0.05


Tree=9
num_leaves=16
num_cat=0
split_feature=22 15 22 22 13 18 22 1 0 9 6 19 5 22 9
split_gain=2602.1 701.49 391.507 204.875 156.551 106.952 96.3506 64.9548 53.8894 52.6918 50.1636 39.6705 17.2871 15.7091 15.6439
threshold=0.74428736550655372 383.50000000000006 0.56545474901180315 0.89184736771066409 0.53696788125175787 99.312500000000014 0.31230678005211115 537.62838414756641 27.878865027150969 0.70124321613992191 0.92191100909954782 14.506250000000003 0.14250626876356556 0.92276304126539432 0.53133097160085541
decision_type=2 2 2 2 2 2 2 2 2 2 2 2 2 2 2
left_child=2 4 5 11 10 8 -7 14 -1 -6 -2 -3 -9 -5 -4
right_child=1 3 7 13 9 6 -8 12 -10 -11 -12 -13 -14 -15 -16
leaf_value=0.0023173197851979938 0.0004201931363241318 0.0018272183979701206 -0.0024739503972783295 0.010388203180002617 0.0025051915393976888 -0.010155305752447644 -0.0050140539620578909 0.0041433205585067467 -0.005295915446715805 0.0037412369785165493 -0.0046618733325703501 0.0089931437467183125 0.00045214193721206943 0.011226684675531173 -0.00043384261244145409
leaf_weight=1388 11228 1256 5839 2058 5947 6495 7467 2848 17497 3016 1178 6006 3531 8533 3879
leaf_count=1388 11228 1256 5839 2058 5947 6495 7467 2848 17497 3016 1178 6006 3531 8533 3879
internal_value=0.00050473 0.0101002 -0.00718474 0.0174158 0.00398825 -0.0103152 -0.0136334 -0.000796732 -0.00786206 0.00902321 0.000350637 0.0109474 0.00312353 0.0218511 -0.00337003
internal_weight=88166 39222 48944 17853 21369 32847 13962 16097 18885 8963 12406 7262 6379 10591 9718
internal_count=88166 39222 48944 17853 21369 32847 13962 16097 18885 8963 12406 7262 6379 10591 9718
is_linear=0
shrinkage=0.05


Tree=10
num_leaves=16
num_cat=0
split_feature=22 2 22 22 21 6 13 16 15 22 19 20 22 16 19
split_gain=2456.88 697.419 374.353 249.252 141.825 151.886 108.3 91.4761 85.8298 74.9302 53.8464 42.9351 40.6196 22.9235 19.5506
threshold=0.75378224007178518 0.42017859465653867 0.45249769578713234 0.89184736771066409 1.0000000180025095e-35 0.26659387353423869 0.51359060251753663 10.350000000000003 205.50000000000003 0.97254169820241654 14.068750000000003 0.78312500000000018 0.59796011944789595 707.80000000000007 2.7062500000000007
decision_type=2 2 2 2 2 2 2 2 2 2 2 2 2 2 2
left_child=2 6 4 10 5 -1 11 -6 14 -8 -3 -2 -10 -5 -4
right_child=1 3 8 13 7 -7 9 -9 12 -11 -12 -13 -14 -15 -16
leaf_value=0.0075295908635805518 -0.0022233342793850364 0.0018218154945987637 -0.0077414459888892704 0.0089247815654881386 -0.0094618921129175308 -0.0060768168567969299 0.00055189840180567271 -0.005545795312805195 -0.0019701544967519594 0.0033146694607869898 0.0078014049615220795 0.00038297399636125776 0.0011075661251887887 0.010925378684819499 -0.0027910751899526466
leaf_weight=1009 2364 1900 777 5271 7822 7874 3684 8322 4896 4349 7195 7549 9583 6076 9592
leaf_count=1009 2364 1900 777 5271 7822 7874 3684 8322 4896 4349 7195 7549 9583 6076 9592
internal_value=0.000461972 0.00997056 -0.00685664 0.0162851 -0.0111729 -0.00609873 0.00277778 -0.0139649 -0.00250926 0.00709262 0.0101182 -0.000718753 -2.24463e-05 0.0212281 -0.00598177
internal_weight=88263 38388 49875 20442 25027 8883 17946 16144 24848 8033 9095 9913 14479 11347 10369
internal_count=88263 38388 49875 20442 25027 8883 17946 16144 24848 8033 9095 9913 14479 11347 10369
is_linear=0
shrinkage=0.05


Tree=11
num_leaves=16
num_cat=0
split_feature=22 12 22 22 21 6 22 15 15 0 5 22 22 6 12
split_gain=2261.83 666.82 333.048 214.79 128.793 147.844 91.0396 76.4551 74.9103 82.7747 56.6567 31.5319 25.9267 19.4758 17.2554
threshold=0.74428736550655372 174.45000000000002 0.44197181594566609 0.91309076662476163 1.0000000180025095e-35 0.26659387353423869 0.26478680415345573 320.50000000000006 383.50000000000006 67.203922896230281 0.68432406471780916 0.87989444966365871 0.61621224316396062 -0.44505783185115427 247.05000000000004
decision_type=2 2 2 2 2 2 2 2 2 2 2 2 2 2 2
left_child=2 8 4 10 5 -1 -6 13 9 -2 -3 -10 -9 -4 -5
right_child=1 3 7 14 6 -7 -8 12 11 -11 -12 -13 -14 -15 -16
leaf_value=0.0071885072976992197 0.0045153997137155457 0.0083712611204413475 -0.0011952838396721149 0.0042065543078922355 -0.0093592075919960802 -0.0057910786896334283 -0.0056312381442442496 -0.0013890427843090164 0.0049180397833541896 8.0790250313979306e-05 0.0023233908578524894 0.0081486509767433879 0.0020767987129567678 -0.0030635916199711539 0.010368506084272984
leaf_weight=1028 5168 6673 5797 1674 5981 7921 9463 3064 1351 13652 1986 1092 5212 10558 7758
leaf_count=1028 5168 6673 5797 1674 5981 7921 9463 3064 1351 13652 1986 1092 5212 10558 7758
internal_value=0.000514834 0.0094425 -0.00665184 0.0164985 -0.0107931 -0.00602023 -0.0135587 -0.00255065 0.00343907 0.00236982 0.0108124 0.0116762 0.00136539 -0.00453225 0.0217186
internal_weight=88378 39354 49024 18091 24393 8949 15444 24631 21263 18820 8659 2443 8276 16355 9432
internal_count=88378 39354 49024 18091 24393 8949 15444 24631 21263 18820 8659 2443 8276 16355 9432
is_linear=0
shrinkage=0.05


Tree=12
num_leaves=16
num_cat=0
split_feature=22 15 22 22 13 21 6 15 16 9 6 15 19 22 13
split_gain=2149.78 645.265 356.568 198.199 143.353 134.89 147.933 84.1346 81.3314 45.8101 41.1612 36.7893 30.8357 19.9302 17.8942
threshold=0.75969313286720908 401.50000000000006 0.44197181594566609 0.89184736771066409 0.57142250924734961 1.0000000180025095e-35 0.26659387353423869 205.50000000000003 28.150000000000002 0.70124321613992191 0.92191100909954782 503.50000000000006 13.181250000000004 0.94007337817053227 0.42419074051176048
decision_type=2 2 2 2 2 2 2 2 2 2 2 2 2 2 2
left_child=2 4 5 12 10 6 -1 14 -7 -6 -2 -9 -3 -5 -4
right_child=1 3 7 13 9 8 -8 11 -10 -11 -12 -13 -14 -15 -16
leaf_value=0.0074204157407337214 0.00044533633067361247 0.00019584199494533384 -0.0037934887145703758 0.0091771715403616734 0.0025522410442818111 -0.0081174789554976645 -0.0055451908227004357 -0.0004402666695682539 -0.0041892373002851537 0.0039337828422356278 -0.0043114304449493523 0.0035504753417519297 0.0078392361468140239 0.0097813607848405929 -0.0017017797947735975
leaf_weight=1040 12132 717 5789 3231 5006 10673 7850 12847 4898 2642 1219 2403 5644 7018 5161
leaf_count=1040 12132 717 5789 3231 5006 10673 7850 12847 4898 2642 1219 2403 5644 7018 5161
internal_value=0.000593633 0.00964995 -0.00612947 0.0170138 0.00382518 -0.0104707 -0.00555681 -0.00207634 -0.0132763 0.00928347 0.00069845 0.00032459 0.010081 0.0213167 -0.00542009
internal_weight=88270 37609 50661 16610 20999 24461 8890 26200 15571 7648 13351 15250 6361 10249 10950
internal_count=88270 37609 50661 16610 20999 24461 8890 26200 15571 7648 13351 15250 6361 10249 10950
is_linear=0
shrinkage=0.05


Tree=13
num_leaves=16
num_cat=0
split_feature=22 2 22 22 18 13 22 22 5 6 1 9 15 16 5
split_gain=2044.83 623.719 322.769 280.193 106.931 94.2066 87.5119 70.0135 65.2395 54.9847 43.9428 35.1675 19.8468 17.9829 16.9371
threshold=0.75378224007178518 0.4232462605304767 0.52354878631110668 0.91309076662476163 97.687500000000014 0.57142250924734961 0.26478680415345573 0.9952314887722099 0.68432406471780916 -0.44505783185115427 31.435317312145944 0.27096366726759108 510.50000000000006 757.6500000000002 -0.88622299073327826
decision_type=2 2 2 2 2 2 2 2 2 2 2 2 2 2 2
left_child=2 5 4 8 10 11 -6 -7 -3 12 -1 -2 -4 -5 -11
right_child=1 3 9 13 6 7 -8 -9 -10 14 -12 -13 -14 -15 -16
leaf_value=0.0038200439071864158 -0.0038590022088108552 0.0076536382749190059 0.00027115871302714202 0.0078282859387228901 -0.0084818569631086756 0.00080705034393373514 -0.0047320214153723011 0.0040412188817616655 0.0015845764078629338 -0.00040564678913223158 -0.0042057351476030101 0.00025969020257834708 0.00390822271056992 0.0097220529753830401 -0.0028557168643504939
leaf_weight=1147 1445 7879 7872 5586 5926 3029 9683 3006 2560 3404 13089 10623 1748 4197 7232
leaf_count=1147 1445 7879 7872 5586 5926 3029 9683 3006 2560 3404 13089 10623 1748 4197 7232
internal_value=0.000598806 0.00929224 -0.00605128 0.0153274 -0.00935751 0.00255068 -0.0122157 0.0076512 0.00962975 -0.0011799 -0.00622366 0 0.00155925 0.021407 -0.00365739
internal_weight=88426 38325 50101 20222 29845 18103 15609 6035 10439 20256 14236 12068 9620 9783 10636
internal_count=88426 38325 50101 20222 29845 18103 15609 6035 10439 20256 14236 12068 9620 9783 10636
is_linear=0
shrinkage=0.05


Tree=14
num_leaves=16
num_cat=0
split_feature=22 15 22 22 13 18 22 12 2 0 9 5 18 15 1
split_gain=1945.17 595.309 302.288 201.523 125.692 91.9812 83.9585 49.9463 43.9332 42.2683 38.7866 31.1475 17.8227 15.175 14.8092
threshold=0.75969313286720908 416.50000000000006 0.56545474901180315 0.90787047602544113 0.58201959404514081 99.812500000000014 0.26478680415345573 226.65000000000003 0.34776992757014696 27.878865027150969 0.70124321613992191 0.68432406471780916 37.687500000000007 94.500000000000014 823.49311872120381
decision_type=2 2 2 2 2 2 2 2 2 2 2 2 2 2 2
left_child=2 4 5 11 8 9 -7 13 -2 -1 -6 -3 -5 -4 -9
right_child=1 3 7 12 10 6 -8 14 -10 -11 -12 -13 -14 -15 -16
leaf_value=0.0019730250716309462 -0.00019409054738000477 0.0082166360086526231 -0.0034775723822559196 0.0088307341095728697 0.0024414709380265911 -0.0084046471287977324 -0.0043708908294836811 0.001285397436190952 0.0018513679710820631 -0.0041901499904231703 0.003545502619195201 0.0023045847442966171 0.0089745928644298974 -0.00080122548800161961 0.0041047574326673998
leaf_weight=1462 10343 5283 2339 5664 4983 4685 7739 4462 3648 19168 2667 1579 3451 9563 1316
leaf_count=1462 10343 5283 2339 5664 4983 4685 7739 4462 3648 19168 2667 1579 3451 9563 1316
internal_value=0.000576671 0.00919241 -0.00581168 0.0165128 0.00378795 -0.00863436 -0.0120332 -0.000534502 0.000970267 -0.00658749 0.00894118 0.0100408 0.0213851 -0.00238615 0.00327968
internal_weight=88352 37618 50734 15977 21641 33054 12424 17680 13991 20630 7650 6862 9115 11902 5778
internal_count=88352 37618 50734 15977 21641 33054 12424 17680 13991 20630 7650 6862 9115 11902 5778
is_linear=0
shrinkage=0.05


Tree=15
num_leaves=16
num_cat=0
split_feature=22 16 22 12 21 6 2 0 22 22 22 0 13 18 17
split_gain=1805.63 703.226 153.363 139.71 124.189 128.591 108.997 98.1389 94.3242 83.8803 54.2928 32.1724 17.4118 14.589 11.4939
threshold=0.66904998247980296 587.85000000000002 0.44197181594566609 114.75000000000001 1.0000000180025095e-35 0.26659387353423869 0.43941079645568465 40.982691206358943 0.83231645549594202 0.24420546068875623 0.91309076662476163 393.907927850872 0.64548881126239122 91.812500000000014 30.500000000000004
decision_type=2 2 2 2 2 2 2 2 2 2 2 2 2 2 2
left_child=2 3 4 7 5 -1 12 -2 -5 -6 -8 14 -3 -13 -4
right_child=1 6 11 8 9 -7 10 -9 -10 -11 -12 13 -14 -15 -16
leaf_value=0.00682913367337453 0.0068175352845986194 0.00021585595164765327 -0.0072808476942376743 0.0025755509560803692 -0.0081678868955691458 -0.0046914501198084494 0.0071595347880342277 -0.00019399078831068841 0.0049685145370196061 -0.0046850305130294286 0.0082082466432528544 0.0017320184395425266 0.0026000798426721265 -0.0013552514289313243 -0.0023142305526390435
leaf_weight=1014 3401 1055 947 10026 5051 7971 1702 15744 6352 10487 8331 2195 365 4946 9035
leaf_count=1014 3401 1055 947 10026 5051 7971 1702 15744 6352 10487 8331 2195 365 4946 9035
internal_value=0.000647695 0.00736759 -0.00693224 0.00389396 -0.00946764 -0.00478854 0.0181415 0.000993732 0.00728416 -0.0121734 0.0199766 -0.00330112 0.00517606 -0.000738692 -0.00513424
internal_weight=88622 46976 41646 35523 24523 8985 11453 19145 16378 15538 10033 17123 1420 7141 9982
internal_count=88622 46976 41646 35523 24523 8985 11453 19145 16378 15538 10033 17123 1420 7141 9982
is_linear=0
shrinkage=0.05


Tree=16
num_leaves=16
num_cat=0
split_feature=22 15 16 22 13 20 15 17 22 2 18 3 5 22 18
split_gain=1720.24 570.869 278.237 166.354 119.766 100.181 60.1949 55.2168 54.3649 50.9629 40.7985 37.5798 29.9237 24.7584 9.72476
threshold=0.75969313286720908 479.50000000000006 33.650000000000013 0.91749624877584324 0.62840988620967797 2.5531250000000005 276.50000000000006 12.500000000000002 0.26478680415345573 0.34776992757014696 19.687500000000004 1.0000000180025095e-35 0.82899317702918729 0.60497889451880793 38.437500000000007
decision_type=2 2 2 2 2 2 2 2 2 2 2 2 2 2 2
left_child=2 4 5 12 9 11 7 -4 -7 -2 -6 -1 -3 -8 -5
right_child=1 3 6 14 10 8 13 -9 -10 -11 -12 -13 -14 -15 -16
leaf_value=-0.0024423667776906524 -3.9308910943494651e-05 0.008013557555972434 0.014054029032335914 0.0082717818239967777 0.0035611898046357449 -0.0081357687905582263 -0.0013206088347172129 -0.0021348800708026693 -0.0048854708287002285 0.0017453407485469752 0.0032568234044375423 -0.0049175064941592078 0.0016900244163323864 0.0015260975116499016 0.0084708501817909905
leaf_weight=6497 11313 5049 182 5115 1560 4043 4286 14420 4092 5504 5683 9541 1024 7730 2517
leaf_count=6497 11313 5049 182 5115 1560 4043 4286 14420 4092 5504 5683 9541 1024 7730 2517
internal_value=0.00062277 0.00870449 -0.00538629 0.0168497 0.00406484 -0.00926964 -0.00185964 -0.00401657 -0.0137892 0.00174972 0.00944015 -0.00697718 0.0106743 0.000761485 0.0217636
internal_weight=88556 37765 50791 13705 24060 24173 26618 14602 8135 16817 7243 16038 6073 12016 7632
internal_count=88556 37765 50791 13705 24060 24173 26618 14602 8135 16817 7243 16038 6073 12016 7632
is_linear=0
shrinkage=0.05


Tree=17
num_leaves=16
num_cat=0
split_feature=22 2 22 22 1 16 21 22 19 2 6 16 6 13 16
split_gain=1593.2 573.108 302.996 205.728 84.9608 78.904 103.624 63.7821 56.3922 50.6271 46.5446 27.2571 26.7659 14.405 11.0394
threshold=0.78637306748051572 0.43941079645568465 0.56908084290481076 0.91046398825437624 28.935386594972208 28.150000000000002 1.0000000180025095e-35 0.16258279397457243 18.181250000000006 0.37597767634418106 0.92191100909954782 752.45000000000016 -0.59867820553660911 0.42419074051176048 39.250000000000007
decision_type=2 2 2 2 2 2 2 2 2 2 2 2 2 2 2
left_child=2 4 5 8 14 6 -1 -7 -3 13 -6 -5 -11 -4 -2
right_child=1 3 9 11 10 7 -8 -9 -10 12 -12 -13 -14 -15 -16
leaf_value=-0.003533583580308797 0.0085775555713249654 0.002867440213185907 -0.0024737714452445162 0.006651464855788972 0.00056413926487368371 0.011796081465988284 -0.005983166789002764 -0.0025664701870391788 0.0071269319985216156 0.0028083718704603969 -0.0044183439975130608 0.0079114691645543744 -0.00021122024910727455 -0.00057411123874046011 0.013133447179133584
leaf_weight=8691 366 2997 3433 5336 14432 256 12954 11340 4612 6670 1371 4397 6955 3379 1099
leaf_count=8691 366 2997 3433 5336 14432 256 12954 11340 4612 6670 1371 4397 6955 3379 1099
internal_value=0.000642783 0.00900751 -0.00475055 0.0154279 0.00255965 -0.00769607 -0.00947909 -0.00436789 0.00926863 4.0368e-05 0.00149181 0.020243 0.0018 -0.00347915 0.0140785
internal_weight=88288 34610 53678 17342 17268 33241 21645 11596 7609 20437 15803 9733 13625 6812 1465
internal_count=88288 34610 53678 17342 17268 33241 21645 11596 7609 20437 15803 9733 13625 6812 1465
is_linear=0
shrinkage=0.05


Tree=18
num_leaves=16
num_cat=0
split_feature=22 2 22 22 18 22 2 13 5 13 19 9 22 13 18
split_gain=1503.46 603.044 336.081 124.568 74.3874 81.4436 67.7648 67.2513 48.4304 40.4244 32.6181 29.4902 24.3767 16.0316 14.6954
threshold=0.82028036449317432 0.46793171414298668 0.56908084290481076 0.92489911692658977 99.812500000000014 0.26478680415345573 0.41687037427676571 0.66006055080271009 0.81925054981890411 0.26483596453114006 18.381250000000005 0.27096366726759108 0.97254169820241654 0.42419074051176048 19.687500000000004
decision_type=2 2 2 2 2 2 2 2 2 2 2 2 2 2 2
left_child=2 7 4 8 9 -6 13 11 -3 -1 -8 -2 -9 -4 -5
right_child=1 3 6 14 5 -7 10 12 -10 -11 -12 -13 -14 -15 -16
leaf_value=-0.0051586261529832679 -0.0034344882016996911 0.0072169267813063792 -0.0021649633921993513 0.0071852139143288862 -0.0069427682184274647 -0.0033829634353715003 0.00025184266202423757 0.0014814801749351459 0.0016246202714822579 -0.0023530707891617542 0.0035189830044315032 0.00053952787528794286 0.0045828097554091477 -0.00042767857653385204 0.0074772793562624291
leaf_weight=6679 1200 4990 4797 4135 4636 7868 8595 1349 1135 14093 6238 11946 2220 4697 3923
leaf_count=6679 1200 4990 4797 4135 4636 7868 8595 1349 1135 14093 6238 11946 2220 4697 3923
internal_value=0.000660727 0.00955887 -0.0041122 0.017142 -0.00737769 -0.0104247 0.000354544 0.00312444 0.0117673 -0.00554352 0.00246579 0.00147193 0.00921126 -0.00294396 0.0212274
internal_weight=88501 30898 57603 14183 33276 12504 24327 16715 6125 20772 14833 13146 3569 9494 8058
internal_count=88501 30898 57603 14183 33276 12504 24327 16715 6125 20772 14833 13146 3569 9494 8058
is_linear=0
shrinkage=0.05


Tree=19
num_leaves=16
num_cat=0
split_feature=16 22 12 13 16 20 20 22 22 22 5 3 15 0 18
split_gain=1420.1 604.8 176.737 82.5534 77.6076 98.8118 66.9685 66.3453 51.4804 51.2177 41.1421 35.9704 22.8583 19.3552 14.5642
threshold=527.6500000000002 0.59796011944789595 253.35000000000002 0.51109823018829248 28.150000000000002 2.5531250000000005 1.4431250000000004 0.91309076662476163 0.85396078619471105 0.16258279397457243 0.48314048284850658 -0.9103761370219875 551.50000000000011 261.59656107843551 19.687500000000004
decision_type=2 2 2 2 2 2 2 2 2 2 2 2 2 2 2
left_child=1 4 11 6 5 -1 -3 10 -5 -6 -4 13 -13 -2 -9
right_child=2 3 7 8 9 -7 -8 14 -10 -11 -12 12 -14 -15 -16
leaf_value=-0.0035342310824761263 -0.0023175189878600426 -0.0013213411205859631 0.0071119637990334052 0.001330409799652095 0.010881059372241059 -0.0062701734411097169 0.00089028901959111871 0.0068977512078457707 0.0028032543212998667 -0.0021739707863954265 -0.00097367083396323608 0.0015177738668202823 0.0071679956220123912 0.00081644803041040499 0.0070203984405897207
leaf_weight=14718 198 6828 1509 11214 250 7330 13310 3668 7074 13261 478 3841 1146 115 3542
leaf_count=14718 198 6828 1509 11214 250 7330 13310 3668 7074 13261 478 3841 1146 115 3542
internal_value=0.000698447 -0.00210549 0.0150083 0.00224327 -0.00680489 -0.00863344 3.47602e-05 0.0191992 0.0046752 -0.00382096 0.0111097 0.00773585 0.0087678 -0.00870607 0.0214286
internal_weight=88482 73985 14497 38426 35559 22048 20138 9197 18288 13511 1987 5300 4987 313 7210
internal_count=88482 73985 14497 38426 35559 22048 20138 9197 18288 13511 1987 5300 4987 313 7210
is_linear=0
shrinkage=0.05


Tree=20
num_leaves=16
num_cat=0
split_feature=15 22 22 13 18 22 22 19 16 22 19 19 5 13 22
split_gain=1367.91 423.192 396.88 88.8125 64.4601 83.0057 55.8465 53.9669 36.3601 35.7332 33.0529 32.0946 21.4574 19.8321 10.784
threshold=416.50000000000006 0.59796011944789595 0.89184736771066409 0.63508053316008428 99.812500000000014 0.25040874052279244 0.86866738125667609 18.468750000000004 729.80000000000007 0.81741378932962561 20.943750000000005 2.4562500000000003 0.69676570133721638 0.73607884938918511 0.70486741199481318
decision_type=2 2 2 2 2 2 2 2 2 2 2 2 2 2 2
left_child=1 4 7 11 10 -6 -5 14 12 -9 -1 -3 -4 -10 -2
right_child=2 3 8 6 5 -7 -8 9 13 -11 -12 -13 -14 -15 -16
leaf_value=-0.0029731712186154505 -0.0011249614770722325 -0.0032543177657185784 0.0069002692438963845 0.0010007965233070294 -0.0065691642338379045 -0.0029688313543073455 0.0030358147215461318 0.0037953762403392767 0.0059977456513138966 0.0071462843625286765 0.0032662211657599142 7.4677405090470272e-05 0.0041259277426166311 0.0068667384381082665 0.0024911634464203805
leaf_weight=20973 1818 2104 3226 4400 4278 8436 4195 4240 1196 2190 581 22043 1437 4032 3076
leaf_count=20973 1818 2104 3226 4400 4278 8436 4195 4240 1196 2190 581 22043 1437 4032 3076
internal_value=0.000713233 -0.00278988 0.0117782 0.00127512 -0.00667386 -0.0094974 0.00563991 0.00538679 0.0190956 0.00839813 -0.00500835 -0.000278503 0.0158857 0.0219587 0.00143032
internal_weight=88225 67010 21215 32742 34268 12714 8595 11324 9891 6430 21554 24147 4663 5228 4894
internal_count=88225 67010 21215 32742 34268 12714 8595 11324 9891 6430 21554 24147 4663 5228 4894
is_linear=0
shrinkage=0.05


Tree=21
num_leaves=16
num_cat=0
split_feature=15 22 22 13 22 16 20 22 15 22 5 18 5 6 13
split_gain=1322.59 503.311 251.015 100.129 67.0679 62.5624 93.3813 46.6163 45.0591 32.0695 29.432 19.0789 12.9266 11.3953 9.63433
threshold=503.50000000000006 0.59796011944789595 0.90787047602544113 0.63508053316008428 0.8564796343541321 28.150000000000002 2.0118750000000003 0.16258279397457243 247.50000000000003 0.83886546741191548 0.82899317702918729 33.687500000000007 0.69676570133721638 -0.72102888505294738 0.74536535908590029
decision_type=2 2 2 2 2 2 2 2 2 2 2 2 2 2 2
left_child=1 5 9 8 -5 6 -1 -7 -3 13 -11 14 -13 -2 -4
right_child=2 3 11 4 -6 7 -8 -9 -10 10 -12 12 -14 -15 -16
leaf_value=-0.003031258683620747 0.0043321223869819516 -0.00043874984269270668 0.0060851339696928637 0.0012605362303618141 0.002937801280616892 0.010485664964559778 -0.0055051834203655369 -0.0020862563624366825 0.0010384426414486892 0.0075625312422064554 0.00044621818324276088 0.0073605393027238071 0.0057271862891854989 0.00077209813656899942 0.0066001725560529915
leaf_weight=13242 3381 16229 1071 5697 5549 249 8734 13000 10691 2040 464 2146 1016 1423 3554
leaf_count=13242 3381 16229 1071 5697 5549 249 8734 13000 10691 2040 464 2146 1016 1423 3554
internal_value=0.000709717 -0.00206258 0.0141885 0.00191532 0.00587765 -0.0063726 -0.00800874 -0.00365877 0.00026003 0.00753284 0.0121206 0.0204347 0.0174415 0.00514155 0.0224811
internal_weight=88486 73391 15095 38166 11246 35225 21976 13249 26920 7308 2504 7787 3162 4804 4625
internal_count=88486 73391 15095 38166 11246 35225 21976 13249 26920 7308 2504 7787 3162 4804 4625
is_linear=0
shrinkage=0.05


Tree=22
num_leaves=16
num_cat=0
split_feature=16 22 12 13 22 18 22 6 20 22 3 5 4 18 0
split_gain=1249.63 458.783 196.532 74.3367 69.5825 60.5269 105.459 62.0955 58.4138 46.5153 36.4323 36.3773 26.1857 15.619 15.1352
threshold=522.6500000000002 0.59796011944789595 256.9500000000001 0.53696788125175787 0.91309076662476163 94.812500000000014 0.32823821919300272 0.33222858587828868 1.4431250000000004 0.85396078619471105 -0.9103761370219875 0.39036257410962044 1.0000000180025095e-35 38.437500000000007 252.73319053900838
decision_type=2 2 2 2 2 2 2 2 2 2 2 2 2 2 2
left_child=1 5 10 8 11 7 -7 -1 -3 -5 14 -4 -12 -6 -2
right_child=2 3 4 9 13 6 -8 -9 -10 -11 12 -13 -14 -15 -16
leaf_value=0.000678191950742979 -0.0021924178970628427 -0.0010745624324440624 0.0061165031776757479 0.0012808709280363708 0.0059546341614398479 -0.0052200514849982758 -0.0022516861107778649 -0.0037297920943875243 0.00075206805226089033 0.0028945062203792841 0.0022516409414617719 -0.00036577229948462356 -0.0010059048216270129 0.0060836751611050288 0.00051267191543111765
leaf_weight=4804 202 7327 1446 10366 4978 8855 12581 9264 14157 6282 4980 556 195 2278 128
leaf_count=4804 202 7327 1446 10366 4978 8855 12581 9264 14157 6282 4980 556 195 2278 128
internal_value=0.000766694 -0.00189513 0.0140436 0.00191309 0.0184921 -0.00598524 -0.00765768 -0.00343688 -3.02551e-05 0.00442095 0.00656222 0.0102398 0.00758937 0.020769 -0.00954545
internal_weight=88399 73636 14763 38132 9258 35504 21436 14068 21484 16648 5505 2002 5175 7256 330
internal_count=88399 73636 14763 38132 9258 35504 21436 14068 21484 16648 5505 2002 5175 7256 330
is_linear=0
shrinkage=0.05


Tree=23
num_leaves=16
num_cat=0
split_feature=15 22 22 13 16 20 21 22 6 18 5 19 22 13 5
split_gain=1218.02 411.464 251.636 81.9204 65.4875 100.144 58.5508 52.7923 34.4906 25.4625 22.862 22.2469 27.2898 14.6327 6.88084
threshold=503.50000000000006 0.63989780682936737 0.89184736771066409 0.63508053316008428 15.350000000000003 3.4781250000000008 0.14541776741805032 0.8564796343541321 0.92191100909954782 33.687500000000007 0.97508442350096236 18.468750000000004 0.83886546741191548 0.79822701332790791 -0.94139628442229062
decision_type=2 2 2 2 2 2 2 2 2 2 2 2 2 2 2
left_child=1 4 11 8 5 -1 -6 -5 -3 13 -11 14 -13 -4 -2
right_child=2 3 9 7 6 -7 -8 -9 -10 10 -12 12 -14 -15 -16
leaf_value=-0.0030702475193477075 0.0070388678628403312 0.00032167688586154375 0.0048912730853677483 0.0013186468529310992 0.010633632529530035 -0.0061641445015606054 -0.001901793277051575 0.0025072381613301664 -0.0032555595051792677 0.0065558056576189155 0.0025090547894381257 0.0037709010627643316 0.0071015417240343883 0.0062281846521640817 0.0012301132293467687
leaf_weight=15361 177 22981 1473 4798 460 4044 18468 5488 1569 3332 402 3015 1322 3216 2168
leaf_count=15361 177 22981 1473 4798 460 4044 18468 5488 1569 3332 402 3015 1322 3216 2168
internal_value=0.000769196 -0.00189937 0.0136958 0.00203382 -0.00547374 -0.00751482 -0.00338123 0.0057797 0.000464358 0.0194438 0.0163631 0.00645016 0.00857159 0.021897 0.00252665
internal_weight=88274 73169 15105 34836 38333 19405 18928 10286 24550 8423 3734 6682 4337 4689 2345
internal_count=88274 73169 15105 34836 38333 19405 18928 10286 24550 8423 3734 6682 4337 4689 2345
is_linear=0
shrinkage=0.05


Tree=24
num_leaves=16
num_cat=0
split_feature=15 22 22 13 9 22 20 15 22 6 13 5 21 17 6
split_gain=1191.34 380.878 251.574 76.2882 53.7502 50.4314 40.0168 35.3145 31.9618 26.2005 23.9426 23.439 21.7975 16.6129 8.98948
threshold=503.50000000000006 0.59796011944789595 0.90787047602544113 0.63508053316008428 0.32277946608445329 0.8564796343541321 3.4781250000000008 226.50000000000003 0.8417715024145862 -0.49065906150552346 0.78510997554357609 0.3744682635859638 1.0000000180025095e-35 194.50000000000003 -0.72694848937061807
decision_type=2 2 2 2 2 2 2 2 2 2 2 2 2 2 2
left_child=1 4 8 7 12 -5 -6 -3 14 -10 11 -4 -1 -12 -2
right_child=2 3 10 5 6 -7 -8 -9 9 -11 13 -13 -14 -15 -16
leaf_value=-0.0035002284416491311 0.0039899670597636936 -0.00044052973306191461 0.0059818823037229799 0.0011313727715809312 -0.0016017940426121605 0.0024159423142049111 -0.0038274853197817261 0.00078375669341470557 0.0066528471197767561 0.0014112128632375099 0.0057494434978622002 0.0042601779866507207 -0.0050907033647903041 0.0075305280554081927 0.00076058758212926294
leaf_weight=3548 3371 14903 1274 5660 18730 5505 6746 12084 1831 614 4525 1294 6232 745 1473
leaf_count=3548 3371 14903 1274 5660 18730 5505 6746 12084 1831 614 4525 1294 6232 745 1473
internal_value=0.000793189 -0.00183972 0.0135701 0.00162246 -0.00558628 0.00509852 -0.00437667 0.000184348 0.00688366 0.011544 0.0197882 0.0158294 -0.00873722 0.0217173 0.00453138
internal_weight=88535 73408 15127 38152 35256 11165 25476 26987 7289 2445 7838 2568 9780 5270 4844
internal_count=88535 73408 15127 38152 35256 11165 25476 26987 7289 2445 7838 2568 9780 5270 4844
is_linear=0
shrinkage=0.05


Tree=25
num_leaves=16
num_cat=0
split_feature=15 22 22 22 2 16 20 2 22 18 19 22 5 13 20
split_gain=1086.74 354.718 237.659 78.6887 90.4742 53.5946 79.5686 40.5508 37.7896 25.7783 22.3676 21.7434 21.0921 15.8912 5.75584
threshold=510.50000000000006 0.59796011944789595 0.89184736771066409 0.86013503459021445 0.43941079645568465 28.150000000000002 2.0118750000000003 0.37597767634418106 0.16258279397457243 30.937500000000004 19.606250000000006 0.81741378932962561 0.97508442350096236 0.77161768942080322 5.3468750000000016
decision_type=2 2 2 2 2 2 2 2 2 2 2 2 2 2 2
left_child=1 5 10 7 -5 6 -1 -3 -7 13 14 -12 -11 -4 -2
right_child=2 3 9 4 -6 8 -8 -9 -10 12 11 -13 -14 -15 -16
leaf_value=-0.0023644799482722108 0.001344901416476313 -0.0011200197259503748 0.0049579989743134961 0.00060733433974551889 0.0027645801072372078 0.0096892960309324927 -0.0046185962639072459 0.00092599266256134243 -0.0015259227278554195 0.0060181603309296568 0.004128681927849898 0.0060745500463250451 0.0020961298750731107 0.0055262131437703865 0.0044752817190062914
leaf_weight=13242 2617 8860 1146 13833 3599 239 8745 12488 12920 3420 2107 1396 391 3221 233
leaf_count=13242 2617 8860 1146 13833 3599 239 8745 12488 12920 3420 2107 1396 391 3221 233
internal_value=0.000921069 -0.001536 0.0134213 0.00176122 0.00425367 -0.00517413 -0.00668463 -0.00027403 -0.00265028 0.0190572 0.00616638 0.00884242 0.0160522 0.0216796 0.00287719
internal_weight=88457 73926 14531 38780 17432 35146 21987 21348 13159 8178 6353 3503 3811 4367 2850
internal_count=88457 73926 14531 38780 17432 35146 21987 21348 13159 8178 6353 3503 3811 4367 2850
is_linear=0
shrinkage=0.05


Tree=26
num_leaves=16
num_cat=0
split_feature=15 22 22 13 22 21 22 9 22 6 13 12 5 18 20
split_gain=1082.27 327.149 235.076 68.9554 67.6567 88.8698 47.4444 30.8172 28.9669 32.017 25.2128 23.2767 18.4875 15.4788 9.16911
threshold=503.50000000000006 0.66904998247980296 0.90787047602544113 0.71306529851977407 0.41289647178935523 1.0000000180025095e-35 0.83231645549594202 0.28181463930565548 0.83886546741191548 -0.49065906150552346 0.81425772686268072 253.35000000000002 0.3744682635859638 37.687500000000007 1.0306250000000003
decision_type=2 2 2 2 2 2 2 2 2 2 2 2 2 2 2
left_child=1 4 8 7 5 -1 -5 -3 14 -10 12 -6 -4 -12 -2
right_child=2 3 10 6 11 -7 -8 -9 9 -11 13 -13 -14 -15 -16
leaf_value=-0.0015865468731061595 0.0064526811270489599 -0.0021424760648501907 0.0051848979324548329 0.0012856962909991833 -0.0016707707331800603 -0.0039614765567976334 0.0032923244382115136 0.00047159104637851669 0.0061081324505587514 0.0010007570511606334 0.0054711944080428456 0.00051669248537297154 0.0030436038208552121 0.0055148424207754846 0.0023284828856439985
leaf_weight=8964 330 2559 1574 2477 13838 13645 3811 23786 1867 625 3135 4357 1489 1547 4438
leaf_count=8964 330 2559 1574 2477 13838 13645 3811 23786 1867 625 3135 4357 1489 1547 4438
internal_value=0.000894371 -0.0016058 0.0131306 0.00212592 -0.00459024 -0.00641669 0.00683047 0.00100304 0.00666667 0.0110353 0.0191898 -0.00232069 0.0156627 0.0214972 0.00438339
internal_weight=88442 73437 15005 32633 40804 22609 6288 26345 7260 2492 7745 18195 3063 4682 4768
internal_count=88442 73437 15005 32633 40804 22609 6288 26345 7260 2492 7745 18195 3063 4682 4768
is_linear=0
shrinkage=0.05


Tree=27
num_leaves=16
num_cat=0
split_feature=15 22 22 22 13 16 20 17 13 2 5 19 22 18 5
split_gain=1040.33 296.632 243.294 69.205 77.8869 47.3453 75.1048 34.8773 34.5463 34.0819 24.9724 22.943 26.8453 16.9811 6.12537
threshold=503.50000000000006 0.59796011944789595 0.89184736771066409 0.86013503459021445 0.70864670514748662 33.650000000000013 3.4781250000000008 12.500000000000002 0.79822701332790791 0.37597767634418106 0.83849049182116964 18.468750000000004 0.8235609847498907 30.937500000000004 -0.94139628442229062
decision_type=2 2 2 2 2 2 2 2 2 2 2 2 2 2 2
left_child=1 5 11 9 -5 6 -1 -7 10 -3 -4 14 -13 -10 -2
right_child=2 3 8 4 -6 7 -8 -9 13 -11 -12 12 -14 -15 -16
leaf_value=-0.0025150475699042248 0.0075638011841305201 -0.0011162349631427509 0.0050177388530457286 0.00052087312723104746 0.0028667088588637535 0.011048183559921577 -0.0047688610958744387 -0.0014016709494843378 0.0050273852690707445 0.00077485924117843836 0.0023272674764283187 0.0029711943346275808 0.0055070472813829319 0.0052056596189945688 0.00085732209910651953
leaf_weight=17656 173 8823 2212 13621 3558 195 5212 12068 3088 12207 912 2744 1629 2206 2202
leaf_count=17656 173 8823 2212 13621 3558 195 5212 12068 3088 12207 912 2744 1629 2206 2202
internal_value=0.00088751 -0.00157758 0.0128083 0.00147151 0.00382589 -0.00489383 -0.00623797 -0.00238726 0.0184783 -0.000451736 0.0143086 0.00573503 0.0078836 0.0209388 0.00177895
internal_weight=88506 73340 15166 38209 17179 35131 22868 12263 8418 21030 3124 6748 4373 5294 2375
internal_count=88506 73340 15166 38209 17179 35131 22868 12263 8418 21030 3124 6748 4373 5294 2375
is_linear=0
shrinkage=0.05


Tree=28
num_leaves=16
num_cat=0
split_feature=15 22 22 13 9 22 20 20 22 16 5 5 18 15 5
split_gain=1004.04 276.962 238.512 68.9723 43.7963 43.3847 37.4996 33.1531 27.4668 25.8481 25.4261 22.3165 20.02 11.4223 7.63428
threshold=510.50000000000006 0.59796011944789595 0.90787047602544113 0.63508053316008428 0.32277946608445329 0.8490721281300635 3.5343750000000007 1.4431250000000004 0.78637306748051572 785.60000000000002 0.69676570133721638 0.82899317702918729 88.687500000000014 546.50000000000011 0.082691702092476851
decision_type=2 2 2 2 2 2 2 2 2 2 2 2 2 2 2
left_child=1 4 8 7 12 -5 -6 -3 14 10 -4 -10 -1 -11 -2
right_child=2 3 9 5 6 -7 -8 -9 11 13 -12 -13 -14 -15 -16
leaf_value=-0.0029651700167307535 0.0036516496459429505 -0.00056098574156853158 0.0049514370019910388 0.00092369466441696304 -0.0012539248793551313 0.0020342037213888276 -0.003122592050006204 0.00049795640589944408 0.0051505283636064658 0.00035738989452895335 0.0037389285833561549 0.00019626684762822646 -0.0044435993466207472 0.0048817039815006909 7.6230355039341724e-05
leaf_weight=3901 1439 10098 3213 5625 18824 5935 6617 17099 3270 64 1249 608 5849 3099 1574
leaf_count=3901 1439 10098 3213 5625 18824 5935 6617 17099 3270 64 1249 608 5849 3099 1574
internal_value=0.00089754 -0.00146251 0.0129202 0.00145329 -0.00467378 0.00468858 -0.00358182 7.81336e-05 0.00617835 0.0190131 0.0165621 0.0089608 -0.00752308 0.0224708 0.00259708
internal_weight=88464 73948 14516 38757 35191 11560 25441 27197 6891 7625 4462 3878 9750 3163 3013
internal_count=88464 73948 14516 38757 35191 11560 25441 27197 6891 7625 4462 3878 9750 3163 3013
is_linear=0
shrinkage=0.05


Tree=29
num_leaves=16
num_cat=0
split_feature=15 22 22 13 15 20 22 6 22 13 5 6 5 18 20
split_gain=948.401 247.068 218.186 66.4837 59.7259 66.9335 41.6292 32.2643 30.5386 29.541 28.1596 25.0008 19.0088 17.1339 11.1789
threshold=510.50000000000006 0.66904998247980296 0.90787047602544113 0.71306529851977407 191.50000000000003 3.5343750000000007 0.83231645549594202 0.92191100909954782 0.8417715024145862 0.81059271712194125 0.87397152483179585 -0.49065906150552346 0.83849049182116964 37.687500000000007 0.9956250000000002
decision_type=2 2 2 2 2 2 2 2 2 2 2 2 2 2 2
left_child=1 4 8 7 5 -1 -5 -3 14 12 -6 -10 -4 -11 -2
right_child=2 3 9 6 10 -7 -8 -9 11 13 -12 -13 -14 -15 -16
leaf_value=-0.0019927430173203422 0.0069444203902800823 0.00036413763464905884 0.0044308715120437046 0.0011664900706360672 0.00024566314842733582 -0.0040808476721018536 0.0027087635630600767 -0.0028892567233132272 0.0054649742259069156 0.0046986935740876094 -0.0025967558717954671 0.001167841558021615 0.0019619731315585367 0.0047585302716279757 0.0019130455220584099
leaf_weight=22620 312 24932 1974 2536 8526 6936 4014 1590 1734 3157 2391 583 857 1555 4273
leaf_count=22620 312 24932 1974 2536 8526 6936 4014 1590 1734 3157 2391 583 857 1555 4273
internal_value=0.000919423 -0.00138113 0.0126324 0.00182481 -0.00400082 -0.00516816 0.00633588 0.000710731 0.00620835 0.0185105 -0.000840432 0.0108869 0.0144737 0.0209359 0.00384406
internal_weight=87990 73545 14445 33072 40473 29556 6550 26522 6902 7543 10917 2317 2831 4712 4585
internal_count=87990 73545 14445 33072 40473 29556 6550 26522 6902 7543 10917 2317 2831 4712 4585
is_linear=0
shrinkage=0.05


Tree=30
num_leaves=16
num_cat=0
split_feature=15 22 22 0 2 16 20 13 22 22 6 1 22 18 6
split_gain=896.741 223.984 222.014 65.2352 76.5441 53.8295 70.7854 39.7205 34.7536 24.8338 24.2896 19.7909 17.9846 16.4363 10.7312
threshold=510.50000000000006 0.66904998247980296 0.90787047602544113 23.897230191603828 0.38434709840119602 28.150000000000002 3.4956250000000009 0.81425772686268072 0.16258279397457243 0.8417715024145862 -0.49065906150552346 517.31611042284146 0.96029977208633455 32.812500000000007 -0.73284120334876357
decision_type=2 2 2 2 2 2 2 2 2 2 2 2 2 2 2
left_child=1 5 9 12 -5 6 -1 11 -7 14 -11 -4 -3 -9 -2
right_child=2 3 7 4 -6 8 -8 13 -10 10 -12 -13 -14 -15 -16
leaf_value=-0.0021075602384160621 0.0031406076420358309 0.0029519415513334646 -0.00010411183171125105 -0.00025817849703297372 0.001487370138754221 0.0095298067993219576 -0.0042763526668618806 0.0044470754701186332 -0.00099713301174192133 0.0051904469228942875 0.00085972959285346429 0.0039566028873632758 0.011465632381391699 0.0045576289717721213 2.7896372563440688e-05
leaf_weight=17578 3184 464 219 17530 13954 252 4966 2906 17877 1725 604 2699 1229 1727 1412
leaf_count=17578 3184 464 219 17530 13954 252 4966 2906 17877 1725 604 2699 1229 1727 1412
internal_value=0.000917057 -0.00131347 0.0122962 0.00173539 0.00122126 -0.00380043 -0.0054316 0.0182261 -0.00177202 0.00583032 0.0100365 0.0136566 0.0112965 0.021104 0.00369887
internal_weight=88326 73850 14476 33177 31484 40673 22544 7551 18129 6925 2329 2918 1693 4633 4596
internal_count=88326 73850 14476 33177 31484 40673 22544 7551 18129 6925 2329 2918 1693 4633 4596
is_linear=0
shrinkage=0.05


Tree=31
num_leaves=16
num_cat=0
split_feature=15 22 22 22 0 18 22 19 13 6 22 5 5 18 6
split_gain=873.4 233.703 208.27 80.9894 69.2275 54.1957 63.7824 37.8996 36.8276 28.1782 28.143 26.19 16.7231 16.521 6.15973
threshold=510.50000000000006 0.90787047602544113 0.47276702115928187 0.86013503459021445 350.70101682051956 98.687500000000014 0.19236380281395474 2.9687500000000004 0.81774803195917445 0.33222858587828868 0.81741378932962561 0.82899317702918729 0.39036257410962044 37.687500000000007 -0.73284120334876357
decision_type=2 2 2 2 2 2 2 2 2 2 2 2 2 2 2
left_child=2 10 5 7 -5 9 -7 -4 12 -1 14 -12 -3 -10 -2
right_child=1 8 3 4 -6 6 -8 -9 13 -11 11 -13 -14 -15 -16
leaf_value=0.00032602361321689148 0.0023516909866575899 0.0039982136108516475 -0.0046108403046631859 0.0005240687666509203 0.0025416028893158558 -0.0049272163269428364 -0.0022310402105006149 -0.00024008356556040752 0.0043004277991826488 -0.0025549412729159865 0.0047146150667677607 -0.00089148391805233824 0.0023985985171829983 0.0043446678601079093 -0.00011645601856295485
leaf_weight=4402 2815 1618 1325 14791 2614 2922 9746 28754 3072 9225 2448 510 1427 1486 1194
leaf_count=4402 2815 1618 1325 14791 2614 2922 9746 28754 3072 9225 2448 510 1427 1486 1194
internal_value=0.000957849 0.0121448 -0.00125137 0.000725508 0.0034401 -0.00482126 -0.00717556 -0.000845274 0.0182066 -0.00263264 0.00552964 0.00922921 0.0139491 0.0210509 0.00279995
internal_weight=88349 14570 73779 47484 17405 26295 12668 30079 7603 13627 6967 2958 3045 4558 4009
internal_count=88349 14570 73779 47484 17405 26295 12668 30079 7603 13627 6967 2958 3045 4558 4009
is_linear=0
shrinkage=0.05


Tree=32
num_leaves=16
num_cat=0
split_feature=15 22 22 22 2 18 22 5 13 2 22 6 0 18 6
split_gain=832.099 217.757 199.908 73.3115 65.3189 54.264 62.6948 41.872 39.1029 34.904 27.4544 24.6333 19.7769 18.0432 8.77743
threshold=510.50000000000006 0.90787047602544113 0.47276702115928187 0.86013503459021445 0.49862516301220761 95.437500000000014 0.19987769416013837 -0.94139628442229062 0.81774803195917445 0.37597767634418106 0.8417715024145862 -0.49065906150552346 409.74211716891949 32.812500000000007 -0.73284120334876357
decision_type=2 2 2 2 2 2 2 2 2 2 2 2 2 2 2
left_child=2 10 5 9 -5 7 -7 -1 12 -4 14 -12 -3 -10 -2
right_child=1 8 3 4 -6 6 -8 -9 13 -11 11 -13 -14 -15 -16
leaf_value=0.002946079436924029 0.0031749917062207037 -0.00029622054623545393 -0.0012243919801210813 0.00053389373759821224 0.0028442561155415992 -0.0046478511556309983 -0.0020816435849537978 -0.0019196987935546223 0.0040220240495645104 0.00034138740129904533 0.0045454932685720598 0.00080385615592457613 0.00354228114220429 0.0041273124865237936 -1.3271355965255306e-05
leaf_weight=1288 3170 173 12380 15331 2026 3485 11982 9646 2850 17856 1707 586 2861 1688 1417
leaf_count=1288 3170 173 12380 15331 2026 3485 11982 9646 2850 17856 1707 586 2861 1688 1417
internal_value=0.000951993 0.0119257 -0.00119131 0.000744332 0.00333439 -0.00468069 -0.0065866 -0.00198464 0.017776 -0.000742492 0.00548692 0.00995421 0.0133817 0.020714 0.00325376
internal_weight=88446 14452 73994 47593 17357 26401 15467 10934 7572 30236 6880 2293 3034 4538 4587
internal_count=88446 14452 73994 47593 17357 26401 15467 10934 7572 30236 6880 2293 3034 4538 4587
is_linear=0
shrinkage=0.05


Tree=33
num_leaves=16
num_cat=0
split_feature=15 22 22 13 15 20 22 18 1 5 6 18 13 5 20
split_gain=797.135 213.911 156.274 76.66 51.4316 54.2075 42.2773 39.9077 36.509 25.5741 19.8768 18.6769 9.75977 9.10956 8.9916
threshold=563.50000000000011 0.66904998247980296 0.9317263371893949 0.79385332499728745 191.50000000000003 3.4781250000000008 0.8235609847498907 21.812500000000004 336.82808626176978 0.87397152483179585 -0.49065906150552346 30.937500000000004 0.81425772686268072 0.69676570133721638 1.0643750000000003
decision_type=2 2 2 2 2 2 2 2 2 2 2 2 2 2 2
left_child=1 4 6 8 5 -1 14 -5 -3 -6 -8 12 -4 -13 -2
right_child=2 3 11 7 9 -7 10 -9 -10 -11 -12 13 -14 -15 -16
leaf_value=-0.001612041499418955 0.0090947109582537045 -0.00010304238668473742 0.0035315491855149208 0.0032715592876012725 0.00035754520974548847 -0.00343694786219686 0.0041902301324457884 0.0031367877345061359 0.0010494133187287813 -0.0022886774370830978 0.0014084641442024871 0.004623718618831929 0.0039243516132212164 0.0030545967840713037 0.0013452982569516327
leaf_weight=22552 184 17956 913 874 9001 7181 2673 4135 13477 2484 470 1245 2447 628 2268
leaf_count=22552 184 17956 913 874 9001 7181 2673 4135 13477 2484 470 1245 2447 628 2268
internal_value=0.000977534 -0.000794489 0.0136867 0.00199632 -0.00326192 -0.00435963 0.00787757 0.00774107 0.00108087 -0.000420113 0.0117165 0.0198978 0.022128 0.015897 0.00295677
internal_weight=88488 77660 10828 36442 41218 29733 5595 5009 31433 11485 3143 5233 3360 1873 2452
internal_count=88488 77660 10828 36442 41218 29733 5595 5009 31433 11485 3143 5233 3360 1873 2452
is_linear=0
shrinkage=0.05


Tree=34
num_leaves=16
num_cat=0
split_feature=15 22 22 13 15 20 22 22 5 6 22 5 19 6 16
split_gain=773.871 211.967 150.294 74.0298 45.3793 50.7101 36.9085 31.6294 31.181 30.8265 22.4965 21.077 10.9418 7.62178 7.14997
threshold=563.50000000000011 0.66904998247980296 0.89184736771066409 0.72658453239342724 191.50000000000003 3.4781250000000008 0.83549863003069225 0.96213651982856396 0.83849049182116964 0.91511078773075516 0.81741378932962561 0.87397152483179585 14.218750000000002 -0.94703994556331683 778.55000000000007
decision_type=2 2 2 2 2 2 2 2 2 2 2 2 2 2 2
left_child=1 4 10 9 5 -1 -5 8 -4 -3 13 -6 -12 -2 -9
right_child=2 3 7 6 11 -7 -8 14 -10 -11 12 -13 -14 -15 -16
leaf_value=-0.001615945941983288 0.0036182257726815161 0.00036072098599635729 0.0034626045022019994 0.001480421759711914 0.00022245607766532006 -0.0032777121369617669 0.0022968871081745445 0.0047339981894916616 0.00025553610273808535 -0.002771672023790828 -0.002883915646577662 -0.0021161580666166648 0.0045035617050197046 0.00025106335585972362 0.0037635002720737224
leaf_weight=22584 904 26980 2872 2908 9051 7236 4790 888 376 1633 154 2470 1612 1430 2598
leaf_count=22584 904 26980 2872 2908 9051 7236 4790 888 376 1633 154 2470 1612 1430 2598
internal_value=0.000906923 -0.000839644 0.0134253 0.00194776 -0.0032879 -0.00431757 0.00630034 0.0180205 0.0144704 0.000776745 0.00587805 -0.000622776 0.0101359 0.00265638 0.0213282
internal_weight=88486 77652 10834 36311 41341 29820 7698 6734 3248 28613 4100 11521 1766 2334 3486
internal_count=88486 77652 10834 36311 41341 29820 7698 6734 3248 28613 4100 11521 1766 2334 3486
is_linear=0
shrinkage=0.05


Tree=35
num_leaves=16
num_cat=0
split_feature=15 22 22 13 9 22 1 6 18 17 22 13 6 5 6
split_gain=721.229 192.061 150.034 61.612 46.9588 35.0189 31.7708 31.1631 30.4456 30.2163 27.3457 13.0427 11.4314 11.1722 8.3427
threshold=563.50000000000011 0.66904998247980296 0.90787047602544113 0.79385332499728745 0.24518814705566372 0.90450790301279416 48.966872306315729 0.14888728888808328 37.687500000000007 91.500000000000014 0.81741378932962561 0.82513161349481845 -0.49065906150552346 0.69676570133721638 -0.95242240592625282
decision_type=2 2 2 2 2 2 2 2 2 2 2 2 2 2 2
left_child=1 4 10 6 7 -5 -3 -1 11 -6 14 -4 -12 -10 -2
right_child=2 3 8 5 9 -7 -8 -9 13 -11 12 -13 -14 -15 -16
leaf_value=-0.0053828984819445369 0.003614481802231942 0.0046850810359650719 0.0030094313904031837 0.0025421930388220605 -0.0019511854153672959 0.00301327824566823 0.00019452075399166991 -0.0026275690128610401 0.0040551884075749004 -0.00041809348384689031 0.004096366905771298 0.0035961233796353688 0.0012260090854950612 0.0023513361770747809 8.7014604271923315e-05
leaf_weight=1842 836 2308 1319 2777 17901 2230 29161 4114 1627 17292 1858 2702 360 687 1492
leaf_count=1842 836 2308 1319 2777 17901 2230 29161 4114 1627 17292 1858 2702 360 687 1492
internal_value=0.00100163 -0.000688245 0.0130572 0.00195334 -0.00302984 0.00710505 0.00113366 -0.00713566 0.0180308 -0.00233498 0.00612626 0.0206603 0.0100992 0.0134615 0.00234107
internal_weight=88506 77625 10881 36476 41149 5007 31469 5956 6335 35193 4546 4021 2218 2314 2328
internal_count=88506 77625 10881 36476 41149 5007 31469 5956 6335 35193 4546 4021 2218 2314 2328
is_linear=0
shrinkage=0.05


Tree=36
num_leaves=16
num_cat=0
split_feature=15 22 22 22 2 18 22 6 6 22 13 6 9 18 20
split_gain=676.318 175.479 148.345 65.8107 76.5077 47.9476 53.8909 38.8034 38.3292 34.1971 22.2884 18.3626 15.8321 12.6144 7.58804
threshold=563.50000000000011 0.47276702115928187 0.9317263371893949 0.86345620921778354 0.50584714282254206 95.437500000000014 0.19236380281395474 0.33222858587828868 0.45847758937963173 0.81741378932962561 0.82513161349481845 -0.6523320455745395 0.81399729065561433 34.437500000000007 2.146875000000001
decision_type=2 2 2 2 2 2 2 2 2 2 2 2 2 2 2
left_child=1 5 9 8 -5 7 -7 -1 -3 14 12 -11 -4 -12 -2
right_child=2 3 10 4 -6 6 -8 -9 -10 11 13 -13 -14 -15 -16
leaf_value=0.0021834503067485965 0.0051058248992959139 0.00021021473687442562 0.003114257384800834 0.00046607598848328881 0.0022676871951975374 -0.0040201772380927155 -0.0018318062631523192 -0.0020764109264556131 -0.0020070732357220429 0.0038493099877304178 0.0034541184763701551 0.0017678470943846615 -0.011125139298496857 0.0036189094708297788 0.00057428396456988553
leaf_weight=2708 556 26142 1764 15368 3458 3192 12270 8212 6335 2284 2386 968 41 1020 1764
leaf_count=2708 556 26142 1764 15368 3458 3192 12270 8212 6335 2284 2386 968 41 1020 1764
internal_value=0.00094554 -0.000683208 0.0126797 0.0010209 0.00337299 -0.00399704 -0.00578838 -0.00146062 -0.00034255 0.00700826 0.018744 0.0103167 0.0142521 0.0211245 0.00237069
internal_weight=88468 77685 10783 51303 18826 26382 15462 10920 32477 5572 5211 3252 1805 3406 2320
internal_count=88468 77685 10783 51303 18826 26382 15462 10920 32477 5572 5211 3252 1805 3406 2320
is_linear=0
shrinkage=0.05


Tree=37
num_leaves=16
num_cat=0
split_feature=15 22 22 13 15 20 1 22 18 18 5 6 13 6 22
split_gain=668.861 161.097 145.091 71.3497 52.7935 41.6051 38.6486 32.4952 24.1299 21.5891 20.7533 20.6259 11.8854 8.21832 6.17796
threshold=572.50000000000011 0.75969313286720908 0.9317263371893949 0.79822701332790791 191.50000000000003 3.4781250000000008 340.48295366882985 0.81741378932962561 19.687500000000004 37.687500000000007 0.88220160189607266 -0.6523320455745395 0.82513161349481845 -0.94703994556331683 0.96213651982856396
decision_type=2 2 2 2 2 2 2 2 2 2 2 2 2 2 2
left_child=1 4 7 6 5 -1 -3 13 -5 12 -6 -9 -4 -2 -11
right_child=2 3 9 8 10 -7 -8 11 -10 14 -12 -13 -14 -15 -16
leaf_value=-0.0012870706251090825 0.0034758475811258517 -5.4077336724728257e-05 0.0028337470007585353 0.0026173701101869229 0.0003706000001503035 -0.002823690080233407 0.0010774294537120256 0.0037101725386173181 0.0028581494509025921 0.0029921495438198168 -0.0017202971403478514 0.0014926959709091914 0.0033580076391538597 -9.3588232759289625e-05 0.0040383684531230066
leaf_weight=24524 805 15137 1092 839 13800 7586 9417 2276 3068 867 3619 871 2454 1333 644
leaf_count=24524 805 15137 1092 839 13800 7586 9417 2276 3068 867 3619 871 2454 1333 644
internal_value=0.000916995 -0.000667393 0.012865 0.00233038 -0.00239001 -0.00359234 0.00133176 0.0070719 0.00860635 0.0189193 -0.000173661 0.0103035 0.0210519 0.00231525 0.0139146
internal_weight=88332 77990 10342 28461 49529 32110 24554 5285 3907 5057 17419 3147 3546 2138 1511
internal_count=88332 77990 10342 28461 49529 32110 24554 5285 3907 5057 17419 3147 3546 2138 1511
is_linear=0
shrinkage=0.05


Tree=38
num_leaves=16
num_cat=0
split_feature=15 22 22 13 15 20 0 22 5 18 5 18 13 6 22
split_gain=619.74 150.402 139.41 69.7607 66.6353 41.9728 31.9133 31.0943 23.7477 21.6523 19.4747 14.7616 13.3487 8.19413 5.49602
threshold=572.50000000000011 0.82028036449317432 0.9317263371893949 0.79822701332790791 191.50000000000003 3.4781250000000008 40.982691206358943 0.81741378932962561 0.88220160189607266 32.812500000000007 0.69676570133721638 19.687500000000004 0.82513161349481845 -0.73284120334876357 0.96213651982856396
decision_type=2 2 2 2 2 2 2 2 2 2 2 2 2 2 2
left_child=1 4 7 6 5 -1 -3 13 -6 12 -9 -5 -4 -2 -11
right_child=2 3 9 11 8 -7 -8 10 -10 14 -12 -13 -14 -15 -16
leaf_value=-0.0011965914758451796 0.0021816027098509163 0.0047640033064619506 0.0027278203497701327 0.0024749264000866024 0.00058486045688743162 -0.0025941834827640344 0.00025508323818005665 0.0032760018784111916 -0.0015381983315512716 0.0028650232416788102 0.0013195390687508414 0.0028471101733506254 0.0031532058837821287 -0.0026465556628655798 0.0039540012933103443
leaf_weight=26109 1676 2042 1004 847 17201 7853 17373 2532 4365 984 607 2309 2276 463 779
leaf_count=26109 1676 2042 1004 847 17201 7853 17373 2532 4365 984 607 2309 2276 463 779
internal_value=0.000976589 -0.000545141 0.0124915 0.00289642 -0.00194406 -0.0033243 0.00177569 0.00681129 0.000229528 0.0184364 0.00997929 0.00979087 0.0208384 0.00216223 0.0139677
internal_weight=88420 78099 10321 22571 55528 33962 19415 5278 21566 5043 3139 3156 3280 2139 1763
internal_count=88420 78099 10321 22571 55528 33962 19415 5278 21566 5043 3139 3156 3280 2139 1763
is_linear=0
shrinkage=0.05


Tree=39
num_leaves=16
num_cat=0
split_feature=15 22 22 22 13 18 6 22 6 22 13 6 18 22 20
split_gain=601.923 142.774 134.655 49.4563 66.2759 41.2986 72.373 45.5977 31.2706 24.8334 22.5571 20.7821 15.0284 12.1463 7.33938
threshold=572.50000000000011 0.47276702115928187 0.9317263371893949 0.86013503459021445 0.82513161349481845 88.437500000000014 0.26659387353423869 0.19987769416013837 -0.59867820553660911 0.8235609847498907 0.83293909533057242 -0.7614016681079937 28.062500000000004 0.96213651982856396 0.9956250000000002
decision_type=2 2 2 2 2 2 2 2 2 2 2 2 2 2 2
left_child=1 5 9 8 -5 6 -1 -7 -3 14 13 -11 -12 -4 -2
right_child=2 3 10 4 -6 7 -8 -9 -10 11 12 -13 -14 -15 -16
leaf_value=0.005710061230944136 0.0082469256037017713 0.00082895476982020738 0.0018385281591144554 0.0004419159639957815 0.0029821280074847079 -0.0034952232197915101 -0.0017825278558346869 -0.0015279942805911636 -0.00073975503077403364 0.0035976384712158808 0.003084475719597907 0.0012980813269994397 0.003263226668423852 0.0031614677555142968 0.001023852514514384
leaf_weight=1227 150 12238 733 17162 2095 3591 7906 13503 19997 1775 2065 1282 1159 1111 2063
leaf_count=1227 150 12238 733 17162 2095 3591 7906 13503 19997 1775 2065 1282 1159 1111 2063
internal_value=0.000950237 -0.000557457 0.0122848 0.000971996 0.00297684 -0.00356026 -0.000845834 -0.00501053 -0.000225686 0.0066888 0.0181038 0.00960909 0.0206266 0.0136931 0.00265477
internal_weight=88057 77719 10338 51492 19257 26227 9133 17094 32235 5270 5068 3057 3224 1844 2213
internal_count=88057 77719 10338 51492 19257 26227 9133 17094 32235 5270 5068 3057 3224 1844 2213
is_linear=0
shrinkage=0.05


Tree=40
num_leaves=16
num_cat=0
split_feature=15 22 22 1 15 9 13 20 22 5 21 22 12 5 18
split_gain=565.404 133.558 123.022 52.984 64.1201 41.9967 37.4188 24.3585 21.417 21.0497 17.3481 13.392 10.4054 12.4536 5.5278
threshold=572.50000000000011 0.96213651982856396 0.56908084290481076 28.935386594972208 262.50000000000006 0.31412203858923371 0.84289686325436486 3.4606250000000007 0.97045461389889065 0.80926549319045582 1.0000000180025095e-35 0.88879006439691077 398.25000000000006 0.9962888416657264 37.687500000000007
decision_type=2 2 2 2 2 2 2 2 2 2 2 2 2 2 2
left_child=2 6 5 8 -5 10 9 -7 -4 -2 -1 -8 13 -3 -14
right_child=1 12 3 4 -6 7 11 -9 -10 -11 -12 -13 14 -15 -16
leaf_value=-0.0019969439641247589 0.0022733587368615137 0.0034291938094751537 0.0026632258933916853 -0.0003560624926059797 0.00093477873348372107 -0.0004214588274864151 0.0034223060042117004 -0.0018355284686526218 0.010169604476822936 -0.0007084624949970364 -0.0031500328082916446 0.0028833685572788705 0.0029797456416335191 0.00011420325243463592 0.0034097499949986066
leaf_weight=3248 3757 614 600 21291 21820 18006 933 6524 1146 859 5537 1447 2185 129 513
leaf_count=3248 3757 614 600 21291 21820 18006 933 6524 1146 859 5537 1447 2185 129 513
internal_value=0.000947703 0.0118784 -0.000511692 0.00119769 0.000851871 -0.0028133 0.00791166 -0.00175092 0.00973654 0.00528596 -0.00577974 0.0130042 0.0199433 0.0147039 0.0213862
internal_weight=88609 10437 78172 44857 43111 33315 6996 24530 1746 4616 8785 2380 3441 743 2698
internal_count=88609 10437 78172 44857 43111 33315 6996 24530 1746 4616 8785 2380 3441 743 2698
is_linear=0
shrinkage=0.05


Tree=41
num_leaves=16
num_cat=0
split_feature=15 22 22 22 0 21 6 22 0 22 5 12 5 6 22
split_gain=511.554 131.73 120.046 51.4224 71.4971 45.8936 77.7896 61.8075 37.8931 36.1282 32.1495 14.225 8.49518 6.23101 5.81546
threshold=572.50000000000011 0.96213651982856396 0.44731821785684078 1.0261534176440932 250.59540637639688 1.0000000180025095e-35 0.26659387353423869 0.19236380281395474 23.897230191603828 0.8235609847498907 0.82899317702918729 421.9500000000001 0.69676570133721638 -0.94703994556331683 0.98744854199646437
decision_type=2 2 2 2 2 2 2 2 2 2 2 2 2 2 2
left_child=2 9 5 4 -4 6 -1 -7 -5 13 -11 12 -3 -2 -13
right_child=1 11 3 8 -6 7 -8 -9 -10 10 -12 14 -14 -15 -16
leaf_value=0.0073600811107638556 0.00301044065224681 0.0032443425293228081 -0.0007799361771057417 0.0093186890216104441 0.0006774448226243402 -0.003506539650986447 -0.0015983471320697301 -0.0015155363596713878 0.00086386715679258048 0.0025996921598661405 -0.00033414969871282398 0.0030978904850476885 0.00088708363857553099 -2.1258025803130854e-05 0.0029256504091758288
leaf_weight=1033 811 364 18589 1057 28520 2856 7907 12971 5039 4128 592 1097 553 1386 1417
leaf_count=1033 811 364 18589 1057 28520 2856 7907 12971 5039 4128 592 1097 553 1386 1417
internal_value=0.000861073 0.0113065 -0.000525189 0.000813363 0.000254198 -0.00340069 -0.000536913 -0.00501832 0.00513451 0.00733338 0.00979873 0.0193165 0.0139858 0.00203687 0.0212609
internal_weight=88320 10348 77972 53205 47109 24767 8940 15827 6096 6917 4720 3431 917 2197 2514
internal_count=88320 10348 77972 53205 47109 24767 8940 15827 6096 6917 4720 3431 917 2197 2514
is_linear=0
shrinkage=0.05


Tree=42
num_leaves=16
num_cat=0
split_feature=15 22 16 1 15 9 13 6 20 6 22 13 13 22 18
split_gain=485.021 125.251 103.453 58.512 51.1136 37.8103 34.2083 34.2065 31.2123 17.3753 15.6813 13.696 9.55644 8.80993 7.66554
threshold=572.50000000000011 0.96213651982856396 53.850000000000001 34.220619963937658 262.50000000000006 0.24518814705566372 0.84650879601184315 -0.10837475778693638 3.4606250000000007 -0.95242240592625282 0.88879006439691077 0.83293909533057242 0.7890626663826904 0.98997305079739462 22.812500000000004
decision_type=2 2 2 2 2 2 2 2 2 2 2 2 2 2 2
left_child=2 6 5 13 -5 7 9 -1 -7 -2 -8 12 -3 -4 -13
right_child=1 11 3 4 -6 8 10 -9 -10 -11 -12 14 -14 -15 -16
leaf_value=-0.0053149492987993154 0.0037566241645987822 0.0035831422103622837 0.0042010165574705664 -0.00036688737401826822 0.00079724128837911916 -0.00061518811792522776 0.002926709149236251 -0.0026522554124392308 -0.0020337554100179527 0.00094599491224926508 0.0026280756715859419 0.0026415386420028386 0.00052415596015526476 0.0084751988108621619 0.00297538889523985
leaf_weight=839 1163 767 360 22845 24860 18949 921 4177 4974 3514 1378 1585 365 1061 689
leaf_count=839 1163 767 360 22845 24860 18949 921 4177 4974 3514 1378 1585 365 1061 689
internal_value=0.000880471 0.0110335 -0.000469801 0.000927208 0.000629389 -0.00284132 0.0071961 -0.00678828 -0.00201375 0.00474129 0.0121901 0.0188931 0.0143993 0.0109254 0.0211302
internal_weight=88447 10382 78065 49126 47705 28939 6976 5016 23923 4677 2299 3406 1132 1421 2274
internal_count=88447 10382 78065 49126 47705 28939 6976 5016 23923 4677 2299 3406 1132 1421 2274
is_linear=0
shrinkage=0.05


Tree=43
num_leaves=16
num_cat=0
split_feature=15 22 22 13 22 9 6 20 6 5 9 12 22 13 20
split_gain=467.778 116.464 101.29 58.4051 34.9816 33.8158 31.4803 28.1074 24.8429 20.1719 18.4016 17.2511 8.97167 7.58858 6.8442
threshold=572.50000000000011 0.96213651982856396 0.75969313286720908 0.82128278517973952 0.81741378932962561 0.24518814705566372 -0.96234030595689413 1.2556250000000004 0.14888728888808328 -0.94139628442229062 0.60236637725782494 436.9500000000001 0.98744854199646437 0.77161768942080322 1.0643750000000003
decision_type=2 2 2 2 2 2 2 2 2 2 2 2 2 2 2
left_child=2 4 5 7 14 8 -6 -4 -1 -7 -5 13 -13 -3 -2
right_child=1 11 3 10 6 9 -8 -9 -10 -11 -12 12 -14 -15 -16
leaf_value=-0.0039982087181730961 0.00737334603052085 0.0032941113659429866 -0.00022438074944864384 0.0017817868238760026 0.0039513982091078812 0.00065149645895538075 0.0015670755464433585 0.00065831491263246842 -0.001695740137828436 -0.0008935742515518958 0.0029085634938939065 0.0028263803756673812 0.0027340906707431448 0.0004806487248189384 0.00059086940453408347
leaf_weight=2178 156 635 9255 1173 1234 5271 3571 16024 4335 37726 1964 1053 1325 400 1967
leaf_count=2178 156 635 9255 1173 1234 5271 3571 16024 4335 37726 1964 1053 1325 400 1967
internal_value=0.000855643 0.0108476 -0.000470318 0.00190914 0.00712327 -0.00183599 0.00948491 0.00111061 -0.00519346 -0.00132742 0.00834396 0.0184076 0.0207527 0.0130193 0.00177814
internal_weight=88267 10341 77926 28416 6928 49510 4805 25279 6513 42997 3137 3413 2378 1035 2123
internal_count=88267 10341 77926 28416 6928 49510 4805 25279 6513 42997 3137 3413 2378 1035 2123
is_linear=0
shrinkage=0.05


Tree=44
num_leaves=16
num_cat=0
split_feature=15 22 16 1 12 20 6 22 5 22 13 12 9 22 5
split_gain=439.612 123.39 96.7415 61.8513 49.076 39.1978 34.0186 31.5125 28.5309 22.6601 17.5248 16.0834 10.6482 10.6132 8.09132
threshold=572.50000000000011 0.96213651982856396 34.95000000000001 28.935386594972208 247.05000000000004 3.4781250000000008 -0.96234030595689413 0.17410820125978774 -0.58482361983252518 0.84564180223606511 0.8669107597602097 431.85000000000008 0.61776848160245423 0.98744854199646437 0.9962888416657264
decision_type=2 2 2 2 2 2 2 2 2 2 2 2 2 2 2
left_child=2 6 5 12 -5 8 9 -7 -1 -2 -8 14 -4 -13 -3
right_child=1 11 3 4 -6 7 10 -9 -10 -11 -12 13 -14 -15 -16
leaf_value=0.00018428684048876488 0.0032339617015760382 0.0021266814203978524 0.0053745139662570666 -0.0001364872988283139 0.0011638476373646513 -0.0035108537028831393 0.0008634703763040763 -0.0016720571170848757 -0.0018755648147862404 0.0036590343921825588 0.0021303184055105006 0.0026776164208546314 0.011324268790566453 0.0026140725412031832 0.0003771506253781698
leaf_weight=7612 719 816 874 37928 13101 1564 4033 3957 12409 1123 1047 1078 502 1385 179
leaf_count=7612 719 816 874 37928 13101 1564 4033 3957 12409 1123 1047 1078 502 1385 179
internal_value=0.000825059 0.0104913 -0.000462173 0.000767579 0.000485508 -0.00298528 0.00663825 -0.00671527 -0.0019567 0.0124593 0.00452756 0.0182042 0.0112282 0.0203715 0.0128392
internal_weight=88327 10380 77947 52405 51029 25542 6922 5521 20021 1842 5080 3458 1376 2463 995
internal_count=88327 10380 77947 52405 51029 25542 6922 5521 20021 1842 5080 3458 1376 2463 995
is_linear=0
shrinkage=0.05


Tree=45
num_leaves=16
num_cat=0
split_feature=15 22 22 13 21 6 22 6 22 6 13 13 22 6 18
split_gain=394.011 105.885 91.407 48.7078 43.795 70.5298 51.4775 42.4076 39.3425 26.3195 24.4071 19.0283 16.4554 13.1489 10.7482
threshold=586.50000000000011 0.95397233167573059 0.41289647178935523 0.83951975537793988 1.0000000180025095e-35 0.26659387353423869 0.19236380281395474 0.93469109537144635 0.86013503459021445 -0.9575230291762723 0.84650879601184315 0.8669107597602097 0.88879006439691077 -0.7614016681079937 21.812500000000004
decision_type=2 2 2 2 2 2 2 2 2 2 2 2 2 2 2
left_child=2 9 4 7 5 -1 -6 -4 -5 12 13 -11 -2 -3 -12
right_child=1 10 3 8 6 -7 -8 -9 -10 11 14 -13 -14 -15 -16
leaf_value=0.0072588617184048132 0.0033891290522452405 0.0027895489679061417 0.00018882569004330385 0.001275295600542184 -0.002979972494663505 -0.0013888886702379368 -0.0014224908381435212 -0.003300877843787148 0.0026703584237389114 0.00072127601176666118 0.0024939934420742382 0.0022133556224920138 0.0033532799496477032 0.0010276701565392677 0.0027630974987966185
leaf_weight=1015 994 290 48872 3342 2867 7934 10782 2222 1928 3308 1489 839 679 1276 785
leaf_count=1015 994 290 48872 3342 2867 7934 10782 2222 1928 3308 1489 839 679 1276 785
internal_value=0.000768432 0.0103002 -0.00039766 0.000679512 -0.00308434 -0.000365963 -0.00486666 0.000207461 0.00525617 0.00604811 0.0167448 0.00391247 0.0113419 0.0119413 0.0200528
internal_weight=88622 9660 78962 56364 22598 8949 13649 51094 5270 5820 3840 4147 1673 1566 2274
internal_count=88622 9660 78962 56364 22598 8949 13649 51094 5270 5820 3840 4147 1673 1566 2274
is_linear=0
shrinkage=0.05


Tree=46
num_leaves=16
num_cat=0
split_feature=15 22 22 22 19 6 18 22 3 1 13 22 17 19 22
split_gain=377.489 100.646 82.8476 42.8079 50.8884 32.2059 31.8776 38.0896 34.027 26.9791 24.2863 21.6632 19.5152 17.8008 9.75349
threshold=563.50000000000011 0.96213651982856396 0.47276702115928187 1.0439717433682956 2.7062500000000007 -0.96234030595689413 95.437500000000014 0.20604586977211983 0.2269546835593246 28.935386594972208 0.84650879601184315 0.84564180223606511 139.50000000000003 31.018750000000008 0.98744854199646437
decision_type=2 2 2 2 2 2 2 2 2 2 2 2 2 2 2
left_child=2 5 6 4 -4 11 8 -8 -1 -5 13 -2 -7 -3 -12
right_child=1 10 3 9 -6 12 7 -9 -10 -11 14 -13 -14 -15 -16
leaf_value=0.001205633356979055 0.002904790772182786 0.0016688526270287108 -0.0040944326709020261 0.0083164856140564968 0.0002158671944143542 -0.00033334369707482825 -0.0026423309679793577 -0.0010902195607295205 -0.0019133626590712494 0.00098386871655680168 0.0024933157364843087 0.0032417710125859978 0.0017770418960594365 -0.00044541876147557449 0.0023590328303724432
leaf_weight=5433 816 1412 2164 978 43902 705 3839 11706 5468 4115 889 1113 4680 45 1170
leaf_count=5433 816 1412 2164 978 43902 705 3839 11706 5468 4115 889 1113 4680 45 1170
internal_value=0.000756771 0.00950139 -0.000463565 0.000711019 0.000230105 0.00615942 -0.00273576 -0.00418945 -0.000662783 0.00506087 0.0164534 0.011703 0.00417363 0.0115134 0.019949
internal_weight=88435 10830 77605 51159 46066 7314 26446 15545 10901 5093 3516 1929 5385 1457 2059
internal_count=88435 10830 77605 51159 46066 7314 26446 15545 10901 5093 3516 1929 5385 1457 2059
is_linear=0
shrinkage=0.05


Tree=47
num_leaves=16
num_cat=0
split_feature=15 22 22 13 12 13 20 6 5 0 22 17 19 18 18
split_gain=330.66 100.981 84.4172 59.142 41.0918 35.3512 32.6648 28.0132 25.1392 23.1458 19.1736 18.8759 16.0032 13.1329 11.4255
threshold=586.50000000000011 0.95397233167573059 0.82028036449317432 0.83293909533057242 63.750000000000007 0.84650879601184315 1.6918750000000002 -0.9575230291762723 0.88220160189607266 20.46577800900668 0.8235609847498907 123.50000000000001 31.018750000000008 19.687500000000004 36.937500000000007
decision_type=2 2 2 2 2 2 2 2 2 2 2 2 2 2 2
left_child=2 7 4 6 9 12 -4 10 -6 -1 -2 -9 -3 -5 -7
right_child=1 5 3 13 8 14 -8 11 -10 -11 -12 -13 -14 -15 -16
leaf_value=0.0022520015840832991 0.0023044448046976918 0.001461472493126631 -0.00011709281274900342 0.0028581839596179995 0.00012048220940710509 0.0022863537299411319 0.00083339311668930165 -0.00047767086307332621 -0.0014583150707058374 -0.0017895441780025447 0.0033389136321367863 0.0013494645331430745 -0.00033158633637422332 0.0023240445390919628 0.0025378528004822406
leaf_weight=1805 647 1511 10399 563 29715 1767 10139 295 5883 18541 1021 3874 52 1860 510
leaf_count=1805 647 1511 10399 563 29715 1767 10139 295 5883 18541 1021 3874 52 1860 510
internal_value=0.000734912 0.00945799 -0.000334896 0.00221789 -0.00138263 0.0157552 0.00134628 0.00531523 -0.000358166 -0.00317507 0.0107914 0.00312425 0.00996481 0.00960586 0.0197299
internal_weight=88582 9677 78905 22961 55944 3840 20538 5837 35598 20346 1668 4169 1563 2423 2277
internal_count=88582 9677 78905 22961 55944 3840 20538 5837 35598 20346 1668 4169 1563 2423 2277
is_linear=0
shrinkage=0.05


Tree=48
num_leaves=16
num_cat=0
split_feature=15 13 22 2 0 22 9 6 22 19 17 18 22 18 21
split_gain=327.797 90.5141 75.8343 45.7257 59.4212 36.2228 33.8044 27.9148 24.9648 24.6972 16.8843 11.7793 11.6345 7.65971 7.32008
threshold=576.50000000000011 0.85322284288055295 0.72945228502315185 0.077579008856725987 284.04271019205055 0.97465609334504777 0.24518814705566372 0.14888728888808328 0.81741378932962561 27.518750000000008 91.500000000000014 68.437500000000014 0.91749624877584324 36.937500000000007 0.77006895645512252
decision_type=2 2 2 2 2 2 2 2 2 2 2 2 2 2 2
left_child=2 8 6 11 -5 12 7 -1 14 -10 -8 -4 -3 -7 -2
right_child=1 5 3 4 -6 13 10 -9 9 -11 -12 -13 -14 -15 -16
leaf_value=-0.0037106267249652825 0.0018206300909856421 0.0024703230043271133 0.01185552098158279 -0.00019554691620394805 0.0011010307755493498 0.0023967021123417532 -0.0010837289060460914 -0.0014217133433520241 0.0018729352617529672 -0.00015541748369745647 -6.6428817991212588e-05 0.0063644217288433558 0.0020689844079551877 0.0021039324131278182 -0.0015790741311812906
leaf_weight=2094 763 1118 514 16795 13374 1231 18947 4353 3997 593 21543 648 1408 197 835
leaf_count=2094 763 1118 514 16795 13374 1231 18947 4353 3997 593 21543 648 1408 197 835
internal_value=0.000731818 0.00918951 -0.000364133 0.00154081 0.00116593 0.0150986 -0.0016357 -0.00499845 0.0054137 0.00728758 -0.00110027 0.0112737 0.0115004 0.0214636 3.12891e-05
internal_weight=88410 10142 78268 31331 30169 3954 46937 6447 6188 4590 40490 1162 2526 1428 1598
internal_count=88410 10142 78268 31331 30169 3954 46937 6447 6188 4590 40490 1162 2526 1428 1598
is_linear=0
shrinkage=0.05


Tree=49
num_leaves=16
num_cat=0
split_feature=15 13 9 22 17 6 22 6 6 5 15 13 19 20 12
split_gain=291.019 86.1193 69.5637 56.4358 54.0985 38.8405 35.0956 32.1116 42.6267 42.6022 20.4882 17.0852 14.5576 12.86 3.61127
threshold=586.50000000000011 0.85322284288055295 0.28181463930565548 1.0261534176440932 100.50000000000001 0.011826144619637555 0.98461031240766128 0.93469109537144635 0.14888728888808328 0.26866988313759588 719.50000000000011 0.77161768942080322 30.293750000000006 4.7581250000000006 441.4500000000001
decision_type=2 2 2 2 2 2 2 2 2 2 2 2 2 2 2
left_child=2 10 7 4 -4 -5 13 8 -1 -9 11 -2 -12 -3 -8
right_child=1 6 3 5 -6 -7 14 9 -10 -11 12 -13 -14 -15 -16
leaf_value=-0.0029616157993257773 0.0019307527770729138 0.0021784744797838317 -0.00059785843416255708 0.00026967056526739367 0.00049934218425742307 0.0029577694304220555 0.00055910236863765395 -0.0029236985467496705 0.00014059187525404458 -0.01061146537913687 0.0021732073793326425 -0.00015433779519415382 -0.00023822072187075773 -0.0041452345273373216 0.0023876828675648723
leaf_weight=3259 2937 2584 28662 2854 33962 2806 72 1806 4820 650 1471 1288 102 67 1095
leaf_count=3259 2937 2584 28662 2854 33962 2806 72 1806 4820 650 1471 1288 102 67 1095
internal_value=0.000690055 0.00890183 -0.00031179 0.00027166 -0.000160482 0.005053 0.0147328 -0.0040935 -0.00257148 -0.00910016 0.00506209 0.00324852 0.00993325 0.0115522 0.021958
internal_weight=88435 9616 78819 68284 62624 5660 3818 10535 8079 2456 5798 4225 1573 2651 1167
internal_count=88435 9616 78819 68284 62624 5660 3818 10535 8079 2456 5798 4225 1573 2651 1167
is_linear=0
shrinkage=0.05


Tree=50
num_leaves=16
num_cat=0
split_feature=15 13 9 22 22 2 6 5 6 5 15 13 19 22 5
split_gain=266.924 87.9238 63.6766 50.9284 43.2858 38.028 33.4077 36.5596 33.667 26.1362 20.9585 13.3177 12.6767 11.612 7.54445
threshold=572.50000000000011 0.85653847548146178 0.28181463930565548 0.82028036449317432 0.93376174617818641 0.077579008856725987 0.93469109537144635 0.26866988313759588 0.14888728888808328 0.87397152483179585 719.50000000000011 0.77161768942080322 30.293750000000006 0.98997305079739462 0.34235194516023087
decision_type=2 2 2 2 2 2 2 2 2 2 2 2 2 2 2
left_child=2 10 6 9 14 -5 8 -8 -1 -4 11 -2 -12 -6 -3
right_child=1 4 3 5 13 -7 7 -9 -10 -11 12 -13 -14 -15 -16
leaf_value=-0.0027262894785727494 0.0018686866332569274 0.0018634184494275342 -0.0001168278823303226 0.0091155521642081443 0.0022709128143045764 0.00043416086317571434 -0.0028043894218518356 -0.0096527362279182852 9.3115457476636304e-05 -0.001498416385946208 0.0020146465942877281 -5.4110594241676972e-05 -0.00017513673809945175 0.0021006027288650807 0.00093990134366898079
leaf_weight=3253 3313 955 39241 964 1542 20091 1788 660 4817 7018 1507 1574 123 937 410
leaf_count=3253 3313 955 39241 964 1542 20091 1788 660 4817 7018 1507 1574 123 937 410
internal_value=0.000628451 0.00816765 -0.000375167 0.000190154 0.0141649 0.00222869 -0.00399315 -0.00910948 -0.00244114 -0.000737694 0.0046302 0.00299263 0.00953988 0.0181021 0.00701465
internal_weight=88193 10361 77832 67314 3844 21055 10518 2448 8070 46259 6517 4887 1630 2479 1365
internal_count=88193 10361 77832 67314 3844 21055 10518 2448 8070 46259 6517 4887 1630 2479 1365
is_linear=0
shrinkage=0.05


Tree=51
num_leaves=16
num_cat=0
split_feature=15 13 16 2 1 20 22 22 5 6 19 16 18 22 3
split_gain=258.768 85.3494 60.4818 64.0162 42.6409 35.7595 37.8133 33.3321 29.1322 19.7982 24.9269 17.4177 10.5372 9.4046 7.7409
threshold=572.50000000000011 0.85653847548146178 18.150000000000002 0.077579008856725987 336.82808626176978 2.0118750000000003 0.20604586977211983 0.94955427672171255 -0.95754239937548935 -0.97111920233974802 26.831250000000004 500.95000000000005 65.062500000000014 0.98461031240766128 -0.41248606129204529
decision_type=2 2 2 2 2 2 2 2 2 2 2 2 2 2 2
left_child=2 9 5 12 -5 8 -7 14 -1 11 -11 -2 -4 -9 -3
right_child=1 7 3 4 -6 6 -8 13 -10 10 -12 -13 -14 -15 -16
leaf_value=0.0031499128054227085 0.0012271364999432599 -0.00032169162915367255 0.010077367247862779 -0.00038612355600352592 0.00058230861295852641 -0.0026034526851828827 -0.0010373266648244978 0.0019064244107861979 -0.0011003414743088163 0.0010226654353486021 -0.00035574001678996829 0.0034700359707501962 0.0057691583997262043 0.0020444318272224427 0.0022708432642514348
leaf_weight=1211 417 158 682 24317 31019 2874 5035 1060 12515 4869 569 630 613 1118 1494
leaf_count=1211 417 158 682 24317 31019 2874 5035 1060 12515 4869 569 630 613 1118 1494
internal_value=0.00061949 0.0080635 -0.000361587 0.000497519 0.00024035 -0.00261035 -0.00528828 0.0139817 -0.00106732 0.00456823 0.00335601 0.0108644 0.0114865 0.0180441 0.00862591
internal_weight=88581 10315 78266 56631 55336 21635 7909 3830 13726 6485 5438 1047 1295 2178 1652
internal_count=88581 10315 78266 56631 55336 21635 7909 3830 13726 6485 5438 1047 1295 2178 1652
is_linear=0
shrinkage=0.05


Tree=52
num_leaves=16
num_cat=0
split_feature=15 22 13 17 6 13 13 22 5 19 6 5 20 6 20
split_gain=222.156 95.0914 80.0952 36.5052 35.3937 32.6415 28.3624 17.3282 17.775 16.9728 17.7617 14.6815 12.0908 8.97187 2.45305
threshold=701.50000000000011 0.81741378932962561 0.84289686325436486 140.50000000000003 0.99958851518450398 0.85653847548146178 0.42419074051176048 0.98195824785577879 -0.23537230790205757 28.831250000000004 -0.95242240592625282 0.40614137006726808 3.928125000000001 0.99999537620422141 1.1493750000000003
decision_type=2 2 2 2 2 2 2 2 2 2 2 2 2 2 2
left_child=1 4 3 -3 6 9 -1 8 -7 11 -11 -2 -4 -6 -9
right_child=5 2 12 -5 13 7 -8 14 -10 10 -12 -13 -14 -15 -16
leaf_value=-0.0010194873310704956 0.0027573871240274272 7.709840797800461e-05 0.0017950060435470594 0.0017845026052870612 -0.0072297854784387217 0.00039979003107805112 5.0952289071717893e-05 0.00048007253673412189 0.0029344465660104319 0.0017535928425703618 -0.00036034275856021148 0.0005104326133793857 -0.0002593484389074474 -0.0013223067972865906 0.0024476911631971022
leaf_weight=27386 1010 18325 3292 5350 369 379 29190 53 974 71 159 851 268 127 834
leaf_count=27386 1010 18325 3292 5350 369 379 29190 53 974 71 159 851 268 127 834
internal_value=0.000610348 4.29976e-05 0.00247384 0.00142239 -0.00111701 0.0116544 -0.00100042 0.0158482 0.0122875 0.00716165 -0.00565217 0.0087453 0.00946629 -0.0144153 0.0212796
internal_weight=88638 84307 27235 23675 57072 4331 56576 2240 1353 2091 230 1861 3560 496 887
internal_count=88638 84307 27235 23675 57072 4331 56576 2240 1353 2091 230 1861 3560 496 887
is_linear=0
shrinkage=0.05


Tree=53
num_leaves=16
num_cat=0
split_feature=15 15 22 13 22 5 6 13 22 6 19 1 15 5 17
split_gain=220.904 86.4439 56.1599 44.3877 38.035 37.6706 30.8825 27.242 17.2775 16.6164 23.0604 12.508 10.7097 2.85577 2.39364
threshold=701.50000000000011 262.50000000000006 1.1660453931284656 0.83951975537793988 0.94955427672171255 0.86548282553247169 0.99958851518450398 0.8600371003894941 0.98461031240766128 -0.96234030595689413 29.756250000000005 24.717608922008719 836.50000000000011 0.1169228398841501 101.50000000000001
decision_type=2 2 2 2 2 2 2 2 2 2 2 2 2 2 2
left_child=1 2 6 5 -5 -3 -1 9 12 13 -11 -4 -9 -2 -10
right_child=7 3 11 4 -6 -7 -8 8 14 10 -12 -13 -14 -15 -16
leaf_value=-0.00056430015506232507 0.002866538681633707 0.00080071919659572286 0.010947760582134789 0.0015419791554472763 0.0013472256238619474 -0.00046305974665614147 -0.0054997800503364244 0.0014620037449549095 0.00098512819273137149 0.0011148440454549825 -0.00034232562063220008 0.0016092554650334436 0.0040356722152042777 0.0061521588628920655 0.0024056231067862421
leaf_weight=49760 354 19742 526 4267 1288 6385 524 1120 55 1553 127 1609 248 101 743
leaf_count=49760 354 19742 526 4267 1288 6385 524 1120 55 1553 127 1609 248 101 743
internal_value=0.000578607 1.33768e-05 -0.00123285 0.00207531 0.00613411 0.00121235 -0.00157008 0.011631 0.0155817 0.00762295 0.00532738 0.0067096 0.0121711 0.0160989 0.0214286
internal_weight=88402 84101 52419 31682 5555 26127 50284 4301 2166 2135 1680 2135 1368 455 798
internal_count=88402 84101 52419 31682 5555 26127 50284 4301 2166 2135 1680 2135 1368 455 798
is_linear=0
shrinkage=0.05


Tree=54
num_leaves=16
num_cat=0
split_feature=15 13 22 9 22 17 4 5 5 6 6 19 22 15 22
split_gain=199.733 98.2921 52.3911 47.9622 41.1149 37.8451 30.1803 29.9095 35.8574 31.1712 27.4635 31.4759 21.513 11.3899 8.34128
threshold=510.50000000000006 0.85653847548146178 0.92965703268743416 0.24225393111440596 1.0334594705494442 90.500000000000014 -0.55557023301960251 0.36648264796514479 0.28519915169571858 0.29958852271690523 -0.96234030595689413 26.831250000000004 0.82028036449317432 825.50000000000011 0.78862153750373343
decision_type=2 2 2 2 2 2 2 2 2 2 2 2 2 2 2
left_child=3 10 14 7 5 -5 -6 8 -1 -9 12 -12 -2 -4 -3
right_child=1 2 13 4 6 -7 -8 9 -10 -11 11 -13 -14 -15 -16
leaf_value=-0.002458919297096249 0.0017867314411259328 0.00018431026594072366 0.0014208161735917713 -0.00065917960774553312 0.0034581703784457131 0.0002737062980398025 0.00053119325961575869 -0.0023142592613870998 -0.011334838091091624 0.0020753556980908972 0.00073653087603797187 -0.00050027253293177809 0.0026685022314283328 0.0034584772486185356 0.0016959884101609758
leaf_weight=4825 744 623 2271 26729 1469 34453 3773 827 519 1238 7405 736 926 593 1207
leaf_count=4825 744 623 2271 26729 1469 34453 3773 827 519 1238 7405 736 926 593 1207
internal_value=0.000594308 0.00595829 0.0119088 -0.000459483 -3.38733e-05 -0.000397993 0.00421595 -0.00427521 -0.00625 0.000835351 0.0031113 0.00191316 0.0089521 0.0161313 0.00530055
internal_weight=88338 14505 4694 73833 66424 61182 5242 7409 5344 2065 9811 8141 1670 2864 1830
internal_count=88338 14505 4694 73833 66424 61182 5242 7409 5344 2065 9811 8141 1670 2864 1830
is_linear=0
shrinkage=0.05


Tree=55
num_leaves=16
num_cat=0
split_feature=15 15 13 13 12 22 9 13 19 5 5 5 22 22 20
split_gain=186.15 68.6799 41.7172 34.2777 34.1299 33.2146 29.4123 29.3062 18.3853 23.0279 15.5379 9.90781 6.88078 4.73471 0.462963
threshold=701.50000000000011 416.50000000000006 0.51359060251753663 0.89418241677117039 34.650000000000006 1.0439717433682956 0.24225393111440596 0.87045635881644057 28.831250000000004 -0.63921128368950708 0.39036257410962044 -0.031173458710879235 0.98997305079739462 0.96213651982856396 4.8443750000000021
decision_type=2 2 2 2 2 2 2 2 2 2 2 2 2 2 2
left_child=1 2 6 8 -4 7 -1 -3 10 -10 -2 12 -5 -13 -7
right_child=3 5 4 11 -6 14 -8 -9 9 -11 -12 13 -14 -15 -16
leaf_value=-0.002246749083166587 0.0020556722226052954 0.00042528057343367846 0.0027868106077778123 0.001177345829287449 1.1414177318204434e-05 0.0044411716969124217 -0.00044865218129779005 0.0016335670240039985 -0.00060541800158558923 0.0010888988495859897 0.00066825751378272189 0.0026114608344077698 0.0021771793700012254 0.0036488176523281346 0.0024684466594676437
leaf_weight=6570 1276 13973 4037 358 22636 147 33823 2702 181 184 1312 402 71 554 42
leaf_count=6570 1276 13973 4037 358 22636 147 33823 2702 181 184 1312 402 71 554 42
internal_value=0.000504146 -1.7872e-05 -0.000735097 0.010604 0.000799498 0.00283444 -0.00174845 0.0025982 0.00756011 -0.00294521 0.00904173 0.0170939 0.0107809 0.0199268 0.0236772
internal_weight=88268 83930 67066 4338 26673 16864 40393 16675 2953 365 2588 1385 429 956 189
internal_count=88268 83930 67066 4338 26673 16864 40393 16675 2953 365 2588 1385 429 956 189
is_linear=0
shrinkage=0.05


Tree=56
num_leaves=16
num_cat=0
split_feature=15 15 0 5 6 6 13 22 16 22 6 15 22 17 18
split_gain=187.368 72.5558 49.8588 34.8084 35.0519 31.5415 31.0553 30.6222 28.571 16.4325 22.8845 10.1026 5.77473 5.16168 1.08015
threshold=701.50000000000011 262.50000000000006 20.46577800900668 0.9193901325473397 -0.11692317777808843 0.99958851518450398 0.89418241677117039 0.8235609847498907 16.350000000000005 1.0185356811665678 -0.54219087765047058 836.50000000000011 0.97045461389889065 103.50000000000001 64.687500000000014
decision_type=2 2 2 2 2 2 2 2 2 2 2 2 2 2 2
left_child=1 2 8 7 -5 -4 9 -3 -1 10 -2 12 -8 -11 -13
right_child=6 3 5 4 -6 -7 11 -9 -10 13 -12 14 -14 -15 -16
leaf_value=9.301000259148984e-05 0.0013864256038552737 0.00060657468209724958 -0.00053223961361931194 -0.0024429535893861934 0.00030975377945710315 -0.0052414348819110031 0.0018780319899624699 0.00089513887006368589 0.0071896178510896776 0.00022113038262404629 -0.00016450120892461397 0.0042841607432620443 0.0020622347672695994 0.001114513488330643 0.0035537522527473277
leaf_weight=1459 2231 14489 49254 2082 3510 473 565 11480 1464 99 446 367 374 189 45
leaf_count=1459 2231 14489 49254 2082 3510 473 565 11480 1464 99 446 367 374 189 45
internal_value=0.000450992 -6.97652e-05 -0.00120608 0.00182583 -0.0017525 -0.00157912 0.0106117 0.00259636 0.00514027 0.00774874 0.00652783 0.0168949 0.0140309 0.0190972 0.0234223
internal_weight=88527 84211 52650 31561 5592 49727 4316 25969 2923 2965 2677 1351 939 288 412
internal_count=88527 84211 52650 31561 5592 49727 4316 25969 2923 2965 2677 1351 939 288 412
is_linear=0
shrinkage=0.05


Tree=57
num_leaves=16
num_cat=0
split_feature=15 15 0 22 6 13 6 19 5 16 20 18 15 22 17
split_gain=175.115 68.7981 44.3766 35.1072 35.4721 32.041 29.7845 24.5644 24.8134 24.4749 23.2654 16.2298 9.81719 5.50648 1.56202
threshold=701.50000000000011 226.50000000000003 20.46577800900668 1.0439717433682956 -0.77243990499604276 0.8985070022694821 0.99958851518450398 28.406250000000004 -0.63921128368950708 15.350000000000003 1.1156250000000003 31.812500000000004 825.50000000000011 0.98744854199646437 165.50000000000003
decision_type=2 2 2 2 2 2 2 2 2 2 2 2 2 2 2
left_child=1 2 9 4 -3 7 -4 11 -9 -1 -5 -2 13 -7 -14
right_child=5 3 6 10 -6 12 -8 8 -10 -11 -12 -13 14 -15 -16
leaf_value=-0.00010433391261547992 0.00095403771584763326 0.0013864132574199384 -0.00055607469957190685 -0.00032376199610019142 7.8605974036263793e-05 0.0019447335073950051 -0.0049153916113705903 -0.00041236256798069529 0.00081869562696162143 0.0070280739529577085 0.0037223875290642947 0.0015793185774260643 0.0035227805338702068 0.0019591230289061181 0.0049439591285443457
leaf_weight=1410 1220 12764 44703 129 22585 632 478 206 248 1542 451 1363 390 178 90
leaf_count=1410 1220 12764 44703 129 22585 632 478 206 248 1542 451 1363 390 178 90
internal_value=0.000526932 2.20076e-05 -0.00121382 0.00167761 0.00147741 0.0103363 -0.00160189 0.0075321 -0.00319383 0.00472561 0.0138793 0.00941734 0.016938 0.0135802 0.0226042
internal_weight=88389 84062 48133 35929 35349 4327 45181 3037 454 2952 580 2583 1290 810 480
internal_count=88389 84062 48133 35929 35349 4327 45181 3037 454 2952 580 2583 1290 810 480
is_linear=0
shrinkage=0.05


Tree=58
num_leaves=16
num_cat=0
split_feature=15 22 13 17 6 13 19 5 13 5 0 15 6 22 17
split_gain=171.241 66.7562 55.4947 40.1708 33.676 30.3343 22.3594 22.7949 21.8339 15.9103 14.5152 10.6228 9.87344 5.69186 1.97165
threshold=701.50000000000011 0.82028036449317432 0.8600371003894941 157.50000000000003 0.99958851518450398 0.89418241677117039 28.406250000000004 -0.63921128368950708 0.26483596453114006 0.39036257410962044 418.68125936308797 836.50000000000011 0.99999537620422141 0.97045461389889065 160.50000000000003
decision_type=2 2 2 2 2 2 2 2 2 2 2 2 2 2 2
left_child=1 4 3 -3 8 6 9 -8 -1 -2 -4 13 -6 -7 -13
right_child=5 2 10 -5 12 11 7 -9 -10 -11 -12 14 -14 -15 -16
leaf_value=-0.0012461431202799385 0.0020885528471971506 6.3561419051250131e-05 0.0018877566603418495 0.0020687835962007544 -0.0055832557695601887 0.0016977570329673787 -0.0005267844683308154 0.00074763882371217118 -0.00013600101693501954 0.00055353093718886752 0.0014733138944465431 0.0038424242824042 -0.00031695926212534922 0.0018642096945765962 0.0046741277983797904
leaf_weight=15013 1219 19763 991 4258 385 607 206 230 41899 1275 1828 361 129 392 70
leaf_count=15013 1219 19763 991 4258 385 607 206 230 41899 1275 1828 361 129 392 70
internal_value=0.000486877 -1.30539e-05 0.00204545 0.0012666 -0.000975168 0.0101491 0.00723549 -0.00321101 -0.0008601 0.00906175 0.00868216 0.0161189 -0.013716 0.0132883 0.0226798
internal_weight=88626 84266 26840 24021 57426 4360 2930 436 56912 2494 2819 1430 514 999 431
internal_count=88626 84266 26840 24021 57426 4360 2930 436 56912 2494 2819 1430 514 999 431
is_linear=0
shrinkage=0.05


Tree=59
num_leaves=15
num_cat=0
split_feature=15 16 13 15 1 22 6 5 13 19 6 5 13 18
split_gain=157.048 55.5673 42.1243 30.3519 30.2512 22.6999 22.6196 20.69 14.4404 18.7959 10.242 7.18533 2.71978 1.45302
threshold=701.50000000000011 53.850000000000001 0.83951975537793988 844.50000000000011 72.199532110008334 0.92965703268743416 0.99958851518450398 0.92602006027323147 0.89418241677117039 28.831250000000004 0.99999537620422141 -0.031173458710879235 0.73607884938918511 31.812500000000004
decision_type=2 2 2 2 2 2 2 2 2 2 2 2 2 2
left_child=1 6 4 8 -3 -4 7 -1 9 -2 -8 -10 -5 -14
right_child=3 2 5 12 -6 -7 10 -9 11 -11 -12 -13 13 -15
leaf_value=-0.00056607690077168239 0.00091299664214291036 0.0022156712722121831 0.0012584965064003683 0.002334585038564191 3.0254210500012259e-05 0.0011700534187827905 -0.0053040929810821789 -0.0019866011180415893 0.001113004771430931 -0.00020072725422434214 -0.00012086837742627949 0.0023243329890144993 0.004474456795400478 0.0030078043992962378
leaf_weight=25771 2387 2980 4334 42 45544 2166 340 2629 394 338 116 629 351 89
leaf_count=25771 2387 2980 4334 42 45544 2166 340 2629 394 338 116 629 351 89
internal_value=0.000469867 -4.17263e-06 0.000927777 0.00986998 0.000421441 0.00470769 -0.00178126 -0.00160387 0.00835112 0.00644954 -0.0128289 0.0134164 0.0216805 0.0228409
internal_weight=88110 83880 55024 4230 48524 6500 28856 28400 3748 2725 456 1023 482 440
internal_count=88110 83880 55024 4230 48524 6500 28856 28400 3748 2725 456 1023 482 440
is_linear=0
shrinkage=0.05


Tree=60
num_leaves=16
num_cat=0
split_feature=15 9 22 13 13 6 5 6 5 19 5 22 5 5 0
split_gain=139.052 53.1791 41.4358 50.3342 29.7106 29.3478 41.7192 27.0894 16.8192 16.0087 15.983 13.7106 13.3939 13.2477 4.08144
threshold=701.50000000000011 0.30874939122456702 0.81741378932962561 0.8600371003894941 0.89418241677117039 0.93469109537144635 0.26866988313759588 0.7487283477006671 0.88220160189607266 28.406250000000004 0.39036257410962044 0.97465609334504777 -0.30983472475487867 -0.63921128368950708 639.73399316625466
decision_type=2 2 2 2 2 2 2 2 2 2 2 2 2 2 2
left_child=1 5 8 -4 9 7 -7 -1 -3 10 -2 12 -6 -11 -13
right_child=4 2 3 -5 11 6 -8 -9 -10 13 -12 14 -14 -15 -16
leaf_value=-0.0014284924555445777 0.0019384753727301474 2.6698013717413318e-05 0.00030574714734246113 0.0014939575331849254 -0.00043123128391211188 -0.0018926602744405955 -0.0085307157294292699 0.0016049566079837604 -0.0011955589375859084 -0.00035560331380101178 0.00043644077774183113 0.0014524397124046574 0.0022515731059269684 0.00069245014782859664 0.0035605949030180664
leaf_weight=8643 1217 38911 22237 2785 146 2115 657 2028 6619 193 1274 215 651 226 381
leaf_count=8643 1217 38911 22237 2785 146 2115 657 2028 6619 193 1274 215 651 226 381
internal_value=0.000465469 1.637e-05 0.00056554 0.00220006 0.00923193 -0.0028658 -0.00744949 -0.0016751 -0.000332748 0.00635739 0.00787836 0.0152369 0.0109473 -0.00268496 0.0209732
internal_weight=88298 83995 70552 25022 4303 13443 2772 10671 45530 2910 2491 1393 797 419 596
internal_count=88298 83995 70552 25022 4303 13443 2772 10671 45530 2910 2491 1393 797 419 596
is_linear=0
shrinkage=0.05


Tree=61
num_leaves=16
num_cat=0
split_feature=15 15 22 22 6 6 13 3 19 5 22 19 6 5 0
split_gain=131.13 57.1349 43.2215 39.0911 36.9834 29.119 23.0895 14.9289 11.0904 14.8259 10.9653 10.8897 8.78499 8.12313 3.69544
threshold=752.50000000000011 262.50000000000006 1.0439717433682956 1.1660453931284656 -0.77243990499604276 0.99958851518450398 0.89418241677117039 0.47114434510950071 28.831250000000004 0.84773968378660736 0.9640247933089886 -0.11250000000000002 -0.99761278905001471 -0.30983472475487867 639.73399316625466
decision_type=2 2 2 2 2 2 2 2 2 2 2 2 2 2 2
left_child=1 3 4 5 -3 -1 8 -4 9 -2 13 -5 -10 -8 -12
right_child=6 2 7 11 -6 -7 10 -9 12 -11 14 -13 -14 -15 -16
leaf_value=-0.00041858755860732792 0.0016782555211446283 0.0013087150588528024 0.0035355228837406771 -0.0017686063780306155 4.659477874146556e-05 -0.0043484585164163805 -0.0011272374261501628 0.00029961669984787946 0.0013445580799331003 -0.00016910995873575254 0.0017581031832846095 0.0029653249752508051 -0.0002644722128506416 0.0018365754929440981 0.0031738405051341626
leaf_weight=49844 1079 12602 334 226 20258 500 46 148 64 228 144 1899 147 376 473
leaf_count=49844 1079 12602 334 226 20258 500 46 148 64 228 144 1899 147 376 473
internal_value=0.00044756 0.000115078 0.00173355 -0.000913396 0.00151552 -0.00119379 0.0116054 0.0165975 0.00767457 0.00939174 0.0173484 0.00572941 -0.00296209 0.0111374 0.0215964
internal_weight=88368 85811 33342 52469 32860 50344 2557 482 1518 1307 1039 2125 211 422 617
internal_count=88368 85811 33342 52469 32860 50344 2557 482 1518 1307 1039 2125 211 422 617
is_linear=0
shrinkage=0.05


Tree=62
num_leaves=16
num_cat=0
split_feature=15 16 1 2 13 20 5 6 19 22 5 5 5 9 20
split_gain=125.255 46.442 44.4689 34.3228 31.3356 28.4574 29.0929 20.6782 16.463 14.4845 12.8801 12.8012 12.6785 9.38645 4.9308
threshold=701.50000000000011 17.250000000000004 20.837197457685139 0.42017859465653867 0.89418241677117039 3.4781250000000008 -0.58482361983252518 -0.10837475778693638 28.406250000000004 0.97465609334504777 0.82899317702918729 -0.63921128368950708 -0.18492532721306487 0.66014711285440131 1.4631250000000005
decision_type=2 2 2 2 2 2 2 2 2 2 2 2 2 2 2
left_child=1 5 13 -4 8 6 -1 -7 10 12 -2 -10 -6 -3 -11
right_child=4 2 3 -5 9 7 -8 -9 11 14 -12 -13 -14 -15 -16
leaf_value=0.00075386299020425984 0.0014752799445797633 0.0071566143347059526 -0.0002489479418713858 0.00050181108283259561 -7.7762076032883432e-05 -0.0033423134315049593 -0.0013347345395383016 -0.0010869216548469126 -0.00032436507712131917 0.00087592514251407796 3.8790512538261493e-05 0.00066650686668376369 0.0021467872399109022 0.010933010761899072 0.0022509018020875462
leaf_weight=6657 1882 674 27829 34010 187 1258 10218 3058 200 40 619 226 591 307 567
leaf_count=6657 1882 674 27829 34010 187 1258 10218 3058 200 40 619 226 591 307 567
internal_value=0.000420332 -6.24918e-06 0.000676536 0.000508983 0.00873145 -0.00203034 -0.0011037 -0.00565338 0.00579945 0.0149278 0.00734706 -0.00328638 0.0104113 0.0112385 0.0207166
internal_weight=88323 84011 62820 61839 4312 21191 16875 4316 2927 1385 2501 426 778 981 607
internal_count=88323 84011 62820 61839 4312 21191 16875 4316 2927 1385 2501 426 778 981 607
is_linear=0
shrinkage=0.05


Tree=63
num_leaves=16
num_cat=0
split_feature=15 22 13 15 6 17 22 13 13 22 6 16 13 19 22
split_gain=117.566 46.4753 36.308 33.5031 26.6309 25.0031 19.3017 14.9241 14.093 12.152 8.92187 3.72571 2.71952 1.86985 0.885426
threshold=701.50000000000011 0.72945228502315185 0.87045635881644057 844.50000000000011 0.99958851518450398 160.50000000000003 0.92489911692658977 0.26483596453114006 0.92476537136692527 0.9640247933089886 0.99999537620422141 610.55000000000007 0.88163982510626748 22.968750000000004 0.97465609334504777
decision_type=2 2 2 2 2 2 2 2 2 2 2 2 2 2 2
left_child=1 4 5 8 7 -3 -4 -1 9 -2 -6 -10 13 -5 -14
right_child=3 2 6 12 10 -7 -8 -9 11 -11 -12 -13 14 -15 -16
leaf_value=-0.0011770536175864849 0.00056850256476178587 2.0086041629630014e-05 0.001213915284003983 0.0055792308002696857 -0.004688303106782166 0.001584935223914047 0.0015037482445701912 -0.00015421897777578299 0.0038145183840576306 0.00070554328224770035 -1.2243128035907547e-05 0.0021693601862936922 0.0021364507652478215 0.0018092892572905363 0.00391968958060786
leaf_weight=13046 1824 24895 1598 67 363 8543 1578 33859 95 1521 123 428 117 57 264
leaf_count=13046 1824 24895 1598 67 363 8543 1578 33859 95 1521 123 428 117 57 264
internal_value=0.000439589 2.35105e-05 0.0013615 0.00843243 -0.00101021 0.000876249 0.0064704 -0.000889564 0.00685109 0.0056577 -0.0126543 0.0144837 0.0205446 0.0141129 0.0226378
internal_weight=88378 84005 36614 4373 47391 33438 3176 46905 3868 3345 486 523 505 124 381
internal_count=88378 84005 36614 4373 47391 33438 3176 46905 3868 3345 486 523 505 124 381
is_linear=0
shrinkage=0.05


Tree=64
num_leaves=16
num_cat=0
split_feature=15 22 13 17 6 13 22 5 5 13 19 6 22 5 2
split_gain=104.691 49.4936 38.4019 32.3669 28.7294 22.6145 19.0165 14.4555 22.9277 13.7708 12.3601 8.93968 7.78825 8.24711 2.92824
threshold=752.50000000000011 0.72703062011406672 0.8669107597602097 140.50000000000003 0.99958851518450398 0.90337385538548387 0.93376174617818641 0.82899317702918729 0.89017062131308955 0.26483596453114006 28.831250000000004 0.99999537620422141 0.96596581511648949 -0.18492532721306487 0.79133478117177269
decision_type=2 2 2 2 2 2 2 2 2 2 2 2 2 2 2
left_child=1 4 3 -3 9 7 -4 10 -9 -1 -2 -6 13 -7 -14
right_child=5 2 6 -5 11 12 -8 8 -10 -11 -12 -13 14 -15 -16
leaf_value=-0.0011741530096554252 0.0014501815748252545 -4.8409085899961403e-05 0.0010794428256843235 0.0012256319972234365 -0.0046958899533081945 -0.00028684468493765382 0.0011599484051338094 -0.00065439844692711808 0.0006836388108216574 -0.00018464059888933517 -9.0620184998557729e-05 -0.00011264125029795957 0.0016426852784136082 0.0020369168437880947 0.0030153004895996124
leaf_weight=13035 1161 23054 1989 11680 355 68 1925 129 110 33648 232 113 75 322 436
leaf_count=13035 1161 23054 1989 11680 355 68 1925 129 110 33648 232 113 75 322 436
internal_value=0.000354911 5.91499e-05 0.00138558 0.000856509 -0.00102808 0.0103731 0.00608074 0.00686275 -0.00449791 -0.000904505 0.00881192 -0.0133547 0.0167314 0.0114103 0.0207926
internal_weight=88332 85799 38648 34734 47151 2533 3914 1632 239 46683 1393 468 901 390 511
internal_count=88332 85799 38648 34734 47151 2533 3914 1632 239 46683 1393 468 901 390 511
is_linear=0
shrinkage=0.05


Tree=65
num_leaves=16
num_cat=0
split_feature=15 22 17 22 6 13 5 5 5 6 22 6 5 22 18
split_gain=98.2914 46.6194 45.4397 36.4788 26.0278 23.5861 20.1061 14.692 18.4279 13.1146 10.4246 9.85531 8.04254 11.2419 5.5013
threshold=752.50000000000011 0.8235609847498907 167.50000000000003 1.0261534176440932 0.99958851518450398 0.90337385538548387 0.87397152483179585 0.82899317702918729 0.89017062131308955 -0.96234030595689413 0.98744854199646437 0.99999537620422141 -0.16799356919963607 0.98195824785577879 36.937500000000007
decision_type=2 2 2 2 2 2 2 2 2 2 2 2 2 2 2
left_child=1 4 3 -3 6 7 -1 10 -9 -4 -2 -6 13 -7 -14
right_child=5 2 9 -5 11 12 -8 8 -10 -11 -12 -13 14 -15 -16
leaf_value=-0.00013056099526292386 0.00068494089917233716 -7.6322267415041003e-05 0.0030387573867074222 0.00097025078864023675 -0.0042318293214244377 -0.00042954299367613529 -0.0012499416854527164 -0.00058269932622850298 0.00061168542929289924 0.0016994607461015222 0.0019585986264918031 -5.9989091192147466e-06 0.002365792306568304 0.0010800399221718661 0.0022545723653123908
leaf_weight=48855 1011 16564 822 6379 374 96 8364 133 122 4272 390 134 439 76 305
leaf_count=48855 1011 16564 822 6379 374 96 8364 133 122 4272 390 134 439 76 305
internal_value=0.000361121 7.22914e-05 0.00174502 0.000796539 -0.000740122 0.00999222 -0.000640085 0.00643116 -0.00460784 0.00601688 0.0084404 -0.0120079 0.0164301 0.00668605 0.0186828
internal_weight=88336 85764 28037 22943 57727 2572 57219 1656 255 5094 1401 508 916 172 744
internal_count=88336 85764 28037 22943 57727 2572 57219 1656 255 5094 1401 508 916 172 744
is_linear=0
shrinkage=0.05


Tree=66
num_leaves=16
num_cat=0
split_feature=15 22 6 5 19 9 21 5 13 6 5 22 5 16 18
split_gain=85.2504 42.4461 46.7586 45.8413 45.5715 55.4777 41.7307 33.1601 24.1341 14.5647 20.264 16.006 5.64497 3.14778 2
threshold=752.50000000000011 0.37548407383964755 0.097680735332368748 -0.95754239937548935 2.193750000000001 0.39408196235930854 1.0000000180025095e-35 -0.63921128368950708 0.92476537136692527 -0.57077231802681661 0.89017062131308955 0.98744854199646437 -0.16799356919963607 737.90000000000009 32.812500000000007
decision_type=2 2 2 2 2 2 2 2 2 2 2 2 2 2 2
left_child=1 2 6 -4 5 -3 -1 -6 9 11 -11 -2 14 -14 -10
right_child=8 4 3 -5 7 -7 -8 -9 12 10 -12 -13 13 -15 -16
leaf_value=0.0067171671650113176 0.00069751574724382097 -0.0060187189176400925 0.0034932096539253069 -0.00048300861454388393 -0.00023860624219887439 0.00021749373875877833 -0.0020486738032450187 0.00053133205950964821 0.0011848038424290943 -0.00035538250701117047 0.00053952141337456629 0.0015065490183843345 0.002880430256348804 0.0029882106313589285 1.4772999404677468e-05
leaf_weight=492 1199 1249 1078 12535 18827 1720 6284 43765 40 148 133 460 139 367 50
leaf_count=492 1199 1249 1078 12535 18827 1720 6284 43765 40 148 133 460 139 367 50
internal_value=0.00036955 0.000102967 -0.0018895 -0.000200176 0.000722609 -0.00533008 -0.00528335 0.00100971 0.00940457 0.00670103 -0.00382562 0.00848403 0.0182047 0.0202569 0.00666667
internal_weight=88486 85950 20389 13613 65561 2969 6776 62592 2536 1940 281 1659 596 506 90
internal_count=88486 85950 20389 13613 65561 2969 6776 62592 2536 1940 281 1659 596 506 90
is_linear=0
shrinkage=0.05


Tree=67
num_leaves=16
num_cat=0
split_feature=15 16 1 2 13 20 22 3 17 22 9 9 22 4 22
split_gain=83.5562 37.5957 42.6734 30.3704 25.6927 23.2566 32.5728 25.6032 12.9668 17.5219 10.1813 8.05119 4.94049 2.66401 2.42855
threshold=752.50000000000011 18.150000000000002 20.837197457685139 0.44915413839537188 0.90337385538548387 1.8356250000000005 0.20604586977211983 1.0000000180025095e-35 103.50000000000001 0.98744854199646437 0.63207661403669546 0.74445345375089367 0.98997305079739462 -0.95642797789208689 0.9640247933089886
decision_type=2 2 2 2 2 2 2 2 2 2 2 2 2 2 2
left_child=1 5 10 -4 8 7 -7 -1 13 -10 -3 12 -6 -2 -13
right_child=4 2 3 -5 11 6 -8 -9 9 -11 -12 14 -14 -15 -16
leaf_value=0.0014937167149871589 -0.0001269756577165826 0.0078585142197092565 -0.0002256250936316373 0.00046144711247234071 0.00093654015596767457 -0.0020593839460307573 -0.00059515503998549689 -0.0010731243266366875 0.00047612411241569342 0.001204415113840185 0.009150001170526759 0.0017437578966359307 0.0013745352317666827 -0.00048713857991793401 0.0030551596467073838
leaf_weight=5253 69 634 29980 33150 326 2949 5544 7920 1089 479 346 168 118 44 295
leaf_count=5253 69 634 29980 33150 326 2949 5544 7920 1089 479 346 168 118 44 295
internal_value=0.000325359 5.82914e-05 0.000666823 0.000506099 0.00917697 -0.00174236 -0.00378253 -0.00042701 0.00551755 0.00669643 0.0110204 0.0159592 0.0111486 -0.0108407 0.0205724
internal_weight=88364 85776 64110 63130 2588 21666 8493 13173 1681 1568 980 907 444 113 463
internal_count=88364 85776 64110 63130 2588 21666 8493 13173 1681 1568 980 907 444 113 463
is_linear=0
shrinkage=0.05


Tree=68
num_leaves=16
num_cat=0
split_feature=15 9 5 5 22 4 17 5 13 19 5 5 15 5 13
split_gain=70.7677 35.1248 33.451 33.0954 33.0147 42.228 39.8774 30.4092 29.6501 18.9172 24.0775 16.3097 9.35934 5.69532 3.21261
threshold=701.50000000000011 0.24225393111440596 0.36648264796514479 0.20180702842483325 1.0293035629528646 -0.55557023301960251 115.50000000000001 0.96234642434711437 0.90337385538548387 27.518750000000008 -0.63921128368950708 0.82899317702918729 836.50000000000011 0.17646842360078763 0.92476537136692527
decision_type=2 2 2 2 2 2 2 2 2 2 2 2 2 2 2
left_child=1 2 3 -1 6 -6 -3 -4 9 11 -11 -2 13 -10 -14
right_child=8 4 7 -5 5 -7 -8 -9 12 10 -12 -13 14 -15 -16
leaf_value=-0.001705608099966527 0.0011772177386154437 -0.00033850453320620965 0.0019299492891426851 -0.0070589711371050329 0.0025226559774799099 0.00024181496321353804 0.00046555140529393473 -0.0019405360370299239 0.00076824583326223219 -0.00040026185915035818 0.00056903208811099335 -5.2393315344262392e-05 0.00094507626535159095 0.0016225076415389422 0.0031525040823797701
leaf_weight=4738 1917 36088 1573 749 1794 3876 34746 552 441 251 314 640 93 372 263
leaf_count=4738 1917 36088 1573 749 1794 3876 34746 552 441 251 314 640 93 372 263
internal_value=0.000267796 -5.17143e-05 -0.00329086 -0.00535356 0.000270574 0.0039418 -2.32939e-05 0.00203529 0.00653111 0.00398783 -0.00429204 0.00581736 0.0133234 0.0103629 0.0200843
internal_weight=88407 84116 7612 5487 76504 5670 70834 2125 4291 3122 565 2557 1169 813 356
internal_count=88407 84116 7612 5487 76504 5670 70834 2125 4291 3122 565 2557 1169 813 356
is_linear=0
shrinkage=0.05


Tree=69
num_leaves=16
num_cat=0
split_feature=15 22 13 17 13 6 12 5 22 19 9 18 3 5 18
split_gain=70.0073 37.6264 43.5472 31.7293 23.7232 23.2932 15.9538 13.571 23.3421 22.9023 8.83447 8.79438 7.6301 6.34806 3.78587
threshold=752.50000000000011 0.81741378932962561 0.87764564947841051 140.50000000000003 0.90718133324457739 0.99958851518450398 226.65000000000003 0.76696112484652035 0.98744854199646437 17.793750000000006 0.59717010861829845 18.437500000000004 0.47114434510950071 -0.16799356919963607 38.437500000000007
decision_type=2 2 2 2 2 2 2 2 2 2 2 2 2 2 2
left_child=1 5 3 -3 7 6 -1 8 -2 -9 14 -4 -7 -12 -6
right_child=4 2 11 -5 10 12 -8 9 -10 -11 13 -13 -14 -15 -16
leaf_value=-0.00051095692441438805 0.00051119881967777176 -2.7633741869864671e-05 0.0012319635460758039 0.001140588473657675 0.00089421516082643926 -0.0021992157376608357 0.00040656910386727141 0.0014440844133533804 0.0022300138721647353 -0.00023295627503236438 0.00072983354159912312 0.0011232511554844977 -0.0045889794604023898 0.0024742058212965548 -0.0010247145924685787
leaf_weight=42705 1008 19422 686 6574 40 354 13991 115 284 334 113 2006 149 647 46
leaf_count=42705 1008 19422 686 6574 40 354 13991 115 284 334 113 2006 149 647 46
internal_value=0.000216448 -2.76526e-05 0.00145008 0.000823204 0.00832045 -0.000768807 -0.000673769 0.00498277 0.00758514 -0.00250557 0.0151891 0.00750371 -0.0114811 0.0169079 0
internal_weight=88474 85887 28688 25996 2587 57199 56696 1741 1292 449 846 2692 503 760 86
internal_count=88474 85887 28688 25996 2587 57199 56696 1741 1292 449 846 2692 503 760 86
is_linear=0
shrinkage=0.05


Tree=70
num_leaves=16
num_cat=0
split_feature=13 22 6 5 5 6 22 5 12 5 5 9 6 9 12
split_gain=56.2083 45.1296 29.847 100.102 29.5074 37.6657 27.8743 26.7701 23.2192 21.969 10.7884 12.8667 10.1703 7.34174 5.21364
threshold=0.8600371003894941 0.83549863003069225 0.93469109537144635 0.26866988313759588 0.96687895796550427 -0.16799793862756093 0.9774438566559257 -0.32614396506100213 619.05000000000007 0.3504237462291826 -0.082689790342551819 0.80769463549941889 -0.99938741687870725 0.59717010861829845 13.350000000000001
decision_type=2 2 2 2 2 2 2 2 2 2 2 2 2 2 2
left_child=2 10 4 7 6 -6 -1 -4 12 -5 14 -12 -3 -10 -2
right_child=1 8 3 9 5 -7 -8 -9 13 -11 11 -13 -14 -15 -16
leaf_value=4.5218632115973104e-05 0.017545131722583034 0.0015562126797470323 -0.007106669823437866 -0.011234130813587644 -0.0033672969023709146 -0.00025367585793941442 0.00073358130792780529 -3.0358633805910309e-05 0.00089401185246285606 -0.00028426141700361036 -0.0018152725853493147 0.0080699482381887625 0.00063067448042503646 0.0030972417010687037 0.0014907445914098538
leaf_weight=59114 53 203 152 787 1255 5512 7383 5041 85 166 2045 138 3973 447 2068
leaf_count=59114 53 203 152 787 1255 5512 7383 5041 85 166 2045 138 3973 447 2068
internal_value=0.000330235 0.00407235 -9.44465e-05 -0.00344126 0.000186313 -0.00295921 0.000506414 -0.000707683 0.0074554 -0.0183368 0.000371747 -0.00209574 0.00620211 0.0172932 0.00291136
internal_weight=88422 9012 79410 6146 73264 6767 66497 5193 4708 953 4304 2183 4176 532 2121
internal_count=88422 9012 79410 6146 73264 6767 66497 5193 4708 953 4304 2183 4176 532 2121
is_linear=0
shrinkage=0.05


Tree=71
num_leaves=16
num_cat=0
split_feature=13 22 17 5 19 22 19 12 5 4 6 0 9 5 5
split_gain=58.6936 50.7444 30.7793 29.1042 42.9091 27.8988 26.7656 21.4247 20.1639 20.0618 10.1969 9.90389 9.49716 6.08749 1.15751
threshold=0.8600371003894941 0.83549863003069225 100.50000000000001 0.86548282553247169 20.431250000000006 1.0383239818484784 2.4562500000000003 619.05000000000007 0.96687895796550427 -0.55557023301960251 -0.99938741687870725 10.612183378598129 0.80769463549941889 0.17646842360078763 -0.21861968191509915
decision_type=2 2 2 2 2 2 2 2 2 2 2 2 2 2 2
left_child=2 11 5 6 -5 8 -4 10 -1 -7 -3 14 -13 -9 -2
right_child=1 7 3 4 -6 9 -8 13 -10 -11 -12 12 -14 -15 -16
leaf_value=-0.00044571473280113352 0.014617421482068339 0.0015303561953037505 -0.00369919059693975 -0.00026889651027368899 -0.0020556524862382019 0.0029700366426803019 0.00063615039979994655 0.0018495584419543354 -0.0010113776707757177 0.00013276267246221108 0.00064716855926743591 -0.000417993463430838 0.0077043583980342173 0.0029594203572418545 0.016797257572100464
leaf_weight=32648 51 199 880 8103 524 1247 30654 227 1999 3431 4014 4043 143 319 50
leaf_count=32648 51 199 880 8103 524 1247 30654 227 1999 3431 4014 4043 143 319 50
internal_value=0.000251886 0.0040681 -0.000182422 0.00079119 -0.0017822 -0.00117673 0.00149521 0.0076224 -0.00166609 0.00244763 0.00641467 0.000122463 -0.000250836 0.0169414 0.0155941
internal_weight=88532 9046 79486 40161 8627 39325 31534 4759 34647 4678 4213 4287 4186 546 101
internal_count=88532 9046 79486 40161 8627 39325 31534 4759 34647 4678 4213 4287 4186 546 101
is_linear=0
shrinkage=0.05


Tree=72
num_leaves=16
num_cat=0
split_feature=15 6 9 3 19 13 20 5 22 5 6 5 3 17 18
split_gain=54.8082 30.5867 28.0543 28.0721 24.5333 22.1331 13.3156 17.4435 8.88476 8.15644 7.03357 5.84919 5.0675 4.37455 4.05719
threshold=752.50000000000011 0.99958851518450398 0.72841921524966591 0.41248606129204562 6.481250000000002 0.90337385538548387 4.0631250000000012 0.76696112484652035 0.97465609334504777 -0.18492532721306487 0.99999537620422141 -0.0053757284505435614 0.47114434510950071 121.50000000000001 37.687500000000007
decision_type=2 2 2 2 2 2 2 2 2 2 2 2 2 2 2
left_child=1 2 3 -1 -4 6 7 -2 9 -7 11 -3 -12 -10 -8
right_child=5 10 4 -5 -6 8 14 -9 13 -11 12 -13 -14 -15 -16
leaf_value=0.00022909513379625881 0.00073471615573767477 -0.0017287180027701925 0.0025012371186182714 -0.00041769479361778719 0.00038538161048995434 -0.00051458877371654836 0.0032985636272377218 -0.00016911849844622462 0.00069315843423580772 0.0011648420228573375 0.0013049702901474143 -0.0053708864197251826 -0.0050311046706166297 0.002895393736561508 0.0024394267571416998
leaf_weight=45689 1154 142 618 31634 7545 76 92 370 141 402 102 230 50 280 43
leaf_count=45689 1154 142 618 31634 7545 76 92 370 141 402 102 230 50 280 43
internal_value=0.000234848 2.03465e-05 9.41675e-05 -0.000200135 0.00288191 0.00744722 0.00402351 0.00269029 0.0137653 0.00910042 -0.0120229 -0.0157258 -0.00296053 0.0190618 0.0190741
internal_weight=88568 86010 85486 77323 8163 2558 1659 1524 899 478 524 372 152 421 135
internal_count=88568 86010 85486 77323 8163 2558 1659 1524 899 478 524 372 152 421 135
is_linear=0
shrinkage=0.05


Tree=73
num_leaves=16
num_cat=0
split_feature=15 9 22 4 5 13 5 5 5 22 19 6 9 6 15
split_gain=52.9993 32.5013 29.7041 39.672 36.7541 23.657 20.566 56.852 15.2196 27.7747 22.9461 12.7796 9.72432 7.43432 2.16446
threshold=752.50000000000011 0.30874939122456702 1.0261534176440932 -0.55557023301960251 0.86548282553247169 0.93202413080297275 0.3504237462291826 0.28519915169571858 0.76696112484652035 0.98997305079739462 17.793750000000006 0.42763731121559989 0.68978564661902164 -0.89404254237865755 844.50000000000011
decision_type=2 2 2 2 2 2 2 2 2 2 2 2 2 2 2
left_child=1 6 4 -4 -3 8 7 -1 9 -2 -10 -8 13 -7 -14
right_child=5 2 3 -5 -6 12 11 -9 10 -11 -12 -13 14 -15 -16
leaf_value=-0.0012419220385569676 0.00042761772484676831 0.00021902337835281728 0.0020259894135888357 0.00023069648931249299 -0.00061041635336830935 -0.00021883983603293025 -0.00077083960643969734 -0.011316999801878603 0.0010721363700694959 0.0015865375542346738 -0.00021861957440857949 0.0012755674258835116 0.0017540920019091133 0.0016073386569092048 0.0030035013889319231
leaf_weight=8364 1219 55537 1929 3945 10931 78 2778 484 122 312 348 1833 241 56 169
leaf_count=8364 1219 55537 1929 3945 10931 78 2778 484 122 312 348 1833 241 56 169
internal_value=0.000187898 -2.30184e-05 0.000396727 0.0038049 9.55347e-05 0.00729862 -0.00227914 -0.0036901 0.00478511 0.00720118 -0.00308511 0.000428324 0.0165441 0.00485075 0.0203659
internal_weight=88346 85801 72342 5874 66468 2545 13459 8848 2001 1531 470 4611 544 134 410
internal_count=88346 85801 72342 5874 66468 2545 13459 8848 2001 1531 470 4611 544 134 410
is_linear=0
shrinkage=0.05


Tree=74
num_leaves=15
num_cat=0
split_feature=15 22 17 4 12 22 19 12 5 9 18 12 9 12
split_gain=53.5661 33.6776 37.6635 36.6776 40.3658 32.8861 23.3642 22.4147 12.2846 11.0176 10.8215 5.1796 2.28897 0.921939
threshold=825.50000000000011 0.96596581511648949 168.50000000000003 -0.91037613702198739 33.150000000000006 0.8417715024145862 25.181250000000006 121.95 0.76696112484652035 0.72367906349764 36.062500000000007 380.55000000000001 0.68978564661902164 580.35000000000014
decision_type=2 2 2 2 2 2 2 2 2 2 2 2 2 2
left_child=1 2 6 7 -5 -4 -1 -3 10 -10 12 -12 -2 -11
right_child=8 3 5 4 -6 -7 -8 -9 9 13 11 -13 -14 -15
leaf_value=-0.00030045723569456094 0.00074115737362364102 -0.00064856642752044726 0.00023287078110322825 0.0020765445926522741 -0.0001377093389468176 0.0015854268634955815 -0.00064945411672257545 0.00086893659578514144 0.00062230750488413982 -0.00020982559732200535 -0.0056926291829695001 0.0014865428016657967 0.0028533263194853277 -6.2340093499119176e-05
leaf_weight=49600 105 496 17872 3780 6743 4467 2504 2045 54 41 43 205 349 42
leaf_count=49600 105 496 17872 3780 6743 4467 2504 2045 54 41 43 205 349 42
internal_value=0.000209404 8.885e-05 -0.000322058 0.00243034 0.00112848 0.00139554 -0.00105846 0.00782172 0.0127831 -0.000912409 0.0154558 0.00705645 0.0200441 -0.0123494
internal_weight=88346 87507 74443 13064 10523 22339 52104 2541 839 137 702 248 454 83
internal_count=88346 87507 74443 13064 10523 22339 52104 2541 839 137 702 248 454 83
is_linear=0
shrinkage=0.05


Tree=75
num_leaves=14
num_cat=0
split_feature=15 9 22 4 21 6 5 6 5 18 9 9 9
split_gain=45.8914 30.4267 28.6145 39.6252 39.1134 21.6053 35.8092 23.6615 11.6583 10.4023 7.80668 4.79221 3.5308
threshold=825.50000000000011 0.30874939122456702 0.97465609334504777 -0.91037613702198739 0.94928068236970697 0.93469109537144635 0.26866988313759588 0.7487283477006671 0.76696112484652035 36.062500000000007 0.73676090908146696 0.73676090908146696 0.68978564661902164
decision_type=2 2 2 2 2 2 2 2 2 2 2 2 2
left_child=1 5 4 -4 -3 7 -7 -1 9 12 -10 -11 -2
right_child=8 2 3 -5 -6 6 -8 -9 10 11 -12 -13 -14
leaf_value=-0.0010377314259872622 0.00065883275746778667 0.00018241867989760575 0.00088904032882820285 0.00027713754530815925 -0.00061574461065365686 -0.001279969226824769 -0.0061322133566608737 0.0017492006129597949 0.00062961240452240059 0.000312386842301049 -0.00019821438117888503 0.0018537912174401594 0.0026507900859163384
leaf_weight=8722 101 58963 2078 8859 4231 2132 647 2028 55 164 73 83 358
leaf_count=8722 101 58963 2078 8859 4231 2132 647 2028 55 164 73 83 358
internal_value=0.00025708 0.000146019 0.000543969 0.00290528 0.000135298 -0.00203452 -0.00596438 -0.0010186 0.0119305 0.0144476 -0.00195312 0.00617409 0.0188998
internal_weight=88494 87660 74131 10937 63194 13529 2779 10750 834 706 128 247 459
internal_count=88494 87660 74131 10937 63194 13529 2779 10750 834 706 128 247 459
is_linear=0
shrinkage=0.05


Tree=76
num_leaves=16
num_cat=0
split_feature=15 18 19 22 6 3 0 20 5 22 19 17 5 13 20
split_gain=48.4804 28.8293 45.6343 35.9479 32.9932 62.8689 26.0925 23.5507 22.4767 30.6449 27.4117 20.4649 10.1043 4.70801 2.68435
threshold=752.50000000000011 88.937500000000014 1.9062500000000004 0.19987769416013837 -0.79904327102181261 0.47114434510950071 288.30509081593783 1.0993750000000004 0.76696112484652035 0.98744854199646437 17.793750000000006 124.50000000000001 0.89017062131308955 0.74130291629139278 3.4418750000000005
decision_type=2 2 2 2 2 2 2 2 2 2 2 2 2 2 2
left_child=1 4 7 -4 6 -6 -1 -3 9 11 14 -2 -12 -11 -10
right_child=8 2 3 -5 5 -7 -8 -9 10 13 12 -13 -14 -15 -16
leaf_value=-1.5128595415314639e-05 -0.00022051183763405202 -0.0020871519206755256 -0.0015822604295045563 -6.6874841872338617e-05 0.00052011368798604574 -0.00060084575498674524 0.0015853028228538443 -0.0052231700259908172 0.00063264791791127766 0.0026808402787953933 -0.00037732915832989767 0.0010384581095972012 0.00033418797196011488 0.0017341868532017247 0.0017060921004968589
leaf_weight=4011 339 757 3527 33863 22683 13250 7186 672 63 92 253 1253 85 408 75
leaf_count=4011 339 757 3527 33863 22683 13250 7186 672 63 92 253 1253 85 408 75
internal_value=0.000200809 -1.45435e-06 -0.00101046 -0.000675314 0.00082962 9.11418e-05 0.00319952 -0.00977957 0.0069704 0.00920172 -0.00283613 0.0058103 -0.010503 0.02 0.015942
internal_weight=88517 85949 38819 37390 47130 35933 11197 1429 2568 2092 476 1592 338 500 138
internal_count=88517 85949 38819 37390 47130 35933 11197 1429 2568 2092 476 1592 338 500 138
is_linear=0
shrinkage=0.05


Tree=77
num_leaves=15
num_cat=0
split_feature=13 22 6 5 6 1 9 19 13 5 6 20 17 9
split_gain=45.2467 36.2304 23.1435 23.3062 38.3413 23.5628 18.2789 18.5484 13.0438 11.7186 10.7221 10.0053 9.42203 6.58412
threshold=0.8600371003894941 0.93376174617818641 0.99981043035926087 0.96687895796550427 -0.21862536810265826 296.51294338935833 0.75722859489696903 25.843750000000004 0.14373376642773192 0.26866988313759588 0.99611390731392835 2.6693750000000005 202.50000000000003 0.4097876627671459
decision_type=2 2 2 2 2 2 2 2 2 2 2 2 2 2
left_child=2 9 3 5 -5 -1 7 -3 -4 10 -2 -8 -11 -10
right_child=1 6 8 4 -6 -7 11 -9 13 12 -12 -13 -14 -15
leaf_value=-0.00031221517659921487 0.0010443550031933313 0.00062708129360626585 0.0041487982958085257 -0.0041739764712247487 -0.00037416367395608501 0.0003050088110994741 0.0005076344430260338 -0.00033810705099488473 -0.0042870501022420279 -0.0025559602443245826 -0.0079728082499582742 0.0020521232158599244 0.00076512654604284774 -1.8481268461795209e-06
leaf_weight=32338 3474 2376 48 517 6309 39814 328 326 260 1036 76 423 978 53
leaf_count=32338 3474 2376 48 517 6309 39814 328 326 260 1036 76 423 978 53
internal_value=0.000200892 0.00355717 -0.000180554 -0.000122819 -0.00291532 0.000141368 0.00758036 0.00566247 -0.0128116 0.00106039 0.00278873 0.0144807 -0.0019861 -0.0165335
internal_weight=88356 9017 79339 78978 6826 72152 3453 2702 361 5564 3550 751 2014 313
internal_count=88356 9017 79339 78978 6826 72152 3453 2702 361 5564 3550 751 2014 313
is_linear=0
shrinkage=0.05


Tree=78
num_leaves=14
num_cat=0
split_feature=15 18 19 22 3 6 3 20 17 18 22 5 20
split_gain=42.1831 29.9231 41.6168 36.9887 32.6604 56.846 26.2062 21.3006 14.228 11.5642 6.92521 5.15371 2.15177
threshold=825.50000000000011 83.937500000000014 1.9062500000000004 0.32823821919300272 0.2269546835593246 -0.77243990499604276 -0.8814490726585632 3.5543750000000007 113.50000000000001 36.062500000000007 0.95397233167573059 0.77788564761185042 1.6518750000000002
decision_type=2 2 2 2 2 2 2 2 2 2 2 2 2
left_child=1 4 7 -4 6 -6 -1 -3 11 12 -11 -2 -10
right_child=8 2 3 -5 5 -7 -8 -9 9 10 -12 -13 -14
leaf_value=-0.00020522913312470971 0.00036284598380098565 -0.0031047924489777837 -0.001166537042556641 0.00011481006355840707 0.0008386226789509094 -0.00041394315497157166 0.00087731486399574292 -0.0053546071310803106 0.00053351603394898863 -0.00022870706292983379 0.0016730291511638795 -0.0001858075810354465 0.0024607215920435079
leaf_weight=4927 54 1333 9124 32681 5494 15022 18768 222 85 115 144 79 355
leaf_count=4927 54 1333 9124 32681 5494 15022 18768 222 85 115 144 79 355
internal_value=0.000212945 0.000106485 -0.000826799 -0.000528047 0.0010218 -0.000438682 0.00228635 -0.00885852 0.0114183 0.0142704 0.00588803 -0.00357143 0.0192045
internal_weight=88403 87571 43360 41805 44211 20516 23695 1555 832 699 259 133 440
internal_count=88403 87571 43360 41805 44211 20516 23695 1555 832 699 259 133 440
is_linear=0
shrinkage=0.05


Tree=79
num_leaves=16
num_cat=0
split_feature=22 17 6 6 12 20 17 22 19 19 5 6 22 6 20
split_gain=36.9779 56.9352 36.9874 35.3493 57.6317 42.2385 29.213 28.2567 22.2639 29.8095 19.2728 16.8862 16.1295 13.9004 3.82524
threshold=0.96213651982856396 119.50000000000001 -0.70900320270980455 1.0000000180025095e-35 36.45000000000001 1.4806250000000005 168.50000000000003 0.8417715024145862 25.593750000000004 14.893750000000002 0.013976441590891219 0.94636490295939868 0.30687855228892058 0.097680735332368748 1.7106250000000005
decision_type=2 2 2 2 2 2 2 2 2 2 2 2 2 2 2
left_child=6 3 14 4 -2 -5 8 12 9 -1 -10 -4 -8 -9 -3
right_child=1 2 11 5 -6 -7 7 13 10 -11 -12 -13 -14 -15 -16
leaf_value=-0.00069878770811778596 0.0015261804852109706 0.0018585063573588801 0.00070850512798531224 -9.6696669698684295e-05 -0.0003004603337666112 0.0020381350029123196 -0.0028382640868628937 0.0015673862907725656 -0.00089249678380636801 0.00034157042814301488 0.00011110216213415237 -0.012743140285281835 0.00031322749165322851 -0.0020182096350114475 0.002182292844572037
leaf_weight=34930 2368 73 1362 2486 4738 2484 433 4105 1547 14656 809 45 17441 392 697
leaf_count=34930 2368 73 1362 2486 4738 2484 433 4105 1547 14656 809 45 17441 392 697
internal_value=0.000180656 0.00251351 0.00995636 0.00117175 -0.00109063 0.00440644 -0.000266777 0.0012438 -0.000917369 -0.000691728 -0.00566638 0.00513504 0.000352467 0.00478652 0.0187662
internal_weight=88566 14253 2177 12076 7106 4970 74313 22371 51942 49586 2356 1407 17874 4497 770
internal_count=88566 14253 2177 12076 7106 4970 74313 22371 51942 49586 2356 1407 17874 4497 770
is_linear=0
shrinkage=0.05


Tree=80
num_leaves=16
num_cat=0
split_feature=15 6 19 22 18 2 17 13 22 5 18 9 22 19 6
split_gain=40.6944 27.9423 59.9602 37.3378 33.5948 26.7303 18.6392 14.6791 10.5447 7.68979 7.87974 4.84337 2.37005 1.67442 0.363559
threshold=825.50000000000011 -0.77243990499604276 23.981250000000006 1.0439717433682956 93.937500000000014 0.38697915543567413 122.50000000000001 0.93202413080297275 0.41289647178935523 0.75580964594513067 25.937500000000004 0.72367906349764 0.96842285586318577 29.231250000000006 -0.97111920233974802
decision_type=2 2 2 2 2 2 2 2 2 2 2 2 2 2 2
left_child=1 4 3 -3 5 -1 -4 9 -6 10 -2 -11 13 -9 -14
right_child=7 2 6 -5 8 -7 -8 12 -10 11 -12 -13 14 -15 -16
leaf_value=-7.9668149298822718e-05 0.0013112845377211857 -0.00016464084266602509 -0.00085280172821949613 0.0013502995003970121 -0.001242611214923567 0.001144452218436029 -0.00051035369559481738 0.00055787320175957331 0.00016035661706732541 0.00021181856839606606 0.00023799511375765527 -0.00016717592952499862 0.0021247109607439364 0.0006432294733807576 0.0021827354294575163
leaf_weight=4413 234 56669 1362 4298 3057 10004 1387 43 6294 43 175 78 122 43 81
leaf_count=4413 234 56669 1362 4298 3057 10004 1387 43 6294 43 175 78 122 43 81
internal_value=0.000170153 6.62978e-05 -0.000479471 -0.000153772 0.00152937 0.00304328 -0.0077028 0.0112637 -0.000804727 0.00632075 0.00959658 -0.00475207 0.0203287 0.0133721 0.0232759
internal_weight=88303 87484 63716 60967 23768 14417 2749 819 9351 530 409 121 289 86 203
internal_count=88303 87484 63716 60967 23768 14417 2749 819 9351 530 409 121 289 86 203
is_linear=0
shrinkage=0.05


Tree=81
num_leaves=16
num_cat=0
split_feature=13 22 5 6 5 6 16 20 12 16 21 9 19 5 12
split_gain=34.7799 29.7742 20.2675 33.7149 23.8324 22.7146 22.2009 16.8805 13.6679 9.82002 7.88855 7.68912 7.65279 4.53082 2.42355
threshold=0.88163982510626748 0.93376174617818641 0.96687895796550427 -0.21862536810265826 0.96465729447553372 0.93469109537144635 555.95000000000016 3.9818750000000005 630.9000000000002 17.250000000000004 0.18489761566910065 0.61536133439539098 25.843750000000004 -0.031173458710879235 77.550000000000026
decision_type=2 2 2 2 2 2 2 2 2 2 2 2 2 2 2
left_child=2 9 4 7 5 -1 -5 -4 12 11 -11 -2 -3 -10 -6
right_child=1 8 3 6 14 -7 -8 -9 13 10 -12 -13 -14 -15 -16
leaf_value=0.00010999497463715091 -0.00043735766380193636 0.00084188242188181774 -0.0042817188767778408 2.5605621394614309e-05 0.001858853509518868 -0.0012930397024845442 -0.00056255255817730387 -0.0011219661610045375 0.00016654021895035065 0.0091472052887518803 0.0005532291034330034 -0.0036285770091283504 5.0122019731868583e-06 0.0020217770977946194 0.0034461470556508113
leaf_weight=68038 611 1830 307 4768 57 6155 1701 219 46 101 3380 301 410 264 169
leaf_count=68038 611 1830 307 4768 57 6155 1701 219 46 101 3380 301 410 264 169
internal_value=0.000207397 0.00360435 -8.22954e-05 -0.00265547 0.000159569 0.000110186 -0.00166564 -0.0148289 0.00790196 0.00110972 0.00231974 -0.00350877 0.00654018 0.0177419 0.0163717
internal_weight=88357 6943 81414 6995 74419 74193 6469 526 2550 4393 3481 912 2240 310 226
internal_count=88357 6943 81414 6995 74419 74193 6469 526 2550 4393 3481 912 2240 310 226
is_linear=0
shrinkage=0.05


Tree=82
num_leaves=15
num_cat=0
split_feature=15 17 0 6 22 22 16 6 17 18 12 6 20 1
split_gain=33.472 24.1691 32.2409 27.7135 23.3482 21.1315 19.1489 12.99 12.2764 7.91349 4.70525 3.45413 3.30163 1.16267
threshold=825.50000000000011 100.50000000000001 20.46577800900668 0.14888728888808328 0.32823821919300272 1.0439717433682956 15.350000000000003 -0.19337245081799007 113.50000000000001 36.062500000000007 421.9500000000001 -0.78324956448884031 1.6518750000000002 835.68303710168868
decision_type=2 2 2 2 2 2 2 2 2 2 2 2 2 2
left_child=1 2 6 -4 7 -6 -1 -3 11 12 -11 -2 -10 -13
right_child=8 4 3 -5 5 -7 -8 -9 9 10 -12 13 -14 -15
leaf_value=8.4509903974057393e-05 0.0004638520649210998 -0.0022216005062915636 -0.00056039826764737175 2.2514404825564606e-05 0.00031618004876678434 0.0020890543636932213 0.0057738349021130876 0.00031291394806954312 0.00032011269150811206 -0.0040262987022620768 0.0011426650535372341 -0.00025108941927572402 0.0020313508419140648 -4.1220959798193846e-05
leaf_weight=1405 49 1464 17377 21096 43457 239 1554 833 81 50 196 40 367 41
leaf_count=1405 49 1464 17377 21096 43457 239 1554 833 81 50 196 40 367 41
internal_value=0.000224648 0.000130112 -0.0007458 -0.00113261 0.000919162 0.00117745 0.00428354 -0.00399434 0.0102549 0.0128963 0.00569106 -0.00384615 0.0168527 -0.0101852
internal_weight=88249 87425 41432 38473 45993 43696 2959 2297 824 694 246 130 448 81
internal_count=88249 87425 41432 38473 45993 43696 2959 2297 824 694 246 130 448 81
is_linear=0
shrinkage=0.05


Tree=83
num_leaves=15
num_cat=0
split_feature=9 18 6 19 3 22 9 5 13 9 22 20 16 0
split_gain=32.7379 29.0267 49.3924 41.2299 34.9453 26.6621 21.4644 11.9617 8.2547 8.6541 8.18521 7.37307 6.51857 1.79132
threshold=0.79378270001952722 81.812500000000014 -0.99864786094873803 1.9062500000000004 0.41248606129204562 0.17410820125978774 0.7426229953532274 0.69676570133721638 0.61847387027231548 0.80769463549941889 0.97045461389889065 1.9943750000000005 359.85000000000008 403.18442284110819
decision_type=2 2 2 2 2 2 2 2 2 2 2 2 2 2
left_child=1 2 10 6 -4 -5 -3 8 11 -10 -1 -2 -9 -14
right_child=7 3 4 5 -6 -7 -8 12 9 -11 -12 -13 13 -15
leaf_value=0.00090625272600367577 0.004066741902712623 -0.0041318490031125032 0.0004881303508426527 -0.0015114453645267271 -0.00021378437245358486 -7.6503492999752129e-05 0.0053107244556694425 0.0045511531621575283 0.0002857181111437013 0.0015527263479331644 0.002751912071834148 0.00083009208735945056 -0.0019359816122583558 -0.010526469808492084
leaf_weight=615 196 1522 25129 2675 16436 40163 54 42 475 610 238 116 41 67
leaf_count=615 196 1522 25129 2675 16436 40163 54 42 475 610 238 116 41 67
internal_value=0.000207911 7.94638e-05 0.0010149 -0.000813933 0.00077048 -0.000521733 -0.00875635 0.00741758 0.00885827 0.00679724 0.012925 0.0160256 -0.006 -0.0125
internal_weight=88379 86832 42418 44414 41565 42838 1576 1547 1397 1085 853 312 150 108
internal_count=88379 86832 42418 44414 41565 42838 1576 1547 1397 1085 853 312 150 108
is_linear=0
shrinkage=0.05


Tree=84
num_leaves=15
num_cat=0
split_feature=15 19 22 6 5 22 6 17 21 13 18 5 22 2
split_gain=32.3527 23.4017 32.538 39.9008 28.2512 20.4831 16.4265 14.2275 7.90707 7.28823 5.93248 2.48523 1.48401 0.6125
threshold=825.50000000000011 27.518750000000008 0.82028036449317432 -0.6523320455745395 0.013976441590891219 0.87989444966365871 0.99981043035926087 113.50000000000001 0.89259077567851686 0.95918033103068068 50.562500000000007 0.78857998149907527 0.96596581511648949 0.84462076945066145
decision_type=2 2 2 2 2 2 2 2 2 2 2 2 2 2
left_child=1 2 6 -4 5 -3 -1 11 -6 10 -9 13 -11 -2
right_child=7 4 3 -5 8 -7 -8 9 -10 12 -12 -13 -14 -15
leaf_value=-0.00021296414014303767 6.2245037447442036e-05 -0.00021785218129991013 0.000810161292618955 4.1310915779979589e-05 0.0011505341885622411 -0.00073595845230012844 -0.0029611873043363726 0.0011249552228089405 -0.00017821692402085755 0.00044756999825798505 -3.5724826175626005e-05 -0.00018547087197760549 0.0019107008619932643 -6.3566429350414563e-05
leaf_weight=56662 40 679 9893 18167 484 1004 353 384 495 43 113 55 168 40
leaf_count=56662 40 679 9893 18167 484 1004 353 384 495 43 113 55 168 40
internal_value=0.000127004 3.33383e-05 0.000177784 0.00157163 -0.00458302 -0.00851159 -0.0005082 0.00987544 0.00217058 0.0127119 0.00940644 -0.005 0.0204976 0.000625
internal_weight=88580 87737 85075 28060 2662 1683 57015 843 979 708 497 135 211 80
internal_count=88580 87737 85075 28060 2662 1683 57015 843 979 708 497 135 211 80
is_linear=0
shrinkage=0.05


Tree=85
num_leaves=16
num_cat=0
split_feature=13 22 19 5 5 6 22 16 5 19 5 5 16 0 22
split_gain=29.9815 25.536 21.1129 24.9436 20.9787 29.7959 25.0094 17.7562 11.724 15.716 12.2603 10.7177 7.99155 7.47419 2.68142
threshold=0.88578393524408328 0.93376174617818641 27.518750000000008 0.013976441590891219 0.96687895796550427 -0.16799793862756093 0.8235609847498907 605.95000000000016 -0.074117382312902977 24.768750000000008 0.75580964594513067 0.94425825643485939 762.85000000000002 10.612183378598129 0.60893122212147421
decision_type=2 2 2 2 2 2 2 2 2 2 2 2 2 2 2
left_child=2 11 4 7 6 -6 -1 -4 9 -3 -10 13 -5 -2 -13
right_child=1 8 3 12 5 -7 -8 -9 10 -11 -12 14 -14 -15 -16
leaf_value=-0.00013825627900768413 0.017305764682902718 0.0007541604523411239 -0.00058956640233640001 0.00017383364203464591 -0.0030412066597856877 -0.00018693619343179287 0.00036998794684776627 -0.00067680032648183568 0.0012949537216232711 -0.00045547689553117056 0.00017119939026726818 -0.0010494939148934658 0.0011627227936612972 0.00040892066300952657 -0.0062816299980576144
leaf_weight=50463 92 536 819 682 1239 5830 22016 789 1136 227 551 98 43 3827 152
leaf_count=50463 92 536 819 682 1239 5830 22016 789 1136 227 551 98 43 3827 152
internal_value=0.000181356 0.00341819 -8.02995e-05 -0.00476854 5.71982e-05 -0.00254279 0.00031078 -0.00824005 0.00746939 0.00232634 0.00979549 0.00103742 0.00293103 0.00167772 -0.009
internal_weight=88500 6619 81881 2333 79548 7069 72479 1608 2450 763 1687 4169 725 3919 250
internal_count=88500 6619 81881 2333 79548 7069 72479 1608 2450 763 1687 4169 725 3919 250
is_linear=0
shrinkage=0.05


Tree=86
num_leaves=16
num_cat=0
split_feature=22 17 12 6 21 6 2 22 5 5 19 6 9 5 9
split_gain=25.9049 45.6298 30.7753 58.5828 29.5032 28.7782 25.9801 19.7415 18.9862 20.4594 18.6307 17.77 17.5613 6.32392 1.99745
threshold=0.96213651982856396 119.50000000000001 33.150000000000006 0.2499757677084001 0.94928068236970697 -0.9292178835113839 0.34257451212701245 0.8235609847498907 0.83849049182116964 -0.11692013674435776 1.0000000180025095e-35 0.94636490295939868 0.79378270001952722 0.89017062131308955 0.68978564661902164
decision_type=2 2 2 2 2 2 2 2 2 2 2 2 2 2 2
left_child=4 2 10 -4 6 14 12 -8 9 -6 -2 -7 -1 -10 -3
right_child=1 5 3 -5 8 11 7 -9 13 -11 -12 -13 -14 -15 -16
leaf_value=-0.00060454619135366238 -0.0047108748671117091 0.002567116770532946 -0.00027169969708068509 0.0011082770000766949 -0.00066603585494072199 0.00073566570444288937 9.977974769404819e-05 0.00065359233492662825 -0.0065434249118231343 0.00029312264616830342 0.0021723989358503506 -0.0083110709685796317 0.0048557743796372628 -0.0025492101487917807 0.0018603816507557188
leaf_weight=26855 286 70 5490 2630 1523 1607 34116 9491 206 1261 3612 46 227 543 436
leaf_count=26855 286 70 5490 2630 1523 1607 34116 9491 206 1261 3612 46 227 543 436
internal_value=0.000184108 0.00214255 0.000940256 -0.000812808 -0.000189971 0.00883511 3.28905e-05 0.000788291 -0.00464902 -0.00274784 0.0045921 0.00564126 -0.00118344 -0.0117156 0.0192688
internal_weight=88399 14177 12018 8120 74222 2159 70689 43607 3533 2784 3898 1653 27082 749 506
internal_count=88399 14177 12018 8120 74222 2159 70689 43607 3533 2784 3898 1653 27082 749 506
is_linear=0
shrinkage=0.05


Tree=87
num_leaves=16
num_cat=0
split_feature=17 22 6 2 6 5 16 22 6 21 16 3 5 9 7
split_gain=27.1355 50.7618 34.6131 31.8986 30.2298 34.6517 27.607 21.0789 18.8211 18.445 17.6172 12.3191 11.9874 7.89812 0.233333
threshold=107.50000000000001 0.96213651982856396 0.94066717844141279 0.077579008856725987 0.14888728888808328 0.36648264796514479 313.7000000000001 0.31230678005211115 -0.9292178835113839 0.94928068236970697 16.350000000000005 0.84874750804349197 0.93237596376505805 0.67575808496671674 17.125000000000004
decision_type=2 2 2 2 2 2 2 2 2 2 2 2 2 2 2
left_child=3 7 8 10 6 -6 -5 12 -3 -9 11 -1 -2 -12 -4
right_child=1 2 14 4 5 -7 -8 9 -10 -11 13 -13 -14 -15 -16
leaf_value=0.0048672740568807453 -0.00086929436340512647 0.0016573990502746494 -0.0082652214433670771 -0.00038013639340461758 -0.00055222858994368189 0.00093275724494310962 -0.000457640606613835 0.00037916428184022052 0.00053338452476225928 -0.00045679520079657535 0.0051783330859458609 -0.0023531315353731265 -0.002830515397704346 0.0077506470422285569 -0.0045242590027021806
leaf_weight=677 1342 703 56 13131 16123 6271 6754 36520 2800 1488 1010 729 452 376 40
leaf_count=677 1342 703 56 13131 16123 6271 6754 36520 2800 1488 1010 729 452 376 40
internal_value=0.000124333 0.00101668 0.00670325 -0.000734952 -0.00107678 0.000183085 -0.0024956 0.000502487 0.00751499 0.000752473 0.00444126 0.000497866 -0.00479376 0.00844156 -0.0229167
internal_weight=88472 43401 3599 45071 42279 22394 19885 39802 3503 38008 2792 1406 1794 1386 96
internal_count=88472 43401 3599 45071 42279 22394 19885 39802 3503 38008 2792 1406 1794 1386 96
is_linear=0
shrinkage=0.05


Tree=88
num_leaves=12
num_cat=0
split_feature=15 19 22 17 5 3 5 21 17 1 18
split_gain=26.5031 20.2035 24.583 42.2692 24.158 19.0018 16.395 8.31551 3.97618 3.78374 1.40351
threshold=855.50000000000011 26.081250000000004 0.8490721281300635 157.50000000000003 0.013976441590891219 0.41248606129204562 0.88220160189607266 0.8268335239829111 158.50000000000003 862.76371110962691 25.937500000000004
decision_type=2 2 2 2 2 2 2 2 2 2 2
left_child=1 2 6 -4 5 -3 -1 -6 9 -2 -11
right_child=8 4 3 -5 7 -7 -8 -9 -10 10 -12
leaf_value=-1.5800396095511094e-05 0.00010866869234009148 -0.00044404824658404453 8.175031189757154e-05 0.0015734182588663605 0.0018245411821282255 -0.0010716387819760809 -0.00094428549170020313 -3.7677507157302115e-05 0.0006441299181460026 0.001964855188939932 0.0011517517201880491
leaf_weight=50569 59 2451 19838 4853 489 245 8515 1075 53 152 40
leaf_count=50569 59 2451 19838 4853 489 245 8515 1075 53 152 40
internal_value=6.48072e-05 1.39149e-05 0.000184721 0.00150966 -0.00334507 -0.00621291 -0.000368966 0.00159847 0.0148026 0.0174303 0.0208333
internal_weight=88339 88035 83775 24691 4260 2696 59084 1564 304 251 192
internal_count=88339 88035 83775 24691 4260 2696 59084 1564 304 251 192
is_linear=0
shrinkage=0.05


Tree=89
num_leaves=13
num_cat=0
split_feature=15 17 22 5 22 6 19 19 13 17 12 18
split_gain=27.2923 23.0326 24.806 24.434 21.6813 19.495 11.8078 8.76997 2.31448 4.08002 2.42285 0.825901
threshold=855.50000000000011 103.50000000000001 1.0383239818484784 0.86548282553247169 1.1660453931284656 0.14888728888808328 2.9687500000000004 -0.11250000000000002 0.95918033103068068 151.50000000000003 595.05000000000007 4.9375000000000009
decision_type=2 2 2 2 2 2 2 2 2 2 2 2
left_child=1 4 3 -3 5 -1 -4 -6 9 10 -2 -10
right_child=8 2 6 -5 7 -7 -8 -9 11 -11 -12 -13
leaf_value=-0.00044166151767548216 0.0034543023800607921 0.0003869552645082125 -0.0011451970286830788 -0.00040339894868116625 -0.002709758377554411 -2.0563585639601924e-05 0.0022974561829417761 0.0021169821286726289 0.0010867399063737126 4.8224606260305336e-05 0.00088725623885869411 0.0016021399346768828
leaf_weight=18858 51 35978 62 8786 227 22122 208 1906 41 57 92 67
leaf_count=18858 51 35978 62 8786 227 22122 208 1906 41 57 92 67
internal_value=7.71579e-05 2.52419e-05 0.00081605 0.000724913 -0.000800803 -0.00105661 0.0159259 0.00411392 0.0149351 0.01175 0.0162587 0.0208333
internal_weight=88455 88147 45034 44764 43113 40980 270 2133 308 200 143 108
internal_count=88455 88147 45034 44764 43113 40980 270 2133 308 200 143 108
is_linear=0
shrinkage=0.05


Tree=90
num_leaves=13
num_cat=0
split_feature=15 19 5 22 17 17 6 0 17 17 19 18
split_gain=21.505 22.3314 25.493 23.4387 37.276 14.3198 13.6003 6.81159 3.72476 5.768 2.54448 1.25
threshold=855.50000000000011 27.518750000000008 0.013976441590891219 0.81741378932962561 157.50000000000003 127.50000000000001 0.99981043035926087 88.348505558241342 114.50000000000001 151.50000000000003 26.081250000000004 30.937500000000004
decision_type=2 2 2 2 2 2 2 2 2 2 2 2
left_child=1 3 5 6 -5 -3 -1 -4 -2 10 -10 -11
right_child=8 2 7 4 -6 -7 -8 -9 9 11 -12 -13
leaf_value=-0.00020335520514534191 -3.0676980954896796e-05 -0.00074977197747492792 0.0023494637218965525 4.9025630901061712e-05 0.0012864230707561376 -0.00036251071358146537 -0.0027136497441800109 7.9703470803771381e-05 0.0027894399931037706 0.0010686991385863709 0.00086610849177725107 -0.00049671661393609621
leaf_weight=56363 40 942 42 22040 6460 809 363 1020 121 40 76 40
leaf_count=56363 40 942 42 22040 6460 809 363 1020 121 40 76 40
internal_value=1.30155e-05 -3.37918e-05 -0.00441699 0.000110882 0.0012807 -0.00812393 -0.000476854 0.00169492 0.0130126 0.0150722 0.0196701 0.00375
internal_weight=88356 88039 2813 85226 28500 1751 56726 1062 317 277 197 80
internal_count=88356 88039 2813 85226 28500 1751 56726 1062 317 277 197 80
is_linear=0
shrinkage=0.05


Tree=91
num_leaves=16
num_cat=0
split_feature=4 22 20 19 0 13 6 16 22 5 9 12 9 17 18
split_gain=22.3178 34.3953 34.859 34.4634 26.7845 24.0281 23.6676 54.9297 36.1528 21.5386 23.7615 19.483 15.8007 10.9885 5.35435
threshold=-0.81241147629689003 0.9640247933089886 1.7306250000000003 14.593750000000002 17.439272738971685 0.41165090214850081 -0.64580103137750788 630.75000000000011 0.40230420118749988 -0.95754239937548935 0.37177020212211215 4.3500000000000005 0.67255902837887527 32.500000000000007 96.062500000000014
decision_type=2 2 2 2 2 2 2 2 2 2 2 2 2 2 2
left_child=1 9 5 -4 12 -3 8 -8 -6 10 -1 -11 13 -2 -14
right_child=4 2 3 -5 6 -7 7 -9 -10 11 -12 -13 14 -15 -16
leaf_value=-0.00085925091163090031 0.00061565014482621312 -0.0048384853100714165 0.0025940810774668201 0.00027486333426488262 -0.0019254081859384417 0.00021911901185138195 -0.00043141071625520393 -0.00081220349123589392 0.00034457241040020684 -0.010325813764400338 0.0026454595056238372 4.7539667355206429e-05 0.0074959594652022482 0.0071480607779355445 0.0018289548875198985
leaf_weight=996 1561 289 1036 2144 2625 1035 26923 1910 17303 177 2494 29004 340 301 112
leaf_count=996 1561 289 1036 2144 2625 1035 26923 1910 17303 177 2494 29004 340 301 112
internal_value=8.95184e-05 0.00102152 0.00511767 0.00795597 -0.00058884 -0.0016994 -0.000838272 -0.00175407 0.000486752 0.000456827 0.00416905 1.28508e-05 0.00466724 0.00263158 0.0130531
internal_weight=88250 37175 4504 3180 51075 1324 48761 28833 19928 32671 3490 29181 2314 1862 452
internal_count=88250 37175 4504 3180 51075 1324 48761 28833 19928 32671 3490 29181 2314 1862 452
is_linear=0
shrinkage=0.05


Tree=92
num_leaves=15
num_cat=0
split_feature=12 19 9 5 5 22 0 5 19 18 9 17 22 6
split_gain=21.3611 22.3699 20.3625 23.7041 21.8929 19.3327 28.6176 17.2456 14.0589 8.49842 8.15408 6.46931 6.11818 3.82343
threshold=619.05000000000007 27.518750000000008 0.30874939122456702 0.96687895796550427 0.3504237462291826 0.8855071519242802 296.11832829363306 -0.63921128368950708 19.806250000000006 40.812500000000007 0.68978564661902164 187.50000000000003 0.73483388125416327 -0.91595872546125101
decision_type=2 2 2 2 2 2 2 2 2 2 2 2 2 2
left_child=1 2 4 -4 -1 6 -3 -7 9 -2 11 -10 -12 -11
right_child=8 5 3 -5 -6 7 -8 -9 10 13 12 -13 -14 -15
leaf_value=-0.0013870348252248421 0.0023145279558486583 -0.0022609969210993868 0.00024610244000176364 -0.00042651106676787066 0.00043856783097814546 -0.00066337157719602302 0.0008572463364347944 -0.00014959127465434264 -0.00021844179922251851 -0.0064416761377069573 0.0020063400686515633 0.0030226887527106784 0.0014242305609108554 0.00016199280159967801
leaf_weight=8951 42 289 64454 6618 4619 656 840 907 57 110 76 204 392 150
leaf_count=8951 42 289 64454 6618 4619 656 840 907 57 110 76 204 392 150
internal_value=9.53432e-05 1.08778e-05 0.000153588 0.000492458 -0.00162122 -0.00447623 0.0005093 -0.00807742 0.00725024 -0.00182119 0.0110082 0.0039272 0.0149573 -0.00519231
internal_weight=88365 87334 84642 71072 13570 2692 1129 1563 1031 302 729 261 468 260
internal_count=88365 87334 84642 71072 13570 2692 1129 1563 1031 302 729 261 468 260
is_linear=0
shrinkage=0.05


Tree=93
num_leaves=15
num_cat=0
split_feature=1 22 19 22 6 22 20 2 13 20 19 6 13 18
split_gain=20.3254 27.3197 27.1415 21.8773 21.647 19.8835 32.5984 16.7511 12.519 9.48665 6.04349 3.96554 1.41722 1.63578
threshold=862.76371110962691 0.96213651982856396 25.843750000000004 0.8855071519242802 -0.77243990499604276 0.86013503459021445 1.9256250000000004 0.41687037427676571 0.070928051086202856 1.5006250000000003 14.068750000000003 -0.9292178835113839 0.98280141840440283 15.437500000000002
decision_type=2 2 2 2 2 2 2 2 2 2 2 2 2 2
left_child=2 9 5 7 -5 8 -7 -4 -1 11 -11 -2 13 -3
right_child=1 12 3 4 -6 6 -8 -9 -10 10 -12 -13 -14 -15
leaf_value=-0.0020311163495841779 0.0020005595643477815 0.0021666910181520338 -0.0015454006423894163 -0.00013558191079711957 -0.00063545918455582277 -7.178029862895397e-05 0.00052118382669023584 0.00063687833409604717 -8.0474463313773281e-05 -0.0034423018945092146 0.00089104632351119097 0.0015378643053172575 0.0014294924463038317 0.0010554137613392744
leaf_weight=1829 231 106 455 1264 1074 11981 11094 1321 56287 65 2470 88 72 103
leaf_count=1829 231 106 455 1264 1074 11981 11094 1321 56287 65 2470 88 72 103
internal_value=0.000120986 0.00407496 -2.43245e-05 -0.00398639 -0.00716424 0.000176436 0.0014182 0.000197072 -0.000316608 0.00261037 0.00158777 0.0107367 0.0189502 0.016866
internal_weight=88440 3135 85305 4114 2338 81191 23075 1776 58116 2854 2535 319 281 209
internal_count=88440 3135 85305 4114 2338 81191 23075 1776 58116 2854 2535 319 281 209
is_linear=0
shrinkage=0.05


Tree=94
num_leaves=15
num_cat=0
split_feature=9 19 4 22 2 22 20 2 5 3 13 17 20 16
split_gain=19.7463 21.728 21.7446 38.5986 22.3372 19.893 21.9457 15.5018 9.73162 6.44504 5.88176 4.75465 4.43848 1.68091
threshold=0.80769463549941889 25.843750000000004 -0.81241147629689003 0.8564796343541321 0.077579008856725987 0.8855071519242802 2.9031250000000006 0.42599106426840577 0.69676570133721638 -0.29012925520284066 0.63798651513041393 88.500000000000014 1.9781250000000004 436.55000000000007
decision_type=2 2 2 2 2 2 2 2 2 2 2 2 2 2
left_child=1 2 3 -1 -4 7 -7 -3 9 12 -10 -11 -2 -12
right_child=8 5 4 -5 -6 6 -8 -9 10 11 13 -13 -14 -15
leaf_value=0.00010410205374623006 0.0018877869388462367 -0.0014985120733403828 0.0027161049793664655 0.00060935629916982761 -0.00022873187976487632 -0.00050398785673648201 9.252133700599908e-05 0.00073268060002763542 -0.0079800517660506606 7.2617258700113929e-05 0.0068274074464955703 0.001880521959073872 -2.708369627317242e-05 -0.0042161574307243155
leaf_weight=26820 100 453 2730 7935 45535 1848 670 1407 62 66 43 409 203 45
leaf_count=26820 100 453 2730 7935 45535 1848 670 1407 62 66 43 409 203 45
internal_value=7.24588e-05 -4.57676e-06 0.000176464 0.00113005 -0.000510204 -0.00343764 -0.00633439 0.000483871 0.00732759 0.00957584 -0.00433333 0.0132105 0.00387789 0.00397727
internal_weight=88326 87398 83020 34755 48265 4378 2518 1860 928 778 150 475 303 88
internal_count=88326 87398 83020 34755 48265 4378 2518 1860 928 778 150 475 303 88
is_linear=0
shrinkage=0.05


Tree=95
num_leaves=16
num_cat=0
split_feature=1 22 19 22 20 18 19 6 18 20 6 6 21 20 3
split_gain=19.0202 22.4848 22.2276 19.205 20.4311 18.362 35.5322 31.2511 14.7891 10.0436 5.31077 2.72097 2.29485 3.31785 0.40293
threshold=862.76371110962691 0.97045461389889065 25.843750000000004 0.8855071519242802 2.9031250000000006 81.812500000000014 1.9062500000000004 -0.99864786094873803 92.187500000000014 1.5006250000000003 -0.99864786094873803 -0.9292178835113839 0.98342440398631026 2.8856250000000006 0.29012925520284144
decision_type=2 2 2 2 2 2 2 2 2 2 2 2 2 2 2
left_child=2 9 5 8 -5 7 -7 -1 -4 11 -11 -2 14 -14 -3
right_child=1 12 3 4 -6 6 -8 -9 -10 10 -12 -13 13 -15 -16
leaf_value=0.0019174202093742252 0.0018700637711719038 0.0023415723012900403 0.0006750989560517618 -0.00053314165392462365 8.3409772285303335e-05 -0.0033405806970285695 -0.00013569856336515391 0.00018694147318127908 -0.0018322851766180107 0.0018701837441204962 0.00037931800318601332 0.0055385956409119809 0.0012595225149717839 0.00052506123088370555 0.0015062661547256995
leaf_weight=458 230 88 966 1713 645 1614 40400 38668 826 202 2350 86 58 53 42
leaf_count=458 230 88 966 1713 645 1614 40400 38668 826 202 2350 86 58 53 42
internal_value=5.85414e-05 0.00389997 -8.14867e-05 -0.0036506 -0.00661578 0.00010106 -0.000624792 0.000880489 0.000251116 0.00266736 0.00162618 0.0110759 0.0185685 0.0132883 0.0230769
internal_weight=88399 3109 85290 4150 2358 81140 42014 39126 1792 2868 2552 316 241 111 130
internal_count=88399 3109 85290 4150 2358 81140 42014 39126 1792 2868 2552 316 241 111 130
is_linear=0
shrinkage=0.05


Tree=96
num_leaves=16
num_cat=0
split_feature=17 22 6 19 22 0 6 5 0 3 17 16 5 22 3
split_gain=19.8387 26.1148 26.1578 37.9499 20.3935 19.7878 17.641 31.1644 24.6123 16.7678 14.4795 8.69606 7.37118 5.40221 4.59943
threshold=103.50000000000001 0.98744854199646437 -0.63257203029273779 15.093750000000004 0.32823821919300272 10.612183378598129 0.14888728888808328 0.3504237462291826 76.06190978692176 0.97335555334614954 120.50000000000001 17.250000000000004 -0.85227431625818906 1.0009124890628012 -0.95642797789208678
decision_type=2 2 2 2 2 2 2 2 2 2 2 2 2 2 2
left_child=5 4 13 -4 10 11 8 -8 -7 -6 -2 12 -1 -3 -13
right_child=1 2 3 -5 9 6 7 -9 -10 -11 -12 14 -14 -15 -16
leaf_value=0.011995756661704016 0.00086272279487520441 0.0010365287952581626 0.00093318292081391867 -0.00020770634907470444 0.00016912811577902143 0.0004612566757109277 -0.00058462971742704738 0.00094730861963446549 -0.00055065254411073574 0.0015678193083474012 -0.0021082635843748866 0.01208499782798389 -0.0025977219743697297 0.0013812946957965312 0.012411177123873608
leaf_weight=74 554 365 1014 687 39412 5478 16360 6421 14080 1415 1591 125 234 242 222
leaf_count=74 554 365 1014 687 39412 5478 16360 6421 14080 1415 1591 125 234 242 222
internal_value=4.58799e-05 0.000776281 0.00595754 0.00277778 0.000497999 -0.000723357 -0.000856775 8.88899e-05 -0.00195828 0.000747667 -0.00425408 0.00790076 0.00178571 0.0148682 0.0133285
internal_weight=88274 45280 2308 1701 42972 42994 42339 22781 19558 40827 2145 655 308 607 347
internal_count=88274 45280 2308 1701 42972 42994 42339 22781 19558 40827 2145 655 308 607 347
is_linear=0
shrinkage=0.05


Tree=97
num_leaves=14
num_cat=0
split_feature=0 6 19 9 3 3 5 22 16 4 5 21 18
split_gain=17.1039 16.4534 53.8647 27.4284 25.6257 19.917 18.112 17.8031 6.80473 5.93818 4.19411 5.13845 3.21451
threshold=10.612183378598129 -0.77243990499604276 23.793750000000006 0.67999995946904157 0.47114434510950071 0.41248606129204562 -0.43733984355855576 0.95630427941842078 17.250000000000004 -0.32143946530316164 -0.85227431625818906 0.36334148612469791 71.062500000000014
decision_type=2 2 2 2 2 2 2 2 2 2 2 2 2
left_child=8 3 4 6 -3 -4 -2 -5 10 -10 -1 -12 -11
right_child=1 2 5 7 -6 -7 -8 -9 9 12 11 -13 -14
leaf_value=0.011093112831051716 0.00092161483780394413 0.00024832421393958248 -0.00049337910914405432 0.00043915830341956789 -0.00038636419466225039 -0.0011574411097140358 -0.00020578614890124914 0.00075633270043900527 0.00037267103005884098 0.012595446455012716 0.0047943901014288791 -0.0093352043849657205 0.01073859835398105
leaf_weight=78 2650 37233 2515 5378 23515 357 14505 1803 75 173 167 74 105
leaf_count=78 2650 37233 2515 5378 23515 357 14505 1803 75 173 167 74 105
internal_value=8.91366e-05 2.84233e-05 -0.00039453 0.00113412 -7.81919e-05 -0.00708565 4.80909e-05 0.00372859 0.00803571 0.0128187 0.00274295 -0.000518672 0.0161871
internal_weight=88628 87956 63620 24336 60748 2872 17155 7181 672 353 319 241 278
internal_count=88628 87956 63620 24336 60748 2872 17155 7181 672 353 319 241 278
is_linear=0
shrinkage=0.05


Tree=98
num_leaves=16
num_cat=0
split_feature=4 16 16 6 22 13 22 20 9 6 13 21 5 6 5
split_gain=18.2919 27.3998 21.952 40.51 57.5 20.5968 19.6521 23.455 18.0525 14.6259 14.5186 13.7362 13.5957 12.8193 12.8172
threshold=-0.91037613702198739 412.75000000000006 656.4000000000002 -0.6523320455745395 0.97254169820241654 0.5649719335630391 1.0383239818484784 1.0818750000000004 0.72953505740696944 0.99981043035926087 0.9477729862660681 0.74346501565902445 -0.048361574224334618 0.97461712852231652 -0.95754239937548935
decision_type=2 2 2 2 2 2 2 2 2 2 2 2 2 2 2
left_child=1 11 8 4 -4 -5 10 -8 9 -2 -3 14 -10 -13 -1
right_child=2 6 3 5 -6 -7 7 -9 12 -11 -12 13 -14 -15 -16
leaf_value=0.0021163882773377776 -0.00012568840639390206 0.00031939204069863228 -0.00032023031274143189 0.0001032257876036613 0.0010497129919307736 -0.00061644892210060422 -0.0012389514565798844 0.0024093662483505307 -0.00035308080657140144 -0.0039878798591189259 0.0011190118352409129 -0.0021913541535527048 0.00084361769370638331 0.0024122677325608636 -1.6876631578081198e-05
leaf_weight=1702 53002 7386 1676 525 759 1934 126 276 1266 199 547 1297 3533 147 14162
leaf_count=1702 53002 7386 1676 525 759 1934 126 276 1266 199 547 1297 3533 147 14162
internal_value=3.75549e-05 0.00116309 -0.000421344 -0.00363711 0.000934292 -0.00816389 0.0035183 0.0143035 -0.00015 -0.000414936 0.00297176 2.88884e-05 0.00278704 -0.00463989 0.000453858
internal_weight=88537 25643 62894 4894 2435 2459 8335 402 58000 53201 7933 17308 4799 1444 15864
internal_count=88537 25643 62894 4894 2435 2459 8335 402 58000 53201 7933 17308 4799 1444 15864
is_linear=0
shrinkage=0.05


Tree=99
num_leaves=15
num_cat=0
split_feature=1 22 19 5 9 6 22 20 18 20 19 21 21 17
split_gain=18.5739 21.0432 19.4062 18.172 27.8678 18.3869 17.7276 17.9448 13.6537 7.91398 5.63406 5.61323 4.23005 0.291892
threshold=862.76371110962691 0.97465609334504777 25.843750000000004 0.91248814248966237 0.34955120886128022 -0.065537083312030994 0.8855071519242802 3.5943750000000008 92.187500000000014 1.5006250000000003 14.068750000000003 0.94119948285498889 0.99360037938833767 133.50000000000003
decision_type=2 2 2 2 2 2 2 2 2 2 2 2 2 2
left_child=2 9 3 4 -1 -5 8 -8 -4 11 -11 -2 13 -3
right_child=1 12 6 5 -6 -7 7 -9 -10 10 -12 -13 -14 -15
leaf_value=-0.0007090229703803811 0.0049257046422683031 0.0010332012086276628 0.00071691239207026254 -0.00085159380576405876 0.00029784158226707079 1.5568244809630041e-05 -0.00038674715567564301 0.00050949221063998349 -0.0015730324429353655 -0.0032010653435877016 0.00072391738210423608 -0.00020374375747337915 0.00071264818177298466 0.0018656552452439691
leaf_weight=15975 270 40 981 5298 53063 6837 2214 164 835 65 2502 45 71 108
leaf_count=15975 270 40 981 5298 53063 6837 2214 164 835 65 2502 45 71 108
internal_value=9.26889e-05 0.00389391 -4.53922e-05 0.000125966 0.000439613 -0.00165843 -0.00336195 -0.00620269 0.00035793 0.0027585 0.00184067 0.0102381 0.0188356 0.0236486
internal_weight=88468 3101 85367 81173 69038 12135 4194 2378 1816 2882 2567 315 219 148
internal_count=88468 3101 85367 81173 69038 12135 4194 2378 1816 2882 2567 315 219 148
is_linear=0
shrinkage=0.05


Tree=100
num_leaves=16
num_cat=0
split_feature=19 5 6 16 0 22 5 18 21 0 3 20 5 5 19
split_gain=17.9699 19.4022 35.906 25.0182 23.2932 34.0879 21.9853 18.6675 16.8839 12.7486 17.169 11.2026 10.5684 6.51593 3.45337
threshold=27.518750000000008 0.96687895796550427 -0.16799793862756093 561.6500000000002 236.56713880454839 0.83886546741191548 0.34235194516023087 61.687500000000007 0.89554880984213214 271.4752928041292 -0.47114434510950071 3.6331250000000006 -0.63921128368950708 0.013976441590891219 30.293750000000006
decision_type=2 2 2 2 2 2 2 2 2 2 2 2 2 2 2
left_child=1 4 7 -4 6 -6 -1 -3 9 13 -11 12 -10 -2 -13
right_child=8 2 3 -5 5 -7 -8 -9 11 10 -12 14 -14 -15 -16
leaf_value=-0.00057983702598355671 -0.0023038516197841641 0.0023730162038998527 0.00043064705870436704 -0.00039223980008246118 0.00011506992249986636 0.0004667038903693799 0.00053167324209601671 -0.003161442128509244 -0.00058466301135895189 0.0017115080231837833 -0.00048628556285630902 0.00099389421709972789 -0.00020963225658747199 0.00014606873817797907 1.5563636066334707e-05
leaf_weight=24287 168 145 4440 1737 31344 12881 9688 1151 618 574 415 42 927 86 52
leaf_count=24287 168 145 4440 1737 31344 12881 9688 1151 618 574 415 42 927 86 52
internal_value=3.19011e-05 0.000162537 -0.00227151 -0.000683989 0.000395141 0.0011515 -0.000589404 -0.00983796 -0.00385149 0.000543041 0.0031092 -0.00718426 -0.00820388 -0.00944882 0.00957447
internal_weight=88555 85673 7473 6177 78200 44225 33975 1296 2882 1243 989 1639 1545 254 94
internal_count=88555 85673 7473 6177 78200 44225 33975 1296 2882 1243 989 1639 1545 254 94
is_linear=0
shrinkage=0.05


Tree=101
num_leaves=16
num_cat=0
split_feature=19 9 5 5 9 3 18 1 5 3 2 5 22 17 18
split_gain=16.615 18.5344 20.6471 19.7097 18.4105 16.3869 39.1574 17.3561 16.3086 16.9914 15.5098 9.37623 9.41496 3.71941 2.00564
threshold=25.843750000000004 0.74445345375089367 0.77788564761185042 -0.048361574224334618 0.75296188528120822 0.41248606129204562 64.687500000000014 241.67973106177394 0.013976441590891219 0.41248606129204562 0.38981207827759801 0.86548282553247169 0.95397233167573059 108.50000000000001 7.6875000000000009
decision_type=2 2 2 2 2 2 2 2 2 2 2 2 2 2 2
left_child=1 5 3 -3 -4 6 -1 -7 9 10 -2 12 -10 -11 -13
right_child=8 2 4 -5 -6 7 -8 -9 11 13 -12 14 -14 -15 -16
leaf_value=0.00072181223556981589 -0.0018916734226923915 -0.00037949923252011687 0.0010058349586949955 0.0017870881393597549 -0.00054120807269362754 -0.00079132022038593127 -0.00014549604833311442 4.0064828634989172e-05 -1.3690333633584185e-05 -0.00032120345343968353 -0.00012469242819095893 -2.2373121052621239e-05 0.00059366484893884082 -0.0010792291592962022 -0.0019666355794642487
leaf_weight=15781 519 863 235 2172 484 13700 30751 19789 1261 73 2123 46 371 204 61
leaf_count=15781 519 863 235 2172 484 13700 30751 19789 1261 73 2123 46 371 204 61
internal_value=9.41391e-05 0.000255745 0.0036894 0.00549423 -0.00392907 9.46627e-05 0.000701668 -0.000748753 -0.00281237 -0.00509592 -0.00386071 0.0010207 0.00196078 -0.0168773 -0.0133178
internal_weight=88433 83775 3754 3035 719 80021 46532 33489 4658 2919 2642 1739 1632 277 107
internal_count=88433 83775 3754 3035 719 80021 46532 33489 4658 2919 2642 1739 1632 277 107
is_linear=0
shrinkage=0.05


Tree=102
num_leaves=15
num_cat=0
split_feature=4 16 6 22 22 5 13 9 12 6 3 16 6 13
split_gain=14.8309 24.6984 33.8927 46.1398 24.1276 23.9795 23.3629 16.4608 16.1503 14.6846 14.5002 13.0956 12.7131 6.76498
threshold=-0.91037613702198739 656.4000000000002 -0.6391983530350368 0.97254169820241654 1.0439717433682956 -0.05695216311707673 0.5649719335630391 0.72953505740696944 7.0500000000000016 0.99981043035926087 -0.8814490726585632 412.75000000000006 0.94066717844141279 0.39024837853458977
decision_type=2 2 2 2 2 2 2 2 2 2 2 2 2 2
left_child=4 7 3 -3 8 -6 -4 9 12 -2 -9 -10 -1 -7
right_child=1 2 6 -5 5 13 -8 10 11 -11 -12 -13 -14 -15
leaf_value=0.0019408529446305169 -8.4831465771417761e-05 -0.00034323271343621734 0.00024432830323373178 0.00086514949215203143 -0.0036609440852441474 0.0019640825077478163 -0.00057695209443641153 -0.00020325968039202892 8.8947629691310542e-05 -0.0037115396917912478 0.0010181829079968479 0.0003436841787819167 -0.011370796711242057 0.0023675553865235982
leaf_weight=46 52967 1692 519 822 70 41 1877 1309 17108 198 3512 8023 105 270
leaf_count=46 52967 1692 519 822 70 41 1877 1309 17108 198 3512 8023 105 270
internal_value=8.10194e-05 -0.000332295 -0.00373727 0.000318218 0.00109399 0.0135827 -0.00799249 -4.39761e-05 0.000905783 -0.000297658 0.00275358 0.00100374 -0.0153974 0.0195338
internal_weight=88559 62896 4910 2514 25663 381 2396 57986 25282 53165 4821 25131 151 311
internal_count=88559 62896 4910 2514 25663 381 2396 57986 25282 53165 4821 25131 151 311
is_linear=0
shrinkage=0.05


Tree=103
num_leaves=16
num_cat=0
split_feature=19 6 19 9 22 22 16 22 20 6 12 3 1 5 19
split_gain=18.48 20.4563 38.9527 31.787 20.1111 20.0958 19.7285 16.5701 19.4608 17.8501 13.5798 10.5226 10.1881 4.51715 2.62348
threshold=26.831250000000004 -0.64580103137750788 23.643750000000008 0.68560466931841024 1.0439717433682956 0.40230420118749988 809.6500000000002 0.8855071519242802 3.6331250000000006 -0.77243990499604276 190.65000000000003 -0.47114434510950071 760.15606328458568 0.048362692321690152 29.756250000000005
decision_type=2 2 2 2 2 2 2 2 2 2 2 2 2 2 2
left_child=1 3 4 5 -3 -1 -5 10 9 -9 13 -12 -4 -2 -10
right_child=7 2 12 6 -6 -7 -8 8 14 -11 11 -13 -14 -15 -16
leaf_value=-0.0012737090148351379 -0.0016901062003086777 -0.00015248398088630081 -0.0010095573412815251 0.00083249090997242767 0.00093796234388682231 0.00031451428892502464 0.001200470926592756 -0.00017580123684826366 0.00092389486808513999 -0.00062389453649456259 0.0021039588904069317 -0.00012450326064701589 -0.00098124440339805176 0.00025398555149155346 0.000279759816196995
leaf_weight=3142 365 52472 958 7083 3935 16690 482 1240 58 708 515 418 152 115 63
leaf_count=3142 365 52472 958 7083 3935 16690 482 1240 58 708 515 418 152 115 63
internal_value=-1.97973e-05 0.000126599 -0.00040901 0.00125105 -0.000226479 0.000199173 0.00400859 -0.00358989 -0.00644031 -0.00764887 0.000583864 0.00409968 -0.00968468 -0.00625 0.0130165
internal_weight=88396 84914 57517 27397 56407 19832 7565 3482 2069 1948 1413 933 1110 480 121
internal_count=88396 84914 57517 27397 56407 19832 7565 3482 2069 1948 1413 933 1110 480 121
is_linear=0
shrinkage=0.05


Tree=104
num_leaves=15
num_cat=0
split_feature=9 4 22 21 5 0 6 6 6 7 9 20 12 4
split_gain=16.7201 18.5839 47.9214 27.0055 21.9077 19.9333 20.3277 16.5216 24.0663 16.9402 11.5861 6.61338 4.92558 4.04971
threshold=0.11750964431003839 -0.63405362205439475 1.0439717433682956 0.9467953645701922 0.86548282553247169 17.439272738971685 -0.64580103137750788 0.94066717844141279 0.99855310097228334 15.625000000000002 0.67255902837887527 5.8356250000000012 5.2500000000000009 -0.63405362205439475
decision_type=2 2 2 2 2 2 2 2 2 2 2 2 2 2
left_child=7 2 4 -4 -2 10 -7 9 12 13 -3 -11 -9 -1
right_child=1 5 3 -5 -6 6 -8 8 -10 11 -12 -13 -14 -15
leaf_value=-0.0025304096236734605 0.00027675402135707294 0.0015606746653936869 -0.0031176236130181418 0.0023830413797581887 -0.00032224426823694032 5.7347692319875689e-05 -0.00067686753139838411 -0.012468306199875309 0.0043288806187937318 0.0022912223258044219 0.0064418657217100665 -0.0013601403683413068 -0.0020098333053658406 -0.0007592635992191483
leaf_weight=351 42161 1610 207 1101 8098 15751 17668 220 75 404 431 62 58 165
leaf_count=351 42161 1610 207 1101 8098 15751 17668 220 75 404 431 62 58 165
internal_value=2.88586e-05 0.000114045 0.000719937 0.0101682 0.000474044 -0.000767061 -0.00106003 -0.00552434 -0.0148017 -0.00218941 0.00402989 0.00472103 -0.0215827 -0.00843023
internal_weight=88362 87027 51567 1308 50259 35460 33419 1335 353 982 2041 466 278 516
internal_count=88362 87027 51567 1308 50259 35460 33419 1335 353 982 2041 466 278 516
is_linear=0
shrinkage=0.05


Tree=105
num_leaves=15
num_cat=0
split_feature=5 6 16 4 22 5 19 9 5 19 13 20 3 20
split_gain=15.1336 32.9478 20.2572 24.5674 19.4522 17.1177 14.9814 19.7433 14.6623 12.7138 8.71376 8.38178 2.58477 1.53555
threshold=0.96687895796550427 -0.16799793862756093 561.6500000000002 -0.81241147629689003 0.72372268475860291 0.96465729447553372 26.831250000000004 0.76133632535529028 0.013976441590891219 6.1437500000000016 0.49094007117739497 2.0956250000000005 -0.72947329433276231 1.8356250000000005
decision_type=2 2 2 2 2 2 2 2 2 2 2 2 2 2
left_child=5 4 9 -4 11 6 7 -1 -8 -3 -6 -2 -7 -14
right_child=1 2 3 -5 10 12 8 -9 -10 -11 -12 -13 13 -15
leaf_value=4.7286238307009401e-05 -0.0051055245893524342 0.0019936237520795292 2.5700857037697092e-05 -0.00086211984954919223 0.00069007146994222316 0.00078769239703048173 -0.00035036483939149406 0.0010448430402242943 9.6518221500851989e-05 9.982175037308583e-05 -0.0025681436236180467 -0.0030200888792766643 0.0053301337569522603 0.0022638893107702787
leaf_weight=74881 229 426 958 777 298 43 2068 2570 1381 3947 280 486 50 133
leaf_count=74881 229 426 958 777 298 43 2068 2570 1381 3947 280 486 50 133
internal_value=-8.47199e-07 -0.00216525 -0.000630321 -0.00520173 -0.00941609 0.000196608 0.00015822 0.000301804 -0.00306611 0.0011834 -0.00259516 -0.0149301 0.0139381 0.0165301
internal_weight=88527 7401 6108 1735 1293 81126 80900 77451 3449 4373 578 715 226 183
internal_count=88527 7401 6108 1735 1293 81126 80900 77451 3449 4373 578 715 226 183
is_linear=0
shrinkage=0.05


Tree=106
num_leaves=16
num_cat=0
split_feature=19 16 0 4 16 6 16 22 22 15 6 12 20 0 9
split_gain=17.9218 17.1519 17.9443 16.4539 29.5647 15.2083 37.188 22.2447 14.5458 13.6767 13.3707 12.3615 10.2105 9.46572 5.63877
threshold=27.518750000000008 605.95000000000016 288.30509081593783 -0.91037613702198739 412.75000000000006 -0.64580103137750788 643.80000000000007 0.52354878631110668 1.0383239818484784 551.50000000000011 -0.95242240592625282 7.0500000000000016 3.5943750000000008 103.83475513692886 0.66737110467830496
decision_type=2 2 2 2 2 2 2 2 2 2 2 2 2 2 2
left_child=3 2 13 4 11 7 -7 -5 -6 -4 14 -1 -12 -2 -3
right_child=1 10 9 5 8 6 -8 -9 -10 -11 12 -13 -14 -15 -16
leaf_value=-0.0088019654883424361 0.00063926113086037464 -0.00089577748936878763 0.0017788138779316677 -0.001006169466993294 0.00051194641771148963 -0.00018350144151097481 -0.00046343094950451193 0.00045538728732152787 0.0017616869704656702 -0.00035016244468836225 -0.00056046435409963795 8.6039465309403767e-05 0.00068222521235486444 -0.0010517243260188172 4.5253920993953982e-05
leaf_weight=135 158 73 572 5238 7037 36419 2539 16890 388 318 877 16969 57 418 431
leaf_count=135 158 73 572 5238 7037 36419 2539 16890 388 318 877 16969 57 418 431
internal_value=-1.10146e-05 -0.00387397 -6.82128e-05 0.000120014 0.00121387 -0.000319222 -0.000913805 0.000727585 0.00384848 0.00438202 -0.00775382 7.0159e-05 -0.0112955 -0.00694444 -0.00119048
internal_weight=88519 2904 1466 85615 24529 61086 38958 22128 7425 890 1438 17104 934 576 504
internal_count=88519 2904 1466 85615 24529 61086 38958 22128 7425 890 1438 17104 934 576 504
is_linear=0
shrinkage=0.05


Tree=107
num_leaves=15
num_cat=0
split_feature=0 4 22 20 5 22 18 6 9 3 18 6 6 19
split_gain=14.5714 18.6259 46.0355 28.5429 20.4526 18.5073 26.059 12.0134 9.44756 8.00271 5.62607 5.25346 2.62108 3.91073
threshold=13.458872958123555 -0.58216583101416164 1.0439717433682956 1.5568750000000005 0.86548282553247169 0.35299777930176013 32.812500000000007 0.14888728888808328 0.70868107828818405 -0.81241147629688981 99.312500000000014 0.98486764554468398 -0.72694848937061807 15.456250000000002
decision_type=2 2 2 2 2 2 2 2 2 2 2 2 2 2
left_child=8 2 4 -4 -2 7 -7 -3 9 10 -1 -11 -10 -14
right_child=1 5 3 -5 -6 6 -8 -9 12 11 -12 -13 13 -15
leaf_value=0.010611407655147892 0.00020363235029910998 -0.0019507058672154438 0.00066144273766680919 0.0025266745908501757 -0.00032387767392745017 -0.00045267497324402999 7.4938353611012087e-05 -0.00023401837726128168 0.014822475329165689 -0.00099012374634225024 -0.0018552231377569007 0.022913214534920175 0.0079385215434371933 -0.00045675544263713011
leaf_weight=314 45723 3064 700 712 8700 5264 21001 1816 56 646 111 61 77 41
leaf_count=314 45723 3064 700 712 8700 5264 21001 1816 56 646 111 61 77 41
internal_value=2.83171e-06 -7.58795e-05 0.000470583 0.00938385 0.000239329 -0.00105555 -0.000530173 -0.0038832 0.00524502 0.00357774 0.009 0.000318246 0.016092 0.0118644
internal_weight=88286 86980 55835 1412 54423 31145 26265 4880 1306 1132 425 707 174 118
internal_count=88286 86980 55835 1412 54423 31145 26265 4880 1306 1132 425 707 174 118
is_linear=0
shrinkage=0.05


Tree=108
num_leaves=16
num_cat=0
split_feature=17 22 19 20 21 6 9 3 22 13 3 5 20 13 22
split_gain=16.2387 24.3998 20.4386 14.8446 15.6596 14.9429 13.9087 14.3537 12.7841 12.7637 11.182 10.8038 9.56979 8.89842 7.19246
threshold=168.50000000000003 0.78637306748051572 24.981250000000006 2.8693750000000007 0.89259077567851686 -0.58481178939031186 0.76532850049879275 0.35206144883412588 0.30687855228892058 0.59203221123626759 -0.63405362205439464 0.99907018497641664 2.686875000000001 0.9477729862660681 0.86580079832417756
decision_type=2 2 2 2 2 2 2 2 2 2 2 2 2 2 2
left_child=2 8 6 4 -4 -5 7 -1 12 14 -8 -10 -2 -11 -3
right_child=1 9 3 5 -6 -7 10 -9 11 13 -12 -13 -14 -15 -16
leaf_value=0.00015697457591061644 -0.0035916877578248637 0.0020884145288410485 1.3954063249643767e-05 0.00024615772115213762 -0.00042097603017967889 -0.00058357137735106095 -0.00095010670971555362 -0.00025693248380923294 0.0002288337592469228 0.00024294590854427868 0.0014445076679308916 -0.0044689412478648603 -0.00037016532125198345 0.0020595942753236425 0.0026246087259126972
leaf_weight=32062 218 1741 825 778 2092 263 365 28256 14502 4128 962 218 219 436 1329
leaf_count=32062 218 1741 825 778 2092 263 365 28256 14502 4128 962 218 219 436 1329
internal_value=2.94138e-05 0.00117919 -0.000370029 -0.00385296 -0.00568221 0.00127281 -0.000146403 -0.0002578 1.81434e-05 0.00348441 0.00491711 0.000268342 -0.00840961 0.00180762 0.0059772
internal_weight=88394 22791 65603 3958 2917 1041 61645 60318 15157 7634 1327 14720 437 4564 3070
internal_count=88394 22791 65603 3958 2917 1041 61645 60318 15157 7634 1327 14720 437 4564 3070
is_linear=0
shrinkage=0.05


Tree=109
num_leaves=16
num_cat=0
split_feature=6 5 5 5 6 5 9 9 17 20 22 19 20 21 4
split_gain=13.7535 95.766 29.4717 25.8296 25.0425 22.1243 26.4916 17.8035 16.2307 24.5789 17.8321 14.129 7.37477 5.28607 2.5098
threshold=0.93469109537144635 0.26866988313759588 0.3504237462291826 -0.32614396506100213 0.86004965528756494 0.38243310158943505 0.23586027133886819 0.52687760115239513 100.50000000000001 3.5131250000000009 0.98744854199646437 8.8812500000000032 5.8356250000000012 0.95401363414804796 -0.81241147629689003
decision_type=2 2 2 2 2 2 2 2 2 2 2 2 2 2 2
left_child=4 3 13 14 8 6 -6 -5 9 -1 -10 -7 -4 -3 -2
right_child=1 2 12 7 5 11 -8 -9 10 -11 -12 -13 -14 -15 -16
leaf_value=-4.3781210816157269e-05 -0.0067148279877672495 -0.0094261260481336047 0.0024137602960524378 0.0010631565646278013 0.0078852729450891862 0.0033795163942092589 -0.00093667518200623863 -0.0021918242279749534 0.00010645519476046861 -0.0010234463740595682 0.00031565983212749894 0.00037698335147342416 -0.001296724045370059 -0.0079422876964074622 -0.0046384003096252594
leaf_weight=27615 96 660 130 4199 236 1143 1421 1031 43352 5407 2516 371 46 146 51
leaf_count=27615 96 660 130 4199 236 1143 1421 1031 43352 5407 2516 371 46 146 51
internal_value=5.0328e-05 -0.00218981 -0.0165479 0.000432397 0.000223919 0.00458057 0.000588413 0.00101338 4.88021e-05 -0.000796439 0.000657321 0.0089498 0.00198864 -0.0205955 -0.0202381
internal_weight=88420 6359 982 5377 82061 3171 1657 5230 78890 33022 45868 1514 176 806 147
internal_count=88420 6359 982 5377 82061 3171 1657 5230 78890 33022 45868 1514 176 806 147
is_linear=0
shrinkage=0.05


Tree=110
num_leaves=16
num_cat=0
split_feature=19 2 5 19 22 0 13 5 17 3 9 5 20 18 17
split_gain=15.649 14.4065 22.5023 31.884 30.9096 17.1046 23.8547 14.3882 13.1814 12.6556 12.177 9.20006 8.58027 6.45864 2.76387
threshold=25.593750000000004 0.34257451212701245 0.86548282553247169 21.406250000000004 0.97254169820241654 20.46577800900668 0.037770744064505292 0.013976441590891219 30.500000000000004 0.58216583101416142 0.74970413652204393 0.75580964594513067 3.6156250000000005 7.6875000000000009 109.50000000000001
decision_type=2 2 2 2 2 2 2 2 2 2 2 2 2 2 2
left_child=1 5 4 -4 -3 8 -7 9 -1 10 -2 12 -9 -13 -11
right_child=7 2 3 -5 -6 6 -8 11 -10 14 -12 13 -14 -15 -16
leaf_value=0.00097521280629436768 -0.00016972995528576897 0.00033526798000436259 -0.00012581967817289346 -0.0006240401499951171 0.00069710213514403432 -0.0051403907438492911 -0.00025657326395480822 7.6655104293948956e-05 0.0057571147143191011 -0.00074740409716723413 -0.00083318368162814687 3.8835276687101965e-05 0.00074278223455760965 -0.0018136822974342383 -0.0018168464650775706
leaf_weight=2247 2496 35324 9928 504 2426 638 31642 1579 669 80 439 44 106 84 102
leaf_count=2247 2496 35324 9928 504 2426 638 31642 1579 669 80 439 44 106 84 102
internal_value=9.0592e-06 0.000170908 0.000732639 -0.00132285 0.00130066 -0.000598079 -0.000929368 -0.00272819 0.00306927 -0.00478826 -0.00399489 0.000813569 0.00179525 -0.0121094 -0.0175824
internal_weight=88308 83378 48182 10432 37750 35196 32280 4930 2916 3117 2935 1813 1685 128 182
internal_count=88308 83378 48182 10432 37750 35196 32280 4930 2916 3117 2935 1813 1685 128 182
is_linear=0
shrinkage=0.05


Tree=111
num_leaves=16
num_cat=0
split_feature=17 22 19 9 3 22 20 6 3 22 6 6 13 20 6
split_gain=13.0327 20.7171 18.7192 19.0125 15.6715 14.6317 13.7356 13.1155 12.2495 12.1469 11.9146 10.9376 10.6584 8.43671 8.15615
threshold=168.50000000000003 0.8235609847498907 24.981250000000006 0.76532850049879275 0.47114434510950071 0.30687855228892058 2.8693750000000007 -0.58481178939031186 -0.68322629814330804 0.8855071519242802 0.14888728888808328 -0.96234030595689413 0.66740299257585367 2.8693750000000007 -0.98521978256641018
decision_type=2 2 2 2 2 2 2 2 2 2 2 2 2 2 2
left_child=2 5 3 4 -1 13 9 -8 -5 -4 -7 14 -13 -2 -3
right_child=1 11 6 8 -6 10 7 -9 -10 -11 -12 12 -14 -15 -16
leaf_value=0.0001332559148634116 -0.0033769444552041923 0.0010249966495625902 -5.4821915282188273e-05 -0.00088758365049123049 -0.00031685778176009376 -5.8078494848101686e-05 0.00027085034401410637 -0.00059524621610739794 0.0016090622038117592 -0.00042567382620579687 0.001281234473267888 0.00198496202656962 4.7563220443042067e-05 -0.00036937682545289536 0.0021237868245327029
leaf_weight=34119 225 668 855 359 26183 14880 781 263 978 2029 1854 2268 2442 198 414
leaf_count=34119 225 668 855 359 26183 14880 781 263 978 2029 1854 2268 2442 198 414
internal_value=-1.12974e-05 0.00101421 -0.000370232 -0.000156962 -0.000287718 0.000141342 -0.0037169 0.00119732 0.00574046 -0.00549584 0.000373491 0.00359979 0.00255839 -0.00904255 0.00813309
internal_weight=88516 22949 65567 61639 60302 17157 3928 1044 1337 2884 16734 5792 4710 423 1082
internal_count=88516 22949 65567 61639 60302 17157 3928 1044 1337 2884 16734 5792 4710 423 1082
is_linear=0
shrinkage=0.05


Tree=112
num_leaves=16
num_cat=0
split_feature=19 9 19 5 19 4 5 5 3 2 9 19 22 5 13
split_gain=16.5299 13.4959 19.1728 17.2689 20.3661 17.3632 15.8431 13.4434 8.74505 11.0739 8.70484 12.4297 6.40845 4.82912 2.82462
threshold=25.593750000000004 0.30874939122456702 -1.1187499999999997 0.87397152483179585 21.406250000000004 -0.63405362205439475 0.3504237462291826 0.013976441590891219 0.5277851165098012 0.42599106426840577 0.72984288065964653 29.756250000000005 0.94955427672171255 -0.32614396506100213 0.1478289971107439
decision_type=2 2 2 2 2 2 2 2 2 2 2 2 2 2 2
left_child=1 2 14 5 -5 -3 -4 8 9 -2 11 -9 -12 -10 -1
right_child=7 3 6 4 -6 -7 -8 10 13 -11 12 -13 -14 -15 -16
leaf_value=-0.013686248708527173 -0.0015602632315816962 0.0005532254175681262 -0.00096147073173624426 -0.00013721654405739748 -0.00038458856229142138 -3.472649585219978e-05 0.00049396802494531958 -0.00057515783459733403 -0.0012912400064361562 -0.00013163803733133863 3.2365783960836006e-05 0.001450522483939032 0.00048422907923795222 -3.116748704332373e-05 -0.0036363061602897651
leaf_weight=85 632 32801 8796 12222 491 24425 4603 739 161 2282 673 61 351 50 65
leaf_count=85 632 32801 8796 12222 491 24425 4603 739 161 2282 673 61 351 50 65
internal_value=5.45586e-05 0.00022099 -0.00122334 0.000500794 -0.00116613 0.000871108 -0.00102433 -0.00275308 -0.004744 -0.00403226 0.000657895 -0.00325 0.00371094 -0.0145735 -0.019
internal_weight=88437 83488 13549 69939 12713 57226 13399 4949 3125 2914 1824 800 1024 211 150
internal_count=88437 83488 13549 69939 12713 57226 13399 4949 3125 2914 1824 800 1024 211 150
is_linear=0
shrinkage=0.05


Tree=113
num_leaves=16
num_cat=0
split_feature=19 2 6 6 6 6 5 6 18 22 20 17 21 13 17
split_gain=13.5569 13.5832 21.2501 27.4868 19.532 40.5264 35.8865 9.19476 14.0273 11.6424 10.7888 7.40401 5.65074 3.3373 0.121686
threshold=27.518750000000008 0.33497764832916194 0.94066717844141279 0.7487283477006671 0.98486764554468398 0.93469109537144635 0.13398903995667991 -0.99628250747696534 72.937500000000014 0.80240312100087996 3.5943750000000008 118.50000000000001 0.89259077567851686 0.70864670514748662 118.50000000000001
decision_type=2 2 2 2 2 2 2 2 2 2 2 2 2 2 2
left_child=1 4 3 -3 5 -1 -6 8 12 11 -11 -9 -2 -10 -4
right_child=7 2 14 -5 6 -7 -8 9 13 10 -12 -13 -14 -15 -16
leaf_value=-0.00011409243487667393 0.00099921100325071617 0.00010968165360738525 -0.0039258552875618222 0.0017828062159965686 0.00035705119651029821 -0.0029072812144401213 0.0085425301171494546 -0.0019357040451147833 -0.0091380938313798954 -0.000385728322822429 0.0004215563738617062 0.0024684610768386326 2.6131276679802751e-05 -0.001223450231709411 -0.0052205800984911378
leaf_weight=28400 221 49274 41 1584 2575 3212 462 63 66 1726 112 354 267 41 51
leaf_count=28400 221 49274 41 1584 2575 3212 462 63 66 1726 112 354 267 41 51
internal_value=6.50092e-06 0.000119452 0.000638862 0.000682292 -0.000644319 -0.00101227 0.00318571 -0.00338596 0.00214286 -0.00484479 -0.00655604 0.00269784 0.0057377 -0.0142523 -0.0233696
internal_weight=88449 85599 50950 50858 34649 31612 3037 2850 595 2255 1838 417 488 107 92
internal_count=88449 85599 50950 50858 34649 31612 3037 2850 595 2255 1838 417 488 107 92
is_linear=0
shrinkage=0.05


Tree=114
num_leaves=14
num_cat=0
split_feature=1 22 19 6 3 3 9 5 5 19 6 21 22
split_gain=13.4112 19.0116 14.613 24.0934 18.7101 16.9239 14.6278 29.0666 15.796 5.73141 4.57753 2.61393 1.78857
threshold=862.76371110962691 0.97045461389889065 23.981250000000006 -0.96234030595689413 -0.9103761370219875 0.58216583101416142 0.24225393111440596 -0.65234524191686594 -0.8781231054254196 14.068750000000003 -0.99864786094873803 0.99360037938833767 0.97970658388645304
decision_type=2 2 2 2 2 2 2 2 2 2 2 2 2
left_child=2 9 6 4 -4 -5 7 -1 -8 -2 -11 12 -3
right_child=1 11 3 5 -6 -7 8 -9 -10 10 -12 -13 -14
leaf_value=-0.0022783567377371631 -0.0026420033988034386 0.00088317610712832233 -0.00052610943255754076 -0.00028994293839502278 0.00064616592439017961 -0.001645642532871955 0.00067173317244850208 8.5905113740061828e-05 -7.548415743886816e-06 0.0015545311222050829 0.00075253239155765878 0.00068683051593202988 0.0015520049506460411
leaf_weight=2470 67 60 622 4212 1451 349 12791 5093 58494 195 2559 63 109
leaf_count=2470 67 60 622 4212 1451 349 12791 5093 58494 195 2559 63 109
internal_value=1.10126e-05 0.00326728 -0.000105285 -0.00235906 0.00211047 -0.00439048 8.43395e-05 -0.00200648 0.000306165 0.00213577 0.00248729 0.0170259 0.0202663
internal_weight=88535 3053 85482 6634 2073 4561 78848 7563 71285 2821 2754 232 169
internal_count=88535 3053 85482 6634 2073 4561 78848 7563 71285 2821 2754 232 169
is_linear=0
shrinkage=0.05


Tree=115
num_leaves=16
num_cat=0
split_feature=22 16 6 6 6 20 1 22 6 16 5 5 5 19 12
split_gain=12.6935 31.0527 27.2691 54.9558 26.9636 23.0777 18.2117 17.8283 17.7004 16.8088 15.2817 11.3476 8.84743 2.14989 0.0777778
threshold=0.97254169820241654 656.4000000000002 0.96407344085605606 0.94636490295939868 1.0000000180025095e-35 3.5943750000000008 284.63885657735915 0.86866738125667609 0.94636490295939868 429.55000000000007 0.20180702842483325 0.15101559051660998 0.83849049182116964 1.9062500000000004 104.25000000000001
decision_type=2 2 2 2 2 2 2 2 2 2 2 2 2 2 2
left_child=1 6 3 4 -2 12 9 -7 -8 -1 11 -4 -3 -5 -12
right_child=2 5 10 13 -6 7 8 -9 -10 -11 14 -13 -14 -15 -16
leaf_value=-0.00028951451582986124 -2.7686625292955291e-05 -0.0003484544904656356 0.0026541340016889708 -0.010294591594966191 0.00096970454521102818 -0.011521925487437624 0.00026261886849003184 0.00055803254282780774 -0.0080497776499371503 -0.0010386217786893998 0.0098426688068413599 -0.0021554578562905549 -0.004880004544178973 -0.0047865792895706782 0.0048124878539314644
leaf_weight=27055 7343 3058 270 173 4502 51 43662 489 67 1065 140 82 353 113 40
leaf_count=27055 7343 3058 270 173 4502 51 43662 489 67 1065 140 82 353 113 40
internal_value=4.88905e-05 -0.00019591 0.00151425 0.00102836 0.00155129 -0.00451152 4.14063e-05 0.00509259 0.000679755 -0.00095128 0.012594 0.00653409 -0.00603196 -0.0206294 0.0244444
internal_weight=88463 75800 12663 12131 11845 3951 71849 540 43729 28120 532 352 3411 286 180
internal_count=88463 75800 12663 12131 11845 3951 71849 540 43729 28120 532 352 3411 286 180
is_linear=0
shrinkage=0.05


Tree=116
num_leaves=15
num_cat=0
split_feature=1 22 16 13 1 18 19 3 5 19 17 15 21 19
split_gain=11.2947 22.3005 14.2501 35.3016 23.2633 18.0916 27.8407 21.4418 14.1098 5.13764 7.65217 5.15064 2.17112 1.02302
threshold=862.76371110962691 0.97465609334504777 656.4000000000002 0.53371152228008734 504.45118401492294 80.937500000000014 1.9062500000000004 1.0000000180025095e-35 0.9962888416657264 20.318750000000005 148.50000000000003 466.50000000000006 0.99360037938833767 26.081250000000004
decision_type=2 2 2 2 2 2 2 2 2 2 2 2 2 2
left_child=2 9 5 8 -5 7 -7 -1 -4 11 -11 -2 13 -3
right_child=1 12 3 4 -6 6 -8 -9 -10 10 -12 -13 -14 -15
leaf_value=0.00081045735661418599 0.00097724820981779379 0.0016493686083982773 0.00096827359975473206 -0.00086755839268869985 -0.00011592903325089999 -0.0028186711393693026 -0.00011502930570956027 -4.6688325155758165e-05 -0.0043557169126577366 -0.0002086967172439891 0.0019427045175899327 -0.0013354354765049371 0.00061670530483782517 0.00053249355153744406
leaf_weight=15937 701 107 1245 1155 5235 1635 41855 18107 113 154 1245 814 64 41
leaf_count=15937 701 107 1245 1155 5235 1635 41855 18107 113 154 1245 814 64 41
internal_value=2.31879e-05 0.00297505 -8.50121e-05 -0.00212958 -0.00368545 0.000119302 -0.00055645 0.000982552 0.00519146 0.00183596 0.00402073 -0.000181518 0.0186321 0.0219595
internal_weight=88408 3126 85282 7748 6390 77534 43490 34044 1358 2914 1399 1515 212 148
internal_count=88408 3126 85282 7748 6390 77534 43490 34044 1358 2914 1399 1515 212 148
is_linear=0
shrinkage=0.05


Tree=117
num_leaves=11
num_cat=0
split_feature=9 0 4 22 22 12 3 18 16 15
split_gain=12.5223 10.879 12.9497 33.2669 16.2651 5.37511 4.61781 3.83951 3.5165 0.449197
threshold=0.8216092256955948 10.612183378598129 -0.58216583101416164 1.0439717433682956 0.42339730128143954 7.0500000000000016 -0.52778511650980109 79.187500000000014 20.650000000000002 519.50000000000011
decision_type=2 2 2 2 2 2 2 2 2 2
left_child=1 5 3 -3 -4 8 -2 -7 -1 -8
right_child=6 2 4 -5 -6 7 9 -9 -10 -11
leaf_value=-0.0017602480788213694 0.00029157885804261262 3.8772038208369222e-05 -0.0012196801199496595 0.0016960222014837491 -7.0541216683078775e-05 0.012358578552430756 0.0093193206575369059 0.0071153675265661692 0.017536013727485134 0.0029671074522857332
leaf_weight=208 44 54383 6577 1448 24990 199 49 138 119 52
leaf_count=208 44 54383 6577 1448 24990 199 49 138 119 52
internal_value=-2.63585e-05 -5.05326e-05 -9.89725e-05 0.000358672 -0.000908385 0.0063253 0.0146552 0.0107567 0.00175841 0.0205446
internal_weight=88207 88062 87398 55831 31567 664 145 337 327 101
internal_count=88207 88062 87398 55831 31567 664 145 337 327 101
is_linear=0
shrinkage=0.05


Tree=118
num_leaves=15
num_cat=0
split_feature=6 6 6 5 9 22 6 5 6 15 3 21 13 22
split_gain=11.5344 18.2801 48.0268 52.2235 28.5844 24.9324 23.5168 15.5282 11.8286 8.83412 7.11574 6.94444 1.92936 0.452586
threshold=0.99981043035926087 0.98486764554468398 0.93469109537144635 0.26866988313759588 0.58690526621778438 0.8235609847498907 0.86004965528756494 -0.12546116083924153 0.99999537620422141 38.500000000000007 0.47114434510950071 0.34409176925563595 0.16105197689641829 0.21965496917571564
decision_type=2 2 2 2 2 2 2 2 2 2 2 2 2 2
left_child=1 2 6 -4 7 -6 -1 -3 9 13 12 -11 -10 -2
right_child=8 4 3 -5 5 -7 -8 -9 10 11 -12 -13 -14 -15
leaf_value=-3.6302330924165019e-06 -0.0070307277163045266 -0.0012488195687208521 -0.00096165154202607908 -0.0069620206559025399 -0.0061337008552891179 0.0035989187371511955 0.0016224131799641925 0.0045672289841809715 0.0057637975814113706 0.00075367505999181933 -0.0037078620286645383 -0.0021587210086119928 0.00019643816612786164 -0.0025687359302767098
leaf_weight=78779 105 289 2356 947 335 110 3146 1948 46 45 48 45 56 40
leaf_count=78779 105 289 2356 947 335 110 3146 1948 46 45 48 45 56 40
internal_value=-8.49425e-07 3.69696e-05 -9.09326e-05 -0.00600212 0.00410142 -0.00747191 0.000147391 0.00640367 -0.00863636 -0.0156383 0.00233333 -0.00333333 0.00980392 -0.0232759
internal_weight=88295 87910 85228 3303 2682 445 81925 2237 385 235 150 90 102 145
internal_count=88295 87910 85228 3303 2682 445 81925 2237 385 235 150 90 102 145
is_linear=0
shrinkage=0.05


Tree=119
num_leaves=16
num_cat=0
split_feature=19 6 5 6 19 5 5 9 20 15 19 0 4 22 20
split_gain=11.6612 22.9586 23.5552 14.8652 14.7971 11.7509 18.068 18.346 15.5017 13.7124 12.4926 10.1686 13.0172 8.90214 0.120611
threshold=23.493750000000006 -0.64580103137750788 0.14250626876356556 -0.99628250747696534 28.406250000000004 0.91248814248966237 0.9053161325100999 0.67124805232663154 0.68687500000000024 371.50000000000006 18.281250000000004 639.73399316625466 -0.63405362205439475 0.77608097412696198 2.8368750000000005
decision_type=2 2 2 2 2 2 2 2 2 2 2 2 2 2 2
left_child=5 2 3 -2 -4 6 7 -1 9 -7 -10 12 -3 -8 -13
right_child=1 11 4 -5 -6 8 13 -9 10 -11 -12 14 -14 -15 -16
leaf_value=-1.6401968861140537e-05 0.00031292602014752063 -0.00030705326475244377 0.00099638731314788962 -0.00036922201406679737 -0.00016728982487023149 0.0019175005359421044 -0.00038731848340770318 0.00043756179960206809 -0.00031734180277252501 -0.00024345155690084499 -0.00072236284815705993 -0.00025651356155695918 -0.0020837677397843508 0.0029211153755566046 -0.0026371331653184948
leaf_weight=56001 1068 1107 944 4244 359 533 143 11464 10584 156 854 41 456 346 50
leaf_count=56001 1068 1107 944 4244 359 533 143 11464 10584 156 854 41 456 346 50
internal_value=-4.75382e-05 -0.00183517 -0.000517763 -0.00199548 0.00550652 0.000137049 0.000392913 0.000323501 -0.00129669 0.00598694 -0.00173544 -0.00710399 -0.00615803 0.00996933 -0.0233516
internal_weight=88350 8269 6615 5312 1303 80081 67954 67465 12127 689 11438 1654 1563 489 91
internal_count=88350 8269 6615 5312 1303 80081 67954 67465 12127 689 11438 1654 1563 489 91
is_linear=0
shrinkage=0.05


Tree=120
num_leaves=16
num_cat=0
split_feature=0 0 22 16 20 16 6 9 9 17 3 4 19 6 13
split_gain=10.9474 13.8514 21.0669 15.6632 15.331 14.0736 37.6477 11.3223 10.9557 7.30182 5.36388 4.14655 3.71981 2.79157 2.05607
threshold=17.439272738971685 187.46637877969036 1.0511297556944543 656.4000000000002 0.7981250000000002 436.55000000000007 -0.048362832084465616 0.79378270001952722 0.69931833206448257 32.500000000000007 0.84874750804349197 0.16280825711809024 15.168750000000003 -0.99273797715557011 1.104009726044052
decision_type=2 2 2 2 2 2 2 2 2 2 2 2 2 2 2
left_child=8 5 3 -3 -4 7 -7 -2 9 10 -1 12 -10 -13 -11
right_child=1 2 4 -5 -6 6 -8 -9 11 14 -12 13 -14 -15 -16
leaf_value=0.0044058351351276949 -0.0002985641977150233 0.00020822175018931355 -0.0011602792260329176 -0.00011480457900354125 0.001550969524266449 -0.0019406359693552395 0.0011505167842655705 0.0029094244915507609 0.0065385670729009087 0.0071105960389246164 -0.0021970572663111859 0.0033926566609546768 -0.00016220286587934063 0.01089738004523106 -0.00093982337366938515
leaf_weight=864 24522 51438 83 8109 396 768 556 265 77 289 788 40 75 147 46
leaf_count=864 24522 51438 83 8109 396 768 556 265 77 289 788 40 75 147 46
internal_value=3.30647e-05 -5.83373e-05 0.000359844 0.000275833 0.0108038 -0.00101969 -0.0060423 -0.000751402 0.00341788 0.0020005 0.000635593 0.0117257 0.00559211 0.0167112 0.00873134
internal_weight=88463 86137 60026 59547 479 26111 1324 24787 2326 1987 1652 339 152 187 335
internal_count=88463 86137 60026 59547 479 26111 1324 24787 2326 1987 1652 339 152 187 335
is_linear=0
shrinkage=0.05


Tree=121
num_leaves=16
num_cat=0
split_feature=0 0 22 3 16 6 18 20 9 3 21 4 17 22 0
split_gain=10.8872 12.3662 16.1254 16.2878 15.3736 35.834 13.5502 12.7155 12.133 7.46016 9.21974 5.51375 6.97535 4.7274 2.01484
threshold=20.46577800900668 187.46637877969036 1.0511297556944543 0.97335555334614954 338.05000000000007 0.2332836900311728 86.687500000000014 0.7981250000000002 0.70868107828818405 0.84874750804349197 0.96943688668899886 0.16280825711809024 30.500000000000004 0.1302709577525481 13.458872958123555
decision_type=2 2 2 2 2 2 2 2 2 2 2 2 2 2 2
left_child=8 4 3 -3 6 -6 -2 -4 9 13 -11 12 -10 -1 -13
right_child=1 2 7 -5 5 -7 -8 -9 11 10 -12 14 -14 -15 -16
leaf_value=0.0079264257117583944 0.00023876126452953284 3.5109016227552471e-06 -0.0010179964115536678 0.00080191316416353695 -0.0012946821800670972 0.0011952029857149882 -0.00078948992926030086 0.0014734210480531252 -0.00052360267393501973 -0.0017871761299120326 0.0034228980622861174 0.011531082920816241 0.0069590537222511241 0.0015158036255517192 0.0062967017602527826
leaf_weight=589 11197 56370 87 3048 2025 1016 11245 384 106 985 310 82 57 722 116
leaf_count=589 11197 56370 87 3048 2025 1016 11245 384 106 985 310 82 57 722 116
internal_value=-3.11301e-06 -0.000106592 0.000285946 0.000212898 -0.00102912 -0.00436534 -0.000577043 0.00950106 0.00297438 0.00178434 -0.000907336 0.0115651 0.0047546 0.00444317 0.0171717
internal_weight=88339 85372 59889 59418 25483 3041 22442 471 2967 2606 1295 361 163 1311 198
internal_count=88339 85372 59889 59418 25483 3041 22442 471 2967 2606 1295 361 163 1311 198
is_linear=0
shrinkage=0.05


Tree=122
num_leaves=16
num_cat=0
split_feature=5 0 5 5 6 3 22 6 15 19 22 5 22 20 20
split_gain=10.5462 15.366 35.3713 59.534 44.6273 14.8088 15.1894 12.6508 16.9785 18.2875 13.6969 11.4142 15.0282 11.147 4.91548
threshold=0.91248814248966237 322.52926779378248 0.34235194516023087 0.26866988313759588 0.84199059757024453 0.97335555334614954 0.96213651982856396 -0.065537083312030994 627.50000000000011 18.468750000000004 1.0293035629528646 0.96687895796550427 0.30687855228892058 5.0881250000000016 1.1856250000000002
decision_type=2 2 2 2 2 2 2 2 2 2 2 2 2 2 2
left_child=1 2 3 -1 -4 6 -3 11 9 -9 -10 13 -13 -2 -7
right_child=7 5 4 -5 -6 14 -8 8 10 -11 -12 12 -14 -15 -16
leaf_value=-0.00027743474832933325 -0.00011638122672726626 0.00016047693831478527 0.00015261986246175864 -0.0057751400230480615 0.0025940862945283971 0.003711984560894316 0.00022715847677009794 -1.0545658284977223e-05 0.00022410480731062667 -0.0030887661686198001 0.0011782645245014712 -0.002560172439770424 -0.00054913305599191828 -0.0025844408620483029 0.0018046542420268763
leaf_weight=30097 2401 28815 9517 1225 2185 201 3876 6282 206 181 133 285 2553 54 319
leaf_count=30097 2401 28815 9517 1225 2185 201 3876 6282 206 181 133 285 2553 54 319
internal_value=2.60387e-05 0.000243654 -0.00038002 -0.00125631 0.00196548 0.00105161 0.000918449 -0.0013456 8.08586e-05 -0.000491258 0.0109882 -0.00317873 -0.00533827 -0.000682281 0.00942308
internal_weight=88330 76235 43024 31322 11702 33211 32691 12095 6802 6463 339 5293 2838 2455 520
internal_count=88330 76235 43024 31322 11702 33211 32691 12095 6802 6463 339 5293 2838 2455 520
is_linear=0
shrinkage=0.05


Tree=123
num_leaves=16
num_cat=0
split_feature=1 22 16 13 2 9 3 18 22 19 17 5 21 13 18
split_gain=8.71591 16.6014 11.53 28.3664 21.4172 13.994 18.1358 14.0833 11.1751 4.59855 6.51694 6.01241 3.29976 3.97233 0.0518072
threshold=862.76371110962691 0.97465609334504777 656.4000000000002 0.57808738163113393 0.50584714282254206 0.70931095128662991 -0.8814490726585632 65.437500000000014 0.9640247933089886 20.318750000000005 148.50000000000003 -0.082689790342551819 0.97911630744217204 0.98280141840440283 19.687500000000004
decision_type=2 2 2 2 2 2 2 2 2 2 2 2 2 2 2
left_child=2 9 5 8 -5 7 -7 -1 -4 11 -11 -2 14 -14 -3
right_child=1 12 3 4 -6 6 -8 -9 -10 10 -12 -13 13 -15 -16
leaf_value=0.0003684442485871964 0.0034592891427840874 0.0013359509080758227 -3.6523323845621959e-05 -0.00095937752280799153 -0.00011238183055975737 -0.0003942109953273959 0.00073187076682259546 -0.00027796864330753985 0.0012610542972598948 -0.0001831277254349728 0.0018346528718066136 -0.00064943683730393222 0.00068799705663082913 0.00083161735201381099 0.001116355066443514
leaf_weight=20507 132 43 736 735 5444 2054 6954 47965 790 147 1245 1352 91 42 40
leaf_count=20507 132 43 736 735 5444 2054 6954 47965 790 147 1245 1352 91 42 40
internal_value=-4.24799e-06 0.00260349 -9.89024e-05 -0.00194354 -0.00345121 8.45379e-05 0.00193717 -0.000159189 0.00416121 0.00159944 0.00366379 -0.000336927 0.0159722 0.0110902 0.0237952
internal_weight=88277 3092 85185 7705 6179 77480 9008 68472 1526 2876 1392 1484 216 133 83
internal_count=88277 3092 85185 7705 6179 77480 9008 68472 1526 2876 1392 1484 216 133 83
is_linear=0
shrinkage=0.05


Tree=124
num_leaves=16
num_cat=0
split_feature=22 16 3 12 20 5 9 12 20 5 13 1 5 5 17
split_gain=11.1913 28.8159 26.6873 40.2812 28.0883 43.2975 16.386 15.9881 27.6569 13.2244 19.9257 13.2098 11.3434 9.82878 8.39376
threshold=0.96213651982856396 623.30000000000007 -0.84874750804349153 35.550000000000004 1.5206250000000006 0.76696112484652035 0.42820268915533322 253.35000000000002 1.5756250000000003 0.83849049182116964 0.65641567868047279 353.79196926858583 0.9053161325100999 0.34235194516023087 30.500000000000004
decision_type=2 2 2 2 2 2 2 2 2 2 2 2 2 2 2
left_child=1 7 3 14 6 -6 -4 13 -9 10 -3 -5 -11 -1 -2
right_child=2 9 4 11 5 -7 -8 8 -10 12 -12 -13 -14 -15 -16
leaf_value=-0.00037202068369118215 -0.00067314446743232394 0.00030291121139342517 -0.0015766728984843272 -0.0015424917214906409 0.00080577706487459108 -1.5358459935815861e-05 0.00016357982427460117 0.0019642126558532202 0.00017086136631691285 -0.0063160103235126832 -0.00038243147108136811 0.0012849241060841343 -0.0021658849644441594 0.00017110110370805316 0.0016481102549702282
leaf_weight=34051 643 1015 1198 1072 3596 2681 4123 2742 13562 147 2516 74 352 19809 772
leaf_count=34051 643 1015 1198 1072 3596 2681 4123 2742 13562 147 2516 74 352 19809 772
internal_value=2.5466e-06 -0.000243281 0.0012907 -0.00332878 0.00231074 0.00457623 -0.000361774 -7.12616e-06 0.0013647 -0.00435484 -0.00327811 -0.0102967 -0.0119739 -0.000422391 0.00231449
internal_weight=88353 74194 14159 2561 11598 6277 5321 70164 16304 4030 3531 1146 499 53860 1415
internal_count=88353 74194 14159 2561 11598 6277 5321 70164 16304 4030 3531 1146 499 53860 1415
is_linear=0
shrinkage=0.05


Tree=125
num_leaves=12
num_cat=0
split_feature=9 19 5 5 19 16 12 13 20 8 12
split_gain=12.3487 15.0699 13.2504 17.7882 12.6771 12.2656 21.3297 14.4327 9.11845 8.85263 7.77783
threshold=0.11750964431003839 -1.0062499999999999 0.91248814248966237 0.9053161325100999 24.768750000000008 10.350000000000003 37.350000000000009 0.48648035596724665 2.8193750000000004 1.0000000180025095e-35 4.3500000000000005
decision_type=2 2 2 2 2 2 2 2 2 2 2
left_child=1 -1 3 4 -2 7 -7 -4 -5 -3 -11
right_child=2 9 5 8 -6 6 -8 -9 -10 10 -12
leaf_value=-0.01178286942433515 0.00015408784756121009 0.00418737576670411 -0.0018279381473961715 0.0012491070164620422 -0.00015783620288861711 0.001565566292677649 -0.00031808247966251258 0.00032253918726982134 0.0049607076220364145 -0.0033551745783427095 -0.00058388737159433338
leaf_weight=86 68335 56 943 344 6162 1378 9193 531 155 257 918
leaf_count=86 68335 56 943 344 6162 1378 9193 531 155 257 918
internal_value=4.07433e-05 -0.00476462 0.000113452 0.000360686 0.000297663 -0.0014259 -0.000830101 -0.00569878 0.00976954 -0.00335093 -0.0042766
internal_weight=88358 1317 87041 74996 74497 12045 10571 1474 499 1231 1175
internal_count=88358 1317 87041 74996 74497 12045 10571 1474 499 1231 1175
is_linear=0
shrinkage=0.05


Tree=126
num_leaves=11
num_cat=0
split_feature=9 2 0 3 6 16 3 3 15 4
split_gain=10.3554 10.148 11.8104 14.5386 13.0651 9.25914 6.52755 5.31039 1.34555 0.837618
threshold=0.8216092256955948 0.077579008856725987 192.00235822438148 0.97335555334614954 0.98486764554468398 249.75000000000003 0.84874750804349197 -0.52778511650980109 519.50000000000011 1.0000000180025095e-35
decision_type=2 2 2 2 2 2 2 2 2 2
left_child=1 5 4 -4 -3 6 -1 -2 -9 -7
right_child=7 2 3 -5 -6 9 -8 8 -10 -11
leaf_value=0.0047528956835022401 -0.00028078049303508211 -0.00045716295222316132 1.617595439478703e-05 0.00081973177155880152 0.00093171960988363005 0.0058868925287613762 -0.00017436575824531232 0.0086569224053369264 0.0025400261656907674 0.0029438736475959904
leaf_weight=1400 46 24171 55706 2937 2435 46 1278 52 53 43
leaf_count=1400 46 24171 55706 2937 2435 46 1278 52 53 43
internal_value=-3.11908e-06 -2.55635e-05 -0.000122289 0.000274116 -0.000996016 0.00295446 0.00242718 0.0130795 0.0192857 0.0188202
internal_weight=88167 88016 85249 58643 26606 2767 2678 151 105 89
internal_count=88167 88016 85249 58643 26606 2767 2678 151 105 89
is_linear=0
shrinkage=0.05


Tree=127
num_leaves=14
num_cat=0
split_feature=0 9 13 6 5 3 6 6 18 5 6 13 15
split_gain=12.0542 11.2542 9.81127 15.8786 9.58299 5.21542 4.56603 6.13714 5.27378 4.11703 2.77825 1.44281 0.860969
threshold=10.612183378598129 0.8216092256955948 0.070928051086202856 0.96407344085605606 -0.8781231054254196 -0.41248606129204529 0.51849435583340198 0.95936279103287792 70.312500000000014 0.44505654568748165 0.2499757677084001 0.28780622251685034 519.50000000000011
decision_type=2 2 2 2 2 2 2 2 2 2 2 2 2
left_child=6 2 3 -2 -4 -3 8 9 11 -8 -10 -1 -7
right_child=1 5 4 -5 -6 12 7 -9 10 -11 -12 -13 -14
leaf_value=0.01917869812316499 -0.0020442494177309841 5.1622358156283582e-06 0.0003861722410118382 0.010530309576858401 -5.3384542144963026e-05 0.0082323312189255312 -0.0055315441322691151 0.023662837290033815 0.0012890249027474488 0.0099421107555892011 0.010456585794941149 0.0086420095753311117 0.0023380175378000466
leaf_weight=69 1854 46 14213 160 71462 50 135 43 184 55 53 136 48
leaf_count=69 1854 46 14213 160 71462 50 135 43 184 55 53 136 48
internal_value=-2.65513e-05 -7.77043e-05 -0.00010064 -0.00355015 -1.95506e-05 0.0138889 0.00662963 0.000965665 0.00961538 -0.00289474 0.00453586 0.0154878 0.0204082
internal_weight=88508 87833 87689 2014 85675 144 675 233 442 190 237 205 98
internal_count=88508 87833 87689 2014 85675 144 675 233 442 190 237 205 98
is_linear=0
shrinkage=0.05


Tree=128
num_leaves=16
num_cat=0
split_feature=22 6 5 20 0 12 21 5 13 5 20 22 6 16 19
split_gain=10.681 23.3515 34.0354 27.4514 27.4001 22.915 20.8751 18.645 15.8293 14.8873 18.0593 13.9806 27.9492 10.191 8.68497
threshold=0.97970658388645304 1.0000000180025095e-35 0.75580964594513067 1.4806250000000005 363.92828424159876 31.350000000000005 0.94928068236970697 0.3342611484689354 0.53121728147653191 0.83849049182116964 3.2781250000000006 0.95844462698335453 0.56191161272202661 618.50000000000011 19.206250000000008
decision_type=2 2 2 2 2 2 2 2 2 2 2 2 2 2 2
left_child=6 2 4 7 -2 -4 11 -3 -5 10 -8 13 -13 -1 -11
right_child=1 3 5 8 -6 -7 9 -9 -10 14 -12 12 -14 -15 -16
leaf_value=2.9109461652060409e-05 -3.4365059968216598e-05 -0.0025329512370809884 0.0012228552414809025 0.0032775441071212332 0.00066332631124319539 -0.00034349128277386679 -0.00031722880638521692 0.00065868085288823272 0.00043819376968851358 -0.0019356484808970482 0.00033450011027110485 0.0013006618113943242 -0.0031122795076724222 -0.00032401607426356675 -0.0050907819027813331
leaf_weight=68428 2601 1261 561 1262 1129 2345 3589 1212 1376 759 770 720 201 2123 142
leaf_count=68428 2601 1261 561 1262 1129 2345 3589 1212 1376 759 770 720 201 2123 142
internal_value=3.24936e-05 0.00143654 -0.000519892 0.00397672 0.00264075 -0.00457674 -0.000182453 0.000192074 0.00752464 -0.00322243 -0.00201308 4.12749e-05 0.00616178 -3.86245e-05 -0.00907325
internal_weight=88479 11747 6636 5111 3730 2906 76732 2473 2638 5260 4359 71472 921 70551 901
internal_count=88479 11747 6636 5111 3730 2906 76732 2473 2638 5260 4359 71472 921 70551 901
is_linear=0
shrinkage=0.05


Tree=129
num_leaves=16
num_cat=0
split_feature=6 19 3 5 3 18 16 18 9 5 6 19 19 15 13
split_gain=9.70577 24.0602 25.0953 23.6096 15.2052 26.3394 17.3151 13.8837 14.3873 23.3151 23.091 9.19038 13.8438 11.3801 1.60376
threshold=-0.77243990499604276 22.631250000000005 0.63405362205439464 0.75580964594513067 0.41248606129204562 63.937500000000007 477.75000000000006 93.937500000000014 0.68978564661902164 -0.35846811432664222 -0.96234030595689413 15.456250000000002 19.493750000000006 219.50000000000003 0.73108387875827818
decision_type=2 2 2 2 2 2 2 2 2 2 2 2 2 2 2
left_child=7 4 3 -3 5 -2 -6 8 9 -1 -10 13 -13 -9 -4
right_child=1 2 14 -5 6 -7 -8 11 10 -11 -12 12 -14 -15 -16
leaf_value=0.0015988721797230709 0.000619599120399389 -0.00011970412227159944 -0.0013796225037318284 -0.00076735407469419878 -0.00015523536219748114 -0.00018054143767334553 -0.00042690197701168443 0.00018908902166658444 0.00078047656292066787 -0.00014518159583864487 8.2394249610345815e-06 -0.0016482925435740746 0.00030625620272808907 0.0042235799573593653 -0.0018729013777512183
leaf_weight=2366 12885 3072 118 634 20981 22182 4022 1775 2702 7941 2066 3560 3682 354 191
leaf_count=2366 12885 3072 118 634 20981 22182 4022 1775 2702 7941 2066 3560 3682 354 191
internal_value=4.20757e-05 -0.000281267 -0.00402864 -0.00288721 -3.07974e-05 0.000640916 -0.000972883 0.000889716 0.00182919 0.000778597 0.00410025 -0.000621599 -0.00147059 0.00226632 -0.0177184
internal_weight=88531 64085 4015 3706 60070 35067 25003 24446 15075 10307 4768 9371 7242 2129 309
internal_count=88531 64085 4015 3706 60070 35067 25003 24446 15075 10307 4768 9371 7242 2129 309
is_linear=0
shrinkage=0.05


Tree=130
num_leaves=16
num_cat=0
split_feature=19 6 20 16 5 9 5 20 20 19 5 16 18 21 18
split_gain=9.01236 12.6872 18.7956 19.3108 9.9887 18.4744 27.9238 16.911 12.8173 11.2713 9.8928 9.75039 9.57845 7.53488 4.75838
threshold=24.768750000000008 -0.59867820553660911 2.9031250000000006 692.35000000000002 0.91248814248966237 0.34955120886128022 0.3504237462291826 3.7131250000000007 0.68687500000000024 7.6562500000000009 0.21022171450811275 1.7500000000000002 19.687500000000004 0.92199267636993565 0.43750000000000006
decision_type=2 2 2 2 2 2 2 2 2 2 2 2 2 2 2
left_child=4 2 3 -2 5 6 -1 -7 9 -6 -4 -10 14 -14 -3
right_child=1 12 10 -5 8 7 -8 -9 11 -11 -12 -13 13 -15 -16
leaf_value=-0.00095369323466982245 -2.3699251557968149e-05 -0.00019691064133502413 0.00012091094002023017 -0.00033034064714980161 0.0022830398354361961 0.00034315923185785778 0.0008007042901828341 -0.00045309043180309096 -0.0014617983631671579 3.345790977296315e-05 0.00094443424138511986 -0.00026128339251099003 -0.0016644375803133828 -0.0013647867654868252 0.00011980399320592472
leaf_weight=11983 2720 92 946 1102 284 44310 4306 9541 721 418 274 10620 501 236 262
leaf_count=11983 2720 92 946 1102 284 44310 4306 9541 721 418 274 10620 501 236 262
internal_value=-2.20798e-05 -0.00187103 -0.000813169 -0.00253794 0.0001159 0.000344311 -0.00113113 0.000790607 -0.0012144 0.00534188 0.00459016 -0.00162023 -0.00675985 -0.0100068 0
internal_weight=88316 6133 5042 3822 82183 70140 16289 53851 12043 702 1220 11341 1091 737 354
internal_count=88316 6133 5042 3822 82183 70140 16289 53851 12043 702 1220 11341 1091 737 354
is_linear=0
shrinkage=0.05


Tree=131
num_leaves=15
num_cat=0
split_feature=19 9 16 22 4 22 18 19 13 20 5 13 21 21
split_gain=10.4463 17.8978 11.3169 10.1706 11.4078 17.0984 16.0232 7.62276 8.29688 8.29163 6.33366 4.86865 3.73951 1.48766
threshold=-1.0062499999999999 0.32860102603149138 270.85000000000008 1.196579809304281 -0.5 1.0439717433682956 26.937500000000004 14.593750000000002 0.5490972517350351 1.4631250000000005 -0.45274443793211405 0.29130453741222101 1.026141835522296 0.63679187997327535
decision_type=2 2 2 2 2 2 2 2 2 2 2 2 2 2
left_child=1 11 10 4 5 -2 -6 9 -9 -5 -3 13 -4 -1
right_child=3 2 12 7 6 -7 -8 8 -10 -11 -12 -13 -14 -15
leaf_value=-0.006756957730914108 4.5601424709218463e-05 -0.0077721431878995696 0.0040263350934944542 0.0012963004844326028 -0.00054184457493742795 0.0011770543490198988 -0.0001007692731774132 0.0022774880207841407 -0.001049391231428018 0.0043536193380284693 -0.00088047497165391619 -0.00072890571875576797 0.0022868373644104102 -0.0092050262290108865
leaf_weight=41 58803 53 59 832 4593 1160 21438 101 264 492 276 41 56 125
leaf_count=41 58803 53 59 832 4593 1160 21438 101 264 492 276 41 56 125
internal_value=-2.60375e-05 -0.00633641 -0.000675676 2.08136e-05 -5.4655e-05 0.000324784 -0.0009287 0.00386323 -0.00253425 0.00562689 -0.00539514 -0.0184783 0.0128261 -0.0222892
internal_weight=88334 651 444 87683 85994 59963 26031 1689 365 1324 329 207 115 166
internal_count=88334 651 444 87683 85994 59963 26031 1689 365 1324 329 207 115 166
is_linear=0
shrinkage=0.05


Tree=132
num_leaves=16
num_cat=0
split_feature=4 22 20 6 18 16 6 13 17 16 22 5 18 5 5
split_gain=9.12859 25.8302 20.8698 14.7984 14.6858 13.5833 33.7906 17.1316 13.7441 22.7676 12.433 12.1553 29.5726 13.1219 9.97624
threshold=-0.63405362205439475 1.0439717433682956 1.4806250000000005 0.97461712852231652 62.187500000000007 610.55000000000007 -0.9575230291762723 0.51615808870840063 76.500000000000014 363.25000000000006 0.93601588666344282 -0.95754239937548935 4.9375000000000009 -0.65234524191686594 0.14250626876356556
decision_type=2 2 2 2 2 2 2 2 2 2 2 2 2 2 2
left_child=1 11 3 -3 -4 8 14 -8 9 -2 -10 12 -1 -13 -7
right_child=5 2 4 -5 -6 6 7 -9 10 -11 -12 13 -14 -15 -16
leaf_value=0.0058400740039248836 -0.0002815466887194501 -0.0017391884722650825 0.0019337483207147732 0.0048288933069034678 -0.0012606954772965695 0.0002460564624812256 0.00011301371599244381 -0.00081864194636168959 7.8533589634788303e-05 -0.0010833037246942791 0.00075659172424814023 -0.00036801002652595005 0.00037007131897266873 0.00010228889806769559 0.0016902156403760195
leaf_weight=457 16634 428 580 176 119 360 471 1522 13813 1613 1302 11055 4602 35064 164
leaf_count=457 16634 428 580 176 119 360 471 1522 13813 1613 1302 11055 4602 35064 164
internal_value=1.47125e-05 0.000434919 0.0073868 0.00057947 0.013269 -0.000599933 -0.00414184 -0.00711239 -0.000332714 -0.00125637 0.000782335 0.000257923 0.0025845 2.71038e-06 0.00715649
internal_weight=88360 52481 1303 604 699 35879 2517 1993 33362 18247 15115 51178 5059 46119 524
internal_count=88360 52481 1303 604 699 35879 2517 1993 33362 18247 15115 51178 5059 46119 524
is_linear=0
shrinkage=0.05


Tree=133
num_leaves=16
num_cat=0
split_feature=5 19 5 5 6 6 5 16 15 16 6 15 19 22 19
split_gain=9.58848 26.7817 17.0003 47.1392 62.9938 42.7417 37.7276 15.9365 15.0522 14.4246 13.9238 16.8181 12.1448 10.9243 6.71043
threshold=0.86548282553247169 19.706250000000008 0.34235194516023087 0.26866988313759588 0.94636490295939868 0.8511460603353429 0.22700754078277605 859.20000000000016 632.50000000000011 1.7500000000000002 -0.065537083312030994 530.50000000000011 9.6687500000000028 0.32823821919300272 22.181250000000006
decision_type=2 2 2 2 2 2 2 2 2 2 2 2 2 2 2
left_child=2 10 3 6 -5 9 -1 8 -3 -4 13 -12 -7 -2 -9
right_child=1 7 5 4 -6 12 -8 14 -10 -11 11 -13 -14 -15 -16
leaf_value=-2.7710938980213262e-05 -0.0017714842940945302 -0.00097632309426245458 -0.0015825072871143071 -0.00052458087439365283 -0.0084589290052479223 0.002731957959091866 0.0017558285822874332 0.0001875769461307686 -0.0013649423387320893 0.00037527924595202601 2.9944990794095185e-05 0.00059768508650011602 -0.0020877086822712969 -0.0003516270211684436 -0.00011938948607382316
leaf_weight=50422 639 714 1723 1392 648 1845 1255 125 256 15889 6993 904 197 5381 102
leaf_count=50422 639 714 1723 1392 648 1845 1255 125 256 15889 6993 904 197 5381 102
internal_value=3.19263e-05 -0.00111486 0.000268158 -0.000192211 -0.00764706 0.00152641 0.000102076 -0.00829156 -0.0110825 0.000732455 -0.000497593 0.000883247 0.00837414 -0.00230897 0.00363436
internal_weight=88485 15114 73371 53717 2040 19654 51677 1197 970 17612 13917 7897 2042 6020 227
internal_count=88485 15114 73371 53717 2040 19654 51677 1197 970 17612 13917 7897 2042 6020 227
is_linear=0
shrinkage=0.05


Tree=134
num_leaves=16
num_cat=0
split_feature=16 20 6 19 6 9 2 22 18 6 17 16 20 4 17
split_gain=8.28675 22.4136 24.7432 43.0154 22.7995 13.1612 10.3758 18.3662 10.2438 22.7043 20.9022 8.78082 7.51717 7.17759 5.43408
threshold=656.4000000000002 2.4168750000000006 -0.6652727025667432 15.768750000000002 -0.73284120334876357 0.79378270001952722 0.50584714282254206 0.98744854199646437 81.812500000000014 -0.99864786094873803 30.500000000000004 276.95000000000005 3.3131250000000008 -0.93540483100319616 295.50000000000006
decision_type=2 2 2 2 2 2 2 2 2 2 2 2 2 2 2
left_child=5 6 4 -4 -3 8 13 -8 9 -1 -10 12 -7 -2 -13
right_child=1 2 3 -5 -6 11 7 -9 10 -11 -12 14 -14 -15 -16
leaf_value=0.0011384847400814802 0.0012264807787906952 0.00012862772183901418 0.00051818513910892317 -0.00040046069328822658 0.0016457376320607843 0.0041952064958256713 -0.00036949481245006637 0.00010888497001166898 -0.001474119464636249 0.00018342180707300038 -1.8480316832646117e-05 -2.0709865195189805e-05 -0.0014510879899557072 -0.0010056762986013269 0.0068457260776932987
leaf_weight=531 46 1481 966 1548 421 396 2251 1056 4957 34450 39102 497 99 559 44
leaf_count=531 46 1481 966 1548 421 396 2251 1056 4957 34450 39102 497 99 559 44
internal_value=-1.18773e-05 -0.00151297 0.000928442 -0.00232697 0.00523134 0.000144238 -0.00426892 -0.00316752 7.08502e-05 0.000709671 -0.000436347 0.00574324 0.0105556 -0.0102893 0.00134011
internal_weight=88404 8328 4416 2514 1902 80076 3912 3307 79040 34981 44059 1036 495 605 541
internal_count=88404 8328 4416 2514 1902 80076 3912 3307 79040 34981 44059 1036 495 605 541
is_linear=0
shrinkage=0.05


Tree=135
num_leaves=13
num_cat=0
split_feature=9 19 7 6 22 3 12 3 21 5 22 2
split_gain=8.40321 16.0853 10.9458 9.13875 8.60804 21.2809 31.71 21.5433 21.0067 14.9484 14.6174 4.90418
threshold=0.11750964431003839 -1.0062499999999999 15.625000000000002 0.94066717844141279 0.97254169820241654 -0.84874750804349153 35.550000000000004 0.35206144883412588 0.94928068236970697 0.83849049182116964 0.96029977208633455 0.6073837691314955
decision_type=2 2 2 2 2 2 2 2 2 2 2 2
left_child=1 -1 11 -4 8 6 -6 -7 10 -10 -2 -3
right_child=4 2 3 -5 5 7 -8 -9 9 -11 -12 -13
leaf_value=-0.0099961813306415001 -7.6750086902249721e-06 -0.0013223253202873696 0.001444361593217837 -0.0042806788229044325 0.00071394615492241249 0.00042008575527659468 -0.0012271573213512522 2.2261851999316742e-05 -0.00020875896597817857 -0.003154872539853876 0.00090633342395060601 -0.0053716955150301662
leaf_weight=85 69566 587 476 108 1363 4607 1014 5653 3711 802 609 86
leaf_count=85 69566 587 476 108 1363 4607 1014 5653 3711 802 609 86
internal_value=-2.28383e-05 -0.00394933 -0.00252586 0.00248288 3.75036e-05 0.00124436 -0.00301851 0.00223197 -0.000166693 -0.0034733 4.59565e-05 -0.00687221
internal_weight=88667 1342 1257 584 87325 12637 2377 10260 74688 4513 70175 673
internal_count=88667 1342 1257 584 87325 12637 2377 10260 74688 4513 70175 673
is_linear=0
shrinkage=0.05


Tree=136
num_leaves=16
num_cat=0
split_feature=19 6 5 3 1 22 5 16 4 13 5 19 5 20 17
split_gain=10.0783 19.1647 17.8327 21.0153 9.23969 22.8742 23.2496 21.7009 27.3862 19.3918 16.089 9.1038 8.82374 11.148 9.56133
threshold=23.368750000000006 -0.64580103137750788 -0.26866367175705824 0.58216583101416142 537.62838414756641 0.8417715024145862 -0.25205528343633254 663.6500000000002 -0.93540483100319616 0.59776486749059388 0.34235194516023087 25.593750000000004 -0.861146256326485 2.7693750000000006 105.50000000000001
decision_type=2 2 2 2 2 2 2 2 2 2 2 2 2 2 2
left_child=4 2 3 -2 7 6 -6 10 -9 -7 -1 -4 13 -3 -14
right_child=1 12 11 -5 5 9 -8 8 -10 -11 -12 -13 14 -15 -16
leaf_value=-0.00023996570328102957 -0.00019314954312766032 -0.00078422913678048993 0.00084185866195669043 -0.0017532602680144756 0.0015504876004016289 0.0019699096885606644 -0.00061675308501193959 0.00088939178714914362 -0.00079184477780528404 0.00015773711158940107 0.00034630110257758697 -1.1326585908871812e-05 -0.00015100942907705364 0.00080332930769128064 -0.0013876032408283168
leaf_weight=34928 2892 489 1537 302 4985 2004 11218 248 1315 4482 20707 2182 449 198 591
leaf_count=34928 2892 489 1537 302 4985 2004 11218 248 1315 4482 20707 2182 449 198 591
internal_value=7.62479e-06 -0.00161458 -0.000437581 -0.00317783 0.000183071 0.00103685 3.24014e-05 -0.0001556 -0.00596609 0.0035461 7.63908e-06 0.00191584 -0.006326 -0.00192868 -0.00923077
internal_weight=88527 8640 6913 3194 79887 22689 16203 57198 1563 6486 55635 3719 1727 687 1040
internal_count=88527 8640 6913 3194 79887 22689 16203 57198 1563 6486 55635 3719 1727 687 1040
is_linear=0
shrinkage=0.05


Tree=137
num_leaves=15
num_cat=0
split_feature=6 6 6 5 9 22 6 5 6 15 21 3 13 17
split_gain=8.80555 14.4901 35.8913 34.7319 28.9642 19.663 18.0627 17.7626 8.73593 9.30981 12.7848 4.22375 1.87655 1.12941
threshold=0.99981043035926087 0.98486764554468398 0.93469109537144635 0.26866988313759588 0.58690526621778438 0.8235609847498907 0.86004965528756494 0.13398903995667991 0.99999537620422141 38.500000000000007 0.35386386934476394 0.47114434510950071 0.16105197689641829 21.500000000000004
decision_type=2 2 2 2 2 2 2 2 2 2 2 2 2 2
left_child=1 2 6 -4 7 -6 -1 -3 9 13 -11 12 -10 -2
right_child=8 4 3 -5 5 -7 -8 -9 11 10 -12 -13 -14 -15
leaf_value=-8.3483983453203072e-07 -0.008081055648008803 0.0015842833944527915 -0.00095750069794759698 -0.0056478468255822204 -0.0061091182305815714 0.0019981025898372501 0.0013674333349929374 0.0079400331237599441 0.0053894559462094212 0.00077401000187799363 -0.0022150692341859459 -0.0033165560736444877 0.00010599373023588156 -0.0019790457931206165
leaf_weight=78961 96 1755 2347 963 338 112 3189 466 46 53 41 50 53 40
leaf_count=78961 96 1755 2347 963 338 112 3189 466 46 53 41 50 53 40
internal_value=1.92069e-05 5.19114e-05 -6.14322e-05 -0.00516616 0.0036784 -0.00788889 0.000144248 0.00602206 -0.00758575 -0.0136957 -0.00159574 0.00184564 0.00782828 -0.0220588
internal_weight=88510 88131 85460 3310 2671 450 82150 2221 379 230 94 149 99 136
internal_count=88510 88131 85460 3310 2671 450 82150 2221 379 230 94 149 99 136
is_linear=0
shrinkage=0.05


Tree=138
num_leaves=15
num_cat=0
split_feature=6 6 6 5 9 6 22 5 6 15 21 3 13 21
split_gain=9.13763 13.2361 29.1306 35.8336 25.6627 20.9617 14.4752 13.6507 10.1049 9.50277 7.41639 4.31768 1.90163 0.435606
threshold=0.99981043035926087 0.98486764554468398 0.93469109537144635 0.26866988313759588 0.58690526621778438 0.86004965528756494 0.8235609847498907 0.13398903995667991 0.99999537620422141 37.500000000000007 0.35386386934476394 0.47114434510950071 0.16105197689641829 0.19117222092664052
decision_type=2 2 2 2 2 2 2 2 2 2 2 2 2 2
left_child=1 2 5 -4 7 -1 -6 -3 9 13 -11 12 -10 -2
right_child=8 4 3 -5 6 -7 -8 -9 11 10 -12 -13 -14 -15
leaf_value=-1.4849244508051419e-05 -0.0066428031168483011 0.0016165363169822701 -0.00067030112004316323 -0.0053310702495338287 -0.0055498092508601523 0.0014353949179881588 0.0031048038131719193 0.0072383976228139833 0.0051199831488989494 0.00073530950178409416 -0.0021096546825797717 -0.0035149197336205168 0.00019064586529634055 -0.0026949822313768884
leaf_weight=79020 92 1756 2376 941 342 3157 107 457 47 55 40 45 56 40
leaf_count=79020 92 1756 2376 941 342 3157 107 457 47 55 40 45 56 40
internal_value=-1.15779e-05 2.15527e-05 -8.65558e-05 -0.00468043 0.00349361 9.88719e-05 -0.00740535 0.00570493 -0.0078 -0.0144273 -0.00236842 0.00236486 0.00800971 -0.0231061
internal_weight=88531 88156 85494 3317 2662 82177 449 2213 375 227 95 148 103 132
internal_count=88531 88156 85494 3317 2662 82177 449 2213 375 227 95 148 103 132
is_linear=0
shrinkage=0.05


Tree=139
num_leaves=14
num_cat=0
split_feature=6 6 6 5 9 6 22 5 6 17 21 16 4
split_gain=8.06631 14.1025 32.5299 64.6669 23.3556 13.4455 13.387 13.2913 11.2025 8.04571 4.75943 3.64006 2.95699
threshold=0.99981043035926087 0.98486764554468398 0.94636490295939868 0.26866988313759588 0.58690526621778438 0.7487283477006671 0.8235609847498907 -0.12546116083924153 0.99999537620422141 21.500000000000004 0.35386386934476394 12.850000000000003 -0.84874750804349175
decision_type=2 2 2 2 2 2 2 2 2 2 2 2 2
left_child=1 2 5 -4 7 -1 -6 -3 9 -2 -11 12 -10
right_child=8 4 3 -5 6 -7 -8 -9 11 10 -12 -13 -14
leaf_value=-1.663477980884398e-05 -0.0065713574251387982 -0.0013288450507891682 -0.00072456966798497841 -0.0076622588515461235 -0.0052722876911147579 0.00075226662688096524 0.001668495349573214 0.0039961140206508277 0.0038414042847309234 0.00033900996657614538 -0.0019988330383476582 -0.0020442774225622393 -0.0013260548246090715
leaf_weight=75264 99 293 2041 635 327 7485 114 1924 49 65 61 55 44
leaf_count=75264 99 293 2041 635 327 7485 114 1924 49 65 61 55 44
internal_value=3.16542e-05 6.27249e-05 -4.88733e-05 -0.00547459 0.00364936 0.000126588 -0.00685941 0.00573974 -0.00730563 -0.0143333 -0.00595238 0.00337838 0.0094086
internal_weight=88456 88083 85425 2676 2658 82749 441 2217 373 225 126 148 93
internal_count=88456 88083 85425 2676 2658 82749 441 2217 373 225 126 148 93
is_linear=0
shrinkage=0.05


Tree=140
num_leaves=16
num_cat=0
split_feature=19 6 3 9 19 5 6 0 22 5 16 4 6 5 13
split_gain=7.9423 16.551 18.4305 15.1097 13.9311 12.5984 10.7935 8.59463 22.5639 21.7362 20.3554 25.6307 17.1952 15.0239 4.97595
threshold=23.368750000000006 -0.96234030595689413 0.63405362205439464 0.68978564661902164 28.831250000000004 0.75580964594513067 -0.96687281075841669 431.50834733649566 0.8417715024145862 -0.082689790342551819 663.6500000000002 -0.93540483100319616 -0.91939278948206182 0.34235194516023087 0.88163982510626748
decision_type=2 2 2 2 2 2 2 2 2 2 2 2 2 2 2
left_child=7 3 5 6 -5 -3 -2 10 9 -9 13 -12 -10 -1 -4
right_child=1 2 14 4 -6 -7 -8 8 12 -11 11 -13 -14 -15 -16
leaf_value=-0.00022867294072082545 -0.00057198141751886871 -0.00014682667378835835 -0.0016204969117414759 0.00077980381921984314 -7.2814379351565647e-05 -0.00067100761797483368 0.0029705446528179554 0.0012985462054622616 0.0015056236220673481 -0.00073658538297096819 0.00087556064164779907 -0.00074331478561088799 0.00023519322356918006 0.00031654604502344701 0.00030547150986666162
leaf_weight=34799 1196 4766 336 1177 557 409 86 5917 953 10207 270 1335 5533 20770 47
leaf_count=34799 1196 4766 336 1177 557 409 86 5917 953 10207 270 1335 5533 20770 47
internal_value=5.6588e-06 -0.0014404 -0.00305865 0.00154178 0.00458478 -0.00227536 -0.0025741 0.00016106 0.000986289 -1.55048e-05 -0.000165285 -0.00571651 0.00347672 -4.9488e-06 -0.0136423
internal_weight=88358 8574 5558 3016 1734 5175 1282 79784 22610 16124 57174 1605 6486 55569 383
internal_count=88358 8574 5558 3016 1734 5175 1282 79784 22610 16124 57174 1605 6486 55569 383
is_linear=0
shrinkage=0.05


Tree=141
num_leaves=13
num_cat=0
split_feature=6 6 6 5 5 5 15 6 13 5 15 19
split_gain=8.72109 11.8567 26.4185 28.7891 21.82 21.4021 19.0876 13.6793 9.01102 4.39236 8.97195 5.37487
threshold=0.99981043035926087 0.98486764554468398 0.93469109537144635 0.26866988313759588 0.13398903995667991 0.082691702092476851 21.500000000000004 0.86004965528756494 0.14373376642773192 0.013976441590891219 37.500000000000007 -0.50624999999999987
decision_type=2 2 2 2 2 2 2 2 2 2 2 2
left_child=1 2 7 -4 5 -3 -6 -1 -2 11 -11 -10
right_child=8 4 3 -5 6 -7 -8 -9 9 10 -12 -13
leaf_value=-6.3826279537326782e-06 0.0046519156389068844 0.0014406024057872448 -0.00076415697066513355 -0.0048451755653239944 0.008242384660090132 -0.002866364773142888 0.0015680926688685815 0.0011633200445422959 2.0503026502768919e-05 -0.005754055986572873 0.00040723074972979573 -0.0020590159431999491
leaf_weight=78674 48 1767 2329 970 253 444 203 3124 99 104 42 74
leaf_count=78674 48 1767 2329 970 253 444 203 3124 99 104 42 74
internal_value=-5.95704e-06 2.62066e-05 -7.66772e-05 -0.00446347 0.00330896 0.00125509 0.0132675 0.000100247 -0.00769755 -0.0107367 -0.0171233 -0.00534682
internal_weight=88131 87764 85097 3299 2667 2211 456 81798 367 319 146 173
internal_count=88131 87764 85097 3299 2667 2211 456 81798 367 319 146 173
is_linear=0
shrinkage=0.05


Tree=142
num_leaves=13
num_cat=0
split_feature=6 6 6 5 9 5 20 6 13 5 15 13
split_gain=8.73034 11.9451 27.0641 59.2671 22.6491 13.1114 12.6864 11.26 8.13208 4.12895 9.17254 3.95755
threshold=0.99981043035926087 0.98486764554468398 0.94636490295939868 0.26866988313759588 0.58690526621778438 -0.12546116083924153 1.1656250000000004 0.7487283477006671 0.14373376642773192 0.013976441590891219 37.500000000000007 0.1835636412717698
decision_type=2 2 2 2 2 2 2 2 2 2 2 2
left_child=1 2 7 -4 5 -3 -6 -1 -2 11 -11 -10
right_child=8 4 3 -5 6 -7 -8 -9 9 10 -12 -13
leaf_value=-3.3314991561139708e-05 0.0044507516423081539 -0.001322999271503031 -0.00059004306368613541 -0.0071019837189478102 -0.00062556356234234618 0.0035594739565091914 -0.0063947159472074527 0.00067073946230827852 -0.0020139073559751392 -0.0053649335820629557 0.00055508473778950913 2.1113863608603764e-05
leaf_weight=75219 50 278 2093 636 329 1956 110 7481 71 103 44 100
leaf_count=75219 50 278 2093 636 329 1956 110 7481 71 103 44 100
internal_value=-5.93421e-05 -2.72412e-05 -0.000130225 -0.00502931 0.00326412 0.00530439 -0.00711845 3.14389e-05 -0.00774457 -0.0106918 -0.0168367 -0.00540936
internal_weight=88470 88102 85429 2729 2673 2234 439 82700 368 318 147 171
internal_count=88470 88102 85429 2729 2673 2234 439 82700 368 318 147 171
is_linear=0
shrinkage=0.05


Tree=143
num_leaves=16
num_cat=0
split_feature=3 18 3 22 16 19 5 16 5 6 19 5 6 21 20
split_gain=9.44657 19.4233 26.1094 29.1171 27.5445 16.229 15.3612 23.6937 30.8545 22.2018 22.7971 17.7067 15.1033 11.8474 7.36812
threshold=0.41248606129204562 64.687500000000014 -0.8814490726585632 1.0439717433682956 381.05000000000007 2.7062500000000007 -0.29343379936893921 1.7500000000000002 -0.23537230790205757 0.50370931781787065 22.631250000000005 -0.84315017450793706 0.7487283477006671 0.94119948285498889 0.41687500000000005
decision_type=2 2 2 2 2 2 2 2 2 2 2 2 2 2 2
left_child=1 2 4 -4 -1 14 9 8 -8 10 -2 -11 -7 -9 -3
right_child=6 5 3 -5 -6 12 7 13 -10 11 -12 -13 -14 -15 -16
leaf_value=0.00040830228652209146 -5.9496254539173621e-05 0.0021285401470261703 0.00028864712702345588 0.0019015253072257989 -0.0011032421597594044 -0.00016866157663987248 0.0035287439741912537 0.00061254275423775764 -0.0018485685882875553 -0.0073090411414248524 -0.00087248303254992008 -0.0018498604131086062 0.00095292226650673664 -0.00011116994783506585 -0.002452610589831386
leaf_weight=2084 10914 128 14582 1045 1399 28683 149 13231 2501 232 803 3109 3534 4967 1115
leaf_count=2084 10914 128 14582 1045 1399 28683 149 13231 2501 232 803 3109 3534 4967 1115
internal_value=1.24328e-05 0.000439414 0.00171115 0.00258367 -0.00220356 -0.00028691 -0.000612711 0.000266213 -0.00415094 -0.00182959 -0.000804387 -0.00542502 -7.06149e-05 0.000909441 -0.005893
internal_weight=88476 52570 19110 15627 3483 33460 35906 20848 2650 15058 11717 3341 32217 18198 1243
internal_count=88476 52570 19110 15627 3483 33460 35906 20848 2650 15058 11717 3341 32217 18198 1243
is_linear=0
shrinkage=0.05


Tree=144
num_leaves=16
num_cat=0
split_feature=6 19 5 3 18 5 18 6 5 12 17 6 5 12 2
split_gain=7.22072 25.2959 35.7542 16.2945 35.7799 20.8428 12.1374 12.2211 29.2541 17.4045 11.6377 8.54171 8.446 12.7909 9.76284
threshold=-0.64580103137750788 19.918750000000006 -0.861146256326485 0.2269546835593246 67.312500000000014 0.3504237462291826 93.937500000000014 -0.69676771491221523 0.69676570133721638 427.35000000000008 156.50000000000003 -0.013976481981245173 0.7210268013660811 185.85000000000002 0.12388011874058145
decision_type=2 2 2 2 2 2 2 2 2 2 2 2 2 2 2
left_child=6 3 10 4 -2 -5 12 8 -8 -9 -3 -4 14 -14 -1
right_child=1 2 11 5 -6 -7 7 9 -10 -11 -12 -13 13 -15 -16
leaf_value=0.0024056186939228398 0.00096145634020392836 -0.00014690137622231094 -0.00055892613764333408 -0.00078628645088296006 -0.0002667218561882068 0.00013974477843451406 -0.0003099505634338931 0.0032434705861184802 -0.0043873189651881736 -0.0034136204195678007 0.0014982664614087426 -0.0076947582672399683 -0.00025013410824951124 0.0016675392744939345 0.00013323470374699276
leaf_weight=1184 10350 1022 2897 14880 16605 11541 10448 709 151 172 703 66 215 350 17183
leaf_count=1184 10350 1022 2897 14880 16605 11541 10448 709 151 172 703 66 215 350 17183
internal_value=-3.39075e-05 -0.000360809 -0.00388225 -5.15213e-05 0.000813393 -0.000933916 0.000590228 -0.000692509 -0.00116285 0.00496595 0.00184058 -0.00721397 0.00136805 0.00738938 0.00118283
internal_weight=88476 58064 4688 53376 26955 26421 30412 11480 10599 881 1725 2963 18932 565 18367
internal_count=88476 58064 4688 53376 26955 26421 30412 11480 10599 881 1725 2963 18932 565 18367
is_linear=0
shrinkage=0.05


Tree=145
num_leaves=16
num_cat=0
split_feature=5 5 18 6 4 3 16 9 21 9 6 5 18 16 13
split_gain=9.39404 25.1259 28.714 36.551 16.112 15.8478 14.9473 45.7535 17.6131 9.90725 16.1617 9.32661 9.3161 9.29534 1.09397
threshold=-0.86976336936302323 -0.65234524191686594 40.062500000000007 -0.5129677127369543 0.16280825711809024 0.97335555334614954 1.7500000000000002 0.52072655003854529 0.12843535345902377 0.40098180529061095 -0.10837475778693638 -0.99940763397299126 85.937500000000014 32.45000000000001 0.28780622251685034
decision_type=2 2 2 2 2 2 2 2 2 2 2 2 2 2 2
left_child=5 2 4 -4 -2 9 7 -3 -8 10 -1 14 -13 -11 -7
right_child=1 6 3 -5 -6 11 8 -9 -10 13 -12 12 -14 -15 -16
leaf_value=-0.0021751474917119039 7.9284886668010154e-05 0.00025524018505822119 -0.00016403973150864171 -0.0032117988190808137 0.0038038870970178718 -0.012106349212222929 0.0041968761912587558 -0.0032411473808788152 6.7580769093075752e-05 0.0017469468339305794 0.00047154007392578027 0.00056516168718577238 -0.0024022968304510009 0.00043648203498967698 -0.0083113110413672569
leaf_weight=692 3611 6096 3487 3275 88 47 611 2760 53342 2574 3586 534 768 6962 40
leaf_count=692 3611 6096 3487 3275 88 47 611 2760 53342 2574 3586 534 768 6962 40
internal_value=-1.7802e-05 -0.000252491 -0.00252127 -0.00445874 0.00102055 0.00111327 0.00012538 -0.00177846 0.000437881 0.00162516 -0.000374007 -0.00397768 -0.00291859 0.00252202 -0.0198276
internal_weight=88473 73270 10461 6762 3699 15203 62809 8856 53953 13814 4278 1389 1302 9536 87
internal_count=88473 73270 10461 6762 3699 15203 62809 8856 53953 13814 4278 1389 1302 9536 87
is_linear=0
shrinkage=0.05


Tree=146
num_leaves=11
num_cat=0
split_feature=9 16 13 2 22 0 22 16 3 22
split_gain=8.37733 7.83922 22.6145 23.5878 16.764 8.93392 24.8791 14.6332 3.63764 0.687993
threshold=0.8216092256955948 656.4000000000002 0.57496920288681697 0.50584714282254206 0.96213651982856396 202.50544034251308 0.96029977208633455 338.05000000000007 -0.41248606129204529 0.82028036449317432
decision_type=2 2 2 2 2 2 2 2 2 2
left_child=1 5 4 -4 -3 7 -7 -1 -2 -10
right_child=8 2 3 -5 -6 6 -8 -9 9 -11
leaf_value=-5.101359843982939e-05 1.5250064238137018e-05 -0.00023575458948745244 -0.00083954168833528251 -8.406953464490941e-05 0.0010649406233354448 0.00012386445464221963 0.00079152459313254215 -0.00067385594558306292 0.0088184069573525436 0.0020362480355813422
leaf_weight=27792 47 739 754 5899 842 46613 1923 3588 47 52
leaf_count=27792 47 739 754 5899 842 46613 1923 3588 47 52
internal_value=1.92534e-05 -5.67215e-07 -0.00146952 -0.00274688 0.00390576 0.000150783 0.000575861 -0.000506692 0.0119863 0.0174242
internal_weight=88296 88150 8234 6653 1581 79916 48536 31380 146 99
internal_count=88296 88150 8234 6653 1581 79916 48536 31380 146 99
is_linear=0
shrinkage=0.05


Tree=147
num_leaves=16
num_cat=0
split_feature=16 13 6 21 3 22 9 3 12 5 20 5 19 6 18
split_gain=9.56464 31.8242 21.4629 29.6098 23.2235 15.5258 13.1835 18.6967 15.8915 11.9147 11.4916 11.0574 9.88168 15.9993 9.84421
threshold=623.30000000000007 0.53371152228008734 -0.6652727025667432 0.9960412099423831 0.63405362205439464 0.9640247933089886 0.70931095128662991 -0.8814490726585632 38.250000000000007 0.83849049182116964 3.3856250000000006 0.9962888416657264 -1.1187499999999997 0.97461712852231652 65.437500000000014
decision_type=2 2 2 2 2 2 2 2 2 2 2 2 2 2 2
left_child=6 5 3 -3 -4 9 12 8 -8 -2 -9 -7 13 -1 -14
right_child=1 2 4 -5 -6 11 7 10 -10 -11 -12 -13 14 -15 -16
leaf_value=-0.0044805941832490931 0.0004989698371397844 -0.00010927659190939632 -0.00014043519743739408 0.00088713164539850351 -0.00086550978304072166 0.0014269302703940889 0.0012217340348421757 0.0010070242519416045 -0.00089845499702302526 -0.0036020186476045575 -0.00012147300688248458 -0.0019935754850199188 0.00032916902886868108 0.0031727331835252645 -0.00017027531270937259
leaf_weight=411 746 3275 3123 448 1076 753 684 5358 1350 216 1568 84 19946 112 49356
leaf_count=411 746 3275 3123 448 1076 753 684 5358 1350 216 1568 84 19946 112 49356
internal_value=-3.50259e-05 -0.00151476 -0.00287806 -0.000114155 -0.00532865 0.0044886 0.000147553 0.00195312 -0.00226155 0.000155925 0.00319087 0.00946834 -8.41389e-05 -0.00693117 -3.24666e-05
internal_weight=88506 9721 7922 3723 4199 1799 78785 8960 2034 962 6926 837 69825 523 69302
internal_count=88506 9721 7922 3723 4199 1799 78785 8960 2034 962 6926 837 69825 523 69302
is_linear=0
shrinkage=0.05


Tree=148
num_leaves=14
num_cat=0
split_feature=0 12 17 17 22 12 5 15 17 16 22 20 19
split_gain=8.27864 10.9261 10.6465 9.19499 14.652 11.8601 7.63929 6.07033 5.29991 7.44205 4.00075 3.5376 1.34009
threshold=23.897230191603828 1.0000000180025095e-35 30.500000000000004 76.500000000000014 1.0776631653655271 223.95000000000002 -0.97876850416056738 7.5000000000000009 25.500000000000004 16.350000000000005 1.1660453931284656 1.4806250000000005 10.181250000000004
decision_type=2 2 2 2 2 2 2 2 2 2 2 2 2
left_child=2 7 8 5 -5 -3 -4 -2 9 -1 -8 -10 -9
right_child=1 3 6 4 -6 -7 10 12 11 -11 -12 -13 -14
leaf_value=-0.00042870101978029624 0.00016391482631925304 -0.00033892509307397736 -0.0043792352234076903 4.4791681732486711e-05 0.0028443898228863564 0.0020975531211763266 0.0044152213845797539 -0.0049766008877948362 -0.00036248088261642275 0.0048338435889686872 0.0061238319388190023 -0.0070203345397979013 -0.0061913487487616605
leaf_weight=1624 66 26713 67 57179 143 565 661 97 153 846 202 108 40
leaf_count=1624 66 26713 67 57179 143 565 661 97 153 846 202 108 40
internal_value=-1.29996e-05 -0.000113498 0.00231494 -8.56974e-05 0.000273891 -0.000841337 0.00693548 -0.0116995 0.000741487 0.00145749 0.00819815 -0.00603448 -0.0177007
internal_weight=88464 84803 3661 84600 57322 27278 930 203 2731 2470 863 261 137
internal_count=88464 84803 3661 84600 57322 27278 930 203 2731 2470 863 261 137
is_linear=0
shrinkage=0.05


Tree=149
num_leaves=13
num_cat=0
split_feature=2 4 16 13 5 5 9 20 6 18 19 5
split_gain=9.26928 7.07765 17.8004 20.4521 11.6403 16.0308 11.4979 10.1068 6.25594 3.54243 3.31365 2.31363
threshold=0.054349537494377737 -0.91037613702198739 610.55000000000007 0.51615808870840063 -0.88622299073327826 -0.13398594226331254 0.52534421639370665 3.3131250000000008 0.57605713708605399 26.937500000000004 16.131250000000005 -0.14250824554987665
decision_type=2 2 2 2 2 2 2 2 2 2 2 2
left_child=8 4 7 -4 6 -6 -2 -3 9 -1 -11 -10
right_child=1 2 3 -5 5 -7 -8 -9 11 10 -12 -13
leaf_value=0.015031834128586864 0.00018405045905237616 0.00010103730564562375 0.00044967503481671003 -0.00028649405998516509 -0.00032298053638321058 0.00021739718689580136 0.0017317325937053264 -0.00049641126092759007 -0.008775870517076725 0.0077452062388522038 0.015820214709474319 0.0067405627257186062
leaf_weight=55 2355 43131 1236 5091 8067 13151 1944 13121 59 128 43 69
leaf_count=55 2355 43131 1236 5091 8067 13151 1944 13121 59 128 43 69
internal_value=-2.37422e-05 -5.61887e-05 -0.000342367 -0.0028568 0.000645648 0.000164954 0.00301814 -5.95534e-05 0.00805085 0.0130531 0.00950292 -0.00078125
internal_weight=88450 88096 62579 6327 25517 21218 4299 56252 354 226 171 128
internal_count=88450 88096 62579 6327 25517 21218 4299 56252 354 226 171 128
is_linear=0
shrinkage=0.05


Tree=150
num_leaves=16
num_cat=0
split_feature=17 22 12 1 13 13 9 6 5 18 2 15 13 20 22
split_gain=6.85941 16.1363 11.7476 13.9298 11.6919 11.9355 11.2117 9.24197 8.71619 7.907 7.7854 9.49888 8.60892 6.89559 6.1347
threshold=168.50000000000003 0.8417715024145862 573.45000000000016 888.21790528092822 0.59463236917165518 0.9477729862660681 0.15453820310038521 0.14888728888808328 0.76696112484652035 91.812500000000014 0.077579008856725987 66.500000000000014 0.017969622870310908 2.5368750000000007 0.97254169820241654
decision_type=2 2 2 2 2 2 2 2 2 2 2 2 2 2 2
left_child=2 6 10 8 9 -6 13 -8 -4 -3 11 -1 -12 -2 -5
right_child=1 4 3 14 5 -7 7 -9 -10 -11 12 -13 -14 -15 -16
leaf_value=0.0013904298631836219 -0.0036875286792732776 0.0022533234868152229 -0.00029471183541648351 -3.0238130771337302e-05 7.5914415734168464e-05 0.001821613882355333 -7.1877101390871451e-05 0.0010571394328629038 -0.00054643777199555601 -0.00018074298791758705 -0.0044984232171713196 0.0048446170006157425 -4.7744534415600229e-05 -0.0087434973870397139 0.0005787548676580601
leaf_weight=2675 182 1511 688 76 2871 315 15711 1938 89 283 500 144 61410 71 93
leaf_count=2675 182 1511 688 76 2871 315 15711 1938 89 283 500 144 61410 71 93
internal_value=3.02065e-05 0.000775719 -0.000229539 -0.0057611 0.00329317 0.0014752 7.54106e-05 0.000225225 -0.00859073 0.00652174 -0.000148697 0.00242107 -0.000265708 -0.0103755 0.00724852
internal_weight=88557 22882 65675 946 4980 3186 17902 17649 777 1794 64729 2819 61910 253 169
internal_count=88557 22882 65675 946 4980 3186 17902 17649 777 1794 64729 2819 61910 253 169
is_linear=0
shrinkage=0.05


Tree=151
num_leaves=11
num_cat=0
split_feature=9 22 4 21 22 19 9 13 3 22
split_gain=7.7237 7.06643 7.78483 14.0836 12.4819 7.03644 12.1264 8.95955 3.42481 0.776434
threshold=0.8216092256955948 1.196579809304281 -0.58216583101416164 0.89259077567851686 1.0511297556944543 15.381250000000003 0.66572253421102823 0.51109823018829248 -0.41248606129204529 0.82028036449317432
decision_type=2 2 2 2 2 2 2 2 2 2
left_child=1 2 4 -4 -1 6 -3 -7 -2 -10
right_child=8 5 3 -5 -6 7 -8 -9 9 -11
leaf_value=3.898273401990449e-05 0.0003400186294224228 0.00080718333103607935 -1.4268774237671811e-05 -0.00035547546591543357 0.0011617701341373632 0.0042739777563114397 0.002688187704192008 -0.0015704845808416192 0.0083176198085259615 0.0019520328868445403
leaf_weight=54403 52 1010 21719 8960 966 58 493 245 45 53
leaf_count=54403 52 1010 21719 8960 966 58 493 245 45 53
internal_value=-2.84078e-06 -2.21959e-05 -8.71607e-05 -0.000726067 0.000266846 0.00307309 0.00447438 -0.00387789 0.0113333 0.0168367
internal_weight=88004 87854 86048 30679 55369 1806 1503 303 150 98
internal_count=88004 87854 86048 30679 55369 1806 1503 303 150 98
is_linear=0
shrinkage=0.05


Tree=152
num_leaves=9
num_cat=0
split_feature=8 6 19 5 22 5 5 5
split_gain=6.94338 6.1756 24.9878 24.4951 12.7859 21.475 15.0537 11.1758
threshold=1.0000000180025095e-35 -0.64580103137750788 19.918750000000006 -0.861146256326485 0.42339730128143954 -0.55657520495441892 0.7210268013660811 0.3504237462291826
decision_type=2 2 2 2 2 2 2 2
left_child=-1 4 7 -4 5 -2 -6 -3
right_child=1 2 3 -5 6 -7 -8 -9
leaf_value=0.003531957547993474 0.0040916010666166864 -0.00024943441801824343 0.00012897211252057284 -0.0005894841343388941 0.00015957978603403506 -0.0011226601056047475 0.0013415177932636635 0.00016267145777187355
leaf_weight=52 316 29371 1691 2980 25384 4009 727 23984
leaf_count=52 316 29371 1691 2980 25384 4009 727 23984
internal_value=3.95418e-06 -6.78257e-06 -0.000309344 -0.0038161 0.000570049 -0.00194798 0.000987132 -2.3428e-06
internal_weight=88514 88462 58026 4671 30436 4325 26111 53355
internal_count=88514 88462 58026 4671 30436 4325 26111 53355
is_linear=0
shrinkage=0.05


Tree=153
num_leaves=13
num_cat=0
split_feature=0 17 22 19 20 12 1 15 13 18 6 3
split_gain=8.39301 7.39407 13.7015 12.5956 11.3598 9.62443 15.3136 7.71727 3.37076 3.8601 4.3336 2.18025
threshold=10.612183378598129 168.50000000000003 0.68865410845875852 13.918750000000003 2.2131250000000007 573.45000000000016 875.72493372615816 792.50000000000011 1.2790782301866204 65.812500000000014 0.51849435583340198 0.93540483100319627
decision_type=2 2 2 2 2 2 2 2 2 2 2 2
left_child=8 5 3 -3 -4 7 -7 -2 9 10 -1 -11
right_child=1 2 4 -5 -6 6 -8 -9 -10 11 -12 -13
leaf_value=0.0092848780886125529 -6.2877395693253243e-05 0.00074322789790402246 0.0012207441405385378 -0.0010264945303688712 0.00024195854492236048 -0.00042325154825824108 0.00024978996313855805 0.00021686204157532197 0.016796693091616018 -0.0017759172101708784 -0.00010637265497243365 0.0069478357288199405
leaf_weight=186 63576 2863 4291 7390 8399 683 256 410 61 222 94 97
leaf_count=186 63576 2863 4291 7390 8399 683 256 410 61 222 94 97
internal_value=-1.12959e-05 -5.34893e-05 0.000718084 -0.000641276 0.00181639 -0.000326146 -0.00535144 -0.000252399 0.00560606 0.00446578 0.00875 0.000705329
internal_weight=88528 87868 22943 10253 12690 64925 939 63986 660 599 280 319
internal_count=88528 87868 22943 10253 12690 64925 939 63986 660 599 280 319
is_linear=0
shrinkage=0.05


Tree=154
num_leaves=16
num_cat=0
split_feature=5 20 5 19 5 5 16 12 5 6 16 4 13 20 12
split_gain=8.10435 12.2162 11.0349 10.6524 10.0077 14.712 11.7189 9.62208 9.06601 21.0902 20.081 8.79572 10.5287 7.53395 0.922203
threshold=0.91248814248966237 0.68687500000000024 0.9053161325100999 8.8812500000000032 0.99700008544936913 0.99818282439137029 10.350000000000003 154.35000000000002 -0.16799356919963607 0.48877522411129348 1.7500000000000002 -0.93540483100319616 0.6963470668906645 0.52312500000000017 305.25000000000006
decision_type=2 2 2 2 2 2 2 2 2 2 2 2 2 2 2
left_child=2 3 8 7 6 -6 -3 -2 9 -1 -10 14 -13 -5 -4
right_child=1 4 11 13 5 -7 -8 -9 10 -11 -12 12 -14 -15 -16
leaf_value=6.3328536336725033e-05 0.0026366011906119816 -0.0015927831448001668 0.0066836278502712849 -0.00045228067149998279 0.0015651786244266941 -0.00016470913575166726 -0.00037802503535803723 -0.00096253582073323467 -0.0010746429228316646 -0.0010536324359292637 0.00022986061767624189 0.0025239228142383999 -0.0016653900752529038 0.00045692538939794418 0.0033512597862929653
leaf_weight=29676 318 982 44 138 485 1695 8297 41 4880 9907 31253 294 89 183 63
leaf_count=29676 318 982 44 138 485 1695 8297 41 4880 9907 31253 294 89 183 63
internal_value=-1.72619e-05 -0.00121715 0.000173871 0.00529412 -0.00160354 0.00144495 -0.00231975 0.0112117 0.000125469 -0.000397267 0.000698115 0.00765306 0.00411227 -0.00132399 0.0203271
internal_weight=88345 12139 76206 680 11459 2180 9279 359 75716 39583 36133 490 383 321 107
internal_count=88345 12139 76206 680 11459 2180 9279 359 75716 39583 36133 490 383 321 107
is_linear=0
shrinkage=0.05


Tree=155
num_leaves=16
num_cat=0
split_feature=19 17 3 3 6 9 12 0 4 22 17 18 18 9 13
split_gain=9.98562 11.2408 13.2078 23.7196 14.0031 12.2095 10.8806 6.88979 7.51509 12.2544 10.2912 5.07408 4.09175 3.79259 2.79591
threshold=23.368750000000006 70.500000000000014 -0.68322629814330804 -0.77259657388510605 -0.99761278905001471 0.79378270001952722 43.650000000000006 10.612183378598129 -0.77259657388510627 1.0439717433682956 30.500000000000004 31.812500000000004 69.562500000000014 0.41415128782999194 1.2790782301866204
decision_type=2 2 2 2 2 2 2 2 2 2 2 2 2 2 2
left_child=7 5 3 -3 -4 6 -2 12 9 -9 -10 -7 13 -1 -14
right_child=1 2 4 -5 -6 11 -8 8 10 -11 -12 -13 14 -15 -16
leaf_value=0.0021842525704845795 -0.00040336559583675633 -8.0356577553758468e-05 0.00033013514269321646 0.0017068896312060933 -0.00024482658515725952 -8.7302223348195717e-05 -0.0023739933854089014 0.00014465142227301775 -0.00088207273744830286 0.0008893491435959356 7.2307786416259127e-06 0.0041098364236356105 0.00023766008129839507 0.011469938213356885 0.013179943485509349
leaf_weight=108 402 1673 559 513 4917 40 381 35613 8181 779 34363 41 320 180 41
leaf_count=108 402 1673 559 513 4917 40 381 35613 8181 779 34363 41 320 180 41
internal_value=-2.75221e-05 -0.00165376 -0.00104411 0.00224154 -0.00235573 -0.00706019 -0.0089719 0.000146698 0.000104515 0.000632007 -0.0003467 0.0114198 0.00527735 0.00972222 0.0017313
internal_weight=88111 8526 7662 2186 5476 864 783 79585 78936 36392 42544 81 649 288 361
internal_count=88111 8526 7662 2186 5476 864 783 79585 78936 36392 42544 81 649 288 361
is_linear=0
shrinkage=0.05


Tree=156
num_leaves=16
num_cat=0
split_feature=19 6 3 9 13 21 20 5 5 20 15 20 1 15 13
split_gain=7.76531 11.5194 17.5448 13.2323 10.9863 9.97878 9.46782 7.90029 12.7309 12.4106 10.235 9.97069 8.97129 7.99115 3.76397
threshold=23.368750000000006 -0.96234030595689413 0.63405362205439464 0.68978564661902164 0.5400515653825414 0.96521439607424131 1.3693750000000005 0.91248814248966237 0.9053161325100999 0.68687500000000024 371.50000000000006 6.3081250000000013 546.84518073707443 433.50000000000006 0.88163982510626748
decision_type=2 2 2 2 2 2 2 2 2 2 2 2 2 2 2
left_child=7 3 6 5 -5 -2 -3 8 12 10 -9 -11 -1 -10 -4
right_child=1 2 14 4 -6 -7 -8 9 13 11 -12 -13 -14 -15 -16
leaf_value=8.7885347292704363e-07 -0.00028544029579110621 -0.00079721335779337496 -0.0015156051172899477 0.00084425460169385578 0.00016214228580151981 -0.00099138720153489905 -6.7859370986067538e-05 0.001670783648293585 0.0012969763157655357 -0.00037131172537134273 -0.00034271651110510118 0.0028474359643052231 0.00039598001000885067 0.0031764642258646672 -3.3999699624087668e-06
leaf_weight=50034 1103 1170 328 293 1486 164 4013 536 333 11201 146 272 17065 161 51
leaf_count=50034 1103 1170 328 293 1486 164 4013 536 333 11201 146 272 17065 161 51
internal_value=3.84807e-05 -0.00138824 -0.00274182 0.00108339 0.00386453 -0.00282163 -0.00198244 0.000192481 0.000403518 -0.000981078 0.00557185 -0.00137061 0.00034464 0.00840081 -0.0131266
internal_weight=88356 8608 5562 3046 1779 1267 5183 79748 67593 12155 682 11473 67099 494 379
internal_count=88356 8608 5562 3046 1779 1267 5183 79748 67593 12155 682 11473 67099 494 379
is_linear=0
shrinkage=0.05


Tree=157
num_leaves=15
num_cat=0
split_feature=1 16 13 6 5 9 18 18 5 5 12 19 18 15
split_gain=7.62092 7.75619 25.3182 19.6331 12.0552 10.523 7.82802 6.08873 7.39597 12.0389 5.99807 5.55434 5.44251 0.223693
threshold=884.34214934813087 623.30000000000007 0.55554438752339197 -0.6652727025667432 0.9962888416657264 0.79378270001952722 81.812500000000014 20.687500000000004 0.048362692321690152 0.14250626876356556 27.750000000000004 28.831250000000004 94.062500000000014 873.00000000000011
decision_type=2 2 2 2 2 2 2 2 2 2 2 2 2 2
left_child=1 5 4 -4 -3 6 -1 11 12 -10 -7 13 -9 -2
right_child=7 2 3 -5 -6 10 -8 8 9 -11 -12 -13 -14 -15
leaf_value=0.00018809740752178674 0.00066795250134228385 0.00075241188775651004 6.9763440690984169e-07 -0.00026015231920887286 -0.0022265703613433968 0.011166257186224396 -0.00016223383162283363 0.0041864541379250308 -0.0040974363897342157 0.0010267057102863852 0.00093547406521597709 -3.5056764047780574e-05 0.00040625651388118345 0.001238819057805879
leaf_weight=33431 40 1756 3389 4096 138 78 43284 170 157 766 874 43 144 45
leaf_count=33431 40 1756 3389 4096 138 78 43284 170 157 766 874 43 144 45
internal_value=-2.57321e-05 -8.38637e-05 -0.00144205 -0.00274883 0.00372228 8.01499e-05 1.53164e-05 0.00368132 0.00260711 0.000352113 0.00530462 0.0140625 0.00923567 0.0214706
internal_weight=88411 87046 9379 7485 1894 77667 76715 1365 1237 923 952 128 314 85
internal_count=88411 87046 9379 7485 1894 77667 76715 1365 1237 923 952 128 314 85
is_linear=0
shrinkage=0.05


Tree=158
num_leaves=16
num_cat=0
split_feature=0 4 22 20 19 6 15 22 9 3 17 4 17 22 18
split_gain=6.83163 8.37466 18.1389 17.1348 13.3693 12.123 21.384 18.5166 6.91597 6.48101 5.7486 5.31673 5.26439 4.12471 1.2249
threshold=20.46577800900668 -0.58216583101416164 1.0776631653655271 1.5568750000000005 -2.7812499999999996 -0.80417042486635371 326.50000000000006 0.41289647178935523 0.68793292783714521 0.84874750804349197 47.500000000000007 0.29012925520284133 33.500000000000007 0.1302709577525481 69.937500000000014
decision_type=2 2 2 2 2 2 2 2 2 2 2 2 2 2 2
left_child=8 2 4 -4 -2 7 -7 -3 9 13 -11 12 -10 -1 -13
right_child=1 5 3 -5 -6 6 -8 -9 11 10 -12 14 -14 -15 -16
leaf_value=0.0061353300916647258 -0.0069844790756023916 -0.0017113762441542295 0.00050280238730802116 0.0055330745541363972 6.25014236775745e-05 -0.00025112830209282069 -0.0007180455367366529 0.00032201850926970728 0.00098716059307048525 -0.00099076546129613367 0.0089005869922986879 0.0072184396870319748 0.0047062154878608382 0.0016605429095808769 0.0099372662027598039
leaf_weight=558 100 1652 452 347 54823 16511 2154 9424 263 1221 43 61 87 706 45
leaf_count=558 100 1652 452 347 54823 16511 2154 9424 263 1221 43 61 87 706 45
internal_value=9.46895e-05 1.25785e-05 0.000374179 0.00785357 0.000265372 -0.000664907 -0.00144254 0.00064554 0.00244638 0.00142405 -0.00110759 0.00811404 0.00514286 0.0039557 0.0179245
internal_weight=88447 85463 55722 799 54923 29741 18665 11076 2984 2528 1264 456 350 1264 106
internal_count=88447 85463 55722 799 54923 29741 18665 11076 2984 2528 1264 456 350 1264 106
is_linear=0
shrinkage=0.05


Tree=159
num_leaves=13
num_cat=0
split_feature=2 16 13 2 22 12 20 5 6 18 5 19
split_gain=8.01703 7.50435 25.9331 19.3607 10.8772 9.82819 20.2123 10.7058 4.90443 2.58843 2.52155 1.95265
threshold=0.054349537494377737 623.30000000000007 0.55554438752339197 0.50938054770604535 0.9640247933089886 253.35000000000002 1.6343750000000006 0.3261394409934788 0.57605713708605399 22.812500000000004 -0.14250824554987665 16.131250000000005
decision_type=2 2 2 2 2 2 2 2 2 2 2 2
left_child=8 5 4 -4 -3 7 -7 -2 9 -1 -10 -11
right_child=1 2 3 -5 -6 6 -8 -9 10 11 -12 -13
leaf_value=0.011203582172786084 -0.00020794358272920521 2.6495205148557856e-05 -0.00068720353252984536 -7.8325013151472891e-05 0.0011074520116452879 0.0015787430031304894 0.00016562148652798648 0.00019809472697336907 -0.0083650542346153274 0.0069760099816942424 0.0066228589695922256 0.014061129782659033
leaf_weight=46 38000 1017 1199 6600 912 2895 13606 23898 58 122 72 45
leaf_count=46 38000 1017 1199 6600 912 2895 13606 23898 58 122 72 45
internal_value=2.37369e-05 -5.95731e-06 -0.00131579 -0.00259969 0.00387506 0.000156571 0.00124083 -0.000132476 0.00765306 0.0123239 0 0.00943114
internal_weight=88470 88127 9728 7799 1929 78399 16501 61898 343 213 130 167
internal_count=88470 88127 9728 7799 1929 78399 16501 61898 343 213 130 167
is_linear=0
shrinkage=0.05


Tree=160
num_leaves=16
num_cat=0
split_feature=4 22 20 5 16 17 22 6 5 19 5 4 5 18 12
split_gain=7.27695 14.0217 20.4293 16.6656 13.8547 26.5636 16.6684 16.5682 13.8709 13.4438 10.6466 10.3753 9.92825 5.48024 3.85138
threshold=-0.5 1.0584182042756576 1.5568750000000005 -0.78326540922535159 433.30000000000001 66.500000000000014 0.40813027987580192 -0.9575230291762723 -0.99940763397299126 -2.7812499999999996 0.86548282553247169 -0.55557023301960251 0.96687895796550427 7.6875000000000009 33.750000000000007
decision_type=2 2 2 2 2 2 2 2 2 2 2 2 2 2 2
left_child=1 9 3 -3 6 13 12 -7 -8 14 -11 -4 -2 -6 -1
right_child=4 2 11 -5 5 7 8 -9 -10 10 -12 -13 -14 -15 -16
leaf_value=-0.0072121361276212166 -0.00081736238683811501 0.0058582515422500982 0.0023186947546689151 -0.0015341961998047106 -0.0019224387454769177 0.00038580390447255641 -0.0078265770208521025 -0.00045231312817619609 0.00020881888727616318 0.00012294537329990418 -0.00019470797344532943 -0.0002677966592233738 -0.0025754317660588721 -0.00098043280494400646 -0.0016709579741879756
leaf_weight=66 5040 118 585 603 295 1026 152 3023 17450 49667 9808 105 417 157 41
leaf_count=66 5040 118 585 603 295 1026 152 3023 17450 49667 9808 105 417 157 41
internal_value=-4.23475e-06 0.000300444 0.00522679 -0.000658807 -0.00067852 -0.00321595 -0.000183226 -0.00193258 0.000565277 0.00018378 0.000215637 0.0113768 -0.00259758 -0.0147124 -0.0175234
internal_weight=88553 60993 1411 721 27560 4501 23059 4049 17602 59582 59475 690 5457 452 107
internal_count=88553 60993 1411 721 27560 4501 23059 4049 17602 59582 59475 690 5457 452 107
is_linear=0
shrinkage=0.05


Tree=161
num_leaves=11
num_cat=0
split_feature=9 19 6 18 15 5 6 9 3 20
split_gain=6.89902 6.53686 6.62385 10.4397 9.4957 6.24985 10.6068 9.57146 2.98115 0.343144
threshold=0.8216092256955948 24.768750000000008 -0.59867820553660911 19.687500000000004 551.50000000000011 0.91248814248966237 -0.16799793862756093 0.38981254022982242 -0.52778511650980109 2.0281250000000006
decision_type=2 2 2 2 2 2 2 2 2 2
left_child=1 5 4 -4 -3 7 -7 -1 -2 -10
right_child=8 2 3 -5 -6 6 -8 -9 9 -11
leaf_value=-0.00026353572834502407 0.00014152956701896923 0.00020806228425573615 6.8315208812597122e-05 -0.0014410445997057931 -0.00015070731482935974 -0.0011768957034462763 1.885779420068845e-06 0.0001706252832094163 0.006534920815619555 0.0021891268678718686
leaf_weight=19800 44 2450 357 743 2668 3719 8363 50170 43 58
leaf_count=19800 44 2450 357 743 2668 3719 8363 50170 43 58
internal_value=-3.53447e-05 -5.32457e-05 -0.00161628 -0.00513636 -0.000859711 6.52026e-05 -0.000984936 0.000246534 0.0108621 0.0155941
internal_weight=88415 88270 6218 1100 5118 82052 12082 69970 145 101
internal_count=88415 88270 6218 1100 5118 82052 12082 69970 145 101
is_linear=0
shrinkage=0.05


Tree=162
num_leaves=14
num_cat=0
split_feature=2 4 22 20 19 16 6 17 6 18 19 4 19
split_gain=7.16639 6.44223 18.2673 21.5647 11.1933 10.261 33.192 12.5376 4.04318 2.48198 2.28884 1.40111 2.73138
threshold=0.054349537494377737 -0.58216583101416164 1.0776631653655271 1.4806250000000005 -2.7812499999999996 470.05000000000007 -0.9575230291762723 30.500000000000004 0.57605713708605399 22.812500000000004 15.843750000000004 -0.63405362205439475 1.5812500000000005
decision_type=2 2 2 2 2 2 2 2 2 2 2 2 2
left_child=8 2 4 -4 -2 7 -7 -3 9 -1 -11 -10 -13
right_child=1 5 3 -5 -6 6 -8 -9 11 10 -12 12 -14
leaf_value=0.010623494930596342 -0.0063098242532454987 -0.00096491200622776392 0.00049816759197199301 0.0052600562410045461 4.9813687967731339e-05 0.00056100613850882113 -0.00056585529207502929 0.00010983674670896199 0.011562091107425629 0.0068759421367497802 0.013390410148707517 -0.0078749826635851044 0.0065084437737878481
leaf_weight=46 103 5937 482 380 55070 986 3817 21344 50 127 41 41 43
leaf_count=46 103 5937 482 380 55070 986 3817 21344 50 127 41 41 43
internal_value=2.28899e-05 -5.39044e-06 0.000318105 0.0075406 0.000205263 -0.000570378 -0.00270144 -0.000195191 0.00718391 0.0114486 0.00863095 0.000373134 -0.00357143
internal_weight=88467 88119 56035 862 55173 32084 4803 27281 348 214 168 134 84
internal_count=88467 88119 56035 862 55173 32084 4803 27281 348 214 168 134 84
is_linear=0
shrinkage=0.05


Tree=163
num_leaves=16
num_cat=0
split_feature=5 5 18 6 4 5 9 16 3 9 5 5 13 17 20
split_gain=6.35961 20.4058 27.3712 32.9844 26.2624 17.1712 23.5024 18.3691 13.0181 10.764 15.8874 8.93203 7.65171 6.65299 4.78202
threshold=-0.8781231054254196 -0.65234524191686594 47.562500000000007 0.47369649395226454 -0.63405362205439475 -0.58482361983252518 0.61018441760574671 1.7500000000000002 0.97335555334614954 0.41201761572301859 -0.99763297024448894 -0.90163369914317015 0.2201893660257018 121.50000000000001 0.7668750000000002
decision_type=2 2 2 2 2 2 2 2 2 2 2 2 2 2 2
left_child=8 2 4 -4 -2 6 -3 -7 9 10 -1 12 -10 -11 -13
right_child=1 5 3 -5 -6 7 -8 -9 11 13 -12 14 -14 -15 -16
leaf_value=0.0047202857416056834 0.00042619782410505683 0.0053011425145759131 -0.00020191819016174284 -0.0029496475684788696 -0.0004953371268769408 -0.000892840039331351 4.0851394424118453e-05 7.9806456856350305e-05 -0.004095750892530654 0.0011275944608367019 -0.00075726538927161225 -0.00029003868577566759 -0.0012877068205497167 0.00029708897698033088 0.0066086456029247429
leaf_weight=592 2800 783 3572 3171 1520 8442 1418 51958 356 4615 3780 58 849 4392 69
leaf_count=592 2800 783 3572 3171 1520 8442 1418 51958 356 4615 3780 58 849 4392 69
internal_value=1.10325e-05 -0.000178513 -0.00215809 -0.00414875 0.000949074 0.000171323 0.00450931 1.3245e-05 0.000960166 0.00142948 -0.00060613 -0.00375375 -0.00508299 0.00241756 0.00885827
internal_weight=88375 73664 11063 6743 4320 62601 2201 60400 14711 13379 4372 1332 1205 9007 127
internal_count=88375 73664 11063 6743 4320 62601 2201 60400 14711 13379 4372 1332 1205 9007 127
is_linear=0
shrinkage=0.05


Tree=164
num_leaves=9
num_cat=0
split_feature=8 19 20 5 6 5 16 19
split_gain=6.70192 6.28652 11.1341 16.6463 8.4237 7.32926 13.3947 10.5094
threshold=1.0000000180025095e-35 23.493750000000006 2.7518750000000005 0.75580964594513067 -0.99628250747696534 0.87397152483179585 884.80000000000007 22.293750000000006
decision_type=2 2 2 2 2 2 2 2
left_child=-1 5 4 -4 -3 6 -2 -7
right_child=1 2 3 -5 -6 7 -8 -9
leaf_value=0.0038674812159015266 0.00011498948879158921 0.00012202402703341553 0.00017463081603766306 -0.0018957241117028513 -0.00031581078159776955 -0.00014589240989148212 -0.00051102509699025862 -0.00044582901455478274
leaf_weight=60 65361 828 2641 125 4695 14130 84 165
leaf_count=60 65361 828 2641 125 4695 14130 84 165
internal_value=-3.83135e-05 -4.96995e-05 -0.00136024 0.00122921 -0.00265707 8.65312e-05 0.000310566 -0.00093914
internal_weight=88089 88029 8289 2766 5523 79740 65445 14295
internal_count=88089 88029 8289 2766 5523 79740 65445 14295
is_linear=0
shrinkage=0.05


Tree=165
num_leaves=15
num_cat=0
split_feature=19 3 3 13 3 6 21 5 9 1 22 16 3 15
split_gain=6.32804 9.50281 25.1528 15.5344 14.7583 12.1888 11.7777 9.8458 6.317 5.59372 17.9107 17.1295 2.94643 0.965426
threshold=23.368750000000006 -0.9103761370219875 -0.68322629814330804 0.5400515653825414 -0.77259657388510605 -0.92272482904738262 1.0075816826508219 0.3261394409934788 0.8216092256955948 537.62838414756641 0.78637306748051572 663.6500000000002 -0.58216583101416142 519.50000000000011
decision_type=2 2 2 2 2 2 2 2 2 2 2 2 2 2
left_child=8 3 4 5 -3 -2 -4 -5 9 11 -11 -1 -10 -14
right_child=1 2 6 7 -6 -7 -8 -9 12 10 -12 -13 13 -15
leaf_value=-9.957216633131594e-06 0.00031046555275894561 0.00015221438716616077 -0.00018029528110253824 -0.0021195909563817782 0.0016854001911225298 -0.0010677114534158316 0.00024550178396371417 0.00087015293042088944 0.00010408661150919097 -0.0001379708336455232 0.00033967556588027916 -0.00047462590374794389 0.0067534645595775716 0.001838195973297463
leaf_weight=55416 478 945 5403 551 524 534 158 54 44 14407 8290 1591 47 49
leaf_count=55416 478 945 5403 551 524 534 158 54 44 14407 8290 1591 47 49
internal_value=-3.64444e-05 -0.00132127 -0.000526316 -0.00477737 0.00529272 -0.000988142 -0.00206348 -0.0111157 0.0001027 8.4061e-05 0.000747896 -0.000180241 0.0107143 0.015625
internal_weight=88491 8647 7030 1617 1469 1012 5561 605 79844 79704 22697 57007 140 96
internal_count=88491 8647 7030 1617 1469 1012 5561 605 79844 79704 22697 57007 140 96
is_linear=0
shrinkage=0.05


Tree=166
num_leaves=16
num_cat=0
split_feature=6 5 6 15 18 5 21 6 6 22 5 21 12 4 3
split_gain=6.77166 23.8577 23.5746 19.6174 18.2879 18.1134 18.3481 12.4123 59.4797 28.2809 9.2109 7.16884 6.27039 1.52515 1.44949
threshold=0.98486764554468398 0.13398903995667991 0.98005052076767474 21.500000000000004 71.812500000000014 0.082691702092476851 0.40274556980628168 0.96407344085605606 0.94636490295939868 0.96213651982856396 -0.12546116083924153 0.8268335239829111 15.150000000000002 -0.88144907265856332 -0.29012925520284066
decision_type=2 2 2 2 2 2 2 2 2 2 2 2 2 2 2
left_child=2 5 7 14 12 10 -7 8 -1 -9 -2 -5 -4 -6 -3
right_child=1 3 4 11 13 6 -8 9 -10 -11 -12 -13 -14 -15 -16
leaf_value=1.7200031239450464e-05 -0.0013126388297872037 0.013918358342909399 -0.00040671188642379258 0.0043215305571972481 9.6981168918278137e-06 -0.005456104555124997 0.0021608193259928217 0.00102714092825284 -0.0046844070891293018 0.0063883931450314253 0.0011145506686195178 -0.0022588082460010066 -0.0046930457937266364 0.0038416473410870541 0.0070543679151684113
leaf_weight=82687 288 88 52 123 65 319 137 997 1086 188 1862 77 268 50 164
leaf_count=82687 288 88 52 123 65 319 137 997 1086 188 1862 77 268 50 164
internal_value=2.62857e-05 0.00233813 -5.65035e-05 0.0129425 -0.0116667 0.000498849 -0.00855263 2.94263e-06 -6.89363e-05 0.00508439 0.0024186 0.00125 -0.0178125 0.00543478 0.0222222
internal_weight=88451 3058 85393 452 435 2606 456 84958 83773 1185 2150 200 320 115 252
internal_count=88451 3058 85393 452 435 2606 456 84958 83773 1185 2150 200 320 115 252
is_linear=0
shrinkage=0.05


Tree=167
num_leaves=15
num_cat=0
split_feature=0 3 16 21 21 17 4 16 22 5 21 17 22 22
split_gain=6.81543 8.07578 24.4585 16.2907 14.3121 7.90679 7.82484 17.1237 9.91097 7.24072 5.45221 9.16874 6.31017 4.57878
threshold=23.897230191603828 -0.8814490726585632 394.45000000000005 0.24589596527448276 0.98948628701973973 30.500000000000004 1.0000000180025095e-35 429.55000000000007 0.97254169820241654 -0.99763297024448894 0.12202310917625998 4.5000000000000009 0.72703062011406672 1.1660453931284656
decision_type=2 2 2 2 2 2 2 2 2 2 2 2 2 2
left_child=5 2 3 -2 -4 10 8 -8 -3 -7 11 -1 -12 -11
right_child=1 6 4 -5 -6 9 7 -9 -10 13 12 -13 -14 -15
leaf_value=-0.00077744148572906073 -0.0021043039392045905 3.2222179780827535e-06 -0.00052286131288251103 0.00013692222288699262 -0.0017646215555315384 -0.0070099499804084867 -0.00025744276229057727 -0.0013773850479229313 0.00014991335625680335 0.0033393834533547162 -0.0024415712428250969 0.0052924548347660361 0.0011424906180714457 0.0056932536199337915
leaf_weight=717 636 63413 1118 6005 420 44 4600 602 8203 667 523 633 783 207
leaf_count=717 636 63413 1118 6005 420 44 4600 602 8203 667 523 633 783 207
internal_value=1.55243e-05 -7.44144e-05 -0.00156804 -0.000252221 -0.00724967 0.00215445 8.46156e-05 -0.00178777 0.000220621 0.00615468 0.000771837 0.003 -0.00153139 0.00715103
internal_weight=88571 84997 8179 6641 1538 3574 76818 5202 71616 918 2656 1350 1306 874
internal_count=88571 84997 8179 6641 1538 3574 76818 5202 71616 918 2656 1350 1306 874
is_linear=0
shrinkage=0.05


Tree=168
num_leaves=16
num_cat=0
split_feature=16 13 20 6 6 20 6 9 2 20 21 20 9 6 17
split_gain=6.52583 18.6164 17.9408 19.7902 11.2351 16.6151 14.6205 10.8716 9.3906 6.74386 9.72521 6.62211 16.0893 11.475 6.4881
threshold=623.30000000000007 0.57142250924734961 1.2006250000000003 -0.6652727025667432 0.063390085881955341 1.5393750000000004 -0.95242240592625282 0.79378270001952722 0.5499714697088095 2.146875000000001 0.90099071355720617 3.5343750000000007 0.17434099974896719 0.92191100909954782 267.50000000000006
decision_type=2 2 2 2 2 2 2 2 2 2 2 2 2 2 2
left_child=7 4 8 -4 6 -6 -2 11 -3 10 -9 13 -13 -1 -11
right_child=1 2 3 -5 5 -7 -8 9 -10 14 -12 12 -14 -15 -16
leaf_value=0.00018768323937621846 0.0018642496124603892 -0.001049731595169992 9.4251077006729528e-05 -0.00019704528485869899 -0.0033631587904339871 0.0017404544325919703 -6.6303385824220681e-05 0.0039272665426098256 -0.0001967440966506945 -0.0014272609881671033 0.00027526827099138006 0.0013645611569845118 -0.00041439117839207619 -0.00068191085969519652 0.0034667794265197342
leaf_weight=54185 235 480 2987 3294 86 336 1368 323 922 329 226 862 17131 5548 117
leaf_count=54185 235 480 2987 3294 86 336 1368 323 922 329 226 862 17131 5548 117
internal_value=7.63324e-06 -0.00121549 -0.00233958 -0.00119806 0.00304938 0.0103081 0.00113849 0.000158471 -0.00745364 0.00535176 0.00906193 9.19898e-05 -0.000748902 0.000345287 0.000784753
internal_weight=88429 9708 7683 6281 2025 422 1603 78721 1402 995 549 77726 17993 59733 446
internal_count=88429 9708 7683 6281 2025 422 1603 78721 1402 995 549 77726 17993 59733 446
is_linear=0
shrinkage=0.05


Tree=169
num_leaves=16
num_cat=0
split_feature=19 3 3 13 3 6 6 12 5 6 5 16 5 20 16
split_gain=5.86267 10.0927 20.3234 12.3502 12.0045 10.1597 10.1172 8.66748 6.40887 11.4317 16.998 11.5265 9.56233 11.1889 7.57804
threshold=23.368750000000006 -0.9103761370219875 -0.68322629814330804 0.5400515653825414 -0.77259657388510605 -0.99761278905001471 -0.92272482904738262 38.250000000000007 0.91248814248966237 -0.16799793862756093 0.98213580174693105 539.05000000000007 0.9053161325100999 2.8193750000000004 884.80000000000007
decision_type=2 2 2 2 2 2 2 2 2 2 2 2 2 2 2
left_child=8 3 4 6 -3 -4 -2 -5 12 10 -10 -11 14 -14 -1
right_child=1 2 5 7 -6 -7 -8 -9 9 11 -12 -13 13 -15 -16
leaf_value=9.8289036075606417e-05 0.00023771687813015641 0.00013419839337815986 0.00030761419272557215 -0.00046424728299003515 0.0014961260120784027 -0.00019432245505388024 -0.0010174510772108028 -0.0022337322102063961 -0.00079643908571965308 0.00032477585664786313 -0.0058125354720130239 -0.00021699476334803293 0.00071272113250163145 0.0039246596559331165 -0.00043148858072569187
leaf_weight=67096 459 956 538 204 527 4985 514 408 3522 6114 262 2190 337 157 97
leaf_count=67096 459 956 538 204 527 4985 514 408 3522 6114 262 2190 337 157 97
internal_value=3.33839e-05 -0.00120766 -0.000392521 -0.00481073 0.00480445 -0.00178798 -0.00131038 -0.0103758 0.000167032 -0.000893448 -0.00317125 0.000144509 0.00035642 0.00728745 0.000305463
internal_weight=88366 8591 7006 1585 1483 5523 973 612 79775 12088 3784 8304 67687 494 67193
internal_count=88366 8591 7006 1585 1483 5523 973 612 79775 12088 3784 8304 67687 494 67193
is_linear=0
shrinkage=0.05


Tree=170
num_leaves=16
num_cat=0
split_feature=16 13 2 3 22 6 20 2 9 3 4 12 19 6 9
split_gain=7.52127 19.876 14.6286 16.9097 15.4501 12.5588 15.0694 10.1415 9.74372 13.1438 12.0822 11.3044 9.31706 13.4184 6.99968
threshold=623.30000000000007 0.57808738163113393 0.54601620207757795 0.41248606129204562 0.97045461389889065 0.063390085881955341 1.5006250000000003 0.40863496208228595 0.70931095128662991 -0.8814490726585632 0.13052619222005193 393.75000000000006 -1.1187499999999997 0.97461712852231652 0.53833057436033716
decision_type=2 2 2 2 2 2 2 2 2 2 2 2 2 2 2
left_child=8 5 3 -3 -4 7 -7 -2 12 10 -10 -11 13 -1 -14
right_child=1 2 4 -5 -6 6 -8 -9 9 11 -12 -13 14 -15 -16
leaf_value=-0.0043839376314864969 -0.0009408243325776972 -0.00010255034486464365 -0.00028027155224161215 -0.0010824361581854181 5.3694312004015646e-05 -0.002507168778058655 0.0016585676272924843 0.0003295753828675863 -0.00055788125290076596 0.00098808737163584288 0.0021713720915495839 -9.5058965000693893e-05 0.0001583750584586305 0.0027115856471480377 -0.00021430559018272011
leaf_weight=432 176 800 3069 776 3023 87 335 1478 1770 4896 258 2050 45829 116 23307
leaf_count=432 176 800 3069 776 3023 87 335 1478 1770 4896 258 2050 45829 116 23307
internal_value=5.31662e-05 -0.00125718 -0.00243219 -0.00672589 -0.00132141 0.00308285 0.010782 0.0011185 0.00021549 0.00176621 -0.00177515 0.00280017 1.57855e-05 -0.0064781 6.72587e-05
internal_weight=88402 9744 7668 1576 6092 2076 422 1654 78658 8974 2028 6946 69684 548 69136
internal_count=88402 9744 7668 1576 6092 2076 422 1654 78658 8974 2028 6946 69684 548 69136
is_linear=0
shrinkage=0.05


Tree=171
num_leaves=8
num_cat=0
split_feature=9 8 0 12 9 3 22
split_gain=6.58747 6.01945 5.28726 8.1975 6.70603 4.20386 0.900239
threshold=0.8216092256955948 1.0000000180025095e-35 20.46577800900668 1.0000000180025095e-35 0.68793292783714521 -0.52778511650980109 0.82028036449317432
decision_type=2 2 2 2 2 2 2
left_child=1 -1 4 -4 -3 -2 -7
right_child=5 2 3 -5 -6 6 -8
leaf_value=0.004236652856037533 -0.00079384764527721261 0.00078137876296600147 -0.0046059600478225949 -1.6003828418453826e-05 0.0037639678574673489 0.0071963490692938843 0.0015802075883027734
leaf_weight=54 46 2506 187 84834 450 43 62
leaf_count=54 46 2506 187 84834 450 43 62
internal_value=-3.96906e-06 -2.18673e-05 -3.21107e-05 -0.000104386 0.00204668 0.0104305 0.0159524
internal_weight=88182 88031 87977 85021 2956 151 105
internal_count=88182 88031 87977 85021 2956 151 105
is_linear=0
shrinkage=0.05


Tree=172
num_leaves=11
num_cat=0
split_feature=9 5 5 21 5 9 18 20 3 0
split_gain=5.37662 5.27626 18.2827 22.2017 16.4046 13.1733 24.5383 13.4142 4.68883 0.765306
threshold=0.8216092256955948 -0.86976336936302323 -0.65234524191686594 0.99844067352880794 -0.58482361983252518 0.24225393111440596 45.187500000000007 1.2006250000000003 -0.41248606129204529 632.46941648635107
decision_type=2 2 2 2 2 2 2 2 2 2
left_child=1 5 3 -3 -4 6 -1 -7 -2 -10
right_child=8 2 4 -5 -6 7 -8 -9 9 -11
leaf_value=0.0052734974897239639 -0.0011787445534523712 -0.00060155240261911555 0.00061072383268159227 0.00087286230737939068 -1.557140173847338e-05 -0.00047046731639430048 -0.00204766397060889 0.00070088509031250861 0.0047263494903530719 0.0017728036542001336
leaf_weight=300 50 9527 2208 996 60172 4140 1161 9649 56 42
leaf_count=300 50 9527 2208 996 60172 4140 1161 9649 56 42
internal_value=-6.25701e-05 -7.85566e-05 -0.000255476 -0.00218331 6.97339e-05 0.000767213 -0.00374743 0.00124556 0.00945946 0.0158163
internal_weight=88301 88153 72903 10523 62380 15250 1461 13789 148 98
internal_count=88301 88153 72903 10523 62380 15250 1461 13789 148 98
is_linear=0
shrinkage=0.05


Tree=173
num_leaves=15
num_cat=0
split_feature=6 6 6 9 9 6 22 18 18 6 2 16 3 18
split_gain=6.09124 9.89886 23.1941 19.9839 14.6646 10.7767 10.728 9.36218 7.76658 10.8349 4.85833 3.58157 5.44529 1.40192
threshold=0.99981043035926087 0.98486764554468398 0.98174098242282837 0.58690526621778438 0.28181463930565548 0.94636490295939868 0.8235609847498907 96.937500000000014 99.937500000000014 0.99999537620422141 0.26534811805245767 7.1500000000000012 0.2269546835593246 78.312500000000014
decision_type=2 2 2 2 2 2 2 2 2 2 2 2 2 2
left_child=1 2 5 4 -3 -1 -5 -4 9 13 -11 12 -10 -2
right_child=8 3 7 6 -6 -7 -8 -9 11 10 -12 -13 -14 -15
leaf_value=1.7424451458664114e-05 -0.0064578430470520675 -0.00016593019527332554 -0.0042463875566829427 -0.0044954418712910161 0.003801830188957417 -0.001517746759767527 0.0013850922354983698 0.0024262661757618281 0.0054116090403282585 -0.0026202434723502639 0.0040363754695091807 -0.0013997073127832633 -0.00017610536898424872 -0.0022938095304172999
leaf_weight=82756 90 806 255 330 1424 2402 110 55 41 66 40 53 43 40
leaf_count=82756 90 806 255 330 1424 2402 110 55 41 66 40 53 43 40
internal_value=8.75597e-06 3.57394e-05 -5.79164e-05 0.00303371 0.00495516 -8.22001e-06 -0.00670455 -0.0137097 -0.00636729 -0.0118644 0 0.00310219 0.00952381 -0.0215385
internal_weight=88511 88138 85468 2670 2230 85158 440 310 373 236 106 137 84 130
internal_count=88511 88138 85468 2670 2230 85158 440 310 373 236 106 137 84 130
is_linear=0
shrinkage=0.05


Tree=174
num_leaves=11
num_cat=0
split_feature=9 6 5 6 15 5 6 18 3 17
split_gain=5.19674 4.58482 26.3881 22.7432 19.9877 18.6169 10.3015 10.2845 2.80702 0.34473
threshold=0.8216092256955948 0.98486764554468398 0.13398903995667991 0.98174098242282837 21.500000000000004 0.082691702092476851 0.94636490295939868 94.812500000000014 -0.3520614488341251 250.50000000000003
decision_type=2 2 2 2 2 2 2 2 2 2
left_child=1 3 5 6 -4 -3 -1 -5 -2 -10
right_child=8 2 4 7 -6 -7 -8 -9 9 -11
leaf_value=6.819459578555343e-06 9.7492210713256991e-06 0.00047987601341559634 0.0071969575406169552 -0.004034068178848796 0.0010322273088114702 -0.0026851264862645164 -0.0015149713304348446 0.0018053862452044962 0.0014116858036046899 0.0062543089083358823
leaf_weight=82280 57 2156 255 230 196 438 2415 62 53 42
leaf_count=82280 57 2156 255 230 196 438 2415 62 53 42
internal_value=-2.66488e-05 -4.25981e-05 0.00186371 -0.000110899 0.0130266 -7.7101e-05 -6.28727e-05 -0.0140411 0.00921053 0.0144737
internal_weight=88184 88032 3045 84987 451 2594 84695 292 152 95
internal_count=88184 88032 3045 84987 451 2594 84695 292 152 95
is_linear=0
shrinkage=0.05


Tree=175
num_leaves=12
num_cat=0
split_feature=6 6 6 9 5 20 18 6 13 4 5
split_gain=6.50448 9.51563 19.9937 17.9518 15.1285 10.5409 9.96349 7.58919 6.75623 4.49045 3.94759
threshold=0.99981043035926087 0.98486764554468398 0.98174098242282837 0.58690526621778438 -0.12546116083924153 1.1656250000000004 96.937500000000014 0.94636490295939868 0.14373376642773192 -0.98611507088852035 0.013976441590891219
decision_type=2 2 2 2 2 2 2 2 2 2 2
left_child=1 2 7 4 -3 -5 -4 -1 -2 -10 -11
right_child=8 3 6 5 -6 -7 -8 -9 9 10 -12
leaf_value=1.5390534469323508e-05 0.0040562402439809717 -0.0013542952185045351 -0.0038754165199317795 -0.00029711550426522737 0.0030384755871050804 -0.0056873793563165954 0.0025256865684367257 -0.0012333079377669872 0.00045768288304279817 -0.00066428652613353132 -0.0033537984808113611
leaf_weight=82498 49 284 245 340 1961 117 54 2422 68 134 121
leaf_count=82498 49 284 245 340 1961 117 54 2422 68 134 121
internal_value=1.16091e-05 3.95241e-05 -5.30985e-05 0.00296077 0.00479955 -0.00607221 -0.0129599 -7.65426e-06 -0.00658602 -0.00921053 -0.0122549
internal_weight=88293 87921 85219 2702 2245 457 299 84920 372 323 255
internal_count=88293 87921 85219 2702 2245 457 299 84920 372 323 255
is_linear=0
shrinkage=0.05


Tree=176
num_leaves=14
num_cat=0
split_feature=6 6 6 5 20 5 19 5 18 6 16 2 22
split_gain=6.59299 9.20196 22.1533 20.0376 22.9583 21.9416 9.37323 7.57422 9.28901 7.2785 6.37581 4.69857 1.43128
threshold=0.99981043035926087 0.98486764554468398 0.98174098242282837 0.13398903995667991 1.1331250000000004 0.082691702092476851 0.45625000000000004 0.013976441590891219 96.812500000000014 0.96407344085605606 14.550000000000002 0.26534811805245767 0.59000755446973741
decision_type=2 2 2 2 2 2 2 2 2 2 2 2 2
left_child=1 2 9 5 -5 -3 -4 10 -9 -1 11 -2 -12
right_child=7 3 6 4 -6 -7 -8 8 -10 -11 12 -13 -14
leaf_value=-1.3281671037751465e-05 -4.4644498384024264e-05 0.0011665194006917055 -0.0037809545578669809 0.0060858174957595466 -0.00075571056963876231 -0.0026335053483537794 -0.0011966729803255501 -0.006768271820530425 0.00015051904762273684 0.001782958555801717 -0.0019429308158540395 0.0033764417731065896 -0.0012754735715456531
leaf_weight=83658 101 1772 173 275 172 434 118 93 48 1322 40 40 44
leaf_count=83658 101 1772 173 275 172 434 118 93 48 1322 40 40 44
internal_value=2.83158e-06 3.07083e-05 -5.95161e-05 0.00293064 0.0125839 0.000974615 -0.0138316 -0.00669399 -0.0157801 -1.23558e-05 -0.001 0.00549645 -0.0119048
internal_weight=88290 87924 85271 2653 447 2206 291 366 141 84980 225 141 84
internal_count=88290 87924 85271 2653 447 2206 291 366 141 84980 225 141 84
is_linear=0
shrinkage=0.05


Tree=177
num_leaves=13
num_cat=0
split_feature=6 13 6 6 9 9 18 22 6 0 18 17
split_gain=6.76255 6.59046 6.07827 19.6987 18.3098 14.0806 9.80369 9.7604 7.64722 3.73199 2.47354 2.34017
threshold=0.99981043035926087 0.14373376642773192 0.98486764554468398 0.98174098242282837 0.58690526621778438 0.28181463930565548 96.937500000000014 0.8235609847498907 0.94636490295939868 154.00526508575294 96.812500000000014 73.500000000000014
decision_type=2 2 2 2 2 2 2 2 2 2 2 2
left_child=2 -2 3 8 5 -4 -5 -6 -1 10 -3 -11
right_child=1 9 4 6 7 -7 -8 -9 -10 11 -12 -13
leaf_value=2.431711300765749e-05 0.0037765537921010937 -0.0048560978212647951 -0.00032565622224718237 -0.0033853801826242572 -0.0043502450354679775 0.0031608234652197101 0.0027456911794842631 0.0019209052782522967 -0.0013208418135477297 4.6323855265181793e-05 -0.0004773577235098005 -0.0015845621065998191
leaf_weight=82699 46 108 804 236 350 1380 50 106 2419 104 62 40
leaf_count=82699 46 108 804 236 350 1380 50 106 2419 104 62 40
internal_value=3.33695e-05 -0.00680556 6.1333e-05 -1.17091e-05 0.00242424 0.00432692 -0.0131119 -0.0066886 3.23081e-05 -0.0093949 -0.0144118 -0.00347222
internal_weight=88404 360 88044 85404 2640 2184 286 456 85118 314 170 144
internal_count=88404 360 88044 85404 2640 2184 286 456 85118 314 170 144
is_linear=0
shrinkage=0.05


Tree=178
num_leaves=14
num_cat=0
split_feature=5 5 6 18 9 5 6 19 20 9 18 9 3
split_gain=5.83938 21.8165 29.8553 24.2259 23.1208 12.4824 24.7789 12.4537 11.3703 11.7012 28.5435 13.2118 5.05602
threshold=-0.86976336936302323 -0.66528616069191593 0.689015599449598 55.687500000000007 0.31412203858923371 -0.58482361983252518 0.78192542922038288 3.193750000000001 7.0568750000000007 0.24225393111440596 45.187500000000007 0.29039146550836653 0.35206144883412588
decision_type=2 2 2 2 2 2 2 2 2 2 2 2 2
left_child=8 2 4 -4 -2 6 -3 -7 9 10 -1 -11 -10
right_child=1 5 3 -5 -6 7 -8 -9 12 11 -12 -13 -14
leaf_value=0.0053900593195114399 -0.0036751230405778646 0.00012701031180702981 -0.00071379122076512262 -0.0055180884552099747 -6.240160698242625e-05 -0.00069983855830274143 0.0051788168514741474 8.2126012028949796e-05 -0.0088698575876383582 0.0036994479962861484 -0.0019920259205122555 0.00036854655666037489 -0.0002335735062109462
leaf_weight=308 1090 2367 432 575 8012 8415 321 52241 60 727 1173 12878 42
leaf_count=308 1090 2367 432 575 8012 8415 321 52241 60 727 1173 12878 42
internal_value=5.89456e-05 -0.000125591 -0.00228262 -0.0104518 -0.00137882 0.000218647 0.00355283 7.08916e-05 0.000951409 0.0010639 -0.00315665 0.00152334 -0.0156863
internal_weight=88641 73453 10109 1007 9102 63344 2688 60656 15188 15086 1481 13605 102
internal_count=88641 73453 10109 1007 9102 63344 2688 60656 15188 15086 1481 13605 102
is_linear=0
shrinkage=0.05


Tree=179
num_leaves=13
num_cat=0
split_feature=2 15 13 6 15 22 16 9 20 6 21 4
split_gain=6.28454 5.44665 5.04098 14.4314 12.7021 27.3415 12.1416 10.588 7.05812 3.81145 3.76863 1.19226
threshold=0.054349537494377737 38.500000000000007 0.60473569309090303 0.99611390731392835 401.50000000000006 0.96213651982856396 623.30000000000007 0.79378270001952722 0.78312500000000018 0.57605713708605399 0.36334148612469791 -0.63405362205439475
decision_type=2 2 2 2 2 2 2 2 2 2 2 2
left_child=1 9 4 6 7 -6 -4 -2 -5 10 -1 -11
right_child=2 -3 3 8 5 -7 -8 -9 -10 11 -12 -13
leaf_value=0.011303662980681745 -3.2634676602323613e-05 0.013529561872594806 5.237413490473686e-05 -0.0032481667301295924 0.00054960462656112317 0.0012382279468828418 -0.00011537790491416011 0.0013460864094735237 -0.0061343797352441986 0.003787343041002417 0.0062285736515485472 -0.0075108443787743565
leaf_weight=68 47856 62 23692 249 7667 856 7469 275 71 49 102 64
leaf_count=68 47856 62 23692 249 7667 856 7469 275 71 49 102 64
internal_value=3.9557e-06 0.00673913 -2.24088e-05 -0.000529685 0.00025947 0.0020386 -0.0004212 -5.55775e-05 -0.0110937 0.00379859 0.00852941 -0.00331858
internal_weight=88480 345 88135 31481 56654 8523 31161 48131 320 283 170 113
internal_count=88480 345 88135 31481 56654 8523 31161 48131 320 283 170 113
is_linear=0
shrinkage=0.05


Tree=180
num_leaves=16
num_cat=0
split_feature=4 22 20 6 5 9 19 17 1 21 21 6 9 15 15
split_gain=5.93749 15.6779 16.1827 12.833 12.0521 11.6545 10.1919 7.75394 19.9874 28.7273 11.8456 12.5424 10.9438 6.66774 5.55187
threshold=-0.58216583101416164 1.0776631653655271 1.9081250000000003 0.6174544326165855 -0.99763297024448894 0.56200434853822567 -2.7812499999999996 30.500000000000004 93.007076242281514 1.0392045756306625 0.081590484291179904 0.50370931781787065 0.68793292783714521 17.500000000000004 60.500000000000007
decision_type=2 2 2 2 2 2 2 2 2 2 2 2 2 2 2
left_child=1 4 3 -3 5 -1 -6 10 12 -10 11 -2 -9 -12 -4
right_child=7 2 14 -5 6 -7 -8 8 9 -11 13 -13 -14 -15 -16
leaf_value=0.0056666698076453447 0.002537555503447034 0.0050142878439887297 0.0046244804817577095 -0.00053920262337665001 -0.0056485464001655066 -0.00059500584273560896 2.7881731483353489e-05 0.00072281074208674356 -8.0980604740657494e-05 -0.0012173064062805689 -0.0025352963324516489 -0.0015513603420445055 0.0020866448453006753 -0.00078163281457431239 0.0062138620289467266
leaf_weight=742 1146 118 48 476 102 438 54013 3256 20954 913 1370 826 976 2810 243
leaf_count=742 1146 118 48 476 102 438 54013 3256 20954 913 1370 826 976 2810 243
internal_value=8.19848e-06 0.000318619 0.0069209 0.00218855 0.000212949 0.00521186 0.000103945 -0.000532542 -0.000156136 -0.000764851 -0.00212939 0.00106491 0.00298913 -0.00363636 0.0165808
internal_weight=88431 56180 885 594 55295 1180 54115 32251 26099 21867 6152 1972 4232 4180 291
internal_count=88431 56180 885 594 55295 1180 54115 32251 26099 21867 6152 1972 4232 4180 291
is_linear=0
shrinkage=0.05


Tree=181
num_leaves=15
num_cat=0
split_feature=0 12 13 6 15 17 5 22 17 20 9 6 6 15
split_gain=5.96497 11.0607 7.99127 11.5661 11.4802 7.64021 6.1439 5.51448 8.49082 5.73192 4.24007 3.93213 8.02655 0.952686
threshold=23.897230191603828 1.0000000180025095e-35 0.60473569309090303 0.98005052076767474 408.50000000000006 30.500000000000004 -0.99763297024448894 0.1302709577525481 4.5000000000000009 0.66937500000000016 0.70953218712048716 0.94066717844141279 -0.12545862287572049 35.500000000000007
decision_type=2 2 2 2 2 2 2 2 2 2 2 2 2 2
left_child=5 11 4 -4 -3 7 -7 8 -1 -9 -8 12 -2 -13
right_child=1 2 3 -5 -6 6 10 9 -10 -11 -12 13 -14 -15
leaf_value=-0.00071446619313149666 -0.0054794594884764059 4.1775732704141257e-06 -8.0979307007705836e-05 -0.0038610494563581788 0.00074378784799118973 -0.0038398513619488845 0.0039271707409669456 -0.0039811947228031996 0.004815398391007625 -0.00017986063373948147 0.0063016661761502897 -0.0044921178220549826 0.0010586883664020635 -0.0073345495466413894
leaf_weight=726 54 46385 29381 457 8289 46 739 164 621 1195 161 43 57 44
leaf_count=726 54 46385 29381 457 8289 46 739 164 621 1195 161 43 57 44
internal_value=2.03707e-05 -6.49274e-05 -3.72728e-05 -0.000695422 0.000321908 0.0019989 0.00586681 0.000646711 0.00291388 -0.00160044 0.00677778 -0.0118687 -0.00563063 -0.0198276
internal_weight=88362 84710 84512 29838 54674 3652 946 2706 1347 1359 900 198 111 87
internal_count=88362 84710 84512 29838 54674 3652 946 2706 1347 1359 900 198 111 87
is_linear=0
shrinkage=0.05


Tree=182
num_leaves=16
num_cat=0
split_feature=21 6 5 5 5 15 12 22 19 9 0 15 9 16 0
split_gain=5.62484 34.5859 37.4447 41.1774 25.8441 25.2764 16.4634 14.8593 12.1501 6.25099 4.62501 3.84332 4.43449 4.21297 1.64535
threshold=1.0000000180025095e-35 0.26659387353423869 0.1849296026015865 0.13398903995667991 0.23537774960157334 17.500000000000004 71.850000000000009 0.10385967154276697 0.45625000000000004 0.17434099974896719 16.168530941849877 7.5000000000000009 0.3762562434153543 36.350000000000001 236.56713880454839
decision_type=2 2 2 2 2 2 2 2 2 2 2 2 2 2 2
left_child=1 6 3 -3 -4 11 10 9 -9 -7 -1 12 -2 -13 -8
right_child=5 2 4 -5 -6 7 14 8 -10 -11 -12 13 -14 -15 -16
leaf_value=0.0051324151163762545 -0.00031146801792411236 0.00016469334121618773 -0.0043874112820985025 0.0061563920092028018 -0.0038607256606420573 0.00087998574850762796 0.0032539252108759634 -0.0013675082372204411 1.8875693810571639e-05 -0.0027182639074118903 0.0012628590248348866 -0.0018814217261785837 -0.004857129751357981 -0.0047101288198383778 0.010496453315053063
leaf_weight=323 80 6919 225 230 525 51 58 1437 76225 233 389 1412 253 43 276
leaf_count=323 80 6919 225 230 525 51 58 1437 76225 233 389 1412 253 43 276
internal_value=-2.90373e-05 0.00115987 2.84846e-05 0.00114352 -0.0106 -0.000162415 0.00970363 -2.75832e-05 1.41639e-05 -0.0114437 0.0054073 -0.00604027 -0.0108859 -0.00493127 0.0188623
internal_weight=88679 8945 7899 7149 750 79734 1046 77946 77662 284 712 1788 333 1455 334
internal_count=88679 8945 7899 7149 750 79734 1046 77946 77662 284 712 1788 333 1455 334
is_linear=0
shrinkage=0.05


Tree=183
num_leaves=16
num_cat=0
split_feature=16 5 21 5 6 2 18 20 9 17 15 22 9 17 16
split_gain=6.47028 13.7954 37.976 22.4989 20.1954 16.2659 8.14858 7.0848 17.1523 16.9904 10.5918 12.8165 9.91275 9.44287 4.8936
threshold=656.4000000000002 0.76696112484652035 0.99844067352880794 0.14250626876356556 -0.60555643346685839 0.51703908318984715 25.937500000000004 3.3306250000000008 0.17434099974896719 14.500000000000002 416.50000000000006 0.95199483600701174 0.070377017875338482 101.50000000000001 752.45000000000016
decision_type=2 2 2 2 2 2 2 2 2 2 2 2 2 2 2
left_child=7 2 3 -2 14 -6 -4 10 13 -10 12 -12 -1 -9 -3
right_child=1 4 6 -5 5 -7 -8 8 9 -11 11 -13 -14 -15 -16
leaf_value=-0.0033890207078364713 -0.00022397241827142869 -0.00052039235197871012 0.0008233294275674319 0.00037150698722881461 -0.00072527516958298963 -3.8077948242554174e-05 6.386656281975878e-06 0.0019022065048017733 -0.0030957361232538307 -0.00026740425206739918 0.00061703493602037203 0.0014393769987195771 3.986654208763263e-05 -0.0012922567906556632 -0.00064120345444138027
leaf_weight=312 3175 91 616 1317 661 2155 155 808 612 19566 8355 383 49765 160 157
leaf_count=312 3175 91 616 1317 661 2155 155 808 612 19566 8355 383 49765 160 157
internal_value=-6.96584e-05 -0.00139606 0.000156755 -0.00160285 -0.00406332 -0.00285866 0.0104086 6.84709e-05 -0.000716448 -0.00102835 0.000350676 0.00195697 7.03916e-05 0.00578512 -0.0177419
internal_weight=88288 8327 5263 4492 3064 2816 771 79961 21146 20178 58815 8738 50077 968 248
internal_count=88288 8327 5263 4492 3064 2816 771 79961 21146 20178 58815 8738 50077 968 248
is_linear=0
shrinkage=0.05


Tree=184
num_leaves=16
num_cat=0
split_feature=6 5 20 5 6 21 6 19 6 5 6 4 21 5 3
split_gain=6.0237 19.107 23.3677 19.2509 15.8153 11.9032 10.2188 8.6842 6.92635 61.2542 11.1088 6.62187 2.86889 2.76471 2.10358
threshold=0.98486764554468398 0.13398903995667991 1.1331250000000004 0.082691702092476851 0.98174098242282837 0.4135450414037844 0.99981043035926087 1.0000000180025095e-35 0.94636490295939868 0.26866988313759588 0.7487283477006671 -0.81241147629689003 0.42961432030305502 0.1849296026015865 -0.29012925520284066
decision_type=2 2 2 2 2 2 2 2 2 2 2 2 2 2 2
left_child=4 3 14 6 8 -5 -2 13 10 -10 -1 -4 -9 -6 -3
right_child=1 2 11 5 7 -7 -8 12 9 -11 -12 -13 -14 -15 -16
leaf_value=-3.8378097393704237e-05 0.0011937424289010486 0.011165676622027011 -0.0022384879557203032 -0.0048227879563550935 -0.0021519761407445049 0.0019208439154790925 -0.0010127920394126092 0.0024787455055461588 0.00094433068966128246 -0.0048846982519072605 0.00065624871250168917 0.0075083491629460847 -0.0019589744806867192 -0.0036277248056251418 0.0050920674354316998
leaf_weight=75246 1783 75 120 318 68 128 378 62 1773 633 7463 61 72 94 199
leaf_count=75246 1783 75 120 318 68 128 378 62 1773 633 7463 61 72 94 199
internal_value=-3.98427e-05 0.00213912 0.0115934 0.000489068 -0.000117959 -0.00896861 0.002441 -0.0116554 -7.78359e-05 -0.00272236 -9.06794e-07 -0.00234807 -0.00223881 -0.0194444 0.0208029
internal_weight=88473 3062 455 2607 85411 446 2161 296 85115 2406 82709 181 134 162 274
internal_count=88473 3062 455 2607 85411 446 2161 296 85115 2406 82709 181 134 162 274
is_linear=0
shrinkage=0.05


Tree=185
num_leaves=15
num_cat=0
split_feature=17 6 20 5 19 22 21 6 6 20 18 5 19 1
split_gain=5.39972 6.54487 13.0006 6.70088 5.64689 5.32212 18.9625 15.4851 13.1515 12.928 10.1291 2.46867 1.95865 0.940206
threshold=307.50000000000006 -0.7444366621422277 4.425625000000001 -0.54220184589352438 28.406250000000004 0.97465609334504777 0.90099071355720617 -0.99983123799342477 0.96407344085605606 1.6918750000000002 65.437500000000014 0.91248814248966237 14.293750000000003 666.28395597510928
decision_type=2 2 2 2 2 2 2 2 2 2 2 2 2 2
left_child=5 3 11 -2 -5 6 10 13 -9 -8 -1 -3 -4 -7
right_child=1 2 12 4 -6 7 9 8 -10 -11 -12 -13 -14 -15
leaf_value=0.00051297895665883004 -0.0019742512813735627 0.0048584034274486406 -0.0010446407764150387 0.0012043609934474287 -0.0049488156737205668 0.0016407919379168468 -0.00058055721368775737 3.8661498871750416e-05 0.0033834355704004172 -4.9902586072203549e-05 -6.5015926094980081e-05 0.0015656859528948742 -0.0073636922611550809 0.0015563929946170729
leaf_weight=15016 70 341 40 1157 60 40 4190 11759 526 5534 49431 147 47 57
leaf_count=15016 70 341 40 1157 60 40 4190 11759 526 5534 49431 147 47 57
internal_value=7.49307e-05 0.00273899 0.00717391 0.000757576 0.00162284 1.76193e-05 -0.000142576 0.000977225 0.000820106 -0.00220074 0.000167967 0.0103484 -0.0106322 0.0208763
internal_weight=88415 1862 575 1287 1217 86553 74171 12382 12285 9724 64447 488 87 97
internal_count=88415 1862 575 1287 1217 86553 74171 12382 12285 9724 64447 488 87 97
is_linear=0
shrinkage=0.05


Tree=186
num_leaves=11
num_cat=0
split_feature=17 19 20 6 0 5 20 5 13 6
split_gain=5.1445 8.3182 5.58005 6.67259 4.82533 4.79647 11.396 8.83963 2.42725 2.69796
threshold=307.50000000000006 28.406250000000004 5.144375000000001 -0.7444366621422277 10.612183378598129 0.91248814248966237 0.68687500000000024 0.34235194516023087 1.2790782301866204 0.57605713708605399
decision_type=2 2 2 2 2 2 2 2 2 2
left_child=4 2 3 -2 8 7 -7 -6 9 -1
right_child=1 -3 -4 -5 5 6 -8 -9 -10 -11
leaf_value=0.0058539262671827132 0.00094008069895070573 -0.0049338308446760654 -0.0031426392973174112 0.0033112954759005626 -4.6640826431437743e-05 0.00068997173608715276 -0.0002876876106631732 0.00020582807037109463 0.013164543529139976 -0.00039834665232387769
leaf_weight=388 1186 62 74 524 52065 690 11261 21723 56 195
leaf_count=388 1186 62 74 524 52065 690 11261 21723 56 195
internal_value=6.97089e-05 0.00268147 0.00330717 0.00388889 1.38924e-05 -1.83697e-05 -0.000947619 0.000132135 0.00434272 0.00338765
internal_weight=88224 1846 1784 1710 86378 85739 11951 73788 639 583
internal_count=88224 1846 1784 1710 86378 85739 11951 73788 639 583
is_linear=0
shrinkage=0.05


Tree=187
num_leaves=15
num_cat=0
split_feature=13 6 15 22 12 21 6 5 6 21 5 6 20 12
split_gain=5.62323 12.7714 11.9954 20.8307 11.7522 11.1888 10.8728 15.652 15.2573 9.81055 9.46492 8.95852 7.17692 2.84142
threshold=0.60473569309090303 0.99611390731392835 401.50000000000006 0.97254169820241654 33.150000000000006 0.90430169760124302 0.98486764554468398 0.13398903995667991 0.94636490295939868 0.96049329778957337 0.9962888416657264 0.98332250088165762 0.72062500000000018 131.55000000000004
decision_type=2 2 2 2 2 2 2 2 2 2 2 2 2 2
left_child=2 4 6 9 11 -6 8 -8 -1 -4 -5 -2 13 -3
right_child=1 12 3 10 5 -7 7 -9 -10 -11 -12 -13 -14 -15
leaf_value=1.6297537229748026e-05 0.0013983663758185606 -0.0010166945280829787 0.00085412299278977706 0.00135496917559082 -6.3144243159229951e-06 -0.0001437942739275222 0.00036608071605301329 0.0045539352003923393 -0.0016197403750413675 -0.00058787934911575532 -0.0032815969405074474 0.011820417297161726 -0.005567893513842891 -0.0050041243571294705
leaf_weight=43568 2819 199 7440 599 18694 9572 2174 392 2329 423 73 82 68 40
leaf_count=43568 2819 199 7440 599 18694 9572 2174 392 2329 423 73 82 68 40
internal_value=1.69545e-05 -0.000519476 0.000313169 0.00204159 -0.000419514 -0.00073056 8.76958e-06 0.00317615 -0.000168312 0.00131947 0.0104911 0.00261117 -0.0106678 -0.00658996
internal_weight=88472 31474 56998 8535 31167 28266 48463 2566 45897 7863 672 2901 307 239
internal_count=88472 31474 56998 8535 31167 28266 48463 2566 45897 7863 672 2901 307 239
is_linear=0
shrinkage=0.05


Tree=188
num_leaves=15
num_cat=0
split_feature=5 5 5 6 18 18 19 20 17 5 19 3 19 3
split_gain=7.16729 11.5749 10.7845 20.7967 15.5434 14.3358 10.2599 13.0887 9.94055 9.5617 8.42977 5.53439 4.88176 4.84699
threshold=0.99700008544936913 0.99818282439137029 0.96687895796550427 -0.16799793862756093 59.187500000000007 71.437500000000014 8.6812500000000039 3.1718750000000009 61.500000000000007 0.96465729447553372 6.6437500000000016 0.29012925520284144 5.543750000000002 0.9946518923062071
decision_type=2 2 2 2 2 2 2 2 2 2 2 2 2 2
left_child=2 10 9 4 -4 -5 8 -8 -3 13 -2 -12 -11 -1
right_child=1 6 3 5 -6 -7 7 -9 -10 12 11 -13 -14 -15
leaf_value=9.9358735177079726e-06 -0.0010567570382455649 0.0036404264665735237 0.0026295400799913661 -0.00029855641476093101 -0.0022748889413550378 0.0007462328298888099 -0.0012212417259977349 0.00028410285004057471 0.00035140312605082063 -0.00028596834558880513 0.00074049141415070692 0.0063307077107164714 0.0015248904363434569 -0.00068387210572848085
leaf_weight=78121 63 131 141 1942 1196 2021 401 1080 146 49 269 156 173 2694
leaf_count=78121 63 131 141 1942 1196 2021 401 1080 146 49 269 156 173 2694
internal_value=-7.25308e-05 0.00271594 -0.000145071 -0.00233019 -0.00772251 -0.000510977 0.000824801 -0.000827144 0.00965704 -2.15951e-06 0.00952869 0.0120588 0.0103604 -3.06255e-05
internal_weight=88583 2246 86337 5300 1337 3963 1758 1481 277 81037 488 425 222 80815
internal_count=88583 2246 86337 5300 1337 3963 1758 1481 277 81037 488 425 222 80815
is_linear=0
shrinkage=0.05


Tree=189
num_leaves=15
num_cat=0
split_feature=13 6 12 15 22 21 17 6 6 5 18 9 20 5
split_gain=5.35589 13.2795 14.3666 11.7128 20.575 10.9938 10.9145 10.8936 17.7113 16.1503 10.6029 9.9148 6.83196 4.43903
threshold=0.60473569309090303 0.99611390731392835 33.150000000000006 386.50000000000006 0.96213651982856396 0.90430169760124302 112.50000000000001 0.98486764554468398 0.94636490295939868 0.13398903995667991 21.812500000000004 0.67124805232663154 0.72062500000000018 0.082691702092476851
decision_type=2 2 2 2 2 2 2 2 2 2 2 2 2 2
left_child=3 2 10 7 11 -4 -6 8 -1 -9 -2 -5 13 -3
right_child=1 12 5 4 6 -7 -8 9 -10 -11 -12 -13 -14 -15
leaf_value=3.6183495509822806e-07 0.0022942604228317039 -0.0022481682990066034 -2.8292766591203611e-05 0.00025225397500951429 0.00024395453531935176 -0.00014546317717767932 0.0016746428375945923 0.00032028411860981489 -0.001708998488204585 0.0041967243755803912 0.00089498221867072574 0.0023569844513030738 -0.0052495926595620291 -0.0047872384932439345
leaf_weight=42745 792 198 18668 7521 379 9576 492 2166 2320 394 2147 795 67 43
leaf_count=42745 792 198 18668 7521 379 9576 492 2166 2320 394 2147 795 67 43
internal_value=-2.23662e-05 -0.000545394 -0.000443351 0.000267549 0.00190214 -0.000789548 0.00921355 -4.7769e-05 -0.000228004 0.003125 0.00288363 0.00113636 -0.0108766 -0.00695021
internal_weight=88303 31491 31183 56812 9187 28244 871 47625 45065 2560 2939 8316 308 241
internal_count=88303 31491 31183 56812 9187 28244 871 47625 45065 2560 2939 8316 308 241
is_linear=0
shrinkage=0.05


Tree=190
num_leaves=13
num_cat=0
split_feature=2 12 22 20 22 5 22 5 16 9 16 21
split_gain=4.84024 13.0026 10.5774 9.15386 6.6141 6.34153 7.64908 6.43403 5.98899 13.6401 5.99886 0.951152
threshold=0.85634169171603114 553.65000000000009 1.0210684294919605 3.0843750000000005 0.19987769416013837 0.65883702558178847 0.74802193662647587 0.63920241694561786 824.25000000000011 0.46605392885855684 663.6500000000002 1.026141835522296
decision_type=2 2 2 2 2 2 2 2 2 2 2 2
left_child=1 8 3 -3 -2 7 -7 -6 10 -10 -1 -4
right_child=4 2 11 -5 5 6 -8 -9 9 -11 -12 -13
leaf_value=3.5384381423059219e-05 -0.0016745103556539667 -0.00046365014407659947 -0.00032752974079250933 8.3190748869393927e-05 0.00038340743794836041 -0.0020584506456519727 0.0042431198908479467 -0.0050107422744780613 -0.0014447817270275055 0.00015780289957588179 -0.00010176577572251212 -0.00068945443927045382
leaf_weight=76199 64 1356 62 795 3182 54 95 69 65 1205 5139 43
leaf_count=76199 64 1356 62 795 3182 54 95 69 65 1205 5139 43
internal_value=3.00018e-05 -4.47775e-05 -0.00378989 -0.00303347 0.00186201 0.00216176 0.0122483 0.00169948 5.75005e-05 0.00346457 4.30303e-06 -0.0192857
internal_weight=88328 84864 2256 2151 3464 3400 149 3251 82608 1270 81338 105
internal_count=88328 84864 2256 2151 3464 3400 149 3251 82608 1270 81338 105
is_linear=0
shrinkage=0.05


Tree=191
num_leaves=14
num_cat=0
split_feature=22 6 16 3 12 3 6 5 21 9 5 9 16
split_gain=5.11983 16.7527 16.54 13.65 28.5333 13.9537 8.78331 29.1829 11.0069 7.89888 7.07164 5.99592 0.730051
threshold=0.97254169820241654 -0.99983123799342477 623.30000000000007 -0.84874750804349153 35.550000000000004 -0.68322629814330804 -0.9575230291762723 0.14250626876356556 0.9960412099423831 0.70931095128662991 0.99274428880883148 0.56200434853822567 752.45000000000016
decision_type=2 2 2 2 2 2 2 2 2 2 2 2 2
left_child=2 12 9 4 -3 -5 7 -4 -8 11 -11 -1 -2
right_child=1 3 6 5 -6 -7 8 -9 -10 10 -12 -13 -14
leaf_value=8.0353745427429182e-05 0.0015026195809166338 0.00063417131885459279 -0.00029953434729129702 0.0012145858444161106 -0.0010986339884256958 9.3021670469881087e-05 -0.00042679761559659695 0.0012426682816815806 0.0011000368163142482 0.00034380064571215563 0.0035767097761092992 -0.00028622577383207728 0.0015023666876709252
leaf_weight=46261 40 1358 907 907 980 9294 3530 350 234 6585 205 17741 59
leaf_count=46261 40 1358 907 907 980 9294 3530 350 234 6585 205 17741 59
internal_value=4.55054e-05 0.000977212 -0.00010981 0.000815456 -0.00263045 0.00160523 -0.00288289 0.000735879 -0.00409139 8.68742e-05 0.00170839 -8.51536e-05 0.0214646
internal_weight=88451 12638 75813 12539 2338 10201 5021 1257 3764 70792 6790 64002 99
internal_count=88451 12638 75813 12539 2338 10201 5021 1257 3764 70792 6790 64002 99
is_linear=0
shrinkage=0.05


Tree=192
num_leaves=15
num_cat=0
split_feature=22 6 21 17 12 20 19 9 6 5 3 3 17 19
split_gain=4.69507 16.8776 15.7863 14.0282 15.8049 10.4514 17.6852 10.429 9.85047 19.4083 15.971 8.46135 6.09205 3.80828
threshold=0.96029977208633455 -0.99864786094873803 0.88935122622285934 126.50000000000001 573.45000000000016 3.5343750000000007 2.9687500000000004 0.70297416100333832 -0.9575230291762723 0.14250626876356556 0.47114434510950071 0.41248606129204562 155.50000000000003 31.018750000000008
decision_type=2 2 2 2 2 2 2 2 2 2 2 2 2 2
left_child=2 12 5 4 -3 7 -7 -1 9 -4 -10 -5 13 -2
right_child=1 3 8 11 -6 6 -8 -9 10 -11 -12 -13 -14 -15
leaf_value=0.00010484315032911612 0.0011788952066493887 2.1619870358952076e-05 -0.00014312690969966457 0.00057569395121315203 -0.00035876345083227793 -0.0024534222568116759 -0.00026098175344692749 0.00080172503959916605 -0.00014214801026117969 0.0014775065911141168 -0.0010415190073000014 2.1876570681328425e-05 -0.00010819371580710891 3.4432102391668276e-05
leaf_weight=43468 259 12202 1303 1084 272 449 16360 4665 4286 384 2977 613 68 46
leaf_count=43468 259 12202 1303 1084 272 449 16360 4665 4286 384 2977 613 68 46
internal_value=7.34995e-06 0.00082852 -0.000154279 0.000552184 -2.80584e-05 0.000117028 -0.000956333 0.000491866 -0.00212291 0.00131891 -0.00292235 0.00481732 0.0113271 0.0143443
internal_weight=88436 14544 73892 14171 12474 64942 16809 48133 8950 1687 7263 1697 373 305
internal_count=88436 14544 73892 14171 12474 64942 16809 48133 8950 1687 7263 1697 373 305
is_linear=0
shrinkage=0.05


Tree=193
num_leaves=16
num_cat=0
split_feature=6 5 20 6 5 9 13 19 6 6 6 5 12 22 3
split_gain=4.87622 22.6325 22.6778 17.0645 14.9671 12.4964 10.6625 8.01464 7.45428 40.5333 27.3195 3.59052 3.39357 3.16737 1.83556
threshold=0.98486764554468398 0.13398903995667991 0.46312500000000006 0.98174098242282837 0.082691702092476851 0.19076772817798063 0.66006055080271009 1.0000000180025095e-35 0.96407344085605606 0.94636490295939868 0.97263757644091875 0.1849296026015865 16.050000000000004 0.95397233167573059 -0.29012925520284066
decision_type=2 2 2 2 2 2 2 2 2 2 2 2 2 2 2
left_child=3 4 14 8 6 -6 -2 11 9 -1 -10 -5 -4 -9 -3
right_child=1 2 12 7 5 -7 -8 13 10 -11 -12 -13 -14 -15 -16
leaf_value=-2.5088245056592575e-06 0.00070537348067844445 0.0091317603148728613 0.0081876655985688527 -0.0013152248753898949 0.0026408794789183525 -0.0036928492519257175 -0.0028748530864579932 0.00077838074862505719 0.0048574764371874775 -0.0036302664352678322 -0.0010978441183873283 -0.0032283793008096476 -0.001175434230626324 -0.0031042464468640342 0.0047438769884370485
leaf_weight=82813 1884 75 44 72 110 335 262 83 584 1082 739 102 171 46 177
leaf_count=82813 1884 75 44 72 110 335 262 83 584 1082 739 102 171 46 177
internal_value=-4.88265e-05 0.00191302 0.012045 -0.000118977 8.68391e-05 -0.00825843 0.00181733 -0.0119637 -7.68617e-05 -0.000135586 0.00364701 -0.0189655 0.000116279 -0.00251938 0.0222222
internal_weight=88579 3058 467 85521 2591 445 2146 303 85218 83895 1323 174 215 129 252
internal_count=88579 3058 467 85521 2591 445 2146 303 85218 83895 1323 174 215 129 252
is_linear=0
shrinkage=0.05


Tree=194
num_leaves=16
num_cat=0
split_feature=3 16 0 22 6 9 12 17 6 6 21 22 3 13 17
split_gain=5.1644 26.3287 12.8529 11.019 12.8069 11.939 10.7078 14.1856 11.0361 9.4743 8.49224 14.9579 11.4093 8.01737 0.460976
threshold=-0.8814490726585632 387.45000000000005 231.7633983386587 0.97465609334504777 -0.99983123799342477 0.11750964431003839 33.750000000000007 33.500000000000007 -0.19337245081799007 -0.9292178835113839 0.88935122622285934 0.8235609847498907 0.47114434510950071 0.50260742973746753 122.50000000000001
decision_type=2 2 2 2 2 2 2 2 2 2 2 2 2 2 2
left_child=1 6 9 10 14 -6 7 -1 -8 -3 11 -2 -12 -4 -5
right_child=3 2 13 4 5 -7 8 -9 -10 -11 12 -13 -14 -15 -16
leaf_value=-0.00057397418961533113 -6.3338290859277224e-05 -1.8183641111371719e-05 0.00091334734375319584 0.0014369301130774338 -0.0066883253823599598 0.00014430611878092915 -0.00016001878025926342 0.0016571880491477843 -0.001822176852099991 -0.0016567123981939742 1.5674989170622046e-05 0.00065916658893032669 -0.00043805039076632581 -0.000559176318632515 0.0015409135946885368
leaf_weight=1653 52102 171 258 40 46 10076 3981 1718 369 757 4859 7280 4669 399 42
leaf_count=1653 52102 171 258 40 46 10076 3981 1718 369 757 4859 7280 4669 399 42
internal_value=-3.3929e-06 -0.00111756 -0.00698738 0.000127664 0.00166111 0.00150168 8.74239e-05 0.00220261 -0.00155172 -0.0107759 -9.9405e-05 0.000122933 -0.0014851 -0.00163623 0.0213415
internal_weight=88420 9306 1585 79114 10204 10122 7721 3371 4350 928 68910 59382 9528 657 82
internal_count=88420 9306 1585 79114 10204 10122 7721 3371 4350 928 68910 59382 9528 657 82
is_linear=0
shrinkage=0.05


Tree=195
num_leaves=16
num_cat=0
split_feature=19 6 16 6 20 12 9 5 5 16 18 3 19 13 7
split_gain=4.49347 8.95746 17.7626 11.9389 8.89448 5.76036 5.16152 12.4685 20.0384 17.7129 6.7691 22.1259 13.4859 4.41574 0.723996
threshold=23.368750000000006 -0.99628250747696534 191.45000000000002 -0.99273797715557011 4.639375000000002 250.05000000000004 0.70931095128662991 0.76696112484652035 0.84773968378660736 785.60000000000002 67.312500000000014 0.097964660725097366 2.9687500000000004 0.84650879601184315 16.875000000000004
decision_type=2 2 2 2 2 2 2 2 2 2 2 2 2 2 2
left_child=6 2 14 13 -5 -4 10 9 -9 -8 11 -1 -12 -3 -2
right_child=1 3 5 4 -6 -7 7 8 -10 -11 12 -13 -14 -15 -16
leaf_value=0.00074433688735620627 -0.010188613875101019 -0.00072384066859785829 -0.00020071150147785434 -0.00013795089040811727 0.0022034161304153089 0.0005966017544237729 0.00059202057691008368 -0.00065237373282764637 2.6372530943669094e-05 0.001063085401303654 -0.0013350313002587406 -0.00016206352366298084 -4.6598515490198226e-05 -0.00087116842726783772 -0.0063560445130897494
leaf_weight=10729 50 147 221 7135 143 804 5306 500 3322 295 2751 12424 44445 84 42
leaf_count=10729 50 147 221 7135 143 804 5306 500 3322 295 2751 12424 44445 84 42
internal_value=1.75343e-05 -0.00106654 0.00311101 -0.00168797 -0.00133278 0.005 0.000134759 0.00123368 -0.00096808 0.00273612 -1.2438e-05 0.000687816 -0.000355962 -0.0128788 -0.0179348
internal_weight=88398 8626 1117 7509 7278 1025 79772 9423 3822 5601 70349 23153 47196 231 92
internal_count=88398 8626 1117 7509 7278 1025 79772 9423 3822 5601 70349 23153 47196 231 92
is_linear=0
shrinkage=0.05


Tree=196
num_leaves=16
num_cat=0
split_feature=2 12 9 9 4 22 6 5 19 5 5 19 15 5 15
split_gain=4.83138 11.5461 10.7544 8.64365 5.33202 15.3973 9.39913 5.32694 4.39555 8.34673 10.847 7.75374 4.20765 7.51521 7.12573
threshold=0.85634169171603114 523.05000000000007 0.74146837446907365 0.75722859489696903 -0.63405362205439475 1.0776631653655271 -0.80417042486635371 -0.83377653105606597 20.318750000000005 0.14250626876356556 0.048362692321690152 28.831250000000004 405.50000000000006 0.69676570133721638 250.50000000000003
decision_type=2 2 2 2 2 2 2 2 2 2 2 2 2 2 2
left_child=1 4 7 -4 5 -1 -6 -3 12 10 -10 -11 14 -14 -2
right_child=8 2 3 -5 6 -7 -8 -9 9 11 -12 -13 13 -15 -16
leaf_value=6.9358184109891147e-05 -0.00047618709114444213 0.00058065801884901735 -0.00070120421887817088 -0.000178278167413376 0.00013758006549581536 0.0030825417911861 -0.00026706279207236314 -0.00019682719401749871 0.00055807704083272742 0.001915833159596414 -0.0016018408765533566 -0.00013474215377049515 -0.0015691795529855198 0.0027431787867813642 0.0039558016662406851
leaf_weight=44819 283 93 338 579 12380 753 23418 2562 889 545 279 99 998 47 326
leaf_count=44819 283 93 338 579 12380 753 23418 2562 889 545 279 99 998 47 326
internal_value=-2.65813e-05 -0.000101246 -0.00288354 -0.0075518 2.08922e-05 0.000379619 -0.000435779 -0.00127119 0.00180323 0.00350442 0.000984589 0.00807453 -6.04595e-05 -0.00198565 0.00324302
internal_weight=88408 84942 3572 917 81370 45572 35798 2655 3466 1812 1168 644 1654 1045 609
internal_count=88408 84942 3572 917 81370 45572 35798 2655 3466 1812 1168 644 1654 1045 609
is_linear=0
shrinkage=0.05


Tree=197
num_leaves=14
num_cat=0
split_feature=13 6 6 12 16 6 6 20 6 6 5 20 5
split_gain=5.70437 13.2422 11.1705 8.67603 8.45563 13.3955 20.6996 9.73757 7.19151 14.5438 7.8331 6.88767 4.29125
threshold=0.60473569309090303 0.99611390731392835 0.99349222267034787 33.150000000000006 699.95000000000016 1.0000000180025095e-35 -0.49065906150552346 2.280625000000001 0.99681593486783593 0.99958851518450398 0.3504237462291826 0.72062500000000018 0.082691702092476851
decision_type=2 2 2 2 2 2 2 2 2 2 2 2 2
left_child=4 2 3 -2 8 6 -6 -7 10 -10 -1 12 -3
right_child=1 11 -4 -5 5 7 -8 -9 9 -11 -12 -13 -14
leaf_value=-9.790255029823447e-05 0.0012952870959752672 -0.0020809647565781298 0.010693334934879889 -9.710636657404571e-05 0.00049967702593044509 -0.0005411886638645502 -0.0033751712273770748 0.001424086922287543 0.0036501190892334529 -0.00032409705165283855 0.00027699568911440653 -0.004909789304742361 -0.0043664609883238116
leaf_weight=33388 2866 201 47 28250 645 65 156 235 680 475 21117 67 42
leaf_count=33388 2866 201 47 28250 645 65 156 235 680 475 21117 67 42
internal_value=1.64336e-05 -0.000523465 -0.000421173 -0.000457964 0.000315798 0.00465486 0.00127965 0.0136667 0.000229968 0.0041342 0.000147234 -0.0108065 -0.006893
internal_weight=88234 31473 31163 31116 56761 1101 801 300 55660 1155 54505 310 243
internal_count=88234 31473 31163 31116 56761 1101 801 300 55660 1155 54505 310 243
is_linear=0
shrinkage=0.05


Tree=198
num_leaves=14
num_cat=0
split_feature=5 16 5 6 5 20 3 9 17 6 19 18 21
split_gain=5.5297 9.57707 9.52856 29.6883 24.3486 9.28182 13.0466 7.97704 11.4302 8.82069 7.86443 6.37889 2.12121
threshold=0.87397152483179585 884.80000000000007 0.34235194516023087 0.84199059757024453 0.26866988313759588 0.7043750000000002 0.72947329433276253 0.33458151202740682 35.500000000000007 -0.16799793862756093 13.768750000000002 11.312500000000002 1.026141835522296
decision_type=2 2 2 2 2 2 2 2 2 2 2 2 2
left_child=1 2 4 -4 -1 6 10 8 -7 -9 -2 -8 -3
right_child=5 12 3 -5 -6 7 11 9 -10 -11 -12 -13 -14
leaf_value=2.043422911296722e-05 -0.00077722959619763168 -0.00029306909301191346 0.00013379559228738903 0.0019377431822887787 -0.0021240109660124575 -0.0030395368289010422 -0.00012276689933263807 -0.00074193004061462182 0.00076422268609462334 -0.00010422528481010551 0.00014252320041181489 0.0021656238943545125 -0.00056640455929793116
leaf_weight=51638 238 44 17863 2186 2039 209 161 3986 2087 7169 121 612 40
leaf_count=51638 238 44 17863 2186 2039 209 161 3986 2087 7169 121 612 40
internal_value=3.08282e-05 0.000206612 0.000225836 0.00115592 -0.00012156 -0.000858877 0.0034894 -0.00122482 0.00145906 -0.00177723 -0.00438719 0.00714748 -0.0166667
internal_weight=88393 73810 73726 20049 53677 14583 1132 13451 2296 11155 359 773 84
internal_count=88393 73810 73726 20049 53677 14583 1132 13451 2296 11155 359 773 84
is_linear=0
shrinkage=0.05


Tree=199
num_leaves=16
num_cat=0
split_feature=19 3 3 13 21 3 12 9 1 5 22 19 16 3 4
split_gain=4.73046 7.74879 18.2632 16.9879 14.8626 10.7044 7.60614 6.27523 5.47974 14.6642 15.6603 13.2545 11.9669 7.01833 6.89063
threshold=23.368750000000006 -0.9103761370219875 -0.68322629814330804 0.56170495150404121 1.0075816826508219 -0.77259657388510605 38.250000000000007 0.70953218712048716 537.62838414756641 -0.082689790342551819 0.8417715024145862 9.7687500000000025 744.25000000000011 1.0000000180025095e-35 -0.93540483100319616
decision_type=2 2 2 2 2 2 2 2 2 2 2 2 2 2 2
left_child=8 3 5 7 -4 -3 -5 -2 12 11 -11 -10 13 -1 -14
right_child=1 2 4 6 -6 -7 -8 -9 9 10 -12 -13 14 -15 -16
leaf_value=0.00018444886413587145 -0.00063693521495486742 0.00020495560733197472 -0.00015567169531005012 -0.00091741051814554504 0.00026542768004443607 0.0013448902008098397 -0.0020204581823992569 0.00022472842135275728 -0.0021349043057738515 -0.00056131028527164342 0.00018945468068574112 0.00083007079883551946 0.00013946352859189325 -0.00015451019696474113 -0.00066636927460772544
leaf_weight=24498 561 973 5358 178 154 519 334 544 57 10237 4387 7993 112 31957 388
leaf_count=24498 561 973 5358 178 154 519 334 544 57 10237 4387 7993 112 31957 388
internal_value=4.24929e-05 -0.00107006 -0.0003498 -0.00418986 -0.00167816 0.00455764 -0.0117188 -0.000701357 0.000162943 0.000820323 -0.000123085 0.00253416 -9.87622e-05 -3.05553e-05 -0.0078
internal_weight=88250 8621 7004 1617 5512 1492 512 1105 79629 22674 14624 8050 56955 56455 500
internal_count=88250 8621 7004 1617 5512 1492 512 1105 79629 22674 14624 8050 56955 56455 500
is_linear=0
shrinkage=0.05


Tree=200
num_leaves=15
num_cat=0
split_feature=3 16 0 6 12 17 22 22 6 21 16 19 21 3
split_gain=4.58826 23.6086 14.1685 11.2802 10.2852 15.6452 12.0214 8.3708 13.7993 10.9071 9.74345 10.3925 8.96249 7.93503
threshold=-0.8814490726585632 387.45000000000005 231.7633983386587 -0.9292178835113839 33.750000000000007 33.500000000000007 1.0261534176440932 0.97465609334504777 -0.99983123799342477 0.75743959942076644 623.30000000000007 31.018750000000008 0.9960412099423831 -0.9103761370219875
decision_type=2 2 2 2 2 2 2 2 2 2 2 2 2 2
left_child=1 4 3 -3 5 -1 -6 10 -9 -10 11 -2 -12 -4
right_child=7 2 13 -5 6 -7 -8 8 9 -11 12 -13 -14 -15
leaf_value=-0.00056809582686674631 2.8897274397743369e-05 7.2009556574764719e-05 -0.00067867736206298499 -0.0016000965302653645 -0.00016212322293696904 0.0016099844316008307 -0.0011525010515706507 0.0013761899577487498 -0.0040844936340602633 0.00012130272975936497 -0.00020302405416095515 0.0018193580857051445 0.001021020455031954 0.00056251772630626644
leaf_weight=1685 63629 169 413 746 4073 1729 284 78 168 10003 4748 200 244 248
leaf_count=1685 63629 169 413 746 4073 1729 284 78 168 10003 4748 200 244 248
internal_value=2.85579e-05 -0.00101904 -0.00659898 -0.0106284 0.000112598 0.00216755 -0.00149759 0.000152397 0.00148551 0.00132485 -4.61342e-05 0.000120243 -0.00217348 -0.00102118
internal_weight=88417 9347 1576 915 7771 3414 4357 79070 10249 10171 68821 63829 4992 661
internal_count=88417 9347 1576 915 7771 3414 4357 79070 10249 10171 68821 63829 4992 661
is_linear=0
shrinkage=0.05


Tree=201
num_leaves=16
num_cat=0
split_feature=2 3 13 16 5 5 6 4 5 19 19 6 6 6 22
split_gain=4.57738 14.7634 13.5096 9.84251 9.11098 31.9414 26.1295 19.2531 15.0693 11.5 11.0473 8.45032 13.7262 10.5069 5.03069
threshold=0.33497764832916194 0.97335555334614954 0.75421588534660378 1.7500000000000002 0.3261394409934788 0.26866988313759588 0.8511460603353429 -0.44228869021900119 0.24372619187392155 8.8812500000000032 -0.2937499999999999 0.7487283477006671 0.76002003530985496 0.70138038092733435 0.82912797080878053
decision_type=2 2 2 2 2 2 2 2 2 2 2 2 2 2 2
left_child=4 11 3 -3 5 8 9 -7 -1 -6 -8 13 -13 -2 -4
right_child=1 2 14 -5 6 7 10 -9 -10 -11 -12 12 -14 -15 -16
leaf_value=-0.00026406660894001124 1.008443608810361e-05 -0.0039564428193982993 0.0022760023506521346 0.00077573904700416478 0.00060150591597045726 -0.0046440472087321246 -0.0014996841726624577 0.00022922732949584858 0.0047053497007040869 -0.00050908986434413381 0.0028183259213975021 0.0070041616314467127 0.00042535765216160094 -0.002500082397035443 0.0023314648191223863
leaf_weight=22287 48749 95 122 2030 4203 573 123 254 297 5702 1383 126 1579 637 130
leaf_count=22287 48749 95 122 2030 4203 573 123 254 297 5702 1383 126 1579 637 130
internal_value=-9.06105e-06 0.000281477 0.00413336 0.00283529 -0.000455172 -0.00101982 0.000703269 -0.0106711 -0.000666401 -0.000229682 0.00683931 0.000102269 0.00356305 -1.72114e-05 0.0150794
internal_weight=88290 53468 2377 2125 34822 23411 11411 827 22584 9905 1506 51091 1705 49386 252
internal_count=88290 53468 2377 2125 34822 23411 11411 827 22584 9905 1506 51091 1705 49386 252
is_linear=0
shrinkage=0.05


Tree=202
num_leaves=14
num_cat=0
split_feature=9 19 7 6 9 6 21 19 20 17 9 5 3
split_gain=4.50214 13.4056 7.23547 7.13053 6.61189 15.4859 18.7141 15.696 6.83799 17.3397 7.00556 4.83044 0.330882
threshold=0.11750964431003839 -1.0062499999999999 12.125000000000002 0.97648852793709995 0.17434099974896719 0.71353761266622884 0.13646201297068619 3.631250000000001 3.3306250000000008 96.500000000000014 0.24225393111440596 0.95752911693909493 0.16280825711808991
decision_type=2 2 2 2 2 2 2 2 2 2 2 2 2
left_child=1 12 3 -3 5 6 -2 -7 10 -10 -6 -4 -1
right_child=4 2 11 -5 8 7 -8 -9 9 -11 -12 -13 -14
leaf_value=-0.0053906668190696555 0.0049414939238498247 -0.0022728896163651444 -4.0567602940042721e-05 0.0034971107445973568 -0.00069753519464569593 0.00061397656104138123 -0.00201202852426665 0.0046666991440337873 -0.00070668383871879412 5.4044378961082275e-05 7.8326645553880583e-05 0.0038593273641359727 -0.0040052268545058027
leaf_weight=45 223 350 765 47 3018 590 678 496 6924 15207 59928 89 40
leaf_count=45 223 350 765 47 3018 590 678 496 6924 15207 59928 89 40
internal_value=3.61991e-05 -0.00284431 -0.00153877 -0.00711587 8.04006e-05 0.00293156 -0.00191454 0.00695212 1.3811e-05 -0.000742172 0.000279605 0.00105386 -0.0220588
internal_weight=88400 1336 1251 397 87064 1987 901 1086 85077 22131 62946 854 85
internal_count=88400 1336 1251 397 87064 1987 901 1086 85077 22131 62946 854 85
is_linear=0
shrinkage=0.05


Tree=203
num_leaves=9
num_cat=0
split_feature=8 9 19 19 20 19 5 0
split_gain=5.1461 5.91878 35.5941 6.44812 4.63599 15.0476 10.7588 0.305882
threshold=1.0000000180025095e-35 0.070377017875338482 0.85625000000000018 8.9812500000000028 3.5343750000000007 2.9687500000000004 0.99983759474438971 90.175356705180278
decision_type=2 2 2 2 2 2 2 2
left_child=-1 2 7 -4 6 -6 -3 -2
right_child=1 4 3 -5 5 -7 -8 -9
leaf_value=0.0040026090824283765 -0.005444318596958056 4.23369506964047e-05 0.0015346467534953214 -0.00074932489845943868 -0.0021035382492461245 -0.00011026232282070892 -0.0010728571770800249 -0.0042908241717029283
leaf_weight=50 40 68156 180 102 479 19129 138 130
leaf_count=50 40 68156 180 102 479 19129 138 130
internal_value=-3.61975e-05 -4.52724e-05 -0.00575221 0.00514184 -1.59268e-05 -0.000693594 0.000178639 -0.0238235
internal_weight=88404 88354 452 282 87902 19608 68294 170
internal_count=88404 88354 452 282 87902 19608 68294 170
is_linear=0
shrinkage=0.05


Tree=204
num_leaves=14
num_cat=0
split_feature=2 6 13 19 6 3 16 9 21 15 20 9 0
split_gain=4.85896 5.38083 5.15887 12.1896 8.09653 4.30472 10.6745 4.41702 3.03951 4.40018 1.20453 1.325 0.655233
threshold=0.054349537494377737 0.57605713708605399 0.070928051086202856 -1.0062499999999999 0.95936279103287792 0.99892946161930185 527.6500000000002 0.8216092256955948 0.31635200896322335 31.500000000000004 1.6718750000000002 0.37811732631430495 118.05958193133085
decision_type=2 2 2 2 2 2 2 2 2 2 2 2 2
left_child=1 8 3 12 -5 7 -7 -4 -1 -10 11 -3 -2
right_child=2 10 5 4 -6 6 -8 -9 9 -11 -12 -13 -14
leaf_value=0.01445013189045939 -0.0050399504168269693 0.0002117327832085403 1.5211036080911568e-05 -0.0008695130650899698 0.010056402716747273 -0.00036812360089651943 -0.0016124352941331577 0.001622613201937978 -0.00034063652829825487 0.012094764517062912 0.018454260698905517 -0.0072032792679016973 -0.00374540358767288
leaf_weight=62 40 43 84842 1792 167 856 175 145 87 63 42 42 46
leaf_count=62 40 43 84842 1792 167 856 175 145 87 63 42 42 46
internal_value=-1.1312e-06 0.00597345 -2.41305e-05 -0.00250611 -0.00169729 3.48764e-05 -0.00317653 7.38348e-05 0.0108491 0.007 -0.00216535 -0.00558824 -0.0209302
internal_weight=88402 339 88063 2045 1959 86018 1031 84987 212 150 127 85 86
internal_count=88402 339 88063 2045 1959 86018 1031 84987 212 150 127 85 86
is_linear=0
shrinkage=0.05


Tree=205
num_leaves=13
num_cat=0
split_feature=2 13 19 5 13 16 16 6 18 19 5 3
split_gain=4.64834 6.2716 13.8053 8.80061 5.10185 13.6202 11.2191 3.93624 2.58512 3.00014 1.94805 0.209524
threshold=0.054349537494377737 0.070928051086202856 -1.4187499999999995 -0.72696319516528884 0.87045635881644057 868.60000000000014 757.6500000000002 0.57605713708605399 22.812500000000004 16.131250000000005 -0.12546116083924153 0.16280825711808991
decision_type=2 2 2 2 2 2 2 2 2 2 2 2
left_child=7 2 11 -4 5 -3 -6 8 -1 -10 -9 -2
right_child=1 4 3 -5 6 -7 -8 10 9 -11 -12 -13
leaf_value=0.010330142225308148 -0.0044747046400346819 2.7255219152622081e-05 -0.0019102939096205911 -3.8547271195538135e-05 -5.3010470410208571e-05 0.00027089866201499279 -0.00017865533674336077 -0.0066809048564557775 0.0060700553356548507 0.012295024949976668 0.0051581885424460787 -0.0034031109263307695
leaf_weight=49 44 77818 454 1533 6269 294 1664 67 130 44 76 40
leaf_count=49 44 77818 454 1533 6269 294 1664 67 130 44 76 40
internal_value=-2.20384e-05 -4.53947e-05 -0.00276437 -0.00192501 2.00476e-05 0.000142744 -0.00118808 0.00560109 0.00975336 0.00689655 -0.000874126 -0.022619
internal_weight=88482 88116 2071 1987 86045 78112 7933 366 223 174 143 84
internal_count=88482 88116 2071 1987 86045 78112 7933 366 223 174 143 84
is_linear=0
shrinkage=0.05


Tree=206
num_leaves=15
num_cat=0
split_feature=13 6 12 4 18 12 6 5 6 5 19 20 6 12
split_gain=4.43863 13.1607 9.99533 11.1458 9.25996 8.31729 8.16756 17.3769 12.9578 7.28566 11.4539 5.79084 4.70961 2.52083
threshold=0.60473569309090303 0.99611390731392835 33.150000000000006 -0.032701564615071545 17.437500000000004 253.35000000000002 0.98486764554468398 0.13398903995667991 0.97263757644091875 0.91248814248966237 12.843750000000002 0.72062500000000018 -0.8142754349318998 131.55000000000004
decision_type=2 2 2 2 2 2 2 2 2 2 2 2 2 2
left_child=5 2 4 -4 -2 6 8 -8 -1 12 -11 13 -7 -3
right_child=1 11 3 -5 -6 9 7 -9 -10 10 -12 -13 -14 -15
leaf_value=1.5624243095043595e-05 0.0021641482992719868 -0.0014914106772526588 -6.4472857452735349e-05 -0.001343858430230359 0.00074544420847268427 0.00070568956456129595 0.00031203315062166561 0.0036547435031342281 -0.0018240188292406867 0.0007830539056243841 -0.0038550601415745789 -0.0045351972446532511 0.0014638764172836202 -0.0043777790209142686
leaf_weight=49578 723 200 27525 939 2183 1965 2143 387 880 276 221 64 1388 40
leaf_count=49578 723 200 27525 939 2183 1965 2143 387 880 276 221 64 1388 40
internal_value=-2.76799e-05 -0.000501989 -0.000401658 -0.000686832 0.0023916 0.000236637 7.36016e-05 0.00284585 -6.54009e-05 0.00248052 -0.00316901 -0.0108553 0.00331792 -0.00729167
internal_weight=88512 31674 31370 28464 2906 56838 52988 2530 50458 3850 497 304 3353 240
internal_count=88512 31674 31370 28464 2906 56838 52988 2530 50458 3850 497 304 3353 240
is_linear=0
shrinkage=0.05


Tree=207
num_leaves=16
num_cat=0
split_feature=5 9 5 6 22 21 20 3 4 5 20 19 17 15 15
split_gain=5.66533 12.468 8.98118 15.1019 13.2897 11.4208 8.52782 16.7992 7.89664 7.49335 6.01531 5.1291 4.43355 3.67563 0.477993
threshold=0.99700008544936913 0.72841921524966591 0.96687895796550427 -0.16799793862756093 0.72372268475860291 0.77945596063883105 3.4243750000000008 0.91037613702198772 -0.5 0.96465729447553372 3.7793750000000008 5.543750000000002 103.50000000000001 156.50000000000003 386.50000000000006
decision_type=2 2 2 2 2 2 2 2 2 2 2 2 2 2 2
left_child=2 6 9 4 -4 -5 7 -2 -8 10 -1 -11 13 -3 -14
right_child=1 12 3 5 -6 -7 8 -9 -10 11 -12 -13 14 -15 -16
leaf_value=5.3578581190583122e-05 -0.0011310974149479848 0.0024057561476069217 -0.0026490425284788066 0.0014035193908050359 -0.00026654606096669089 -0.00025182977827132306 0.00083050951913701896 0.0013955619828897759 -0.00039496355451057176 -0.00057533383280254093 -0.00028763008998021478 0.0011231172729844364 0.003843622580693823 -0.00032396844762915824 0.0019880642148627837
leaf_weight=67013 440 60 750 1382 574 2506 992 221 332 50 13478 177 52 42 85
leaf_count=67013 440 60 750 1382 574 2506 992 221 332 50 13478 177 52 42 85
internal_value=3.97032e-06 0.0024955 -6.05144e-05 -0.00207214 -0.00668429 -0.000501543 0.00119647 -0.00344175 0.00351208 6.93773e-05 4.37937e-05 0.00914097 0.0132845 0.00539216 0.0191606
internal_weight=88154 2224 85930 5212 1324 3888 1985 661 1324 80718 80491 227 239 102 137
internal_count=88154 2224 85930 5212 1324 3888 1985 661 1324 80718 80491 227 239 102 137
is_linear=0
shrinkage=0.05


Tree=208
num_leaves=14
num_cat=0
split_feature=5 5 5 6 22 5 19 19 5 20 20 3 17
split_gain=4.67581 14.6626 9.6164 15.3043 13.7104 12.7376 9.2562 8.88138 8.24847 7.80849 6.08778 5.25243 5.22817
threshold=0.99700008544936913 0.99818282439137029 0.96687895796550427 -0.16799793862756093 0.70106036680480133 0.98667101781630195 6.1437500000000016 6.6437500000000016 0.96465729447553372 3.1718750000000009 3.8756250000000008 0.35206144883412588 112.50000000000001
decision_type=2 2 2 2 2 2 2 2 2 2 2 2 2
left_child=2 7 8 4 -4 -5 -3 -2 10 -8 -1 -9 -10
right_child=1 6 3 5 -6 -7 9 11 12 -11 -12 -13 -14
leaf_value=4.1711880276606999e-05 -0.00098171980640182079 0.0046348850435476074 -0.0025413895517799353 0.00051637967794846145 -0.00035075724537086961 -0.00033068139604203742 -0.0009052558398885413 0.00060872141075070114 0.00022053378168228333 0.00019154772089691047 -0.00033119477849099941 0.0071291857973788111 0.0019379724616564898
leaf_weight=68203 60 70 713 1418 608 2457 481 288 132 1198 12522 156 107
leaf_count=68203 60 70 713 1418 608 2457 481 288 132 1198 12522 156 107
internal_value=-4.04352e-05 0.00220817 -9.9234e-05 -0.00218437 -0.00683195 -0.0006 4.28816e-05 0.00972222 3.45833e-05 -0.000699821 7.12295e-06 0.0121622 0.00930962
internal_weight=88413 2253 86160 5196 1321 3875 1749 504 80964 1679 80725 444 239
internal_count=88413 2253 86160 5196 1321 3875 1749 504 80964 1679 80725 444 239
is_linear=0
shrinkage=0.05


Tree=209
num_leaves=15
num_cat=0
split_feature=1 18 5 12 17 13 15 21 5 6 9 15 19 21
split_gain=4.72994 8.03943 7.06049 6.93638 14.0869 11.3495 5.54184 5.24638 5.13226 4.65364 4.43437 2.928 2.1923 0.535681
threshold=884.34214934813087 20.687500000000004 -0.082689790342551819 553.65000000000009 209.50000000000003 0.87045635881644057 739.50000000000011 0.90790217445781629 0.54219432480460406 -0.61915584096709908 0.11750964431003839 646.50000000000011 28.831250000000004 0.97732384666531358
decision_type=2 2 2 2 2 2 2 2 2 2 2 2 2 2
left_child=3 12 11 6 5 -5 10 -8 -4 -6 -1 -3 13 -2
right_child=1 2 8 4 9 -7 7 -9 -10 -11 -12 -13 -14 -15
leaf_value=-0.00077252675535084453 0.00092885585309392951 0.0030682400903472408 -0.00011489438050386326 0.00016678447049070511 7.4960390671813263e-06 -0.000335983439284826 0.0025830661938231361 0.00011364601200511971 0.0079359046293333846 0.0023076883851098628 1.1393237804452339e-05 0.0051265721924284085 7.7246686928161839e-05 0.0007068356371463802
leaf_weight=1324 40 66 1064 216 1462 1235 105 1149 53 137 81465 64 47 47
leaf_count=1324 40 66 1064 216 1462 1235 105 1149 53 137 81465 64 47 47
internal_value=1.13028e-05 0.00291455 0.00166399 -3.4733e-05 -0.00237705 -0.00594418 5.02719e-05 0.00334928 0.000380483 0.000859912 3.01972e-07 0.0126923 0.0145522 0.0192529
internal_weight=88474 1381 1247 87093 3050 1451 84043 1254 1117 1599 82789 130 134 87
internal_count=88474 1381 1247 87093 3050 1451 84043 1254 1117 1599 82789 130 134 87
is_linear=0
shrinkage=0.05


Tree=210
num_leaves=15
num_cat=0
split_feature=1 18 12 17 13 22 20 22 6 21 21 19 12 19
split_gain=5.36642 7.44458 6.67568 9.37643 7.89599 5.32058 5.21684 4.82002 16.5225 13.6312 4.52259 2.74179 1.29801 0.558037
threshold=884.34214934813087 20.687500000000004 553.65000000000009 209.50000000000003 0.87045635881644057 0.97045461389889065 1.5006250000000003 0.96029977208633455 -0.99864786094873803 0.88935122622285934 0.97911630744217204 28.831250000000004 547.95000000000016 25.593750000000004
decision_type=2 2 2 2 2 2 2 2 2 2 2 2 2 2
left_child=2 11 7 4 -4 -5 12 9 -9 -1 -8 13 -3 -2
right_child=1 6 3 5 -6 -7 10 8 -10 -11 -12 -13 -14 -15
leaf_value=6.1274499223704093e-05 0.0012501025447903382 0.0064058713201954444 0.00014288659368881241 -2.229756958226914e-05 -0.00030985023105187807 0.0014486323794343755 0.00042745499072773668 0.00098352887767623465 6.4253710232797809e-05 -0.00032014611579335163 -0.0012231183808056629 4.0958232179091894e-05 0.00092840212269247331 0.00029514498881117737
leaf_weight=62262 49 56 213 1577 1230 42 1114 248 13269 8202 44 46 46 40
leaf_count=62262 49 56 213 1577 1230 42 1114 248 13269 8202 44 46 46 40
internal_value=2.37454e-05 0.00310036 -2.55621e-05 -0.00231875 -0.00524948 0.000293391 0.00190476 5.80488e-05 0.000922912 -0.000107856 0.000949914 0.0142593 0.0127451 0.019382
internal_weight=88438 1395 87043 3062 1443 1619 1260 83981 13517 70464 1158 135 102 89
internal_count=88438 1395 87043 3062 1443 1619 1260 83981 13517 70464 1158 135 102 89
is_linear=0
shrinkage=0.05


Tree=211
num_leaves=16
num_cat=0
split_feature=5 3 5 6 16 5 22 5 15 15 22 15 20 17 5
split_gain=4.37376 9.56443 8.91564 14.6921 12.311 11.5059 10.7577 8.17412 9.58345 4.95902 4.92812 4.92522 4.72609 4.16482 1.41879
threshold=0.99700008544936913 -0.8814490726585632 0.96687895796550427 -0.16799793862756093 416.15000000000003 0.96465729447553372 0.70106036680480133 0.99865421017599998 144.50000000000003 150.50000000000003 0.52354878631110668 31.500000000000004 7.0568750000000007 112.50000000000001 0.99939377080793557
decision_type=2 2 2 2 2 2 2 2 2 2 2 2 2 2 2
left_child=2 9 5 6 -5 12 -4 10 -9 11 -3 -2 -1 -7 -11
right_child=1 7 3 4 -6 13 -8 8 -10 14 -12 -13 -14 -15 -16
leaf_value=2.9925145841536163e-05 -0.0049345496209880551 0.00051889505423577127 -0.002445097295360524 0.0010064697326855026 -0.00024221853091632717 0.00068539832361585735 -0.00035047239186754568 0.0019433429934909833 -0.00012124441140318743 -0.001030748736568593 0.001687967293060655 0.00041834967681174677 -0.0012828940639720958 0.0020608552969309467 -0.0018711478462924954
leaf_weight=80505 53 257 714 2089 1835 116 599 264 1018 47 400 130 203 101 43
leaf_count=80505 53 257 714 2089 1835 116 599 264 1018 47 400 130 203 101 43
internal_value=6.50644e-05 0.0022604 8.70453e-06 -0.00199064 -0.000458716 0.000138091 -0.00656893 0.00349407 0.00117005 -0.00650183 0.00802892 -0.00177596 0.000107176 0.0116359 -0.0161111
internal_weight=88374 2212 86162 5237 3924 80925 1313 1939 1282 273 657 183 80708 217 90
internal_count=88374 2212 86162 5237 3924 80925 1313 1939 1282 273 657 183 80708 217 90
is_linear=0
shrinkage=0.05


Tree=212
num_leaves=15
num_cat=0
split_feature=3 16 6 22 22 20 0 22 9 3 21 9 20 2
split_gain=5.72499 19.9524 12.0741 11.4731 11.3973 10.1184 8.95656 7.2907 12.3331 12.0402 8.50956 11.1773 9.43719 5.88782
threshold=-0.8814490726585632 387.45000000000005 -0.99864786094873803 1.0210684294919605 0.73782493382700076 3.4043750000000004 347.91248966956101 0.97970658388645304 0.070377017875338482 0.35206144883412588 0.90099071355720617 0.70868107828818405 1.2731250000000005 0.17201926447078622
decision_type=2 2 2 2 2 2 2 2 2 2 2 2 2 2
left_child=1 2 4 6 -1 -4 -3 10 -9 -10 11 -2 -12 -5
right_child=7 3 5 13 -6 -7 -8 8 9 -11 12 -13 -14 -15
leaf_value=-0.0073042619132522597 -1.6693347052150477e-05 -0.00062282418997209883 0.00026113092292334716 -4.6209417480250203e-05 0.00025490673973451171 -0.0011438313449041412 0.001490205392596744 -0.0045684660476346508 0.00026615924988028782 -5.5288441923012639e-06 -0.00049342713877417179 0.00066342627978148579 -2.6256845371636084e-05 -0.0014868044546473892
leaf_weight=186 55340 1287 6369 44 91 1016 63 44 4440 5222 2942 5054 6137 191
leaf_count=186 55340 1287 6369 44 91 1016 63 44 4440 5222 2942 5054 6137 191
internal_value=-9.61256e-06 -0.00118687 -0.000130514 -0.00629338 -0.0103791 0.000253893 -0.00451852 0.000127875 0.0014115 0.00153177 -5.14588e-05 0.000163096 -0.00147869 -0.0164894
internal_weight=88426 9247 7662 1585 277 7385 1350 79179 9706 9662 69473 60394 9079 235
internal_count=88426 9247 7662 1585 277 7385 1350 79179 9706 9662 69473 60394 9079 235
is_linear=0
shrinkage=0.05


Tree=213
num_leaves=16
num_cat=0
split_feature=3 16 6 22 6 13 18 20 6 22 18 3 18 19 19
split_gain=4.62992 18.7625 11.5352 11.9856 10.8826 9.6845 9.46569 8.33733 7.07533 13.6924 8.34964 7.68777 23.8244 10.852 5.1773
threshold=-0.8814490726585632 387.45000000000005 -0.99864786094873803 0.79170301266152776 -0.97111920233974802 0.5649719335630391 6.6875000000000009 3.3306250000000008 -0.99761278905001471 0.28543618651328112 6.6875000000000009 0.41248606129204562 63.562500000000007 22.968750000000004 17.306250000000006
decision_type=2 2 2 2 2 2 2 2 2 2 2 2 2 2 2
left_child=1 2 3 -1 5 -3 -6 -4 9 14 -11 12 -10 -13 -2
right_child=8 4 7 -5 6 -7 -8 -9 11 10 -12 13 -14 -15 -16
leaf_value=-0.0066547055173946908 -0.00048890898621107019 0.00056031247110509416 0.00027835456412685089 0.00024216140274778699 -0.0013923664936485725 -0.0008318588440431097 -0.00078463463689327638 -0.0010517987196844325 0.00028718883832372643 0.00058860836305260069 0.00078417980371779943 -8.4160517805875753e-05 -0.00013520168952884659 -0.0005006341571061224 -0.0029596871245655119
leaf_weight=202 185 170 6387 93 267 162 954 1079 14895 292 1397 33708 27389 1144 110
leaf_count=202 185 170 6387 93 267 162 954 1079 14895 292 1397 33708 27389 1144 110
internal_value=2.26157e-06 -0.00105218 -4.83185e-05 -0.00974576 -0.0060689 0.00195783 -0.00825143 0.000334851 0.00012639 0.0030746 0.00481054 5.056e-05 0.000503737 -0.000499254 -0.00686441
internal_weight=88434 9314 7761 295 1553 332 1221 7466 79120 1984 1689 77136 42284 34852 295
internal_count=88434 9314 7761 295 1553 332 1221 7466 79120 1984 1689 77136 42284 34852 295
is_linear=0
shrinkage=0.05


Tree=214
num_leaves=16
num_cat=0
split_feature=6 19 5 5 5 5 4 6 17 18 17 18 21 19 12
split_gain=4.53778 19.7388 18.9544 8.54051 11.2722 19.2346 11.184 8.41098 8.40464 8.03455 16.1543 14.1783 7.26095 7.04414 5.37766
threshold=-0.64580103137750788 19.918750000000006 -0.861146256326485 0.7210268013660811 0.69676570133721638 0.7090011537757156 -0.065403129230143256 0.19969739736768838 156.50000000000003 98.062500000000014 20.500000000000004 85.937500000000014 0.081590484291179904 11.193750000000003 541.05000000000007
decision_type=2 2 2 2 2 2 2 2 2 2 2 2 2 2 2
left_child=3 9 8 4 12 -6 14 -4 -3 11 -11 -2 -1 -8 -5
right_child=1 2 7 6 5 -7 13 -9 -10 10 -12 -13 -14 -15 -16
leaf_value=0.004290610711742188 3.9450795212989109e-05 -0.00021153919428685831 -0.00046907544050159847 0.0016672237827175141 -0.0039842556495203515 0.0011439198535928563 0.00097078235327100479 -0.0078782685641030029 0.001157556031589041 -0.0012100012695209412 0.00042964077791797647 -0.00076620872156552 6.8246901650301226e-05 -0.0046551013805913284 7.2964336852382469e-05
leaf_weight=431 27601 1041 2924 545 290 293 63 56 681 1714 14023 9943 28448 115 163
leaf_count=431 27601 1041 2924 545 290 293 63 56 681 1714 14023 9943 28448 115 163
internal_value=-2.74536e-05 -0.000286722 -0.00339217 0.000467906 0.000322449 -0.00656089 0.00530474 -0.00580537 0.000783972 -1.26687e-05 0.000935693 -0.000410185 0.000461408 -0.00589888 0.00812147
internal_weight=88331 57983 4702 30348 29462 583 886 2980 1722 53281 15737 37544 28879 178 708
internal_count=88331 57983 4702 30348 29462 583 886 2980 1722 53281 15737 37544 28879 178 708
is_linear=0
shrinkage=0.05


Tree=215
num_leaves=14
num_cat=0
split_feature=5 20 15 5 15 5 6 9 5 17 13 12 12
split_gain=4.60983 22.9807 8.57127 7.34024 7.73259 7.29177 13.5577 6.20909 5.75354 4.23113 1.73925 1.43858 0.919977
threshold=0.99983759474438971 5.573125000000001 119.50000000000001 0.99700008544936913 732.50000000000011 0.96687895796550427 -0.16799793862756093 0.72841921524966591 0.94978112945126536 26.500000000000004 0.393617723362437 131.55000000000004 107.25000000000001
decision_type=2 2 2 2 2 2 2 2 2 2 2 2 2
left_child=3 2 9 5 7 8 -7 -5 -1 -2 12 -4 -3
right_child=1 10 11 4 -6 6 -8 -9 -10 -11 -12 -13 -14
leaf_value=5.7043928930300421e-06 -0.001257713608718688 0.0038281296608992073 -0.0010525955285801748 0.00020551493690229713 0.00038144047524289461 -0.0016561627719968775 -5.4678585691042561e-05 0.0015095307852718344 0.00065033253348895656 0.002106827226192464 0.00089053608563584026 -0.0014057360171356782 0.0050406464646710119
leaf_weight=79175 50 42 105 1438 40 1323 3921 232 1710 54 57 145 40
leaf_count=79175 50 42 105 1438 40 1323 3921 232 1710 54 57 145 40
internal_value=3.96232e-06 -0.00481744 -0.0115819 3.10227e-05 0.00327485 -3.33802e-05 -0.0018402 0.00275449 8.37609e-05 0.000480769 0.0124101 -0.0166 0.0170732
internal_weight=88332 493 354 87839 1710 86129 5244 1670 80885 104 139 250 82
internal_count=88332 493 354 87839 1710 86129 5244 1670 80885 104 139 250 82
is_linear=0
shrinkage=0.05


Tree=216
num_leaves=15
num_cat=0
split_feature=19 6 18 20 6 12 22 22 9 6 5 6 17 22
split_gain=4.5905 7.65664 13.1475 11.7151 12.1068 10.8071 8.49481 7.84961 4.23101 3.96129 20.6871 15.7744 0.779234 0.45
threshold=23.368750000000006 -0.6652727025667432 34.437500000000007 2.8693750000000007 -0.71502926860092908 110.25000000000001 0.64322102839350315 0.51002021459965652 0.8216092256955948 0.98486764554468398 0.13398903995667991 0.98174098242282837 250.50000000000003 0.92276304126539432
decision_type=2 2 2 2 2 2 2 2 2 2 2 2 2 2
left_child=8 3 5 6 -5 -3 -2 -4 9 11 -11 -1 13 -10
right_child=1 2 7 4 -6 -7 -8 -9 12 10 -12 -13 -14 -15
leaf_value=2.4449528853705273e-05 -0.0048315514112179242 -0.0018933706247459493 0.0034568119779243914 0.00018642116677329291 0.0022844472830242158 0.00011717720167891133 -9.186949170836845e-05 -0.0015857180701133846 0.0013075934165419274 5.1771658052010563e-05 0.0038109064031463915 -0.0023303053623122613 0.0048544359290474855 0.0010521520332166634
leaf_weight=76182 301 101 44 1718 131 604 4529 1148 40 2617 458 288 47 40
leaf_count=76182 301 101 44 1718 131 604 4529 1148 40 2617 458 288 47 40
internal_value=1.47312e-05 -0.00108442 -0.00388772 -0.000288217 0.00309627 0.00152482 -0.00158385 -0.00708893 0.000133045 0.000118486 0.00187805 4.77311e-05 0.00925197 0.00625
internal_weight=88248 8576 1897 6679 1849 705 4830 1192 79672 79545 3075 76470 127 80
internal_count=88248 8576 1897 6679 1849 705 4830 1192 79672 79545 3075 76470 127 80
is_linear=0
shrinkage=0.05


Tree=217
num_leaves=15
num_cat=0
split_feature=13 16 16 3 4 16 18 15 5 3 20 16 6 9
split_gain=3.96489 12.7121 10.4089 8.56288 7.61081 11.8451 7.37157 6.65849 8.93661 6.38138 5.09942 4.90189 3.73126 2.82169
threshold=0.87045635881644057 868.60000000000014 757.6500000000002 -0.097964660725097089 -0.97335555334614932 729.80000000000007 31.812500000000004 752.50000000000011 0.39036257410962044 -0.097964660725097089 1.8356250000000005 663.6500000000002 -0.60555643346685839 0.73952936880882181
decision_type=2 2 2 2 2 2 2 2 2 2 2 2 2 2
left_child=1 7 4 12 10 -6 -5 11 -9 -3 -2 -1 -4 -11
right_child=2 9 3 6 5 -7 -8 8 -10 13 -12 -13 -14 -15
leaf_value=3.545128790679586e-05 0.0021512370971307928 -1.3892875261278804e-05 -0.00025384374878751893 -3.1897926994411967e-05 -0.00042680335340954394 0.00064928914989393911 -0.00043440257840936247 0.00054275335657207047 -0.00022599010154959466 0.00032288601420020214 0.00040068831232188408 -9.7511087729501569e-05 -0.00056910418396288742 1.4747797674480313e-05
leaf_weight=74515 287 76 251 1023 4684 203 232 650 379 176 1183 4540 102 41
leaf_count=74515 287 76 251 1023 4684 203 232 650 379 176 1183 4540 102 41
internal_value=-6.2258e-06 9.92199e-05 -0.00107031 -0.00466418 -0.00016124 -0.00111009 -0.00272908 6.11858e-05 0.00405734 0.0104949 0.0029932 9.17083e-06 -0.0115439 0.0148618
internal_weight=88342 80377 7965 1608 6357 4887 1255 80084 1029 293 1470 79055 353 217
internal_count=88342 80377 7965 1608 6357 4887 1255 80084 1029 293 1470 79055 353 217
is_linear=0
shrinkage=0.05


Tree=218
num_leaves=15
num_cat=0
split_feature=13 6 12 6 2 12 16 6 9 20 5 19 6 5
split_gain=5.67322 10.4304 9.51512 9.32098 8.60524 7.23594 6.70227 7.89531 7.6029 6.2045 5.15853 10.0994 5.0451 3.49448
threshold=0.60473569309090303 0.99611390731392835 25.950000000000006 0.98332250088165762 0.485750605977811 253.35000000000002 699.95000000000016 1.0000000180025095e-35 0.79378270001952722 0.78312500000000018 0.91248814248966237 12.668750000000003 -0.80926783187727869 0.082691702092476851
decision_type=2 2 2 2 2 2 2 2 2 2 2 2 2 2
left_child=5 2 3 -2 -4 6 8 -8 -1 13 12 -12 -7 -3
right_child=1 9 4 -5 -6 10 7 -9 -10 -11 11 -13 -14 -15
leaf_value=-3.8671736254741745e-06 0.0013300809921441559 -0.0017395067766314998 -0.0004142226410785738 0.0094283469486283831 -1.2481814695025629e-05 0.0005771243954948241 7.0166616677347363e-05 0.0010536113408378901 0.0013464532770563059 -0.0044149309845354567 0.00078263681825950374 -0.0037598474139916324 0.0014136731686862859 -0.0039965248487216958
leaf_weight=52055 2206 197 9614 58 19406 1974 536 269 290 65 264 224 1387 46
leaf_count=52055 2206 197 9614 58 19406 1974 536 269 290 65 264 224 1387 46
internal_value=-4.65623e-05 -0.000584009 -0.000493863 0.00262809 -0.000737422 0.00025132 9.97178e-05 0.00462733 3.00888e-05 -0.00974026 0.00234476 -0.00245902 0.00304225 -0.00606996
internal_weight=88591 31592 31284 2264 29020 56999 53150 805 52345 308 3849 488 3361 243
internal_count=88591 31592 31284 2264 29020 56999 53150 805 52345 308 3849 488 3361 243
is_linear=0
shrinkage=0.05


Tree=219
num_leaves=14
num_cat=0
split_feature=5 20 15 5 15 20 19 9 19 19 3 0 1
split_gain=4.12291 23.2726 7.54698 6.16777 7.63004 6.77244 17.2362 10.2116 6.0766 4.48764 2.46407 1.5721 3.0129
threshold=0.99983759474438971 5.573125000000001 119.50000000000001 0.99700008544936913 725.50000000000011 3.7793750000000008 2.193750000000001 0.070377017875338482 10.506250000000003 8.9812500000000028 0.097964660725097366 537.81618947649679 586.4416105564228
decision_type=2 2 2 2 2 2 2 2 2 2 2 2 2
left_child=3 2 9 5 8 7 -7 -1 -5 -2 -4 12 -3
right_child=1 11 10 4 -6 6 -8 -9 -10 -11 -12 -13 -14
leaf_value=-0.002272652402175853 0.0017055681140468835 0.0034614942940774996 -0.001230179556721367 0.001405109285400457 0.00037915816849421472 -0.0030741701004457504 -0.00021069220913373378 4.5734283870349501e-05 1.263457125832701e-05 -0.0013232076530098364 -0.00095665285227191374 0.0035898346556115738 -3.4704508378555214e-05
leaf_weight=327 52 52 137 613 47 270 14425 71240 1054 56 122 45 43
leaf_count=327 52 52 137 613 47 270 14425 71240 1054 56 122 45 43
internal_value=8.75874e-06 -0.00448718 -0.0111035 3.46685e-05 0.00300467 -2.43444e-05 -0.00100204 0.000176408 0.00244451 0 -0.0157336 0.0128571 0.00921053
internal_weight=88483 507 367 87976 1714 86262 14695 71567 1667 108 259 140 95
internal_count=88483 507 367 87976 1714 86262 14695 71567 1667 108 259 140 95
is_linear=0
shrinkage=0.05


Tree=220
num_leaves=16
num_cat=0
split_feature=13 5 19 17 15 22 5 19 4 18 19 16 2 5 9
split_gain=5.12818 10.5076 12.6739 10.3477 8.93455 9.65821 8.50083 8.3274 8.42051 7.14584 6.05068 5.13375 10.8184 5.48177 4.79555
threshold=0.87045635881644057 0.75580964594513067 15.456250000000002 220.50000000000003 701.50000000000011 1.0131378839697607 0.39036257410962044 25.593750000000004 -0.72947329433276242 19.687500000000004 21.406250000000004 737.90000000000009 0.51703908318984715 0.34235194516023087 0.31956936011003784
decision_type=2 2 2 2 2 2 2 2 2 2 2 2 2 2 2
left_child=4 7 14 -4 11 6 -6 9 -9 -2 -7 13 -13 -1 -3
right_child=1 2 3 -5 5 10 -8 8 -10 -11 -12 12 -14 -15 -16
leaf_value=-5.9258629528757825e-05 0.00040646561411127329 -0.0053565606377804888 -0.00057285214322890801 0.00050214303694129934 0.00031113262812085263 0.00035077601190297016 -0.00028094393932433513 -0.00023256677755594535 0.00038968066404405645 -7.5047748430590033e-05 3.5801750878944327e-05 -0.00076257958577145575 -3.6825399703158125e-05 0.00016466157225866057 -0.00011111379388543952
leaf_weight=46566 939 47 327 91 1346 178 767 1106 140 4437 117 274 1756 29280 898
leaf_count=46566 939 47 327 91 1346 178 767 1106 140 4437 117 274 1756 29280 898
internal_value=1.55774e-05 -0.00119286 -0.00519076 -0.0124402 0.000135768 0.00313538 0.0019522 -0.000369979 -0.00405297 0.000483631 0.0116102 4.30171e-05 -0.00243842 0.000109432 -0.00198413
internal_weight=88269 7985 1363 418 80284 2408 2113 6622 1246 5376 295 77876 2030 75846 945
internal_count=88269 7985 1363 418 80284 2408 2113 6622 1246 5376 295 77876 2030 75846 945
is_linear=0
shrinkage=0.05


Tree=221
num_leaves=15
num_cat=0
split_feature=13 6 16 6 3 6 12 6 6 6 5 5 20 13
split_gain=4.87732 11.711 9.34199 15.1259 17.4619 15.1278 9.00153 8.48952 8.48712 12.6995 9.68322 7.41157 5.4263 2.93315
threshold=0.60473569309090303 0.99611390731392835 513.50000000000011 1.0000000180025095e-35 0.032701564615071628 -0.9575230291762723 22.650000000000002 0.98332250088165762 0.99681593486783593 0.99958851518450398 0.3504237462291826 0.75580964594513067 0.72062500000000018 0.66006055080271009
decision_type=2 2 2 2 2 2 2 2 2 2 2 2 2 2
left_child=2 6 8 5 -5 -4 7 -2 10 -10 -1 -8 13 -3
right_child=1 12 3 4 -6 -7 11 -9 9 -11 -12 -13 -14 -15
leaf_value=-0.00018041039655159743 0.0017266447053642525 0.00052954980698073368 0.0012592501710916083 0.0023600978863381585 0.00037882051200289758 -7.9697628633884632e-05 -1.4792910391969727e-05 0.011207591570925586 0.0037230985024255176 -0.00030832218897582368 0.00026675735508630282 -0.00018915469965546385 -0.004133854125643782 -0.0029320681200526721
leaf_weight=31312 1916 52 546 597 816 3270 22120 47 666 475 19332 7289 67 185
leaf_count=31312 1916 52 546 597 816 3270 22120 47 666 475 19332 7289 67 185
internal_value=6.65238e-05 -0.000430926 0.000342898 0.00235705 0.00677636 0.00072065 -0.000336287 0.00294193 0.000139519 0.00440403 4.34405e-05 -0.000555102 -0.0101974 -0.00664557
internal_weight=88690 31676 57014 5229 1413 3816 31372 1963 51785 1141 50644 29409 304 237
internal_count=88690 31676 57014 5229 1413 3816 31372 1963 51785 1141 50644 29409 304 237
is_linear=0
shrinkage=0.05


Tree=222
num_leaves=14
num_cat=0
split_feature=12 2 19 16 22 5 5 5 6 20 0 1 4
split_gain=4.50336 11.5384 8.00299 7.79165 6.02899 5.90979 4.34551 9.97434 7.87409 4.09797 5.07025 2.99405 0.826992
threshold=553.65000000000009 0.85634169171603114 30.293750000000006 884.80000000000007 1.0210684294919605 0.67167992559793654 0.87397152483179585 0.7210268013660811 0.45847758937963173 3.8031250000000005 591.4991786585548 875.72493372615816 -0.95642797789208689
decision_type=2 2 2 2 2 2 2 2 2 2 2 2 2
left_child=3 2 4 6 -2 11 7 -1 -8 10 -5 -3 -4
right_child=1 5 12 9 -6 -7 8 -9 -10 -11 -12 -13 -14
leaf_value=-4.3932708894675602e-06 -0.00020862403737738206 -0.00012546759286105602 -0.00078293164935087922 -0.00021608657727585913 -0.00031742810212373462 0.0017563134845866358 -9.4026815050068938e-05 0.00043809045544775799 -0.0016866087716514864 0.00037219074537256651 0.00024566226103662218 0.00021124125398210849 -0.00079144155163530247
leaf_weight=63328 2060 487 48 51 102 59 13900 6870 430 42 42 796 47
leaf_count=63328 2060 487 48 51 102 59 13900 6870 430 42 42 796 47
internal_value=-3.90882e-05 -0.00177133 -0.00395436 3.45487e-05 -0.00333025 0.00190015 1.53795e-05 0.000177355 -0.000778088 0.012037 0.0061828 0.00118862 -0.0181579
internal_weight=88262 3599 2257 84663 2162 1342 84528 70198 14330 135 93 1283 95
internal_count=88262 3599 2257 84663 2162 1342 84528 70198 14330 135 93 1283 95
is_linear=0
shrinkage=0.05


Tree=223
num_leaves=16
num_cat=0
split_feature=5 5 6 9 5 20 22 6 13 22 6 20 5 6 19
split_gain=4.70014 14.6843 32.1731 21.4094 15.5859 12.9803 32.3961 32.8924 22.5544 13.0253 12.6531 11.7374 9.07741 22.9555 11.5922
threshold=-0.86976336936302323 -0.67803021058859214 0.689015599449598 0.31412203858923371 -0.70291267844185523 1.1156250000000003 0.35932678792081102 0.33222858587828868 0.4576877158022416 0.11811853751280908 -0.12545862287572049 7.0568750000000007 -0.58482361983252518 0.78192542922038288 3.631250000000001
decision_type=2 2 2 2 2 2 2 2 2 2 2 2 2 2 2
left_child=5 2 3 -2 -4 6 7 -1 -8 10 -7 -11 13 -3 -14
right_child=1 12 4 -5 -6 9 8 -9 -10 11 -12 -13 14 -15 -16
leaf_value=0.0036781511475571654 -0.003484524835018675 0.00012773541471286509 -0.0081418592900177316 -3.4942966795656341e-05 -0.0026628082213614431 -0.0028859023223413681 -0.0042867349819384918 -0.0020943021946673163 -0.00028435644649402739 0.00063707761890641765 0.00013826909356219052 -0.0061769634922697967 -0.00062326301903437584 0.0047645319110398493 3.8627954522739429e-05
leaf_weight=1211 1090 2866 254 7710 498 130 1084 969 1231 10430 141 95 9020 315 51484
leaf_count=1211 1090 2866 254 7710 498 130 1084 969 1231 10430 141 95 9020 315 51484
internal_value=-4.68778e-05 -0.000213348 -0.00204146 -0.00119318 -0.0119681 0.000750441 -0.00150723 0.00286697 -0.00562635 0.00169044 -0.00913284 0.00196912 6.08464e-05 0.00266426 -7.6028e-05
internal_weight=88528 73237 9552 8800 752 15291 4495 2180 2315 10796 271 10525 63685 3181 60504
internal_count=88528 73237 9552 8800 752 15291 4495 2180 2315 10796 271 10525 63685 3181 60504
is_linear=0
shrinkage=0.05


Tree=224
num_leaves=16
num_cat=0
split_feature=21 5 17 3 5 9 4 22 6 19 6 6 5 4 20
split_gain=4.59707 27.8259 20.5157 18.9066 22.3975 14.7483 14.0039 11.1313 10.8643 9.32393 4.55046 5.70457 3.71479 2.62653 1.37987
threshold=1.0000000180025095e-35 -0.96235977360714686 14.500000000000002 -0.29012925520284066 0.1849296026015865 0.56559298902598509 -0.25881904510252068 0.14197931339152228 -0.12545862287572049 0.45625000000000004 0.91511078773075516 0.99249573635719013 -0.93545489084327571 -0.84874750804349175 1.2731250000000005
decision_type=2 2 2 2 2 2 2 2 2 2 2 2 2 2 2
left_child=1 6 10 5 -5 -3 13 8 -4 -9 12 -12 -2 -1 -8
right_child=2 3 7 4 -6 -7 14 9 -10 -11 11 -13 -14 -15 -16
leaf_value=0.013340997834663072 -0.00081132280600978166 0.0041812388076177542 -0.0019341415484733096 -0.00012187164980352329 -0.0030696846870658704 -0.0025060960869462026 -7.5985958735622086e-05 -0.0012986480224471825 -0.00021929032527276613 2.3900973179001585e-05 0.001708465788758968 -0.0019123679040236919 -0.002993256563888188 0.0026342493526222855 -0.0034727521787365685
leaf_weight=217 263 2076 366 5185 592 453 68 1449 770 75340 126 66 1060 270 44
leaf_count=217 263 2076 366 5185 592 453 68 1449 770 75340 126 66 1060 270 44
internal_value=-7.6405e-06 0.00106962 -0.000128399 0.000319046 -0.0012593 0.00392448 0.0114775 -1.63619e-05 -0.00492958 5.63232e-05 -0.00589109 0.00130208 -0.006935 0.0151437 -0.00446429
internal_weight=88345 8905 79440 8306 5777 2529 599 77925 1136 76789 1515 192 1323 487 112
internal_count=88345 8905 79440 8306 5777 2529 599 77925 1136 76789 1515 192 1323 487 112
is_linear=0
shrinkage=0.05


Tree=225
num_leaves=15
num_cat=0
split_feature=12 2 9 9 5 6 3 16 17 21 22 20 21 19
split_gain=5.05951 8.90387 8.21492 7.19124 6.00194 5.61116 5.37565 18.4405 12.7009 9.58047 7.6093 15.11 9.35472 4.29601
threshold=523.05000000000007 0.85634169171603114 0.74146837446907365 0.76133632535529028 0.67167992559793654 -0.56369940867848845 -0.8814490726585632 394.45000000000005 60.500000000000007 0.24589596527448276 0.96029977208633455 1.5206250000000006 0.94119948285498889 16.593750000000004
decision_type=2 2 2 2 2 2 2 2 2 2 2 2 2 2
left_child=6 2 5 -4 13 -2 7 9 -9 -1 12 -12 -8 -3
right_child=1 4 3 -5 -6 -7 10 8 -10 -11 11 -13 -14 -15
leaf_value=-0.0014043204840453419 -0.00029275156647211585 -0.0026179887708928959 -0.00062689922348558864 -0.00013396683230935681 0.0023366201103034723 0.00015058527912744092 5.7745346199650216e-05 -0.0017525776729416605 -0.00041116556756115173 0.00015327298042471795 -5.6929566859764691e-05 0.00025940709929981324 -0.00043654313583183505 0.0001682006429375882
leaf_weight=1085 2197 127 353 576 59 431 60481 263 1246 6712 5251 5493 2989 1287
leaf_count=1085 2197 127 353 576 59 431 60481 263 1246 6712 5251 5493 2989 1287
internal_value=1.91982e-05 -0.00152087 -0.00287461 -0.00691604 0.00174813 -0.00144597 0.000111949 -0.00102085 -0.00608019 -4.16827e-05 0.000253995 0.00148455 4.56909e-05 0.00109618
internal_weight=88550 5030 3557 929 1473 2628 83520 9306 1509 7797 74214 10744 63470 1414
internal_count=88550 5030 3557 929 1473 2628 83520 9306 1509 7797 74214 10744 63470 1414
is_linear=0
shrinkage=0.05


Tree=226
num_leaves=13
num_cat=0
split_feature=19 20 18 21 1 5 20 15 5 5 15 0
split_gain=4.98109 6.38254 5.57535 14.958 5.70962 4.76147 20.9293 9.5151 6.02674 8.62752 7.03538 2.84299
threshold=24.768750000000008 0.35062500000000008 96.687500000000014 0.8268335239829111 862.76371110962691 0.99983759474438971 5.4931250000000009 119.50000000000001 0.99700008544936913 0.96687895796550427 725.50000000000011 524.63272851139891
decision_type=2 2 2 2 2 2 2 2 2 2 2 2
left_child=5 -2 3 -3 -4 8 7 -7 9 -1 -10 -8
right_child=1 2 4 -5 -6 6 11 -9 10 -11 -12 -13
leaf_value=4.7136015541876519e-05 -0.001186190189507519 0.0018512807579272484 -0.0019516253677408974 -8.5810786443452089e-05 0.0010127207975623137 0.00010342047429948154 0.00062142116623319088 -0.0011256833090323493 0.00035005919158229983 -0.00027751362844241834 0.00030395144766356134 0.0037175284661135929
leaf_weight=74661 79 997 1014 3961 100 99 84 237 1674 5198 52 64
leaf_count=74661 79 997 1014 3961 100 99 84 237 1674 5198 52 64
internal_value=-1.36024e-05 -0.00138595 -0.00120224 -0.000484066 -0.00439856 8.92542e-05 -0.00485537 -0.011756 0.000118588 5.54102e-05 0.00304171 0.0108108
internal_weight=88220 6151 6072 4958 1114 82069 484 336 81585 79859 1726 148
internal_count=88220 6151 6072 4958 1114 82069 484 336 81585 79859 1726 148
is_linear=0
shrinkage=0.05


Tree=227
num_leaves=15
num_cat=0
split_feature=13 6 12 3 18 22 12 18 12 9 3 6 20 5
split_gain=5.11298 9.02531 8.61189 11.3724 9.84684 8.01051 20.2581 20.1611 13.9102 7.7302 13.9246 8.1584 5.84717 2.37259
threshold=0.60473569309090303 0.99611390731392835 33.150000000000006 -0.81241147629688981 17.437500000000004 0.86580079832417756 104.25000000000001 0.43750000000000006 136.65000000000003 0.70931095128662991 0.032701564615071628 0.7487283477006671 1.1493750000000003 -1.0000000180025095e-35
decision_type=2 2 2 2 2 2 2 2 2 2 2 2 2 2
left_child=5 2 4 -4 -2 9 7 -7 -8 11 -11 -1 13 -3
right_child=1 12 3 -5 -6 6 8 -9 -10 10 -12 -13 -14 -15
leaf_value=-0.00021658094234219274 0.0020666383549071965 1.6919412104718367e-05 -0.0010044062943693978 -4.6296801142758916e-05 0.00049352773219856763 -0.00094623696308367145 0.0011130173730993288 0.00012185944878803091 0.00036318060042876411 -0.00032141475066670703 0.003093566347136709 0.00037889258575298933 -0.0038360902718301173 -0.0037364841714261133
leaf_weight=33188 709 108 2240 26186 2162 670 1216 7632 3066 837 900 9326 63 136
leaf_count=33188 709 108 2240 26186 2162 670 1216 7632 3066 837 900 9326 63 136
internal_value=1.97877e-06 -0.000507847 -0.000424162 -0.000687751 0.00218565 0.000285475 0.0013986 -4.21585e-05 0.00419197 -3.10727e-05 0.00323834 -0.000164652 -0.00903909 -0.00553279
internal_weight=88439 31604 31297 28426 2871 56835 12584 8302 4282 44251 1737 42514 307 244
internal_count=88439 31604 31297 28426 2871 56835 12584 8302 4282 44251 1737 42514 307 244
is_linear=0
shrinkage=0.05


Tree=228
num_leaves=13
num_cat=0
split_feature=12 6 6 6 5 6 5 20 9 18 15 9
split_gain=4.85461 8.10898 4.45208 29.9688 32.1026 19.6832 54.6403 17.9726 5.39721 2.57306 2.50149 1.62261
threshold=1.0000000180025095e-35 0.94066717844141279 0.7487283477006671 0.7710868207630478 -0.61237985104942771 0.689015599449598 0.7210268013660811 0.6518750000000002 0.24225393111440596 99.562500000000014 33.500000000000007 0.38624132937693928
decision_type=2 2 2 2 2 2 2 2 2 2 2 2
left_child=1 9 5 7 -5 8 -7 -4 -2 11 -3 -1
right_child=2 10 3 4 -6 6 -8 -9 -10 -11 -12 -13
leaf_value=0.0019109622524628473 -0.00059831925524425622 -0.003289564739631367 0.010364036928035293 -0.0086908225133614635 0.00017905770422985552 -0.002865611696169266 0.010540165342317193 0.001680083229491286 2.8137475089031611e-05 -0.0021888306552909687 -0.004894048656666608 -0.00021136201147599622
leaf_weight=87 3515 64 269 157 12205 1918 192 435 69322 69 51 63
leaf_count=87 3515 64 269 157 12205 1918 192 435 69322 69 51 63
internal_value=2.85805e-05 -0.00598802 5.14129e-05 0.000903107 0.000331662 -9.70686e-05 -0.00485782 0.0109375 4.08446e-05 -0.000342466 -0.0167391 0.00333333
internal_weight=88347 334 88013 13066 12362 74947 2110 704 72837 219 115 150
internal_count=88347 334 88013 13066 12362 74947 2110 704 72837 219 115 150
is_linear=0
shrinkage=0.05


Tree=229
num_leaves=16
num_cat=0
split_feature=16 5 22 5 2 5 13 9 9 12 13 2 21 17 17
split_gain=3.65684 14.1892 21.2983 14.6413 15.9495 12.1601 12.1585 5.39419 6.69025 6.35792 6.48219 5.42588 4.4609 4.17027 3.66111
threshold=679.45000000000016 0.76696112484652035 0.97465609334504777 0.78857998149907527 0.51703908318984715 0.14250626876356556 0.86353427753330225 0.79378270001952722 0.77634323470482058 42.750000000000007 0.80285439201035735 0.33497764832916194 0.96521439607424131 144.50000000000003 178.50000000000003
decision_type=2 2 2 2 2 2 2 2 2 2 2 2 2 2 2
left_child=7 2 5 13 -5 -2 -4 8 11 10 -9 -1 -11 -3 -10
right_child=1 3 6 4 -6 -7 -8 9 14 12 -12 -13 -14 -15 -16
leaf_value=-0.00010611802406358256 -0.00018360987362268656 -0.00061660263878380315 0.00053672796145567134 -0.00075503277515396878 -2.5516089863825143e-05 0.00029480836151804524 2.9194479623678717e-05 0.0075765872573157478 -0.00061909441617316596 0.00056140148455837151 0.00086845692905533351 0.00014958242526900701 -0.0012208646024270799 -0.00028201833289581701 -0.0060771092378462581
leaf_weight=34479 2189 180 878 559 2057 823 755 90 307 864 56 45027 63 44 136
leaf_count=34479 2189 180 878 559 2057 823 755 90 307 864 56 45027 63 44 136
internal_value=3.86975e-05 -0.0010187 0.000683531 -0.00380282 -0.00275229 -0.00180943 0.00528169 0.000136383 8.91193e-05 0.00365797 0.0133562 0.000123261 0.00213053 -0.0160714 -0.00603837
internal_weight=88507 7485 4645 2840 2616 3012 1633 81022 79949 1073 146 79506 927 224 443
internal_count=88507 7485 4645 2840 2616 3012 1633 81022 79949 1073 146 79506 927 224 443
is_linear=0
shrinkage=0.05


Tree=230
num_leaves=15
num_cat=0
split_feature=17 6 20 5 19 5 5 6 5 3 19 20 5 19
split_gain=4.1996 7.26026 9.6219 5.8984 5.98708 4.02386 12.8228 25.5386 10.7778 10.2748 9.48705 7.67741 2.60592 1.98711
threshold=307.50000000000006 -0.7444366621422277 4.3931250000000013 -0.54220184589352438 28.406250000000004 -0.86976336936302323 -0.67803021058859214 0.689015599449598 -0.58482361983252518 0.97335555334614954 11.493750000000002 7.0568750000000007 0.91248814248966237 14.293750000000003
decision_type=2 2 2 2 2 2 2 2 2 2 2 2 2 2
left_child=5 3 12 -2 -5 9 7 -7 -8 11 -11 -1 -3 -4
right_child=1 2 13 4 -6 6 8 -9 -10 10 -12 -13 -14 -15
leaf_value=0.00038470153623008235 -0.0021752790445157765 0.0043097354285685429 -0.00080318187621103996 0.00091531772410455856 -0.0048287582326075719 -0.00024068943657948872 0.00029378814429888438 -0.0040958015718749767 -2.2629329175982706e-05 -0.0040024772302055065 0.0001075441080078704 -0.0061391919614560368 0.0013591825260192314 -0.0062303167793514415
leaf_weight=13648 63 350 41 1149 66 8750 3181 755 58759 666 733 88 140 44
leaf_count=13648 63 350 41 1149 66 8750 3181 755 58759 666 733 88 140 44
internal_value=-2.12025e-05 0.00233405 0.007 0.000234742 0.00100823 -7.16101e-05 -0.000228497 -0.00193845 3.39038e-05 0.000668979 -0.00341315 0.00108474 0.00969388 -0.00852941
internal_weight=88433 1853 575 1278 1215 86580 71445 9505 61940 15135 1399 13736 490 85
internal_count=88433 1853 575 1278 1215 86580 71445 9505 61940 15135 1399 13736 490 85
is_linear=0
shrinkage=0.05


Tree=231
num_leaves=16
num_cat=0
split_feature=19 17 12 3 3 21 9 1 15 6 20 5 22 5 22
split_gain=4.57718 6.25423 11.0473 10.3423 19.9357 9.34024 7.4194 4.3155 14.9709 20.7058 13.2839 14.7215 11.8149 8.31334 4.30906
threshold=23.368750000000006 72.500000000000014 49.050000000000004 -0.68322629814330804 -0.77259657388510605 1.0075816826508219 0.72841921524966591 537.62838414756641 336.50000000000006 -0.9575230291762723 1.5956250000000003 0.77788564761185042 0.8417715024145862 0.3261394409934788 1.0261534176440932
decision_type=2 2 2 2 2 2 2 2 2 2 2 2 2 2 2
left_child=7 2 6 4 -3 -5 -2 8 13 -10 11 -9 -12 -1 -4
right_child=1 3 14 5 -6 -7 -8 10 9 -11 12 -13 -14 -15 -16
leaf_value=-0.00011402184090969562 -0.0013073702847681335 -2.851430989357362e-05 -0.0012396416309624571 -0.00015047175748444941 0.0013718393264566143 0.00019275171994429519 0.001069313538895675 0.001177667804273247 0.0015028999796029509 -0.00053427030230432111 -0.00025573114920171834 -0.00021287664542170016 0.00020515633632439689 0.0002610599958769361 -0.0028128599846526103
leaf_weight=32416 329 1693 281 5342 518 163 202 2450 505 5124 14336 717 5266 18911 61
leaf_count=32416 329 1693 281 5342 518 163 202 2450 505 5124 14336 717 5266 18911 61
internal_value=-1.81172e-05 -0.0011148 -0.005126 -0.000660964 0.0022275 -0.00182107 -0.000612053 0.000100031 -0.000132558 -0.00258039 0.000681848 0.00368645 0.000196409 0.000135893 -0.0121345
internal_weight=88314 8589 873 7716 2211 5505 531 79725 56956 5629 22769 3167 19602 51327 342
internal_count=88314 8589 873 7716 2211 5505 531 79725 56956 5629 22769 3167 19602 51327 342
is_linear=0
shrinkage=0.05


Tree=232
num_leaves=16
num_cat=0
split_feature=5 9 9 6 5 20 19 6 9 22 9 0 3 16 16
split_gain=4.2908 9.31294 13.0365 11.1904 8.94877 10.1218 8.59089 7.6152 6.11174 18.4797 7.36402 5.96485 5.88972 2.05924 1.86744
threshold=0.91248814248966237 0.38981254022982242 0.39647989154135294 0.33222858587828868 0.9053161325100999 2.8193750000000004 19.918750000000006 -0.16799793862756093 0.11750964431003839 0.6915603414064676 0.16616911445198015 567.73346384810725 0.63405362205439464 5.3500000000000005 239.35000000000005
decision_type=2 2 2 2 2 2 2 2 2 2 2 2 2 2 2
left_child=4 3 13 6 8 11 -2 -4 9 -1 -10 -6 -5 -3 -7
right_child=1 2 7 12 5 14 -8 -9 10 -11 -12 -13 -14 -15 -16
leaf_value=-0.00026466333192826411 0.00067174530911878196 -0.0011430122586990332 -0.0014293743471985568 -0.0054129288353933387 -0.00010518295374034592 0.0097679150613889133 -0.003226161485693141 -7.337446760888322e-05 0.0011829170995370675 -0.0047210556059280127 1.6981024713894067e-05 0.0078226035579185508 0.0038739904934614851 -0.0037341470442917302 0.0031903914460557959
leaf_weight=1061 2875 75 2422 119 287 42 51 6417 1374 138 73137 40 42 59 115
leaf_count=1061 2875 75 2422 119 287 42 51 6417 1374 138 73137 40 42 59 115
internal_value=5.66547e-06 -0.000870647 -0.00168561 0.00149822 0.000144368 0.00692149 0.00220437 -0.00145096 0.000101043 -0.00344037 0.00015803 0.00191131 -0.0113354 -0.0171642 0.0173567
internal_weight=88254 12060 8973 3087 76194 484 2926 8839 75710 1199 74511 327 161 134 157
internal_count=88254 12060 8973 3087 76194 484 2926 8839 75710 1199 74511 327 161 134 157
is_linear=0
shrinkage=0.05


Tree=233
num_leaves=12
num_cat=0
split_feature=2 13 19 6 9 6 9 6 18 19 5
split_gain=4.38962 6.01938 11.6309 8.57806 5.55232 16.2872 10.1294 3.39072 1.94742 2.95587 1.6525
threshold=0.054349537494377737 0.070928051086202856 -1.4187499999999995 0.95936279103287792 0.18276329663276905 0.71353761266622884 0.2079485846371639 0.57605713708605399 20.687500000000004 15.843750000000004 -0.091260668982868151
decision_type=2 2 2 2 2 2 2 2 2 2 2
left_child=7 2 -2 -4 5 -3 -6 8 -1 -10 -9
right_child=1 4 3 -5 6 -7 -8 10 9 -11 -12
leaf_value=0.01036178019004598 -0.0031914253614708475 -0.0007525311960803042 -0.00083689625643286469 0.00955422527035674 -0.001042841178035911 0.0016091446091991335 1.3645113418631062e-05 -0.0063127097955560235 0.0058482530439309234 0.010467281884193503 0.0056678907528868007
leaf_weight=50 73 1352 1801 163 1035 1514 81865 73 129 47 61
leaf_count=50 73 1352 1801 163 1035 1514 81865 73 129 47 61
internal_value=4.56541e-05 2.3063e-05 -0.00266323 -0.00193483 8.68643e-05 0.00225052 1.20627e-05 0.00555556 0.00929204 0.00681818 -0.000746269
internal_weight=88163 87803 2037 1964 85766 2866 82900 360 226 176 134
internal_count=88163 87803 2037 1964 85766 2866 82900 360 226 176 134
is_linear=0
shrinkage=0.05


Tree=234
num_leaves=16
num_cat=0
split_feature=5 9 9 6 3 19 5 20 1 12 9 22 9 16 16
split_gain=4.70092 8.24581 14.0967 13.0505 19.6248 9.03293 8.22311 10.8279 7.03506 6.49629 5.44571 21.4021 5.78469 1.56003 1.35458
threshold=0.91248814248966237 0.38981254022982242 0.39647989154135294 0.31595530242620651 0.68322629814330826 19.918750000000006 0.9053161325100999 2.8193750000000004 733.01694528186647 40.95000000000001 0.11750964431003839 0.6915603414064676 0.17434099974896719 305.45000000000005 5.3500000000000005
decision_type=2 2 2 2 2 2 2 2 2 2 2 2 2 2 2
left_child=6 3 14 5 -5 -2 10 8 -8 -4 11 -1 -12 -9 -3
right_child=1 2 9 4 -6 -7 7 13 -10 -11 12 -13 -14 -15 -16
leaf_value=-0.00021055364865581183 0.00076415273385412735 -0.0013373893649363524 0.00048129062839369352 -0.0055035460492099501 0.0050915148205073176 -0.0030493575052954248 -0.00015967359446013575 0.011816922031435454 0.0080716630508082428 -0.00028462279550317825 0.00098093699457509759 -0.0042041868800749933 1.3541815954706828e-05 0.0030432799300789183 -0.0032025758342681954
leaf_weight=1069 2732 80 1304 252 77 49 287 43 40 7580 1708 142 72774 105 53
leaf_count=1069 2732 80 1304 252 77 49 287 43 40 7580 1708 142 72774 105 53
internal_value=-1.95368e-05 -0.000933867 -0.00169957 0.00128617 -0.0081307 0.00240022 0.000126037 0.00668421 0.0016055 -0.00145768 8.48824e-05 -0.00324112 0.00013896 0.0179054 -0.0178571
internal_weight=88295 12127 9017 3110 329 2781 76168 475 327 8884 75693 1211 74482 148 133
internal_count=88295 12127 9017 3110 329 2781 76168 475 327 8884 75693 1211 74482 148 133
is_linear=0
shrinkage=0.05


Tree=235
num_leaves=15
num_cat=0
split_feature=13 6 22 20 9 5 18 6 6 20 21 22 20 3
split_gain=4.10756 9.28214 8.13676 17.2606 16.0386 12.521 7.09875 15.8745 10.0012 6.32241 16.8235 11.8033 6.1955 2.35401
threshold=0.60473569309090303 0.99611390731392835 0.86580079832417756 1.8906250000000002 0.070377017875338482 0.95998215779580554 98.062500000000014 0.82293497932636273 0.99530134160901229 1.7493750000000003 0.81662476850715982 0.33491684998385068 1.1493750000000003 0.097964660725097366
decision_type=2 2 2 2 2 2 2 2 2 2 2 2 2 2
left_child=2 9 6 4 -4 -5 8 -8 -1 10 -2 -11 13 -3
right_child=1 12 3 5 -6 -7 7 -9 -10 11 -12 -13 -14 -15
leaf_value=-0.00031203913133476816 0.0010607884722101668 -0.0033341431127630744 -0.0035636565675210862 0.00092908101323796455 -7.3353107350238037e-06 -0.00023237867726000339 5.1428830582650464e-05 0.0010224690369695325 0.0024602712943950058 -0.0012516647516695263 -0.00013066877263869238 -5.2511664654919521e-05 -0.0036064852044337958 0.00030365015864668166
leaf_weight=26486 5448 156 65 4720 6929 891 14727 2200 820 1825 5495 18523 61 91
leaf_count=26486 5448 156 65 4720 6929 891 14727 2200 820 1825 5495 18523 61 91
internal_value=3.67493e-06 -0.000453337 0.00025775 0.00137842 -0.00027881 0.00344413 -6.16056e-05 0.000742896 -0.000560316 -0.000368317 0.000600841 -0.000889522 -0.00909091 -0.0055668
internal_weight=88437 31599 56838 12605 6994 5611 44233 16927 27306 31291 10943 20348 308 247
internal_count=88437 31599 56838 12605 6994 5611 44233 16927 27306 31291 10943 20348 308 247
is_linear=0
shrinkage=0.05


Tree=236
num_leaves=15
num_cat=0
split_feature=22 12 17 19 17 21 12 4 15 19 13 22 3 18
split_gain=4.26957 6.30739 7.19519 6.69843 6.2223 6.01975 21.0598 18.2335 9.38036 4.92488 8.02023 5.40119 4.4166 3.13617
threshold=1.2776318783900091 26.850000000000005 23.500000000000004 -0.11250000000000002 36.500000000000007 1.0392045756306625 37.350000000000009 -0.77259657388510627 112.50000000000001 -2.7812499999999996 0.40022356737367309 0.97254169820241654 -0.9733555533461492 52.812500000000007
decision_type=2 2 2 2 2 2 2 2 2 2 2 2 2 2
left_child=5 3 -3 4 -2 9 8 -8 -7 10 -1 -11 -5 -4
right_child=1 2 13 12 -6 6 7 -9 -10 11 -12 -13 -14 -15
leaf_value=-0.0025915185529349545 -0.0062796152164747918 -0.0031378392063857344 -0.00013066050394728302 0.00014014997659166916 0.0011226267472505187 -9.8876640297794474e-05 0.00043690692856397932 -0.0010412464812079442 0.0025389039433127898 -2.5622117604223729e-05 0.001226550615777873 8.4621647328742003e-05 0.0039242089412482696 0.0028032243608289045
leaf_weight=104 54 79 191 225 40 1464 192 954 194 75328 80 8730 553 51
leaf_count=104 54 79 191 225 40 1464 192 954 194 75328 80 8730 553 51
internal_value=-1.61493e-05 0.00295474 -0.00303738 0.00516055 -0.00744681 -5.68665e-05 -0.00233595 -0.00754799 0.00126659 1.89929e-05 -0.00815217 3.68793e-05 0.0066838 0.00123967
internal_weight=88239 1193 321 872 94 87046 2804 1146 1658 84242 184 84058 778 242
internal_count=88239 1193 321 872 94 87046 2804 1146 1658 84242 184 84058 778 242
is_linear=0
shrinkage=0.05


Tree=237
num_leaves=16
num_cat=0
split_feature=13 6 6 22 12 19 12 6 5 22 22 21 5 20 18
split_gain=4.66134 9.34398 6.98196 13.4018 7.28279 6.48033 6.38994 5.33917 29.0684 18.5022 4.33598 15.5481 1.63361 1.29708 1.10791
threshold=0.60473569309090303 0.9980355542543059 -0.99983123799342477 0.9774438566559257 33.150000000000006 -0.19999999999999996 253.35000000000002 0.14888728888808328 0.3504237462291826 0.34116916926283852 0.98997305079739462 0.96049329778957337 -0.022576249993022688 1.1493750000000003 2.6875000000000004
decision_type=2 2 2 2 2 2 2 2 2 2 2 2 2 2 2
left_child=6 2 3 -2 -4 12 7 9 -9 -1 11 -8 -3 -7 -12
right_child=1 5 4 -5 -6 13 10 8 -10 -11 14 -13 -14 -15 -16
leaf_value=-0.00092863812844805403 1.2275488836138716e-05 -0.0029743264563604301 0.0010955893761195601 0.0011116259975150755 -9.1107352305996869e-05 -0.006825805348042089 0.00084844171819197791 -0.00023688288821468174 0.00094589753626190545 3.3128790821179699e-05 0.0002554437972545065 -0.00091638406630580038 0.0026771094264542148 -0.0036986841601502995 0.0016052133801171488
leaf_weight=3652 203 42 2858 78 28112 55 3605 16719 8305 24246 40 154 60 54 57
leaf_count=3652 203 42 2858 78 28112 55 3605 16719 8305 24246 40 154 60 54 57
internal_value=-4.41976e-05 -0.000532388 -0.000461585 0.00738434 -0.000532774 -0.011019 0.00022632 8.31412e-05 0.000613411 -0.000392501 0.00219139 0.00192205 -0.00196078 -0.0194954 0.0126289
internal_weight=88240 31462 31251 281 30970 211 56778 52922 25024 27898 3856 3759 102 109 97
internal_count=88240 31462 31251 281 30970 211 56778 52922 25024 27898 3856 3759 102 109 97
is_linear=0
shrinkage=0.05


Tree=238
num_leaves=14
num_cat=0
split_feature=1 18 21 12 17 6 5 5 6 19 5 19 12
split_gain=4.45677 8.33454 6.3019 5.73361 12.2448 6.4816 4.70977 4.60274 4.33059 13.8092 10.6677 2.53774 0.884907
threshold=884.34214934813087 20.687500000000004 0.97911630744217204 573.45000000000016 209.50000000000003 -0.61915584096709908 0.75580964594513067 -0.082689790342551819 -0.64580103137750788 19.918750000000006 0.7090011537757156 28.831250000000004 630.9000000000002
decision_type=2 2 2 2 2 2 2 2 2 2 2 2 2
left_child=3 11 7 8 6 -6 -5 -3 10 -10 -1 12 -2
right_child=1 2 -4 4 5 -7 -8 -9 9 -11 -12 -13 -14
leaf_value=7.4860165388473965e-05 0.0011924886512318378 0.0040334433745577549 -0.0017245400738140626 -0.00024668373839714099 -3.5365758876176882e-05 0.0035350094773370106 -0.00054423031671126392 0.00024402340848700966 4.2535045982838864e-06 -0.00024717432598153068 0.0010270514497525225 5.7165866253711123e-05 0.00028576359840921109
leaf_weight=26029 49 127 44 923 1129 84 113 1065 53029 4560 1017 48 41
leaf_count=26029 49 127 44 923 1129 84 113 1065 53029 4560 1017 48 41
internal_value=1.303e-05 0.00283843 0.00153722 -3.16514e-05 -0.00252334 0.000886232 -0.00651544 0.00222315 3.45602e-05 -0.000210544 0.000556459 0.0144928 0.0194444
internal_weight=88258 1374 1236 86884 2249 1213 1036 1192 84635 57589 27046 138 90
internal_count=88258 1374 1236 86884 2249 1213 1036 1192 84635 57589 27046 138 90
is_linear=0
shrinkage=0.05


Tree=239
num_leaves=16
num_cat=0
split_feature=4 22 19 16 20 6 6 12 22 5 15 3 3 12 22
split_gain=4.8319 10.8843 10.8785 10.0441 8.97688 11.7498 7.56609 14.5909 12.3188 7.24912 6.38828 7.36429 5.70986 3.96176 3.59269
threshold=-0.58216583101416164 1.0776631653655271 -2.7812499999999996 757.6500000000002 1.7668750000000004 0.6174544326165855 -0.64580103137750788 154.35000000000002 0.42339730128143954 -0.99763297024448894 651.50000000000011 0.88144907265856365 0.032701564615071628 25.050000000000001 0.9774438566559257
decision_type=2 2 2 2 2 2 2 2 2 2 2 2 2 2 2
left_child=1 2 13 6 5 -3 8 -8 -2 -4 11 -5 -6 -1 -12
right_child=3 4 9 10 12 -7 7 -9 -10 -11 14 -13 -14 -15 -16
leaf_value=-0.0023271155056770721 -0.0010775247150699337 0.0046280912607848 0.0020240439938301021 -0.00079620802350925397 0.0058207033887333285 -0.00069719714767362418 -0.00021620497137961881 -0.00099897147772856089 0.00021113892804419389 1.5845670297987002e-05 -0.00067761824369587387 4.7814214578409403e-05 -0.00023619351223235776 -0.00092170573552566174 0.00065334566248690393
leaf_weight=57 2570 109 1177 170 257 446 15139 1591 12771 53937 42 64 48 42 56
leaf_count=57 2570 109 1177 170 257 446 15139 1591 12771 53937 42 64 48 42 56
internal_value=-4.86008e-05 0.000232286 0.000145346 -0.000534673 0.00581395 0.00202703 -0.000445106 -0.00118051 0.000356887 0.000175092 -0.00918675 -0.0136752 0.0127049 -0.0164141 0.00153061
internal_weight=88476 56073 55213 32403 860 555 32071 16730 15341 55114 332 234 305 99 98
internal_count=88476 56073 55213 32403 860 555 32071 16730 15341 55114 332 234 305 99 98
is_linear=0
shrinkage=0.05


Tree=240
num_leaves=11
num_cat=0
split_feature=13 3 16 22 6 4 9 6 15 21
split_gain=3.77173 4.01224 19.5228 13.6238 9.68848 5.27696 17.9002 7.152 3.3528 2.09821
threshold=-1.0000000180025095e-35 -0.8814490726585632 394.45000000000005 1.0584182042756576 -0.99864786094873803 1.0000000180025095e-35 0.28181463930565548 -0.99983123799342477 38.500000000000007 0.36334148612469791
decision_type=2 2 2 2 2 2 2 2 2 2
left_child=8 2 4 -4 -2 7 -7 -3 9 -1
right_child=1 5 3 -5 -6 6 -8 -9 -10 -11
leaf_value=0.0089930132294828765 -0.0027343132404297602 0.00059180058323584088 -0.00051021630915260572 -0.0014147339378456942 7.63069699673491e-05 -0.0042843393634059796 -0.00019532030455169242 2.5581978581673551e-05 0.015776677463439061 -0.0024134618270041821
leaf_weight=59 283 397 1379 160 7403 310 5800 72603 40 76
leaf_count=59 283 397 1379 160 7403 310 5800 72603 40 76
internal_value=-4.74523e-05 -6.198e-05 -0.00104878 -0.00618908 -1.9516e-05 5.30906e-05 -0.00135843 0.000171233 0.00728571 0.00351852
internal_weight=88510 88335 9225 1539 7686 79110 6110 73000 175 135
internal_count=88510 88335 9225 1539 7686 79110 6110 73000 175 135
is_linear=0
shrinkage=0.05


Tree=241
num_leaves=16
num_cat=0
split_feature=6 18 5 4 16 21 19 9 5 5 20 5 3 0 0
split_gain=4.84778 6.12854 8.64053 5.02528 4.13472 4.60317 3.91983 15.2081 10.9258 4.02879 11.0548 7.10108 2.36524 0.21442 0.0128049
threshold=0.99981043035926087 75.062500000000014 0.013976441590891219 -0.88144907265856332 7.1500000000000012 0.19737077905437869 -1.1187499999999997 0.13322324326320628 0.7210268013660811 0.91248814248966237 0.68687500000000024 0.9053161325100999 0.2269546835593246 113.41188530144682 140.75733084987027
decision_type=2 2 2 2 2 2 2 2 2 2 2 2 2 2 2
left_child=6 2 3 -2 5 -3 7 13 -9 11 -11 -8 -6 -1 -4
right_child=1 4 14 -5 12 -7 9 8 -10 10 -12 -13 -14 -15 -16
leaf_value=-0.0028684355520060085 0.0021348056760126344 -0.00025329367666762084 -0.0066282153737438499 -0.0037528022028889552 -0.0012411697044029156 0.0022275870366763222 3.0408261545024351e-05 -0.0011269678199904169 0.006130610164350259 0.00057235794685966403 -0.00019927095063052293 0.0015519349928363292 0.00013883456541655958 -0.0023511478955166925 -0.0045003953531835587
leaf_weight=41 40 42 42 43 69 45 74878 473 75 703 11458 487 45 50 40
leaf_count=41 40 42 42 43 69 45 74878 473 75 703 11458 487 45 50 40
internal_value=4.80058e-06 -0.0057377 -0.0128788 -0.00150602 0.000124378 0.00833333 2.86395e-05 -0.00387324 -0.000729927 5.71259e-05 -0.000787353 0.000193392 -0.00614035 -0.0228022 -0.0243902
internal_weight=88531 366 165 83 201 87 88165 639 548 87526 12161 75365 114 91 82
internal_count=88531 366 165 83 201 87 88165 639 548 87526 12161 75365 114 91 82
is_linear=0
shrinkage=0.05


Tree=242
num_leaves=13
num_cat=0
split_feature=6 13 18 5 6 6 6 9 16 16 6 19
split_gain=4.69183 6.15822 5.44466 5.60901 5.06892 28.6464 27.6916 32.7966 15.8448 11.5771 9.23198 4.90626
threshold=0.99981043035926087 0.14373376642773192 60.687500000000007 0.013976441590891219 0.96407344085605606 0.96849880583763492 0.94636490295939868 0.20238329161774835 125.65000000000002 8.4500000000000011 0.86869874770991873 2.4562500000000003
decision_type=2 2 2 2 2 2 2 2 2 2 2 2
left_child=4 -2 3 -3 6 9 10 -8 -7 -6 -1 -4
right_child=1 2 11 -5 5 8 7 -9 -10 -11 -12 -13
leaf_value=-2.2148345122183224e-05 0.0032670922845681656 -0.00037691973268053904 0.00015009611135507195 -0.0045623798805152068 0.0066951654014244912 -0.00045470219761317157 -0.0041742988383721208 -0.0011529252862530399 0.0018711969368867543 9.1234833031761397e-05 0.0007913088517037093 -0.0014983695893812895
leaf_weight=79374 47 63 120 79 216 3169 244 841 787 79 3487 54
leaf_count=79374 47 63 120 79 216 3169 244 841 787 79 3487 54
internal_value=-4.34734e-05 -0.00571625 -0.00822785 -0.015493 -2.01254e-05 0.00166431 -0.000105425 -0.00804147 0.000543478 0.0166949 -1.50855e-06 -0.00229885
internal_weight=88560 363 316 142 88197 4251 83946 1085 3956 295 82861 174
internal_count=88560 363 316 142 88197 4251 83946 1085 3956 295 82861 174
is_linear=0
shrinkage=0.05


Tree=243
num_leaves=16
num_cat=0
split_feature=6 6 5 5 5 4 9 19 12 21 21 18 20 15 12
split_gain=3.80395 16.8627 9.10853 12.0694 18.1223 11.5253 10.2977 7.62866 7.29448 7.14262 6.57384 12.2739 6.11873 6.04424 3.18237
threshold=-0.64580103137750788 -0.62587551141915865 0.7210268013660811 0.69676570133721638 0.7090011537757156 -0.13052619222005149 0.68793292783714521 22.631250000000005 326.25000000000006 0.081590484291179904 0.90430169760124302 93.312500000000014 5.0318750000000012 154.50000000000003 507.15000000000003
decision_type=2 2 2 2 2 2 2 2 2 2 2 2 2 2 2
left_child=2 10 3 9 -5 13 -7 8 -3 -1 11 -2 -9 -4 -12
right_child=1 7 5 4 -6 6 -8 12 -10 -11 14 -13 -14 -15 -16
leaf_value=0.0035317397593407907 0.0012005010575688814 -4.6068320782011177e-05 0.0025610047782517937 -0.0038866231646054409 0.0010404075153158221 -0.0044340083710605908 0.00079586823314737329 -0.00025407247423138299 0.00017572665900372764 7.3511118702052075e-05 -0.0009581697992763899 -0.0052965303335705712 0.0047539593783650358 0.0009727301934978783 -0.0014969065620445256
leaf_weight=421 207 49730 91 298 307 126 94 2042 5266 28536 400 146 48 598 107
leaf_count=421 207 49730 91 298 307 126 94 2042 5266 28536 400 146 48 598 107
internal_value=3.59094e-05 -0.000201912 0.000488169 0.000336581 -0.00665289 0.00541804 -0.00454545 -9.72217e-05 1.54557e-05 0.000482612 -0.00715116 -0.00191218 -0.0030622 0.00859942 -0.0107988
internal_weight=88417 57946 30471 29562 605 909 220 57086 54996 28957 860 353 2090 689 507
internal_count=88417 57946 30471 29562 605 909 220 57086 54996 28957 860 353 2090 689 507
is_linear=0
shrinkage=0.05


Tree=244
num_leaves=15
num_cat=0
split_feature=17 3 22 21 6 22 5 20 5 6 5 20 20 18
split_gain=4.13671 7.42515 6.87995 6.94329 6.75026 4.8216 3.54479 8.14072 10.1832 8.99657 5.75334 9.94167 5.06503 2.91667
threshold=307.50000000000006 0.097964660725097366 0.47758172897001266 0.70857451176161834 -0.99761278905001471 0.5000410812661723 0.91248814248966237 0.68687500000000024 0.96904697354198299 0.31595530242620651 0.9053161325100999 2.7168750000000008 3.7131250000000007 99.937500000000014
decision_type=2 2 2 2 2 2 2 2 2 2 2 2 2 2
left_child=6 4 13 -4 -2 -6 10 8 -8 -9 12 -12 -1 -3
right_child=1 2 3 -5 5 -7 7 9 -10 -11 11 -13 -14 -15
leaf_value=4.5041395073525115e-05 0.0056291371939670492 -0.0059632388793160879 0.0048049895293008479 0.00025181103308510866 0.0052349743356839319 -0.0015918526009594119 0.0038071851994496242 -0.00010815975598542084 1.8170249891535928e-05 -0.0014406937156950491 -0.00016068390947821532 0.0028932697237677441 -0.00021751520498251853 -0.0002332397966874532
leaf_weight=61075 61 42 516 331 67 785 202 10015 488 1244 283 195 13092 70
leaf_count=61075 61 42 516 331 67 785 202 10015 488 1244 283 195 13092 70
internal_value=-1.69557e-06 0.00232372 0.00539625 0.00693625 -0.000903614 -0.00205399 -5.19666e-05 -0.000851536 0.00442029 -0.00117462 7.60265e-05 0.00554393 4.07863e-05 -0.00625
internal_weight=88466 1872 959 847 913 852 86594 11949 690 11259 74645 478 74167 112
internal_count=88466 1872 959 847 913 852 86594 11949 690 11259 74645 478 74167 112
is_linear=0
shrinkage=0.05


Tree=245
num_leaves=16
num_cat=0
split_feature=13 15 22 5 5 19 22 19 18 9 3 4 12 21 12
split_gain=4.55224 9.17238 9.06938 8.87437 7.82542 8.39503 7.53901 7.51335 8.10945 5.86743 5.62071 5.40598 4.22892 7.1654 6.89723
threshold=0.87045635881644057 701.50000000000011 1.0131378839697607 0.39036257410962044 0.75580964594513067 15.456250000000002 1.2282916162032704 25.593750000000004 19.687500000000004 0.44933848402502424 1.0000000180025095e-35 -0.72947329433276242 412.65000000000003 0.79957134245509198 253.35000000000002
decision_type=2 2 2 2 2 2 2 2 2 2 2 2 2 2 2
left_child=1 12 3 -3 7 6 -6 8 -2 -7 -4 -9 14 -14 -1
right_child=4 2 10 -5 5 9 -8 11 -10 -11 -12 -13 13 -15 -16
leaf_value=-4.051786312967432e-05 0.00042289363975948349 0.00030694102660910882 4.1909797474815047e-05 -0.0002476146639149135 -0.00027075676311555662 0.0017609838832452153 0.0023029639124963366 -0.00021347377081947229 -0.00012036380849735351 -0.0004477074020785704 0.00025079747519663468 0.00028528320304413993 -8.6463990154311843e-05 -0.00030344033714541367 0.00019357114834542277
leaf_weight=62657 936 1333 99 763 846 42 102 1060 4421 374 210 161 3046 1440 10950
leaf_count=62657 936 1333 99 763 846 42 102 1060 4421 374 210 161 3046 1440 10950
internal_value=-6.67119e-05 4.59639e-05 0.00308732 0.0019084 -0.00120876 -0.00465543 -0.00205696 -0.000494071 0.000312675 -0.0105769 0.0110841 -0.00403358 -4.76995e-05 -0.00153812 4.31345e-05
internal_weight=88440 80498 2405 2096 7942 1364 948 6578 5357 416 309 1221 78093 4486 73607
internal_count=88440 80498 2405 2096 7942 1364 948 6578 5357 416 309 1221 78093 4486 73607
is_linear=0
shrinkage=0.05


Tree=246
num_leaves=15
num_cat=0
split_feature=21 6 5 5 5 15 4 22 21 16 0 6 6 9
split_gain=3.83464 25.7394 33.6645 41.8573 25.6973 19.8986 11.1382 10.8234 12.7898 8.88886 5.63054 3.71678 11.4203 2.89371
threshold=1.0000000180025095e-35 0.26659387353423869 0.1849296026015865 0.13398903995667991 0.23537774960157334 17.500000000000004 -0.44228869021900119 0.15296118912707182 0.2147305656679136 1.0000000180025095e-35 16.168530941849877 0.99611390731392835 0.95936279103287792 0.57713002916505951
decision_type=2 2 2 2 2 2 2 2 2 2 2 2 2 2
left_child=1 6 3 -3 -4 11 13 9 -9 -7 -8 12 -2 -1
right_child=5 2 4 -5 -6 7 10 8 -10 -11 -12 -13 -14 -15
leaf_value=0.0040900541708089738 -0.0022038403795102538 0.00011212475481343354 -0.003659779217708162 0.0045266374347901232 -0.0020473845333509669 -0.0013175985229776949 0.0044184480617582072 0.0006996591003161968 -2.4220912275596532e-05 4.8108810674625527e-05 -0.00050813492754931691 -0.0028705654693838138 0.0017213163789825639 0.0066010763381802208
leaf_weight=229 1613 6947 227 241 551 779 310 3905 72282 560 295 57 115 214
leaf_count=229 1613 6947 227 241 551 779 310 3905 72282 560 295 57 115 214
internal_value=-8.97254e-05 0.000887508 -8.15968e-05 0.000987757 -0.00996144 -0.000200792 0.00825382 -8.06181e-05 -2.29698e-06 -0.00453697 0.00384298 -0.00542017 -0.00500579 0.0142777
internal_weight=88325 9014 7966 7188 778 79311 1048 77526 76187 1339 605 1785 1728 443
internal_count=88325 9014 7966 7188 778 79311 1048 77526 76187 1339 605 1785 1728 443
is_linear=0
shrinkage=0.05


Tree=247
num_leaves=16
num_cat=0
split_feature=16 2 4 18 19 13 5 20 19 9 9 6 13 9 19
split_gain=4.0833 13.9381 14.4084 12.5125 14.802 6.2379 5.59649 5.4472 12.6656 12.2266 11.6447 23.1471 6.0362 5.78502 5.08207
threshold=679.45000000000016 0.50584714282254206 -0.93540483100319616 31.812500000000004 32.237500000000004 0.40867470018149421 0.86548282553247169 3.7343750000000009 2.9687500000000004 0.17434099974896719 0.070377017875338482 0.94066717844141279 0.14373376642773192 0.79378270001952722 8.9812500000000028
decision_type=2 2 2 2 2 2 2 2 2 2 2 2 2 2 2
left_child=7 2 14 4 -3 -4 -5 10 12 -10 11 -1 -9 -12 -2
right_child=1 3 5 6 -6 -7 -8 8 9 -11 13 -13 -14 -15 -16
leaf_value=0.0013036884523664957 -9.2980790394847643e-05 6.2146394433365565e-05 0.00025821036842414989 -0.00016209568722901359 -0.00024967077127787952 -0.00082605701529528679 -0.00066368193801841788 0.00076943461333349764 0.001418960911508524 -0.00026181467669099124 8.1120646357477072e-05 -0.0022745309666811178 -0.0021681129363210409 0.00086183420022694919 0.0019838170714602701
leaf_weight=168 53 4565 75 1457 188 630 371 104 725 14649 63851 169 304 948 63
leaf_count=168 53 4565 75 1457 188 630 371 104 725 14649 63851 169 304 948 63
internal_value=-1.07563e-05 -0.00113483 -0.00727771 -0.000368485 0.000983589 -0.00996454 -0.00388403 9.20685e-05 -0.000741351 -0.000510602 0.000294 -0.00897626 -0.00943627 0.000342212 0.00905172
internal_weight=88320 7402 821 6581 4753 705 1828 80918 15782 15374 65136 337 408 64799 116
internal_count=88320 7402 821 6581 4753 705 1828 80918 15782 15374 65136 337 408 64799 116
is_linear=0
shrinkage=0.05


Tree=248
num_leaves=15
num_cat=0
split_feature=3 16 3 12 17 22 9 22 3 4 9 19 5 2
split_gain=3.26156 15.7515 12.045 9.67625 15.1315 11.2315 9.39873 6.82547 10.3894 15.2682 13.9673 6.59355 6.27707 4.37903
threshold=-0.8814490726585632 408.75000000000006 -0.9103761370219875 33.750000000000007 32.500000000000007 1.0293035629528646 0.32277946608445329 0.98744854199646437 0.63405362205439464 -0.44228869021900119 0.20238329161774835 -3.8062499999999995 -0.67803021058859214 0.36502403066210909
decision_type=2 2 2 2 2 2 2 2 2 2 2 2 2 2
left_child=1 3 6 4 -1 -5 -3 11 10 -10 -9 -2 -13 -4
right_child=7 2 13 5 -6 -7 -8 8 9 -11 -12 12 -14 -15
leaf_value=-0.00067737623654575698 -0.0016384865652330596 0.0033917060173958707 -0.00056268861550348714 -0.00019302086622520755 0.0013856219588234216 -0.0012219524448289138 -0.0010617880154862064 -0.0022762794450855604 -0.00051115100512219016 0.0002463223172775586 0.00020877705177935191 -0.00020291025554784183 6.1380319039808229e-05 0.00062041630791263575
leaf_weight=1625 41 41 86 4202 1753 288 1051 118 983 3082 4587 21674 48671 211
leaf_count=1625 41 41 86 4202 1753 288 1051 118 983 3082 4587 21674 48671 211
internal_value=-1.66831e-05 -0.000904721 -0.00581353 -3.81291e-05 0.00198342 -0.00155902 -0.00824176 8.71696e-05 0.00140251 -0.000448954 0.00300213 -7.67198e-05 -6.50366e-05 0.00311448
internal_weight=88413 9257 1389 7868 3378 4490 1092 79156 8770 4065 4705 70386 70345 297
internal_count=88413 9257 1389 7868 3378 4490 1092 79156 8770 4065 4705 70386 70345 297
is_linear=0
shrinkage=0.05


Tree=249
num_leaves=14
num_cat=0
split_feature=5 5 19 20 19 17 21 5 20 13 12 6 19
split_gain=4.87539 9.11098 10.49 12.0026 8.85867 7.39314 7.16061 6.60958 9.6919 4.60855 8.66473 7.35325 3.17663
threshold=0.99700008544936913 0.99818282439137029 8.6812500000000039 3.1193750000000007 6.7812500000000009 61.500000000000007 0.81935944127283145 0.9962888416657264 3.8756250000000008 0.68787960882741095 253.35000000000002 0.9980355542543059 10.606250000000003
decision_type=2 2 2 2 2 2 2 2 2 2 2 2 2
left_child=7 4 5 -4 -2 -3 -6 9 12 10 -1 -11 -9
right_child=1 2 3 -5 6 -7 -8 8 -10 11 -12 -13 -14
leaf_value=2.1940690368149607e-07 -0.00064636292136969207 0.0029255943385087706 -0.00093702500954311876 0.00016146068604817876 0.0070676211708939063 0.00020476211284568003 0.00022048174251807496 0.00025351123423245639 -0.0040204031354605929 -6.0616314952052777e-05 0.00054022713814757259 -0.0039318323774000406 -0.00024278972674329768
leaf_weight=56727 63 138 378 1074 205 135 219 47 68 22612 6136 134 137
leaf_count=56727 63 138 378 1074 205 135 219 47 68 22612 6136 134 137
internal_value=1.05027e-05 0.00232821 0.000623188 -0.00106749 0.00836756 0.00961538 0.010967 -4.92074e-05 -0.00813492 -2.54062e-05 0.000195266 -0.000635277 -0.00217391
internal_weight=88073 2212 1725 1452 487 273 424 85861 252 85609 62863 22746 184
internal_count=88073 2212 1725 1452 487 273 424 85861 252 85609 62863 22746 184
is_linear=0
shrinkage=0.05


Tree=250
num_leaves=16
num_cat=0
split_feature=16 20 19 6 19 22 9 19 5 21 22 18 3 19 0
split_gain=4.17926 11.1404 10.4585 14.7234 8.91778 7.92005 6.47834 9.21209 16.7086 6.29697 6.2161 6.1718 17.6705 13.5769 4.64153
threshold=679.45000000000016 0.9593750000000002 32.237500000000004 -0.99983123799342477 13.606250000000003 0.95844462698335453 0.70931095128662991 6.1437500000000016 0.21862473630160603 0.15884912494658435 0.90787047602544113 67.312500000000014 1.0000000180025095e-35 3.193750000000001 431.50834733649566
decision_type=2 2 2 2 2 2 2 2 2 2 2 2 2 2 2
left_child=6 4 3 -3 14 -6 11 8 -8 -9 -4 12 -1 -13 -2
right_child=1 2 10 -5 5 -7 7 9 -10 -11 -12 13 -14 -15 -16
leaf_value=0.00070493094003919459 -0.0014839212242766687 0.00088625678549088542 0.00036328441196453178 -1.1061820535779311e-05 -0.00046290907904073534 3.7059520719928689e-05 -0.0035643225616999591 0.0040221931726348538 0.0018374472335114357 7.4714547583251695e-05 -0.00039869500209835373 -0.0012621133784408095 -0.00024374683835849955 -5.3550737929686236e-05 -5.703382124318257e-05
leaf_weight=10185 173 58 43 6235 352 328 132 265 747 8586 159 3040 11989 46000 58
leaf_count=10185 173 58 43 6235 352 328 132 265 747 8586 159 3040 11989 46000 58
internal_value=-2.4335e-05 -0.00116122 -0.00043495 -7.54807e-05 -0.00633919 -0.00345588 7.96847e-05 0.00128983 0.00617179 0.000804994 -0.0116337 -8.56573e-05 0.000606566 -0.000398654 -0.0148268
internal_weight=88350 7406 6495 6293 911 680 80944 9730 879 8851 202 71214 22174 49040 231
internal_count=88350 7406 6495 6293 911 680 80944 9730 879 8851 202 71214 22174 49040 231
is_linear=0
shrinkage=0.05


Tree=251
num_leaves=12
num_cat=0
split_feature=1 13 19 5 4 22 16 12 18 20 21
split_gain=4.44378 4.63884 11.1372 7.65068 4.1763 13.0835 8.21662 2.80987 2.17446 4.89118 1.85233
threshold=13.513947961999083 0.070928051086202856 -1.4187499999999995 -0.72696319516528884 -0.58216583101416164 1.0901460155958185 757.6500000000002 14.250000000000002 70.687500000000014 1.8181250000000004 1.2176621283870555
decision_type=2 2 2 2 2 2 2 2 2 2 2
left_child=7 2 -2 -4 5 -3 -6 8 9 -1 -10
right_child=1 4 3 -5 6 -7 -8 -9 10 -11 -12
leaf_value=0.0019981496075970051 -0.0015871550878057779 3.3756412953003803e-05 -0.0018029762688779234 -4.5528389842348914e-06 -8.4467826026063403e-05 0.0033438430223346003 -0.00038939937415770901 0.012858143361108108 -0.00026017415907428901 0.014312666653771407 0.0057962074037993588
leaf_weight=260 73 54186 423 1511 30295 712 322 48 308 48 46
leaf_count=260 73 54186 423 1511 30295 712 322 48 308 48 46
internal_value=3.96681e-06 -2.7993e-05 -0.00240409 -0.00168046 2.77729e-05 0.000288717 -0.000440115 0.00394366 0.00309668 0.00616883 0.000423729
internal_weight=88232 87522 2007 1934 85515 54898 30617 710 662 308 354
internal_count=88232 87522 2007 1934 85515 54898 30617 710 662 308 354
is_linear=0
shrinkage=0.05


Tree=252
num_leaves=14
num_cat=0
split_feature=9 19 9 6 19 6 7 16 9 6 5 5 3
split_gain=4.19753 13.6533 7.02379 13.996 14.1259 6.95519 6.23823 5.87209 5.6541 22.6147 5.21771 4.24794 0.252781
threshold=0.11750964431003839 -1.0062499999999999 0.18276329663276905 0.71353761266622884 8.6812500000000039 0.95178258287705175 16.125000000000004 313.7000000000001 0.2079485846371639 0.71353761266622884 0.68432406471780916 0.99700008544936913 1.0000000180025095e-35
decision_type=2 2 2 2 2 2 2 2 2 2 2 2 2
left_child=1 12 3 4 -2 -5 7 -3 9 -4 -8 -10 -1
right_child=2 6 8 5 -6 -7 10 -9 11 -11 -12 -13 -14
leaf_value=-0.0021880878665706052 0.0011091186641142669 -0.00058751885707995918 0.00066850588497927791 0.0030559457706725163 -0.0019310160977156932 0.00067711065494836797 0.00022265829822892548 -0.0081913291879858047 -1.6169696529780288e-05 -0.0028210496326028013 0.0040282396806513273 0.00022156452803321348 -0.0015260861057124042
leaf_weight=40 510 664 532 631 617 605 482 58 81607 588 71 1978 46
leaf_count=40 510 664 532 631 617 605 482 58 81607 588 71 1978 46
internal_value=-5.5129e-05 -0.00281043 -1.20595e-05 0.00267668 -0.00135315 0.00635113 -0.0015098 -0.00457064 -8.70669e-05 -0.00361607 0.00248644 -3.97799e-05 -0.022093
internal_weight=88429 1361 87068 2363 1127 1236 1275 722 84705 1120 553 83585 86
internal_count=88429 1361 87068 2363 1127 1236 1275 722 84705 1120 553 83585 86
is_linear=0
shrinkage=0.05


Tree=253
num_leaves=15
num_cat=0
split_feature=17 6 20 5 5 6 5 20 5 6 19 6 3 17
split_gain=3.792 6.35233 10.4623 7.25419 5.09965 3.71661 20.5101 23.0118 15.4618 15.1485 7.8674 5.09127 2.81387 2.01602
threshold=307.50000000000006 -0.7444366621422277 4.3931250000000013 -0.54220184589352438 -0.49813634056773481 0.98486764554468398 0.13398903995667991 0.46312500000000006 0.082691702092476851 0.98174098242282837 1.0000000180025095e-35 0.96407344085605606 0.41248606129204562 322.50000000000006
decision_type=2 2 2 2 2 2 2 2 2 2 2 2 2 2
left_child=5 3 12 -2 -5 9 8 -8 -7 11 -11 -1 -3 -4
right_child=1 2 13 4 -6 6 7 -9 -10 10 -12 -13 -14 -15
leaf_value=-2.3015003140769433e-05 -0.0020351027796973067 0.0027033850127116733 -0.00077385110230506491 0.014106187502296703 0.00018371512800645641 0.00043019599440749235 0.0042406829603505725 -0.00045929211578247116 -0.002399078165150054 -0.0023131318494342859 -0.00073917020534790831 0.0014583545215370365 0.0061278369229999493 -0.0046068652494810876
leaf_weight=82019 66 370 44 43 1171 2089 254 218 461 169 126 1322 132 41
leaf_count=82019 66 370 44 43 1171 2089 254 218 461 169 126 1322 132 41
internal_value=-2.00508e-05 0.00220943 0.00651618 0.000234375 0.00111203 -6.80837e-05 0.00165453 0.0112288 -0.000117647 -0.000130327 -0.0114407 -9.02917e-05 0.00926295 -0.00970588
internal_weight=88525 1867 587 1280 1214 86658 3022 472 2550 83636 295 83341 502 85
internal_count=88525 1867 587 1280 1214 86658 3022 472 2550 83636 295 83341 502 85
is_linear=0
shrinkage=0.05


Tree=254
num_leaves=16
num_cat=0
split_feature=5 3 5 6 18 18 5 6 16 19 5 19 19 19 20
split_gain=3.83683 11.1663 10.6868 29.1978 20.5419 16.7416 10.912 23.0339 11.0241 7.77609 8.25471 7.44149 8.77164 6.63113 6.30816
threshold=-0.8781231054254196 0.97335555334614954 -0.67803021058859214 0.689015599449598 38.437500000000007 55.687500000000007 -0.58482361983252518 0.78192542922038288 1.7500000000000002 24.331250000000008 -0.90893996196865023 11.393750000000002 8.8812500000000032 16.131250000000005 1.3118750000000003
decision_type=2 2 2 2 2 2 2 2 2 2 2 2 2 2 2
left_child=1 9 3 4 -2 -5 7 -4 -8 10 -1 12 -3 -13 -11
right_child=2 11 6 5 -6 -7 8 -9 -10 14 -12 13 -14 -15 -16
leaf_value=0.00026168954042391223 0.00027408671500856184 -0.0018587385124619882 0.00015179517711688963 -0.0015549436046126783 -0.00072709850466984869 -0.0060562936908930172 -0.00058211994008275651 0.0048934369750526542 3.8310510947853205e-05 -0.0081037957872080596 0.0020619167240576524 0.00054186315747271343 -0.0053201638550124377 -0.0029884034202624019 -0.00041334627225136922
leaf_weight=11195 3111 395 2850 338 6259 394 8452 321 52071 53 1855 585 238 132 282
leaf_count=11195 3111 395 2850 338 6259 394 8452 321 52071 53 1855 585 238 132 282
internal_value=4.80058e-06 0.000741432 -0.000142284 -0.00165314 -0.000901814 -0.0112705 9.73404e-05 0.00295648 -5.24594e-05 0.00117856 0.00137165 -0.00359259 -0.00754344 -0.000104603 -0.00634328
internal_weight=88531 14735 73796 10102 9370 732 63694 3171 60523 13385 13050 1350 633 717 335
internal_count=88531 14735 73796 10102 9370 732 63694 3171 60523 13385 13050 1350 633 717 335
is_linear=0
shrinkage=0.05


Tree=255
num_leaves=16
num_cat=0
split_feature=16 2 4 15 20 3 20 19 9 13 9 6 12 5 22
split_gain=4.40591 11.2434 13.5584 12.5311 11.9134 6.91657 5.30715 17.0871 11.3996 7.69791 7.35239 22.2088 5.45104 4.90821 1.48028
threshold=679.45000000000016 0.50584714282254206 -0.93540483100319616 466.50000000000006 3.7581250000000006 -0.68322629814330804 3.7131250000000007 2.9687500000000004 0.17434099974896719 0.27809467632649715 0.070377017875338482 0.94066717844141279 226.65000000000003 -0.814291907305839 0.98461031240766128
decision_type=2 2 2 2 2 2 2 2 2 2 2 2 2 2 2
left_child=6 2 13 14 -5 -4 10 9 -9 -8 11 -1 -12 -2 -3
right_child=1 3 5 4 -6 -7 7 8 -10 -11 12 -13 -14 -15 -16
leaf_value=0.0017037701681990799 0.0023600622893288209 0.0010457044593726566 -0.00012397117650543856 -6.181370893175164e-05 0.00024355966618937742 -0.0009269048908120387 -0.00064893314281719576 0.0013145583552523086 -0.00025056373738324423 -0.0041109430235002631 8.7006245821918959e-06 -0.0020097256178499613 0.00031926665980221147 1.0087109375866988e-05 0.0012727772956881102
leaf_weight=176 46 42 195 5749 794 504 222 718 14882 201 50117 160 14528 70 61
leaf_count=176 46 42 195 5749 794 504 222 718 14882 201 50117 160 14528 70 61
internal_value=-7.3758e-05 -0.00123643 -0.00677914 -0.000556726 -0.00082913 -0.00940629 3.33317e-05 -0.000781689 -0.000512821 -0.0106974 0.000234299 -0.00714286 0.000272643 0.00905172 0.0167476
internal_weight=88465 7461 815 6646 6543 699 81004 16023 15600 423 64981 336 64645 116 103
internal_count=88465 7461 815 6646 6543 699 81004 16023 15600 423 64981 336 64645 116 103
is_linear=0
shrinkage=0.05


Tree=256
num_leaves=14
num_cat=0
split_feature=12 1 5 3 22 15 20 9 5 9 9 19 9
split_gain=3.85261 9.60737 6.89331 6.70766 6.48177 5.3166 7.9667 5.00795 4.9971 4.90239 3.86501 11.1511 5.87783
threshold=517.65000000000009 866.73934746807072 -0.89406062840022227 0.77259657388510639 0.98997305079739462 719.50000000000011 4.0868750000000009 0.52999083231222144 0.65883702558178847 0.58968760776797768 0.11750964431003839 -1.0062499999999999 0.18276329663276905
decision_type=2 2 2 2 2 2 2 2 2 2 2 2 2
left_child=5 2 -2 -4 8 10 9 -8 -3 -7 11 -1 -12
right_child=1 4 3 -5 -6 6 7 -9 -10 -11 12 -13 -14
leaf_value=-0.0017067560782772859 0.0016056766654960197 7.9356372499694858e-05 -0.0001930014497292576 0.0017047486308528704 0.00066360423711060994 -0.00052615372225496288 -0.00018305332798805864 0.0012484473132226171 0.0040630499428715222 0.00017650641899078781 0.00066035404826260695 -0.00034128334129772679 -9.3808304146514323e-06
leaf_weight=81 63 1064 3940 43 71 415 46 155 44 766 2325 1229 78049
leaf_count=81 63 1064 3940 43 71 415 46 155 44 766 2325 1229 78049
internal_value=-4.67205e-05 -0.00136364 -0.00252101 -0.00278057 0.00260814 3.61159e-05 0.00311143 0.0123134 0.00166968 0.0015453 -1.5915e-05 -0.00270992 2.79941e-05
internal_weight=88291 5225 4046 3983 1179 83066 1382 201 1108 1181 81684 1310 80374
internal_count=88291 5225 4046 3983 1179 83066 1382 201 1108 1181 81684 1310 80374
is_linear=0
shrinkage=0.05


Tree=257
num_leaves=14
num_cat=0
split_feature=13 6 12 2 22 9 2 21 13 18 20 14 18
split_gain=4.70204 10.2315 9.06987 10.2845 7.59429 18.9282 15.208 8.81679 8.43771 7.8704 6.66318 6.22665 0.453118
threshold=0.56170495150404121 0.9989598388634241 22.650000000000002 0.50584714282254206 0.79935383724692055 0.070377017875338482 0.33497764832916194 0.8391819921784468 0.51615808870840063 90.562500000000014 2.1806250000000005 1.0000000180025095e-35 70.312500000000014
decision_type=2 2 2 2 2 2 2 2 2 2 2 2 2
left_child=4 2 10 -4 7 12 -7 8 -1 -9 -2 -3 -6
right_child=1 11 3 -5 5 6 -8 9 -10 -11 -12 -13 -14
leaf_value=-5.2467383423988188e-05 0.0019538262401720629 -0.0020111104193874323 -0.00035803351232056721 9.3885582057126614e-06 -0.0032401418172105069 -6.210649407512037e-06 0.00070522252971728103 -0.0028306380853526827 0.00088484853525091231 0.0023508818805348108 -0.0014717123273455092 -0.0036249337636252198 -0.0012830112633076909
leaf_weight=33098 1781 47 13739 19904 43 8341 6579 995 3048 190 485 76 50
leaf_count=33098 1781 47 13739 19904 43 8341 6579 995 3048 190 485 76 50
internal_value=-1.69729e-06 -0.000441274 -0.000391963 -0.000598193 0.000300894 0.00125058 0.00139075 -8.10319e-05 5.80977e-05 -0.00432489 0.0026699 -0.0148374 -0.0212366
internal_weight=88376 36032 35909 33643 52344 15013 14920 37331 36146 1185 2266 123 93
internal_count=88376 36032 35909 33643 52344 15013 14920 37331 36146 1185 2266 123 93
is_linear=0
shrinkage=0.05


Tree=258
num_leaves=15
num_cat=0
split_feature=6 5 15 6 6 5 20 5 18 9 16 0 22 3
split_gain=4.05042 7.29126 6.83688 5.41907 16.4966 13.32 17.7732 15.9451 7.98631 5.71535 5.37743 5.26042 2.54569 0.499101
threshold=0.99981043035926087 0.013976441590891219 23.500000000000004 0.98486764554468398 0.98174098242282837 0.13398903995667991 1.1331250000000004 0.082691702092476851 97.437500000000014 0.11750964431003839 14.550000000000002 155.87103344848722 0.58571220149313818 0.29012925520284144
decision_type=2 2 2 2 2 2 2 2 2 2 2 2 2 2
left_child=3 10 13 4 9 7 -7 -5 -6 -1 11 -2 -12 -3
right_child=1 2 -4 5 8 6 -8 -9 -10 -11 12 -13 -14 -15
leaf_value=-0.00067247691119092792 -2.7667080070059583e-05 -0.006480329876404913 6.2716227718595527e-05 0.0010037779284743033 -0.0022031353327434332 0.0037339411534474455 -0.0012465026270936487 -0.0021593256602915668 0.0027185263871020871 5.866789905040193e-06 -0.0015767608712871529 0.0010241862202492375 -0.00014174586713112391 -0.0010898464451608691
leaf_weight=1261 93 54 50 1761 253 283 179 450 51 83809 43 45 41 41
leaf_count=1261 93 54 50 1761 253 283 179 450 51 83809 43 45 41 41
internal_value=-3.39313e-06 -0.00524523 -0.0139655 1.84561e-05 -5.09523e-05 0.00223532 0.00995671 0.000621891 -0.0116776 -9.40402e-06 0.00045045 0.00652174 -0.00952381 -0.0218421
internal_weight=88414 367 145 88047 85374 2673 462 2211 304 85070 222 138 84 95
internal_count=88414 367 145 88047 85374 2673 462 2211 304 85070 222 138 84 95
is_linear=0
shrinkage=0.05


Tree=259
num_leaves=14
num_cat=0
split_feature=9 19 7 6 5 9 6 19 9 6 6 5 7
split_gain=4.07069 11.3283 4.56798 5.095 4.43854 4.18832 12.5779 14.3569 6.28256 20.5381 5.78671 4.85275 0.24277
threshold=0.11750964431003839 -1.0062499999999999 12.125000000000002 0.97648852793709995 0.95752911693909493 0.18276329663276905 0.71353761266622884 8.6812500000000039 0.2079485846371639 0.96849880583763492 0.99958851518450398 0.99700008544936913 13.875000000000002
decision_type=2 2 2 2 2 2 2 2 2 2 2 2 2
left_child=1 12 3 -3 -4 6 7 -2 9 -7 -8 -10 -1
right_child=5 2 4 -5 -6 8 10 -9 11 -11 -12 -13 -14
leaf_value=-0.0014348339199724378 0.0010367803235078992 -0.0015941022687553188 -0.00021893092096597112 0.0027682828045126938 0.0033017511747982578 4.4276269834266084e-05 0.0023290807638016832 -0.0018780659938975653 -1.2451398413781956e-05 -0.0037031053381819004 -0.00034442730854207726 0.00021377423384419392 -0.0016748096193055116
leaf_weight=40 485 354 748 50 82 856 1070 623 81651 311 142 1985 46
leaf_count=40 485 354 748 50 82 856 1070 623 81651 311 142 1985 46
internal_value=-4.72055e-05 -0.00280303 -0.00158023 -0.00594059 0.000542169 -5.45206e-06 0.00209052 -0.00175993 -6.27926e-05 -0.00370608 0.00561056 -1.19566e-05 -0.0203488
internal_weight=88443 1320 1234 404 830 87123 2320 1108 84803 1167 1212 83636 86
internal_count=88443 1320 1234 404 830 87123 2320 1108 84803 1167 1212 83636 86
is_linear=0
shrinkage=0.05


Tree=260
num_leaves=16
num_cat=0
split_feature=19 5 13 5 3 20 20 13 20 17 6 12 16 6 19
split_gain=4.37884 6.1036 10.5854 9.6288 7.45188 6.35609 10.1178 5.04718 4.52377 12.1995 10.2169 6.9724 6.30655 16.1382 7.36345
threshold=23.368750000000006 0.14250626876356556 0.81425772686268072 0.75580964594513067 0.032701564615071628 2.5531250000000005 3.5131250000000009 0.8742365309066461 3.3131250000000008 14.500000000000002 0.83258597624099873 16.950000000000006 663.6500000000002 -0.70900320270980455 16.443750000000005
decision_type=2 2 2 2 2 2 2 2 2 2 2 2 2 2 2
left_child=8 5 3 -3 -4 7 -7 -2 12 11 -11 -10 14 -14 -1
right_child=1 2 4 -5 -6 6 -8 -9 9 10 -12 -13 13 -15 -16
leaf_value=3.4410813888449689e-05 -0.00026335335273495189 0.0012601446731615813 -0.00026992003565459721 -0.0012102565813714662 8.0941542510520892e-05 0.00016054628227323844 -0.00080439448932323465 -0.00030315680301872818 -0.00094533134140482736 -0.000160195604964955 0.00081743190919520434 -0.0027482174438223927 0.00048855192870788104 -0.00019031237317718719 0.0004251152555671267
leaf_weight=39227 3367 650 554 229 336 1836 857 797 451 18935 2255 263 921 2719 15101
leaf_count=39227 3367 650 554 229 336 1836 857 797 451 18935 2255 263 921 2719 15101
internal_value=-7.90978e-06 -0.00107814 0.00154042 0.00543231 -0.00230337 -0.00175368 0.00013925 -0.00297791 0.000107672 -0.000504474 -0.000287872 -0.00693277 0.00033898 -0.00167582 0.000473973
internal_weight=88498 8626 1769 879 890 6857 2693 4164 79872 21904 21190 714 57968 3640 54328
internal_count=88498 8626 1769 879 890 6857 2693 4164 79872 21904 21190 714 57968 3640 54328
is_linear=0
shrinkage=0.05


Tree=261
num_leaves=14
num_cat=0
split_feature=22 6 13 4 16 5 5 16 21 9 5 19 12
split_gain=3.85369 12.9149 12.027 12.1884 10.1741 11.1009 16.1138 8.96184 8.01759 5.29741 7.57129 5.70939 1.75132
threshold=0.97254169820241654 -0.99983123799342477 0.33809385476125936 -0.55557023301960251 623.30000000000007 0.83849049182116964 0.9053161325100999 505.30000000000001 0.9960412099423831 0.70931095128662991 0.99274428880883148 31.018750000000008 446.55000000000001
decision_type=2 2 2 2 2 2 2 2 2 2 2 2 2
left_child=4 12 7 -4 9 8 -7 -3 -6 11 -11 -1 -2
right_child=1 2 3 -5 5 6 -8 -9 -10 10 -12 -13 -14
leaf_value=-2.7765452300394789e-05 0.00081062769263448022 0.00085946169975162573 7.9809741578296134e-05 -0.00025274550943318598 -0.00010888578666741755 -0.005387051879958491 -0.0013801520596609192 0.0020589643434030802 0.0015491421200560741 0.00029070529293159786 0.0032242498592399056 0.0011721615944202597 0.00089283230350533651
leaf_weight=63906 40 1592 5619 5071 4275 162 390 361 147 6599 218 86 55
leaf_count=63906 40 1592 5619 5071 4275 162 390 361 147 6599 218 86 55
internal_value=3.92562e-05 0.000843932 0.000705924 4.67727e-05 -9.59978e-05 -0.00228187 -0.00896739 0.00431388 -0.00144731 5.75492e-05 0.00138257 -8.36042e-05 0.0192105
internal_weight=88521 12738 12643 10690 75783 4974 552 1953 4422 70809 6817 63992 95
internal_count=88521 12738 12643 10690 75783 4974 552 1953 4422 70809 6817 63992 95
is_linear=0
shrinkage=0.05


Tree=262
num_leaves=14
num_cat=0
split_feature=5 20 5 15 5 5 5 15 17 3 0 19 3
split_gain=4.44002 20.2231 7.05274 7.48793 5.93871 14.1314 5.52621 5.42907 4.29738 4.08895 2.10368 2.13389 2.05781
threshold=0.99983759474438971 5.4931250000000009 0.99700008544936913 725.50000000000011 0.98213580174693105 0.98372640911059162 0.99818282439137029 119.50000000000001 26.500000000000004 0.99892946161930185 524.63272851139891 12.668750000000003 -0.097964660725097089
decision_type=2 2 2 2 2 2 2 2 2 2 2 2 2
left_child=2 7 4 6 9 -6 -4 8 -2 -1 11 -3 -9
right_child=1 10 3 -5 5 -7 -8 12 -10 -11 -12 -13 -14
leaf_value=1.6664123461773708e-05 -0.0012581025136971292 -4.6260850258428301e-05 0.0013168879482139129 0.00018255658002658826 -0.0049028707842111753 -0.00015256912903218389 0.00010081371917884594 -0.0010598116278646723 0.0017016403827930016 -0.00089665838792234447 0.0031901625401428158 0.0018501153891919921 -0.00095680056920217362
leaf_weight=81911 43 51 453 51 255 2962 1240 114 55 935 60 47 132
leaf_count=81911 43 51 453 51 255 2962 1240 114 55 935 60 47 132
internal_value=7.64362e-06 -0.00468127 3.44506e-05 0.00318234 -2.9339e-05 -0.00213708 0.0026137 -0.0114826 -0.00153061 5.25071e-05 0.0101266 0.00561224 -0.0154472
internal_weight=88309 502 87807 1744 86063 3217 1693 344 98 82846 158 98 246
internal_count=88309 502 87807 1744 86063 3217 1693 344 98 82846 158 98 246
is_linear=0
shrinkage=0.05


Tree=263
num_leaves=16
num_cat=0
split_feature=3 16 6 6 5 13 12 18 3 22 21 6 6 6 20
split_gain=4.95761 26.9198 9.12141 11.5654 10.8364 7.2354 11.7361 5.37007 20.8984 9.91773 13.7663 13.2568 9.65315 7.80827 2.89648
threshold=-0.9103761370219875 408.75000000000006 -0.95242240592625282 -0.94703994556331683 -0.031173458710879235 0.5400515653825414 87.750000000000014 63.062500000000007 -0.47114434510950071 0.15296118912707182 0.2147305656679136 -0.12545862287572049 0.45847758937963173 -0.99864786094873803 1.7106250000000005
decision_type=2 2 2 2 2 2 2 2 2 2 2 2 2 2 2
left_child=1 2 4 -4 -1 6 -3 8 12 11 -11 -9 -2 -10 -7
right_child=7 5 3 -5 -6 14 -8 9 13 10 -12 -13 -14 -15 -16
leaf_value=0.00038320416361796173 0.00026926765605209124 -0.0010636764850943726 0.0046118981937676665 0.00013619371723114782 -0.0019318365308365699 -0.0012935101064780797 0.00020210353400373083 -0.0018205619278873751 0.00029623950924998756 0.00066451224033340923 -0.00011084232352143593 -0.00021047523749871124 0.0040002803190579668 -2.6798649110798545e-05 -0.0012256050543482556
leaf_weight=762 4069 537 105 5137 912 91 251 577 468 4087 46396 1348 1882 21435 238
leaf_count=762 4069 537 105 5137 912 91 251 577 468 4087 46396 1348 1882 21435 238
internal_value=-5.12487e-05 -0.00123553 -7.22961e-05 0.000953834 -0.00328554 -0.00843778 -0.00583756 6.72797e-05 0.000628276 -0.000230881 -9.65672e-05 -0.00375325 0.00325576 -8.56047e-05 -0.0146657
internal_weight=88295 8033 6916 5242 1674 1117 788 80262 27854 52408 50483 1925 5951 21903 329
internal_count=88295 8033 6916 5242 1674 1117 788 80262 27854 52408 50483 1925 5951 21903 329
is_linear=0
shrinkage=0.05


Tree=264
num_leaves=13
num_cat=0
split_feature=0 3 16 21 13 22 6 21 12 3 3 9
split_gain=4.23165 4.91946 25.9855 9.85454 7.67235 5.19081 10.3476 8.40082 2.83142 2.06886 3.99704 1.67921
threshold=10.612183378598129 -0.9103761370219875 387.45000000000005 0.24589596527448276 0.53371152228008734 0.96029977208633455 -0.99938741687870725 0.8751774575083191 14.250000000000002 0.93540483100319627 0.84874750804349197 0.48468621020336056
decision_type=2 2 2 2 2 2 2 2 2 2 2 2
left_child=8 2 3 -2 -4 7 -7 -3 9 10 -1 -11
right_child=1 5 4 -5 -6 6 -8 -9 -10 11 -12 -13
leaf_value=0.0054331383300268684 -0.0015843946804038778 4.0579980567622548e-05 -0.00054223673488924264 0.00017428714964710658 -0.0011438843687172795 0.0005037247643476017 5.2736710736933647e-05 -0.00022466124700976087 0.012968111638576307 0.0060425941591569169 -0.0044707226020963891 0.0026941145226227372
leaf_weight=328 872 58698 828 5701 393 254 12021 8993 45 80 123 79
leaf_count=328 872 58698 828 5701 393 254 12021 8993 45 80 123 79
internal_value=3.67585e-06 -2.62078e-05 -0.0012253 1.90172e-05 -0.00792383 9.06635e-05 0.00103666 -8.08822e-05 0.00400763 0.00311475 0.00138581 0.00801887
internal_weight=88415 87760 7794 6573 1221 79966 12275 67691 655 610 451 159
internal_count=88415 87760 7794 6573 1221 79966 12275 67691 655 610 451 159
is_linear=0
shrinkage=0.05


Tree=265
num_leaves=16
num_cat=0
split_feature=19 2 9 18 3 3 20 21 18 18 6 6 21 6 9
split_gain=3.19851 7.30402 10.7448 12.9832 9.86647 14.2583 6.68452 5.86959 3.60841 12.2205 12.1443 22.6208 21.2187 9.38532 8.87001
threshold=23.368750000000006 0.32705831473860952 0.70953218712048716 21.812500000000004 -0.68322629814330804 -0.77259657388510605 3.0668750000000009 1.0075816826508219 98.062500000000014 85.937500000000014 0.82293497932636273 0.80290535434334509 0.33287017792920121 -0.99864786094873803 0.69931833206448257
decision_type=2 2 2 2 2 2 2 2 2 2 2 2 2 2 2
left_child=8 2 6 -4 5 -3 -2 -6 9 13 11 -10 -12 -1 -11
right_child=1 4 3 -5 7 -7 -8 -9 10 14 12 -13 -14 -15 -16
leaf_value=0.00093903549618313967 -0.00158502905580043 3.3868327346642249e-06 -0.0010386622352462557 0.00052138407954656634 -0.00010633852010480949 0.0012525050357254459 0.0014933128757307847 0.00014793614169508751 0.00010982408153063576 -0.00070282815049109166 0.0014903550245185346 -0.0033329552141815656 -0.00025549412810365045 4.0731653126280246e-05 0.00070970164047554638
leaf_weight=384 532 1387 182 380 5348 502 52 159 21028 13817 1460 329 1352 40303 1251
leaf_count=384 532 1387 182 380 5348 502 52 159 21028 13817 1460 329 1352 40303 1251
internal_value=-3.44765e-05 -0.000954109 -0.00466841 0.000266904 -0.000378583 0.00273954 -0.00941781 -0.00144816 6.38106e-05 -0.000157385 0.000574083 0.000167392 0.00366287 0.000293091 -0.00137377
internal_weight=88466 8542 1146 562 7396 1889 584 5507 79924 55755 24169 21357 2812 40687 15068
internal_count=88466 8542 1146 562 7396 1889 584 5507 79924 55755 24169 21357 2812 40687 15068
is_linear=0
shrinkage=0.05


Tree=266
num_leaves=16
num_cat=0
split_feature=21 6 5 5 5 15 22 16 6 6 6 9 3 20 0
split_gain=3.6143 22.7634 28.7399 29.2264 26.4056 20.2713 8.08055 11.5388 7.27188 6.33397 8.36027 3.73782 10.9026 5.55876 1.11722
threshold=1.0000000180025095e-35 0.33222858587828868 0.1849296026015865 0.13398903995667991 0.23537774960157334 17.500000000000004 0.15296118912707182 9.7500000000000018 -0.12545862287572049 0.31595530242620651 0.29958852271690523 0.3662786456596448 -0.68322629814330804 3.4606250000000007 155.87103344848722
decision_type=2 2 2 2 2 2 2 2 2 2 2 2 2 2 2
left_child=1 9 3 -3 -4 11 8 -8 -7 10 -1 12 -2 -13 -11
right_child=5 2 4 -5 -6 6 7 -9 -10 14 -12 13 -14 -15 -16
leaf_value=0.0032452618742074071 -0.003262306914116794 0.00012211380963128156 -0.0033352146965494253 0.003851297701629783 -0.0019215207588743788 -0.0014534444097848863 0.00054014201375233994 -1.0568168207952812e-05 -0.00017816051733831329 0.0071409028217344879 -0.0057811847204809587 -0.0017930477348622161 0.0011837243678643806 -0.002667083297712123 0.014853631220283421
leaf_weight=1260 215 6486 218 226 525 489 7173 69096 865 40 109 837 303 436 74
leaf_count=1260 215 6486 218 226 525 489 7173 69096 865 40 109 837 303 436 74
internal_value=4.8103e-05 0.00100134 -0.000124078 0.00090882 -0.00945491 -5.91835e-05 6.21594e-05 0.000130132 -0.00376662 0.0066588 0.00571585 -0.00531826 -0.00173745 -0.00677533 0.0179825
internal_weight=88352 8938 7455 6712 743 79414 77623 76269 1354 1483 1369 1791 518 1273 114
internal_count=88352 8938 7455 6712 743 79414 77623 76269 1354 1483 1369 1791 518 1273 114
is_linear=0
shrinkage=0.05


Tree=267
num_leaves=15
num_cat=0
split_feature=12 2 9 9 6 5 12 5 21 6 13 15 19 5
split_gain=4.37445 7.49839 7.40918 6.63868 6.42697 4.98071 4.58444 6.79703 11.9089 7.61272 4.9612 13.6207 5.77649 3.91513
threshold=523.05000000000007 0.85634169171603114 0.74146837446907365 0.75125368718129504 -0.56369940867848845 0.65883702558178847 276.15000000000003 -0.91597725483594616 0.90099071355720617 -0.99864786094873803 0.55831640354561862 361.50000000000006 -2.1312499999999996 0.013976441590891219
decision_type=2 2 2 2 2 2 2 2 2 2 2 2 2 2
left_child=6 2 4 -4 -2 13 10 8 -8 -9 12 -12 -1 -3
right_child=1 5 3 -5 -6 -7 7 9 -10 -11 11 -13 -14 -15
leaf_value=-0.0013273764043374447 -0.00023018100445887924 0.00041685460727353688 -0.0010991988903855472 -0.00012286683653842668 0.00017172816677677729 0.0018306596396991698 0.0028156921830872123 0.00069450882734765635 -0.00027496362881669346 2.5317696779086907e-05 -7.2993967093759604e-05 -0.00063828928670545126 4.6707174610582936e-05 -7.3080838679523424e-05
leaf_weight=208 2191 550 220 720 444 74 1569 426 338 14132 15123 1642 49955 866
leaf_count=208 2191 550 220 720 444 74 1569 426 338 14132 15123 1642 49955 866
internal_value=-9.60908e-06 -0.00143633 -0.00267832 -0.00648936 -0.00131879 0.00154362 7.70448e-05 0.000824476 0.00363136 0.000456794 -0.000106831 -0.000851476 0.000142037 0.000882768
internal_weight=88458 5065 3575 940 2635 1490 83393 16465 1907 14558 66928 16765 50163 1416
internal_count=88458 5065 3575 940 2635 1490 83393 16465 1907 14558 66928 16765 50163 1416
is_linear=0
shrinkage=0.05


Tree=268
num_leaves=12
num_cat=0
split_feature=6 13 3 5 12 17 15 13 20 6 12
split_gain=4.83761 7.45409 5.74938 4.47235 3.22192 6.46392 4.78803 3.52992 9.27073 7.57805 1.30577
threshold=0.99981043035926087 0.14373376642773192 -0.16280825711808958 0.013976441590891219 1.3500000000000003 66.500000000000014 58.500000000000007 0.56170495150404121 0.68687500000000024 0.99681593486783593 28.650000000000002
decision_type=2 2 2 2 2 2 2 2 2 2 2
left_child=4 -2 10 -4 5 6 -1 9 -9 -6 -3
right_child=1 2 3 -5 7 -7 -8 8 -10 -11 -12
leaf_value=-0.00090245745505293127 0.0030628502148593697 -0.0024002122644830566 0.00010629033980875946 -0.0010229150530716477 6.1371936428912541e-05 -0.0033121355559769979 0.0064907635389438671 0.00032013813124349424 -7.9873014114417723e-05 0.001993773869568072 -0.0034100120513008286
leaf_weight=632 46 50 122 93 50676 45 47 4884 31033 717 53
leaf_count=632 46 50 122 93 50676 45 47 4884 31033 717 53
internal_value=-1.69687e-05 -0.00576923 -0.00849057 -0.00383721 6.81555e-06 -0.00331492 -0.00209867 3.43603e-05 -0.000345936 0.000300138 -0.0182039
internal_weight=88398 364 318 215 88034 724 679 87310 35917 51393 103
internal_count=88398 364 318 215 88034 724 679 87310 35917 51393 103
is_linear=0
shrinkage=0.05


Tree=269
num_leaves=15
num_cat=0
split_feature=1 12 4 20 13 22 17 21 21 22 21 22 19 5
split_gain=3.81792 8.53923 6.10761 7.96257 8.18825 5.04631 14.7047 10.3465 4.8186 4.39017 4.53037 3.59362 3.80326 2.57109
threshold=862.76371110962691 553.65000000000009 -0.99465189230620676 3.6931250000000007 0.26177282056401446 0.96029977208633455 119.50000000000001 0.88935122622285934 0.45550102521122787 0.30687855228892058 1.026141835522296 0.19987769416013837 15.093750000000004 0.62587949062545845
decision_type=2 2 2 2 2 2 2 2 2 2 2 2 2 2
left_child=1 5 3 4 -2 7 -7 -1 -5 13 -11 -4 -13 -3
right_child=2 9 11 8 -6 6 -8 -9 -10 10 -12 12 -14 -15
leaf_value=1.1734016137175675e-05 -0.0042522650743454906 -0.00071911311500060806 -0.0013435315264108004 0.00015597017157639172 0.00050407663698709415 2.2404960654537345e-05 0.00038967828256039898 -0.00026203057646650432 -0.004521950886161189 -0.00013924489526237482 -0.0004150299166127136 0.0061750573985046107 0.00049938783865782765 -0.004758292263067467
leaf_weight=61276 97 50 43 93 630 11917 1604 8174 216 2230 45 115 1907 43
leaf_count=61276 97 50 43 93 630 11917 1604 8174 216 2230 45 115 1907 43
internal_value=-3.84441e-05 -0.000101068 0.00168494 -0.00144788 0.0014099 -1.65721e-05 0.00086717 -0.000188625 -0.00817152 -0.00306166 -0.00262637 0.00325666 0.00356083 -0.0137097
internal_weight=88440 85339 3101 1036 727 82971 13521 69450 309 2368 2275 2065 2022 93
internal_count=88440 85339 3101 1036 727 82971 13521 69450 309 2368 2275 2065 2022 93
is_linear=0
shrinkage=0.05


Tree=270
num_leaves=16
num_cat=0
split_feature=3 6 12 16 18 3 19 13 12 1 18 5 18 6 15
split_gain=3.52386 8.31329 6.64626 9.84038 7.12728 5.03954 5.14334 4.2898 3.47251 6.14361 5.6979 5.34786 3.8034 16.1777 10.1794
threshold=0.9946518923062071 -0.85225707553516283 66.750000000000014 53.850000000000001 96.437500000000014 0.99892946161930185 17.218750000000004 0.33809385476125936 523.05000000000007 875.72493372615816 99.937500000000014 -0.23537230790205757 63.062500000000007 -0.99864786094873803 17.500000000000004
decision_type=2 2 2 2 2 2 2 2 2 2 2 2 2 2 2
left_child=8 5 3 -3 -4 7 -7 -2 12 10 -10 -11 13 -1 -14
right_child=1 2 4 -5 -6 6 -8 -9 9 11 -12 -13 14 -15 -16
leaf_value=0.00065177788084708199 0.0030247189357613478 -0.0016800026366161737 -0.0016557923579164026 0.00036965630667630815 0.00050675895834419247 0.0004612202034548957 -0.0017636880619076639 0.00046090256244467055 -6.096587648452001e-05 0.0058397554406855795 -0.0024574303089053952 0.00010534227230845073 -0.0014655791242433028 5.8119034975923081e-05 6.1730678514948517e-06
leaf_weight=468 146 669 518 845 170 211 114 495 3485 48 639 859 2158 27148 50523
leaf_count=468 146 669 518 845 170 211 114 495 3485 48 639 859 2158 27148 50523
internal_value=-3.95498e-06 -0.00164141 -0.00333787 -0.00148613 -0.00741279 0.00222567 -0.00284615 0.00479719 5.68395e-05 -0.00121745 -0.00203686 0.00250827 0.00013668 0.000611964 -0.000112469
internal_weight=88496 3168 2202 1514 688 966 325 641 85328 5031 4124 907 80297 27616 52681
internal_count=88496 3168 2202 1514 688 966 325 641 85328 5031 4124 907 80297 27616 52681
is_linear=0
shrinkage=0.05


Tree=271
num_leaves=16
num_cat=0
split_feature=6 6 18 6 5 12 19 6 19 12 21 22 12 22 22
split_gain=3.36663 14.9739 8.84648 9.40973 21.3316 15.9069 8.18977 12.449 8.17073 6.61409 6.94223 4.65639 20.3347 15.6196 3.85036
threshold=-0.64580103137750788 -0.62587551141915865 93.937500000000014 -0.69676771491221523 0.68432406471780916 427.35000000000008 19.918750000000006 0.19969739736768838 18.181250000000006 456.75000000000006 0.9111251721365804 1.0293035629528646 45.45000000000001 1.0009124890628012 0.91309076662476163
decision_type=2 2 2 2 2 2 2 2 2 2 2 2 2 2 2
left_child=2 9 11 4 -4 -5 8 -8 -3 10 -2 13 -13 -1 -11
right_child=1 6 3 5 -6 -7 7 -9 -10 14 -12 12 -14 -15 -16
leaf_value=0.00015539728465280845 0.00074746480399080501 -1.0312510399904108e-05 -0.00025096120975277582 0.0028648853015980861 -0.0031809886180171249 -0.0033793846974025628 -0.00014317082942971737 -0.0074760338602897327 0.00066053375202696505 -0.032002595792691178 -0.00091829231406368459 0.0002463473860771337 -0.0017163582754395391 0.00060354138206295547 -0.00075958059343792525
leaf_weight=17153 261 51008 10367 717 260 183 4231 59 1888 65 374 942 208 580 169
leaf_count=17153 261 51008 10367 717 260 183 4231 59 1888 65 374 942 208 580 169
internal_value=3.41943e-05 -0.000189045 0.000460375 -0.000631127 -0.00104686 0.00427778 -9.0057e-05 -0.00219114 8.03463e-05 -0.00670311 -0.00405512 0.00112667 -0.00195652 0.00132662 -0.0138889
internal_weight=88465 58055 30410 11527 10627 900 57186 4290 52896 869 635 18883 1150 17733 234
internal_count=88465 58055 30410 11527 10627 900 57186 4290 52896 869 635 18883 1150 17733 234
is_linear=0
shrinkage=0.05


Tree=272
num_leaves=15
num_cat=0
split_feature=6 15 5 15 4 6 6 5 20 6 5 19 22 3
split_gain=3.55677 4.88906 8.40351 6.76358 4.6859 4.15614 23.792 31.0971 17.1569 14.0723 40.8889 5.87965 2.3625 1.48893
threshold=0.99981043035926087 33.500000000000007 0.013976441590891219 56.500000000000007 -0.88144907265856332 0.7487283477006671 0.7710868207630478 -0.61237985104942771 0.6518750000000002 0.689015599449598 0.7210268013660811 4.0937500000000009 0.45723898772347737 0.47114434510950071
decision_type=2 2 2 2 2 2 2 2 2 2 2 2 2 2
left_child=5 2 4 -3 -2 9 8 -8 -7 11 -11 -1 -5 -4
right_child=1 3 13 12 -6 6 7 -9 -10 10 -12 -13 -14 -15
leaf_value=0.00057785724996525236 0.0029064498099940165 0.0020050582430183846 -0.0058273928532140496 8.320271526333079e-05 -0.0011979841544080016 0.010103161429814862 -0.008656112249934473 0.00017809368319476049 0.0014028430990241578 -0.0023725441560303838 0.0076516050323129914 -1.4497220358272723e-05 -0.0017405327276004926 -0.00087163481279708412
leaf_weight=4384 42 60 60 42 61 246 163 11970 436 1953 189 68702 70 46
leaf_count=4384 42 60 60 42 61 246 163 11970 436 1953 189 68702 70 46
internal_value=3.05347e-05 -0.00479003 -0.00992823 0.00145349 0.000242718 5.13953e-05 0.00088373 0.00037295 0.00997067 -9.03919e-05 -0.00408497 2.66809e-05 -0.00580357 -0.0198113
internal_weight=88424 381 209 172 103 88043 12815 12133 682 75228 2142 73086 112 106
internal_count=88424 381 209 172 103 88043 12815 12133 682 75228 2142 73086 112 106
is_linear=0
shrinkage=0.05


Tree=273
num_leaves=12
num_cat=0
split_feature=6 13 2 13 6 20 16 13 4 9 3
split_gain=3.50539 5.9787 5.02359 4.61936 2.94472 7.184 4.8883 2.82799 4.43237 2.68654 2.37672
threshold=0.99981043035926087 0.14373376642773192 0.23605577047774309 0.35800967052389004 0.99932962452255414 1.9781250000000004 10.350000000000003 1.2790782301866204 -0.19509032201612828 0.11750964431003839 0.63405362205439464
decision_type=2 2 2 2 2 2 2 2 2 2 2
left_child=4 -2 10 -4 7 6 -6 9 -9 -1 -3
right_child=1 2 3 -5 5 -7 -8 8 -10 -11 -12
leaf_value=-0.00045346629482816635 0.0027611273194943168 -0.002299483283522398 0.00030690046704051486 -0.0028820569852186563 0.00082625426147141668 0.012535203858395003 -0.0018894099064892416 0.0069436259560063489 -0.00065560852126653755 6.3690454625620067e-06 -0.00093116458681387218
leaf_weight=1297 44 97 120 44 182 72 48 160 178 86029 69
leaf_count=1297 44 97 120 44 182 72 48 160 178 86029 69
internal_value=1.75458e-05 -0.00481283 -0.00712121 -0.000914634 3.80829e-05 0.00496689 0.000652174 2.11033e-05 0.0045858 3.4354e-06 -0.013253
internal_weight=88340 374 330 164 87966 302 230 87664 338 87326 166
internal_count=88340 374 330 164 87966 302 230 87664 338 87326 166
is_linear=0
shrinkage=0.05


Tree=274
num_leaves=12
num_cat=0
split_feature=2 5 20 20 5 20 2 15 16 6 6
split_gain=3.8919 3.87069 8.11376 7.12489 7.01126 10.2929 4.10438 3.46946 2.55456 2.1332 2.61337
threshold=0.054349537494377737 0.91248814248966237 6.3081250000000013 0.68687500000000024 0.9053161325100999 1.0468750000000002 0.485750605977811 38.500000000000007 513.50000000000011 -0.27694043983797384 0.2499757677084001
decision_type=2 2 2 2 2 2 2 2 2 2 2
left_child=7 4 3 -3 6 -6 -2 9 -4 -1 -11
right_child=1 2 8 -5 5 -7 -8 -9 -10 10 -12
leaf_value=0.0057204249238812181 -2.7138519883893043e-05 0.00047546373865704484 0.0013506034687337494 -0.00021111040798320324 -0.00063918775116395552 0.0024002021310233269 8.747406215758314e-05 0.0083131922480050423 0.0026639081455203887 -0.005508017418250505 0.0038459187334740023
leaf_weight=72 45913 681 193 11084 77 423 29313 65 75 42 172
leaf_count=72 45913 681 193 11084 77 423 29313 65 75 42 172
internal_value=8.73908e-05 6.6375e-05 -0.000766642 -0.000962601 0.000198743 0.0061 0.000159519 0.00534188 0.00783582 0.00297203 0.00046729
internal_weight=88110 87759 12033 11765 75726 500 75226 351 268 286 214
internal_count=88110 87759 12033 11765 75726 500 75226 351 268 286 214
is_linear=0
shrinkage=0.05


Tree=275
num_leaves=16
num_cat=0
split_feature=21 12 6 6 4 0 22 6 12 16 6 19 2 6 3
split_gain=3.99702 27.3975 15.774 7.9209 10.2844 5.65877 5.64395 11.0631 7.89465 7.85333 9.7686 6.7069 5.55831 3.95483 0.744186
threshold=1.0343538313043816 36.45000000000001 -0.16799793862756093 -0.91595872546125101 0.16280825711809024 480.55615995029405 0.97254169820241654 -0.99983123799342477 573.45000000000016 555.95000000000016 -0.9575230291762723 18.281250000000004 0.18631084374771492 -0.99864786094873803 -0.29012925520284066
decision_type=2 2 2 2 2 2 2 2 2 2 2 2 2 2 2
left_child=6 3 12 13 -5 -4 9 14 -9 11 -11 -1 -3 -2 -8
right_child=1 2 5 4 -6 -7 7 8 -10 10 -12 -13 -14 -15 -16
leaf_value=-4.0019476224806982e-05 0.0017727461766145647 -0.00062614345675446326 -0.00036666035132149337 0.00023628741087795282 0.0025247301576604101 0.00017345949157047125 0.0007549371437660491 9.7569090394103444e-05 -0.00012227244580473862 0.00014012125500655339 -0.00029229160615863449 0.00033762983221362623 -0.0019380676259883212 -0.0026296464737940398 0.00065866187138029502
leaf_weight=52334 40 262 820 1962 453 111 43 8036 520 1761 5752 15677 339 272 43
leaf_count=52334 40 262 820 1962 453 111 43 8036 520 1761 5752 15677 339 272 43
internal_value=5.62624e-05 -0.00143813 -0.00678851 0.00156766 0.00253623 -0.00271214 0.000131882 0.00134228 0.00116293 -6.62041e-06 -0.00154066 0.000162841 -0.0131032 -0.00592949 0.019186
internal_weight=88425 4259 1532 2727 2415 931 84166 8642 8556 75524 7513 68011 601 312 86
internal_count=88425 4259 1532 2727 2415 931 84166 8642 8556 75524 7513 68011 601 312 86
is_linear=0
shrinkage=0.05


Tree=276
num_leaves=11
num_cat=0
split_feature=9 5 20 22 6 5 18 19 3 17
split_gain=3.5289 3.4765 11.3331 24.115 14.0652 10.1263 19.9277 4.29649 1.34641 0.760776
threshold=0.8216092256955948 -0.86976336936302323 1.2006250000000003 0.35932678792081102 0.33222858587828868 -0.84315017450793706 35.312500000000007 3.193750000000001 -0.3520614488341251 178.50000000000003
decision_type=2 2 2 2 2 2 2 2 2 2
left_child=1 2 3 -1 -4 6 -3 -7 -2 -10
right_child=8 5 4 -5 -6 7 -8 -9 9 -11
leaf_value=0.0010858411004986863 0.00061305869383659894 0.0013181059085929871 0.0002248669359916411 -0.0015806825601446196 0.0022876956802169363 -0.00036713660547358089 -0.0030275522837743488 2.2051393742539285e-05 0.0011709606097253301 0.0029631220200491805
leaf_weight=2186 48 365 8987 2511 1504 10694 1253 60876 43 52
leaf_count=2186 48 365 8987 2511 1504 10694 1253 60876 43 52
internal_value=1.89225e-05 6.22341e-06 0.000694627 -0.0013466 0.00160852 -0.000136634 -0.00404821 -4.82046e-05 0.00786713 0.0113158
internal_weight=88519 88376 15188 4697 10491 73188 1618 71570 143 95
internal_count=88519 88376 15188 4697 10491 73188 1618 71570 143 95
is_linear=0
shrinkage=0.05


Tree=277
num_leaves=15
num_cat=0
split_feature=13 6 6 19 12 6 19 6 3 18 6 6 0 19
split_gain=3.55156 9.01003 6.55157 5.79565 5.61774 4.70967 9.33656 13.5733 9.69276 6.35897 15.3058 10.5806 4.4412 4.28078
threshold=0.60473569309090303 0.99611390731392835 0.99349222267034787 -0.19999999999999996 22.650000000000002 0.99681593486783593 2.7062500000000007 0.9980355542543059 -0.22695468355932411 98.062500000000014 0.11478523713130605 0.42763731121559989 45.140943781097477 1.5812500000000005
decision_type=2 2 2 2 2 2 2 2 2 2 2 2 2 2
left_child=5 2 4 12 -2 9 7 -7 -8 11 -11 -1 -3 -5
right_child=1 3 -4 13 -6 6 8 -9 -10 10 -12 -13 -14 -15
leaf_value=0.00010492927442853905 0.0013110167162446174 -0.0053234513612180293 0.00773313527779691 -0.0034825081887746162 -5.3842824895411483e-05 0.01015438261138836 0.0013892662532374901 0.00041532180985242727 -0.0018493014307334578 -8.0297575257207856e-05 0.00082270962164061466 -0.00050971176406289654 0.00063340464718445182 -0.00076331185599441968
leaf_weight=25485 1954 45 43 81 29355 157 54 854 91 10374 6924 12912 129 65
leaf_count=25485 1954 45 43 81 29355 157 54 854 91 10374 6924 12912 129 65
internal_value=2.17458e-05 -0.000402564 -0.000317364 -0.00875 -0.00034415 0.000258131 0.00341696 0.00511869 -0.00844828 0.000192567 0.000988554 -0.000166029 -0.00258621 -0.0160959
internal_weight=88523 31672 31352 320 31309 56851 1156 1011 145 55695 17298 38397 174 146
internal_count=88523 31672 31352 320 31309 56851 1156 1011 145 55695 17298 38397 174 146
is_linear=0
shrinkage=0.05


Tree=278
num_leaves=16
num_cat=0
split_feature=22 20 3 5 13 19 19 21 12 6 3 18 3 17 6
split_gain=3.39779 5.82977 12.0017 10.2422 8.66667 7.64236 6.57042 5.50515 15.2709 11.605 9.31756 3.81423 9.83077 8.1541 3.0569
threshold=1.196579809304281 1.4631250000000005 -0.84874750804349153 0.42958674266195179 0.53696788125175787 -0.79374999999999984 9.2562500000000032 1.0343538313043816 37.350000000000009 -0.16799793862756093 0.95642797789208711 65.437500000000014 0.47114434510950071 4.5000000000000009 0.65071284653328287
decision_type=2 2 2 2 2 2 2 2 2 2 2 2 2 2 2
left_child=7 3 4 6 -3 -5 -2 11 10 -10 -9 12 -1 -13 -4
right_child=1 2 14 5 -6 -7 -8 8 9 -11 -12 13 -14 -15 -16
leaf_value=0.00014145323565209757 -0.0038878288078895876 0.0025661886732135791 0.0031204471173267969 -0.0059651048724594759 -0.00057436656498682239 0.0018055752925370484 0.00016230194123682541 -0.00031782202932145178 -0.0014230867787396019 -0.00015568413280317995 0.0022592764588145161 -0.0044047648897302619 -9.1089867618421316e-05 -4.7256664977196608e-05 0.0079269123641062759
leaf_weight=18234 265 138 131 45 310 490 276 985 521 744 348 277 10696 54792 160
leaf_count=18234 265 138 131 45 310 490 276 985 521 744 348 277 10696 54792 160
internal_value=2.14903e-05 0.00216253 0.00558187 -0.000185874 0.000446429 0.00471963 -0.00503697 -2.33842e-05 -0.00229022 -0.0062253 0.00144411 4.67267e-05 0.00051158 -0.00019748 0.013488
internal_weight=88412 1815 739 1076 448 535 541 86597 2598 1265 1333 83999 28930 55069 291
internal_count=88412 1815 739 1076 448 535 541 86597 2598 1265 1333 83999 28930 55069 291
is_linear=0
shrinkage=0.05


Tree=279
num_leaves=13
num_cat=0
split_feature=19 22 6 18 20 5 5 6 6 16 12 7
split_gain=3.32654 6.14666 3.42078 4.7178 2.91901 9.89205 8.3067 8.14654 29.6158 10.3263 4.14171 2.59412
threshold=33.218750000000007 0.84564180223606511 -0.95242240592625282 15.437500000000002 4.7581250000000006 0.99983759474438971 0.99939377080793557 0.83258597624099873 0.80290535434334509 273.50000000000006 25.950000000000006 16.875000000000004
decision_type=2 2 2 2 2 2 2 2 2 2 2 2
left_child=4 -2 3 -3 5 6 -1 8 -6 -9 -7 -4
right_child=1 2 11 -5 7 10 -8 9 -10 -11 -12 -13
leaf_value=2.2236491215504862e-05 0.0016791693904986194 -0.000387699391644214 -0.0011272518593525628 4.2471968063867438e-05 -0.00022042119087637425 0.0031185728807558767 0.00063628144367072206 0.0012177303930112544 -0.0038813448530814589 -0.0026487289228514458 -0.00079631087498907994 -0.00031124718188627612
leaf_weight=80842 49 52 45 97 5048 42 397 978 307 82 218 40
leaf_count=80842 49 52 45 97 5048 42 397 978 307 82 218 40
internal_value=2.35269e-05 -0.00538869 -0.00876068 -0.00419463 4.09491e-05 0.000121781 0.000152944 -0.00098597 -0.00177871 0.00301887 -0.00961538 -0.0167647
internal_weight=88197 283 234 149 87914 81499 81239 6415 5355 1060 260 85
internal_count=88197 283 234 149 87914 81499 81239 6415 5355 1060 260 85
is_linear=0
shrinkage=0.05


Tree=280
num_leaves=14
num_cat=0
split_feature=16 19 20 9 12 5 9 3 9 20 20 3 15
split_gain=3.74362 11.4273 9.6598 15.7567 11.7691 6.10219 5.06 8.35918 5.97643 3.5234 7.06879 3.48465 2.2525
threshold=679.45000000000016 7.6562500000000009 3.7581250000000006 0.4862884273130072 136.65000000000003 0.99995780822346225 0.70931095128662991 -0.9103761370219875 0.56200434853822567 0.7668750000000002 1.9606250000000005 -0.68322629814330804 144.50000000000003
decision_type=2 2 2 2 2 2 2 2 2 2 2 2 2
left_child=5 9 4 -4 -3 6 8 -8 -1 -2 -11 -7 -13
right_child=1 2 3 -5 -6 11 7 -9 -10 10 -12 12 -14
leaf_value=7.0785690655267305e-05 -0.001743616677423443 0.0019202448855785816 -0.0035656206991929759 0.00030395121414641957 -7.5750122654569266e-05 0.00050292199487979034 -0.00019959268164305711 0.00036142129562309892 -0.00022122803784494494 0.00034617472420562237 -0.00079754329720618247 -6.3960415492875231e-05 -0.0017954421145103929
leaf_weight=50631 47 161 92 749 6222 47 1825 7861 20357 42 161 49 86
leaf_count=50631 47 161 92 749 6222 47 1825 7861 20357 42 161 49 86
internal_value=-1.98121e-05 -0.00109045 -0.000726744 0.00431034 -0.00139041 7.91531e-05 9.97843e-05 0.00117179 -4.64867e-05 -0.0116 -0.00874384 -0.00906593 -0.0131481
internal_weight=88330 7474 7224 841 6383 80856 80674 9686 70988 250 203 182 135
internal_count=88330 7474 7224 841 6383 80856 80674 9686 70988 250 203 182 135
is_linear=0
shrinkage=0.05


Tree=281
num_leaves=16
num_cat=0
split_feature=5 20 21 5 13 5 12 5 6 9 19 5 16 19 22
split_gain=4.37851 14.1032 25.2387 18.7879 16.1341 11.2408 14.7296 9.95594 25.4966 19.017 14.8954 11.1492 21.9118 11.0027 7.80306
threshold=-0.86976336936302323 0.97687500000000016 0.32709824547141314 -0.94139628442229062 0.42419074051176048 -0.90163369914317015 145.35000000000002 -0.67803021058859214 0.689015599449598 0.31412203858923371 5.9687500000000009 -0.58482361983252518 5.3500000000000005 28.406250000000004 0.11811853751280908
decision_type=2 2 2 2 2 2 2 2 2 2 2 2 2 2 2
left_child=1 2 3 -1 -4 14 -7 8 9 -2 -10 12 -9 -13 -3
right_child=7 5 4 -5 -6 6 -8 11 10 -11 -12 13 -14 -15 -16
leaf_value=0.002957166536069564 -0.0028319816806556598 -0.0013446853438574186 -0.0047445896472553054 -0.0017956591418024305 -0.00050079051992177879 0.0042700746026695163 7.7561821623217675e-05 0.0039914526034786069 -0.0015817072931436666 -5.7155865537061872e-06 -0.0072464185392132341 5.3353451813009659e-06 5.6006346890540021e-05 -0.0002509651782307165 0.00040192821296066995
leaf_weight=1192 1088 289 784 970 1081 750 682 769 471 7717 309 59206 2424 1281 9427
leaf_count=1192 1088 289 784 970 1081 750 682 769 471 7717 309 59206 2424 1281 9427
internal_value=6.21891e-06 0.000779242 -0.00175689 0.00191952 -0.00601877 0.00169537 0.00583101 -0.000153893 -0.00165623 -0.0008887 -0.0103205 7.22362e-05 0.00295177 -7.97692e-05 0.00108584
internal_weight=88440 15175 4027 2162 1865 11148 1432 73265 9585 8805 780 63680 3193 60487 9716
internal_count=88440 15175 4027 2162 1865 11148 1432 73265 9585 8805 780 63680 3193 60487 9716
is_linear=0
shrinkage=0.05


Tree=282
num_leaves=15
num_cat=0
split_feature=6 19 5 9 0 22 5 9 19 3 2 5 15 1
split_gain=3.75586 15.3855 11.6787 10.0028 8.75894 8.29475 13.441 15.1871 14.4399 8.14703 30.6487 9.36132 7.11146 12.7352
threshold=-0.64580103137750788 19.918750000000006 -0.861146256326485 0.44933848402502424 567.73346384810725 0.40230420118749988 0.61237135649459018 0.48857298781392799 14.293750000000003 0.97335555334614954 0.39300617311859642 0.65883702558178847 814.50000000000011 831.82308537044912
decision_type=2 2 2 2 2 2 2 2 2 2 2 2 2 2
left_child=5 12 4 -4 -3 6 7 -1 -8 11 -11 -7 13 -2
right_child=1 2 3 -5 -6 9 8 -9 -10 10 -12 -13 -14 -15
leaf_value=0.0017105116161683608 -7.4015390324963515e-06 -8.8410905434233031e-05 -0.0035610688409964454 -0.0002863126796293414 0.00051802880620930864 1.9562604367251435e-05 -0.0033236856795868328 -0.0010772689058919343 -0.00017770898263372721 -4.3797318782068384e-05 0.0021416913505791463 0.00091950263943663124 -0.00037643091250086081 0.0053132603970121569
leaf_weight=956 53100 1526 251 2735 184 21872 391 2235 352 2001 906 1751 68 193
leaf_count=956 53100 1526 251 2735 184 21872 391 2235 352 2001 906 1751 68 193
internal_value=-2.28759e-05 -0.000258797 -0.00300256 -0.00488948 0.000292398 0.000426733 -0.00171581 -0.000305547 -0.00777254 0.00074444 0.00324217 0.000437074 -1.73348e-05 3.28373e-06
internal_weight=88521 58057 4696 2986 1710 30464 3934 3191 743 26530 2907 23623 53361 53293
internal_count=88521 58057 4696 2986 1710 30464 3934 3191 743 26530 2907 23623 53361 53293
is_linear=0
shrinkage=0.05


Tree=283
num_leaves=16
num_cat=0
split_feature=5 9 9 6 3 6 5 4 20 20 9 22 9 2 0
split_gain=3.82857 8.09386 11.1357 9.72858 8.76324 6.71554 5.44233 8.25585 8.57104 4.99303 4.62649 13.4432 6.01285 1.02703 1.00251
threshold=0.91248814248966237 0.38981254022982242 0.39647989154135294 0.33222858587828868 0.68322629814330826 -0.16799793862756093 0.9053161325100999 -0.93540483100319616 1.0468750000000002 2.8518750000000006 0.11750964431003839 0.6947818052579503 0.16616911445198015 0.77041830686514434 457.36295354702531
decision_type=2 2 2 2 2 2 2 2 2 2 2 2 2 2 2
left_child=6 3 14 9 -5 -4 10 13 -9 -2 11 -1 -12 -8 -3
right_child=1 2 5 4 -6 -7 7 8 -10 -11 12 -13 -14 -15 -16
leaf_value=-0.00028388272279981848 0.00096006537278865993 -0.0017853604752457591 -0.001272043784649439 -0.0051122215597426725 0.0039640208919254931 -6.154919278968663e-05 0.0011797838253228999 -0.00072264920341013619 0.00173760168341571 -1.3553765764065529e-05 0.00088535888570336139 -0.0029395221743123189 1.1968154049848967e-05 0.0065736847276538814 -0.0015700241540730492
leaf_weight=1074 1465 76 2430 128 42 6452 71 64 316 1488 1368 131 73377 40 57
leaf_count=1074 1465 76 2430 128 42 6452 71 64 316 1488 1368 131 73377 40 57
internal_value=-3.18924e-05 -0.000856813 -0.00161675 0.00133686 -0.0102941 -0.00140171 9.9096e-05 0.00534623 0.00184211 0.00200643 6.51745e-05 -0.0030083 0.000114723 0.0173423 -0.0159774
internal_weight=88579 12138 9015 3123 170 8882 76441 491 380 2953 75950 1205 74745 111 133
internal_count=88579 12138 9015 3123 170 8882 76441 491 380 2953 75950 1205 74745 111 133
is_linear=0
shrinkage=0.05


Tree=284
num_leaves=13
num_cat=0
split_feature=19 22 6 18 1 18 21 13 15 15 13 7
split_gain=3.39317 7.90237 3.69378 4.97643 3.3586 7.24224 4.74452 4.06308 7.47654 6.39284 2.26852 1.88571
threshold=33.218750000000007 0.84564180223606511 -0.95242240592625282 17.437500000000004 884.34214934813087 19.687500000000004 0.38449145325866457 0.87045635881644057 676.50000000000011 671.50000000000011 0.93202413080297275 16.125000000000004
decision_type=2 2 2 2 2 2 2 2 2 2 2 2
left_child=4 -2 3 -3 7 10 -7 9 -9 -1 -6 -4
right_child=1 2 11 -5 5 6 -8 8 -10 -11 -12 -13
leaf_value=-2.452060036578774e-05 0.0014116816693668377 -0.00034802027737222408 -0.0010290827401286285 8.9574236627626435e-05 0.0011044772415952698 0.0043453055841457975 -5.7269964592243655e-05 -7.3630567616694842e-05 -0.00016415059362431263 0.00012466546917284937 0.00020374073379160197 -0.00033959470962965509
leaf_weight=76532 51 60 44 88 48 232 1005 5627 1764 2912 60 40
leaf_count=76532 51 60 44 88 48 232 1005 5627 1764 2912 60 40
internal_value=-9.9194e-05 -0.00556537 -0.00948276 -0.00472973 -8.16512e-05 0.00239777 0.00131366 -0.000120055 -0.00124137 -1.57344e-05 0.0148148 -0.0178571
internal_weight=88463 283 232 148 88180 1345 1237 86835 7391 79444 108 84
internal_count=88463 283 232 148 88180 1345 1237 86835 7391 79444 108 84
is_linear=0
shrinkage=0.05


Tree=285
num_leaves=15
num_cat=0
split_feature=16 6 9 19 16 19 22 20 6 12 13 21 15 22
split_gain=3.44946 9.76841 8.93676 11.7495 7.3847 8.41076 7.50726 6.50744 19.7478 7.47616 4.4709 3.26397 2.22482 0.501191
threshold=144.75000000000003 0.9980355542543059 0.070377017875338482 -2.7812499999999996 118.05000000000001 20.018750000000008 0.9952314887722099 4.7581250000000006 0.83258597624099873 63.750000000000007 0.017969622870310908 0.46052652652873488 132.50000000000003 0.95397233167573059
decision_type=2 2 2 2 2 2 2 2 2 2 2 2 2 2
left_child=4 2 10 -4 7 6 -6 9 -9 -1 -2 -7 -3 -14
right_child=1 12 3 -5 5 11 -8 8 -10 -11 -12 -13 13 -15
leaf_value=-0.00020830451402953921 -0.0048538788215142939 0.00076428562619426101 0.0052623270508203625 -5.8015066309841101e-05 0.00011674672026184275 0.0084973727278781115 0.0032186349361510991 -0.0013393326471567561 0.0011776249071748556 0.0002964263470281538 -0.0013543999625900164 0.0018523133067340825 0.0030267187290580395 0.0038814723892764249
leaf_weight=17977 63 40 53 47593 2100 87 431 1952 826 16706 45 376 41 45
leaf_count=17977 63 40 53 47593 2100 87 431 1952 826 16706 45 376 41 45
internal_value=-0.000124243 -0.000411445 -0.00044813 -0.000415565 0.000215672 0.00260521 0.00147175 2.46923e-05 -0.00230382 0.000211199 -0.0148148 0.0088013 0.0134921 0.0180233
internal_weight=88335 47880 47754 47646 40455 2994 2531 37461 2778 34683 108 463 126 86
internal_count=88335 47880 47754 47646 40455 2994 2531 37461 2778 34683 108 463 126 86
is_linear=0
shrinkage=0.05


Tree=286
num_leaves=16
num_cat=0
split_feature=6 18 5 4 16 3 5 20 5 5 4 0 13 21 12
split_gain=3.23004 4.93512 5.57025 6.24222 4.18152 3.16105 3.05235 5.79436 7.05999 5.32847 8.87701 4.24548 3.79251 2.53649 0.419973
threshold=0.99981043035926087 75.062500000000014 0.013976441590891219 -0.88144907265856332 7.1500000000000012 0.16280825711808991 0.91248814248966237 6.3081250000000013 0.99983759474438971 0.9053161325100999 -0.93540483100319616 350.70101682051956 0.37425047993155408 0.19737077905437869 41.850000000000009
decision_type=2 2 2 2 2 2 2 2 2 2 2 2 2 2 2
left_child=6 2 3 -2 13 -6 9 8 -8 11 -11 -1 -9 -3 -4
right_child=1 4 14 -5 5 -7 7 12 -10 10 -12 -13 -14 -15 -16
leaf_value=-5.1731621292218366e-05 0.002623441979939781 2.275642558109808e-05 -0.0054877758289684836 -0.0034505435493253941 -0.00094611659630189674 0.00017597300961571529 -0.00011590145140515929 0.0034257980044607103 -0.00053827646503986086 0.0032915207283491042 0.00054911864188119666 7.3450890176769709e-05 -8.7492941420797002e-06 0.0021079824802463102 -0.0034285636143441783
leaf_weight=45169 40 43 41 50 68 54 11474 164 427 114 381 30276 120 42 42
leaf_count=45169 40 43 41 50 68 54 11474 164 427 114 381 30276 120 42 42
internal_value=-5.36693e-06 -0.00460526 -0.0108382 -0.00222222 0.000603865 -0.00532787 1.44681e-05 -0.000720148 -0.000888581 0.000132341 0.00530303 9.84161e-05 0.00633803 0.00911765 -0.0201807
internal_weight=88505 380 173 90 207 122 88125 12185 11901 75940 495 75445 284 85 83
internal_count=88505 380 173 90 207 122 88125 12185 11901 75940 495 75445 284 85 83
is_linear=0
shrinkage=0.05


Tree=287
num_leaves=12
num_cat=0
split_feature=5 15 9 15 5 5 6 20 6 13 20
split_gain=3.48081 6.94713 7.21642 7.55989 5.06733 14.79 10.9297 5.80603 3.29192 5.45786 3.65807
threshold=0.99700008544936913 725.50000000000011 0.7473921404329712 144.50000000000003 0.98213580174693105 0.98372640911059162 -0.15101602693478741 3.4781250000000008 0.99981043035926087 0.14373376642773192 6.1156250000000014
decision_type=2 2 2 2 2 2 2 2 2 2 2
left_child=4 2 3 -2 8 7 -7 -6 10 -10 -1
right_child=1 -3 -4 -5 5 6 -8 -9 9 -11 -12
leaf_value=-3.1159687809922954e-06 0.0011447083809331376 0.00018894272868667518 0.0063293597289470014 -0.00011640361081152948 -0.0052556285616327195 0.0015118028709213693 -0.0002194148105105709 -0.0011537848370224452 0.0024306215462756662 -0.00085242572430002531 -0.0008510394470746419
leaf_weight=81695 690 51 64 1416 153 249 2695 108 47 326 825
leaf_count=81695 690 51 64 1416 153 249 2695 108 47 326 825
internal_value=-9.70912e-05 0.00185727 0.00142857 0.000925926 -0.000147506 -0.00209828 -0.00108696 -0.0135057 -7.20809e-05 -0.00475871 -5.08968e-05
internal_weight=88319 2221 2170 2106 86098 3205 2944 261 82893 373 82520
internal_count=88319 2221 2170 2106 86098 3205 2944 261 82893 373 82520
is_linear=0
shrinkage=0.05


Tree=288
num_leaves=13
num_cat=0
split_feature=19 22 6 18 13 6 18 12 3 9 19 18
split_gain=3.41624 7.77356 3.07782 5.31059 2.87525 11.7185 8.13464 5.30592 6.49013 4.96623 3.03816 2.14211
threshold=33.218750000000007 0.86580079832417756 -0.99938741687870725 17.437500000000004 0.62149311327182144 0.9980355542543059 19.687500000000004 253.35000000000002 0.84874750804349197 0.79378270001952722 -0.19999999999999996 63.062500000000007
decision_type=2 2 2 2 2 2 2 2 2 2 2 2
left_child=4 11 3 -3 7 6 -6 9 -9 -1 -7 -2
right_child=1 2 -4 -5 5 10 -8 8 -10 -11 -12 -13
leaf_value=-9.2091706753227868e-06 0.00099102039660027281 -0.00033677017382427454 -0.00073161104863651578 4.1080364425027942e-05 6.3703615556359733e-05 -0.0032550690493056257 -0.00015171971799886192 0.00041151210134092453 0.003191787963337234 0.00085418257025113298 -0.0033923017442377954 -2.2122990455331062e-05
leaf_weight=53786 41 53 71 73 6044 97 23370 4216 114 340 87 45
leaf_count=53786 41 53 71 73 6044 97 23370 4216 114 340 87 45
internal_value=-8.0657e-05 -0.00556537 -0.0110406 -0.00634921 -6.30295e-05 -0.000464558 -0.000385871 0.000140276 0.00182448 5.54262e-06 -0.0130435 0.00697674
internal_weight=88337 283 197 126 88054 29598 29414 58456 4330 54126 184 86
internal_count=88337 283 197 126 88054 29598 29414 58456 4330 54126 184 86
is_linear=0
shrinkage=0.05


Tree=289
num_leaves=16
num_cat=0
split_feature=16 2 15 5 18 18 3 20 19 9 9 6 6 6 6
split_gain=3.51278 10.8766 11.9141 11.834 8.73749 5.84003 5.6325 4.81223 11.4184 10.7352 7.91798 6.49435 20.9397 14.421 4.20992
threshold=679.45000000000016 0.50584714282254206 479.50000000000006 -0.78326540922535159 31.812500000000004 16.562500000000004 -0.68322629814330804 3.7131250000000007 2.9687500000000004 0.17434099974896719 0.24518814705566372 0.92191100909954782 0.95936279103287792 0.86869874770991873 0.36447543099728863
decision_type=2 2 2 2 2 2 2 2 2 2 2 2 2 2 2
left_child=7 3 5 14 -4 -3 -5 11 10 -10 -9 13 -13 -1 -2
right_child=1 2 4 6 -6 -7 -8 8 9 -11 -12 12 -14 -15 -16
leaf_value=8.654881762527323e-05 -0.00013327497802871624 0.0012528301987002111 1.6310183132819955e-05 -2.9429421955423641e-05 -0.00022961723828862358 -0.00074039427294643749 -0.00078752617420073672 -0.00019039092385004093 0.0012132348058058948 -0.00024823083605236829 -0.0038032743101404452 -0.0016977327086483539 0.00013993244562551937 0.0019642840649447754 0.0015851286545592925
leaf_weight=57562 56 125 4622 152 1840 40 529 187 731 14863 231 1503 4113 1610 70
leaf_count=57562 56 125 4622 152 1840 40 529 187 731 14863 231 1503 4113 1610 70
internal_value=-1.58669e-05 -0.00105596 -0.000388562 -0.00653656 -0.000727329 0.0128788 -0.00914097 7.98267e-05 -0.000696353 -0.000477748 -0.00885167 0.000271655 -0.00135328 0.000425877 0.00753968
internal_weight=88234 7434 6627 807 6462 165 681 80800 16012 15594 418 64788 5616 59172 126
internal_count=88234 7434 6627 807 6462 165 681 80800 16012 15594 418 64788 5616 59172 126
is_linear=0
shrinkage=0.05


Tree=290
num_leaves=16
num_cat=0
split_feature=21 12 6 18 17 6 17 22 6 21 6 22 21 6 17
split_gain=3.71216 19.9932 14.348 6.63372 6.14559 6.74979 5.94474 4.91309 8.11044 8.09425 10.0918 9.86619 7.71339 4.52827 2.13556
threshold=1.0343538313043816 44.550000000000004 -0.21862536810265826 35.312500000000007 49.500000000000007 -0.91595872546125101 111.50000000000001 0.97254169820241654 -0.99983123799342477 0.95614682054309252 0.71353761266622884 0.95844462698335453 0.75398883533272965 -0.6391983530350368 121.50000000000001
decision_type=2 2 2 2 2 2 2 2 2 2 2 2 2 2 2
left_child=7 4 3 -3 5 -2 -4 9 14 11 -11 -1 -10 -6 -9
right_child=1 2 6 -5 13 -7 -8 8 12 10 -12 -13 -14 -15 -16
leaf_value=-7.3821527035194958e-06 -0.00192933254797526 -0.0018142087716542382 -0.00026912718772258425 3.3659010056297237e-05 0.0024521644854484607 0.00014470023437594681 0.00019967030273642107 0.00057191225876371266 -0.0034011386179450933 -0.00027040709272471708 0.0013396402322833152 0.00052155800852706218 7.7558548482115078e-05 0.0006133766859591494 0.00065750932943596518
leaf_weight=70946 334 340 750 55 80 2272 49 40 197 3368 218 885 8336 367 50
leaf_count=70946 334 340 750 55 80 2272 49 40 197 3368 218 885 8336 367 50
internal_value=-2.35029e-05 -0.00146574 -0.00695142 -0.0147468 0.000679659 -0.000249424 -0.00309762 4.93812e-05 0.00117998 -7.98891e-05 -0.00239822 3.5848e-05 0.0010225 0.0060962 0.0161111
internal_weight=88287 4247 1194 395 3053 2606 799 84040 8623 75417 3586 71831 8533 447 90
internal_count=88287 4247 1194 395 3053 2606 799 84040 8623 75417 3586 71831 8533 447 90
is_linear=0
shrinkage=0.05


Tree=291
num_leaves=16
num_cat=0
split_feature=18 6 22 17 3 18 3 6 0 3 9 9 20 21 5
split_gain=3.1463 15.9179 12.8276 14.3233 9.54754 8.61531 8.81946 24.0713 11.3994 8.47098 15.782 8.49915 8.19776 10.1026 6.81091
threshold=98.062500000000014 -0.97111920233974802 0.15296118912707182 20.500000000000004 0.63405362205439464 87.687500000000014 0.2269546835593246 0.36447543099728863 85.846029998604436 0.097964660725097366 0.5714938305576065 0.49039126202785072 1.2556250000000004 0.34409176925563595 0.17646842360078763
decision_type=2 2 2 2 2 2 2 2 2 2 2 2 2 2 2
left_child=5 12 4 -4 -3 6 8 -8 -1 10 -7 -11 13 -2 -14
right_child=1 2 3 -5 -6 9 7 -9 -10 11 -12 -13 14 -15 -16
leaf_value=0.0010656582330984766 -0.0042164146559703786 -0.0011018720299591778 -0.0012175714574368538 0.00043840988795995492 0.00030485211057169827 -0.0017214014760809138 5.2748548557018939e-05 -0.0010102200094156536 3.908899394157173e-05 0.0007920735751304795 0.00022671173330490735 -0.00066026014975521525 -0.0010991480516830937 0.0050486974781850632 -0.0036366030222467708
leaf_weight=3888 119 1131 1500 20145 614 4517 15751 6716 21811 3568 2141 4205 1521 173 485
leaf_count=3888 119 1131 1500 20145 614 4517 15751 6716 21811 3568 2141 4205 1521 173 485
internal_value=-4.16266e-05 0.000424323 0.000814451 0.00114692 -0.00330946 -0.000232839 8.82365e-05 -0.000635376 0.000720845 -0.00130448 -0.0026134 -0.000183327 -0.00354656 0.00428082 -0.00468594
internal_weight=88285 25688 23390 21645 1745 62597 48166 22467 25699 14431 6658 7773 2298 292 2006
internal_count=88285 25688 23390 21645 1745 62597 48166 22467 25699 14431 6658 7773 2298 292 2006
is_linear=0
shrinkage=0.05


Tree=292
num_leaves=13
num_cat=0
split_feature=0 13 3 5 16 15 22 16 12 6 19 5
split_gain=2.88125 3.55864 6.16404 13.2983 9.77517 5.23349 13.1041 8.81233 3.53954 2.1916 4.11683 3.1171
threshold=10.612183378598129 0.87045635881644057 -0.097964660725097089 -0.96235977360714686 785.60000000000002 671.50000000000011 0.72372268475860291 663.6500000000002 14.250000000000002 0.63755505330306683 4.3187500000000014 -0.091260668982868151
decision_type=2 2 2 2 2 2 2 2 2 2 2 2
left_child=8 5 4 -4 -3 7 -7 -2 9 10 -1 -11
right_child=1 2 3 -5 -6 6 -8 -9 -10 11 -12 -13
leaf_value=0.016752886952295442 1.5675046480939647e-05 -0.00046434907168944054 0.0025285281398120143 -5.3318313152830869e-05 -0.00035841027379697747 -0.0075603679124290786 0.00014057854296038174 -0.000138746857788713 0.01291951057513472 -0.0059446585365953847 0.0014237796363825051 0.008778957361381956
leaf_weight=62 73114 2650 298 4584 280 107 3082 3635 47 99 357 84
leaf_count=62 73114 2650 298 4584 280 107 3082 3635 47 99 357 84
internal_value=-4.49666e-05 -6.95157e-05 -0.00108807 0 -0.00290102 3.00233e-05 0.00201474 -5.24437e-05 0.00327427 0.00224252 0.00423628 -0.0023224
internal_weight=88399 87750 7812 4882 2930 79938 3189 76749 649 602 419 183
internal_count=88399 87750 7812 4882 2930 79938 3189 76749 649 602 419 183
is_linear=0
shrinkage=0.05


Tree=293
num_leaves=15
num_cat=0
split_feature=5 20 5 15 19 5 19 5 15 17 0 16 13 0
split_gain=3.29735 17.4362 4.73924 7.31595 7.38227 5.18991 8.63325 5.61193 3.33651 2.76344 1.63054 2.00435 1.11845 1.09197
threshold=0.99983759474438971 5.4931250000000009 0.99700008544936913 693.50000000000011 10.406250000000002 0.91248814248966237 20.018750000000008 0.9053161325100999 119.50000000000001 26.500000000000004 524.63272851139891 555.95000000000016 0.7584717192321847 567.73346384810725
decision_type=2 2 2 2 2 2 2 2 2 2 2 2 2 2
left_child=2 8 5 4 -4 7 -7 -1 9 -2 11 -3 -10 -5
right_child=1 10 3 13 -6 6 -8 -9 12 -11 -12 -13 -14 -15
leaf_value=1.0631936887378625e-05 -0.0010668946240204064 -0.00019656533825057333 0.0013116608381641749 0.00027064810736084354 -5.0886183283549437e-05 -0.00013637436335244002 -0.0016904007739231371 0.0013372109801093547 -0.0010169651574533534 0.0015051045043680642 0.0029114301484420013 0.0015644801531975339 -0.00036099431803288676 0.00018070341075450693
leaf_weight=75923 48 41 573 42 1049 9534 357 495 192 57 57 47 55 47
leaf_count=75923 48 41 573 42 1049 9534 357 495 192 57 57 47 55 47
internal_value=-1.32743e-05 -0.00407445 9.6569e-06 0.00261543 0.00184957 -4.20003e-05 -0.0011197 9.74901e-05 -0.0100852 -0.00261905 0.0105172 0.00625 -0.0132591 0.016573
internal_weight=88517 497 88020 1711 1622 86309 9891 76418 352 105 145 88 247 89
internal_count=88517 497 88020 1711 1622 86309 9891 76418 352 105 145 88 247 89
is_linear=0
shrinkage=0.05


Tree=294
num_leaves=15
num_cat=0
split_feature=13 6 18 21 6 12 6 6 20 3 9 22 20 4
split_gain=3.20647 7.5291 5.76439 10.8961 10.3169 5.43799 4.65374 7.19045 5.53433 3.89327 3.56723 3.33958 2.77048 2.56619
threshold=0.62149311327182144 0.99611390731392835 19.687500000000004 0.96521439607424131 0.98332250088165762 253.35000000000002 0.99681593486783593 0.99958851518450398 0.6518750000000002 0.84874750804349197 0.53314133910552475 0.9640247933089886 1.1493750000000003 -0.81241147629689003
decision_type=2 2 2 2 2 2 2 2 2 2 2 2 2 2
left_child=5 2 4 -4 -2 6 8 -8 -1 11 -11 -7 13 -3
right_child=1 12 3 -5 -6 9 7 -9 -10 10 -12 -13 -14 -15
leaf_value=-0.00034265908175166174 4.2386463215599027e-05 -0.0031087960115447331 -7.1389242604288916e-05 -0.00039932016021391461 0.0067342510618760981 0.00049135401568608519 0.0027143450444944042 -0.00018613804010310446 6.7452981262063755e-05 0.00014352513910231222 0.0059974574926790758 0.00039779805910760969 -0.0021045891382487926 -0.0011939005505039362
leaf_weight=11096 6048 130 20956 2604 67 4001 699 470 41952 48 61 212 43 100
leaf_count=11096 6048 130 20956 2604 67 4001 699 470 41952 48 61 212 43 100
internal_value=-1.32788e-05 -0.000434086 -0.000358045 -0.000713073 0.00100981 0.000202002 6.59387e-05 0.00318648 -2.82763e-06 0.00190884 0.0112385 0.00166746 -0.00869963 -0.00652174
internal_weight=88487 29948 29675 23560 6115 58539 54217 1169 53048 4322 109 4213 273 230
internal_count=88487 29948 29675 23560 6115 58539 54217 1169 53048 4322 109 4213 273 230
is_linear=0
shrinkage=0.05


Tree=295
num_leaves=16
num_cat=0
split_feature=0 12 6 18 17 21 6 3 4 22 3 3 12 1 6
split_gain=3.88842 9.02876 18.0128 28.733 8.96469 10.5377 10.0111 8.45076 14.3179 18.0519 7.4768 7.43868 6.65151 5.7319 5.68191
threshold=192.00235822438148 54.45000000000001 0.19969739736768838 28.062500000000004 30.500000000000004 0.42401936726468986 0.97461712852231652 0.97335555334614954 -0.065403129230143256 0.85130654723285037 -0.9103761370219875 -0.84874750804349153 139.95000000000002 336.82808626176978 0.95178258287705175
decision_type=2 2 2 2 2 2 2 2 2 2 2 2 2 2 2
left_child=1 4 3 -3 5 -1 -6 10 9 -9 12 -4 -2 -10 -12
right_child=7 2 11 -5 6 -7 -8 8 13 -11 14 -13 -14 -15 -16
leaf_value=-2.3836444111169366e-05 -0.0002002475368334339 -0.0013820139160269419 -0.0011496197805490327 -0.00044697910595086908 0.00014015575425849747 -0.0018484759773652716 0.0015581630420639981 0.00072148058052256831 -0.00054081629024780036 0.0013882762647900587 3.1242752985780055e-05 0.00017351711515739554 -0.0011485258533598108 0.0013167980391842306 -0.00070202831280751778
leaf_weight=6907 1381 719 85 3064 10779 2697 811 907 1214 556 53200 4345 541 281 883
leaf_count=6907 1381 719 85 3064 10779 2697 811 907 1214 556 53200 4345 541 281 883
internal_value=-4.97907e-05 -0.000519434 -0.00192682 -0.00446075 2.59507e-05 -0.00110371 0.000962036 0.000184438 0.00278905 0.00630554 4.68708e-05 0.00023702 -0.00301769 -0.000652174 0.000155779
internal_weight=88370 29407 8213 3783 21194 9604 11590 58963 2958 1463 56005 4430 1922 1495 54083
internal_count=88370 29407 8213 3783 21194 9604 11590 58963 2958 1463 56005 4430 1922 1495 54083
is_linear=0
shrinkage=0.05


Tree=296
num_leaves=16
num_cat=0
split_feature=3 6 12 17 21 22 18 21 19 5 5 9 9 12 16
split_gain=2.44658 8.75196 7.99765 9.06824 5.34672 5.11644 5.11262 4.72314 2.88902 11.6787 14.3496 8.21368 6.07364 6.93827 5.59262
threshold=0.9946518923062071 -0.85225707553516283 66.750000000000014 42.500000000000007 0.93399283637474462 0.41289647178935523 96.937500000000014 0.96943688668899886 21.843750000000004 0.75580964594513067 0.21022171450811275 0.46483099772550829 0.66737110467830496 25.050000000000001 412.75000000000006
decision_type=2 2 2 2 2 2 2 2 2 2 2 2 2 2 2
left_child=8 4 3 -3 5 -2 -4 -6 12 10 -10 -11 14 -14 -1
right_child=1 2 6 -5 7 -7 -8 -9 9 11 -12 -13 13 -15 -16
leaf_value=-5.8763927319843702e-05 -0.001555035185866957 -0.0012460162517853564 -0.0015537925986070956 0.00033227488473159541 -0.0011554426420633175 0.0011475627524024812 0.00035895029395722409 0.00089449509191018295 -7.4408731748973342e-05 -0.0055931345247845522 0.00041008191284358508 -0.0002608511038199646 0.0017579025834954605 8.1743604382372714e-05 0.00020766441347669918
leaf_weight=50439 218 652 520 859 102 633 156 49 10272 104 1641 832 1058 10894 9896
leaf_count=50439 218 652 520 859 102 633 156 49 10272 104 1641 832 1058 10894 9896
internal_value=3.48146e-05 -0.00132487 -0.00309785 -0.00107545 0.00254491 0.00408343 -0.00761834 -0.00612583 8.57452e-05 -0.000605105 -0.000182574 -0.00598291 0.000208544 0.00123829 4.55789e-06
internal_weight=88325 3189 2187 1511 1002 851 676 151 85136 12849 11913 936 72287 11952 60335
internal_count=88325 3189 2187 1511 1002 851 676 151 85136 12849 11913 936 72287 11952 60335
is_linear=0
shrinkage=0.05


Tree=297
num_leaves=14
num_cat=0
split_feature=13 6 20 22 22 22 1 12 6 21 13 20 13
split_gain=3.24197 8.13513 7.71874 18.8914 9.84339 6.76969 17.0081 18.1713 9.85652 6.82332 8.76105 6.03119 5.41974
threshold=0.56170495150404121 0.9989598388634241 1.7493750000000003 0.82912797080878053 0.30687855228892058 0.86580079832417756 235.80822118021047 49.050000000000004 -0.9575230291762723 0.86725074741991059 0.17597566537681111 1.1493750000000003 0.47491966005386443
decision_type=2 2 2 2 2 2 2 2 2 2 2 2 2
left_child=5 2 3 -2 -4 9 7 -7 -8 12 -11 -3 -1
right_child=1 11 4 -5 -6 6 8 -9 -10 10 -12 -13 -14
leaf_value=-5.8023587161890049e-05 0.0010516616934015718 -0.0011517835549849115 -0.0010966917421581484 -0.0001174235260221368 -6.6753119827495097e-05 0.00027906651890135528 0.0010874546109370775 -0.00059195103107194673 0.00045704429845983555 -0.0047513651629665157 -0.00042070600024806672 -0.0034299082200972778 0.00046628061809522449
leaf_weight=32603 6384 61 1828 6702 21076 4117 553 1712 4687 312 1363 62 6934
leaf_count=32603 6384 61 1828 6702 21076 4117 553 1712 4687 312 1363 62 6934
internal_value=-1.01817e-05 -0.000374519 -0.000330647 0.000638087 -0.000884125 0.000241484 0.00133933 -0.000518957 0.00340649 -5.33825e-05 -0.0031791 -0.0132114 7.90399e-05
internal_weight=88394 36113 35990 13086 22904 52281 11069 5829 5240 41212 1675 123 39537
internal_count=88394 36113 35990 13086 22904 52281 11069 5829 5240 41212 1675 123 39537
is_linear=0
shrinkage=0.05


Tree=298
num_leaves=16
num_cat=0
split_feature=3 16 13 12 6 18 18 22 21 20 6 5 6 22 21
split_gain=3.15879 27.1559 9.02745 10.7045 6.35517 8.65545 6.44683 5.20265 9.27371 9.63597 8.557 18.9654 16.6231 6.43295 3.07926
threshold=-0.9103761370219875 408.75000000000006 0.53371152228008734 87.750000000000014 -0.99938741687870725 84.187500000000014 0.43750000000000006 0.98461031240766128 0.95614682054309252 2.4168750000000006 0.96407344085605606 0.20180702842483325 0.94636490295939868 0.95844462698335453 0.96049329778957337
decision_type=2 2 2 2 2 2 2 2 2 2 2 2 2 2 2
left_child=1 4 3 -3 5 -1 -6 8 13 -10 12 -12 -9 -2 -4
right_child=7 2 14 -5 6 -7 -8 10 9 -11 11 -13 -14 -15 -16
leaf_value=0.00052387713437941359 -4.2757926783515421e-06 -0.00097132845639399945 -0.0011134765710995643 0.0001941554321011091 -0.0015620898064345802 -0.0065682460521023448 0.00015945411253136255 7.2812829418161804e-05 -0.00037049332121762428 2.0379627242297916e-05 0.00011672298011784489 0.0061280216721522791 -0.0031640733630066559 0.00040321236014285723 -0.001345793228496145
leaf_weight=62 65503 517 235 240 192 127 6470 8503 2563 1852 334 169 259 1179 116
leaf_count=62 65503 517 235 240 192 127 6470 8503 2563 1852 334 169 259 1179 116
internal_value=-4.55724e-05 -0.000995728 -0.00825812 -0.00518494 0.000178806 -0.00886243 0.000435305 4.85304e-05 -9.66989e-05 -0.00231597 0.00116298 0.00750497 0.000798904 5.02384e-05 -0.014886
internal_weight=88321 7959 1108 757 6851 189 6662 80362 71097 4415 9265 503 8762 66682 351
internal_count=88321 7959 1108 757 6851 189 6662 80362 71097 4415 9265 503 8762 66682 351
is_linear=0
shrinkage=0.05


Tree=299
num_leaves=15
num_cat=0
split_feature=12 6 6 6 6 9 18 5 5 15 2 3 21 0
split_gain=3.50249 6.5446 2.73977 14.0684 10.5861 9.91038 6.89407 8.96911 5.67467 2.66147 2.52358 2.49231 2.47573 1.56283
threshold=1.0000000180025095e-35 0.93469109537144635 -0.64580103137750788 -0.55656394595157355 -0.54219087765047058 0.74334639027943694 93.812500000000014 -0.57078386445773377 0.65883702558178847 33.500000000000007 0.1101935614978887 0.91037613702198772 0.11461429487193155 45.140943781097477
decision_type=2 2 2 2 2 2 2 2 2 2 2 2 2 2
left_child=1 10 6 5 -5 -4 8 -8 -2 13 11 -1 -12 -3
right_child=2 9 3 4 -6 -7 7 -9 -10 -11 12 -13 -14 -15
leaf_value=0.010039472672457389 8.9486527636140078e-05 -0.0013532135075959358 -0.00028923589311173338 0.0014115694776243026 -1.9075212195203418e-05 -0.00062536400317847463 0.0011023415961473701 -0.00042065723727722218 0.00083891255068753174 -0.0035146852112879451 0.00050505192431704528 -0.00054446527542481029 -0.0047315276506180743 -0.0010907750603640679
leaf_weight=72 17454 42 3349 563 53408 299 1170 10391 1341 54 42 45 40 40
leaf_count=72 17454 42 3349 563 53408 299 1170 10391 1341 54 42 45 40 40
internal_value=-4.64274e-05 -0.00514925 -2.69963e-05 -0.000229525 -2.64031e-05 -0.00323465 0.000357425 -0.000603322 0.000948391 -0.0136029 0.000628141 0.00534188 -0.00609756 -0.00792683
internal_weight=88310 335 87975 57619 53971 3648 30356 11561 18795 136 199 117 82 82
internal_count=88310 335 87975 57619 53971 3648 30356 11561 18795 136 199 117 82 82
is_linear=0
shrinkage=0.05


end of trees

feature_importances:
doy_cos=559
kcs_fc_ens=538
doy_sin=534
temp_fc_c=295
kcs_lag_24h=247
kcs_recent=244
wind_fc_ms=238
cloud_fc_pct=205
ghi_fc_wm2=201
tod_sin=189
dni_fc_wm2=182
pv_lag_24h_kw=155
dhi_fc_wm2=141
kcs_fc=137
clear_sky_kw=95
cos_zenith=87
tod_cos=82
clear_sky_ghi_wm2=65
lead_time_hours=10
has_recent=5
has_weather=1

parameters:
[boosting: gbdt]
[objective: quantile]
[metric: quantile]
[tree_learner: serial]
[device_type: cpu]
[data_sample_strategy: bagging]
[data: ]
[valid: ]
[num_iterations: 300]
[learning_rate: 0.05]
[num_leaves: 16]
[num_threads: 8]
[seed: 42]
[deterministic: 1]
[force_col_wise: 0]
[force_row_wise: 1]
[histogram_pool_size: -1]
[max_depth: 4]
[min_data_in_leaf: 40]
[min_sum_hessian_in_leaf: 0.001]
[bagging_fraction: 0.85]
[pos_bagging_fraction: 1]
[neg_bagging_fraction: 1]
[bagging_freq: 1]
[bagging_seed: 400]
[bagging_by_query: 0]
[feature_fraction: 1]
[feature_fraction_bynode: 1]
[feature_fraction_seed: 30056]
[extra_trees: 0]
[extra_seed: 12879]
[early_stopping_round: 0]
[early_stopping_min_delta: 0]
[first_metric_only: 0]
[max_delta_step: 0]
[lambda_l1: 0]
[lambda_l2: 0]
[linear_lambda: 0]
[min_gain_to_split: 0]
[drop_rate: 0.1]
[max_drop: 50]
[skip_drop: 0.5]
[xgboost_dart_mode: 0]
[uniform_drop: 0]
[drop_seed: 17869]
[top_rate: 0.2]
[other_rate: 0.1]
[min_data_per_group: 100]
[max_cat_threshold: 32]
[cat_l2: 10]
[cat_smooth: 10]
[max_cat_to_onehot: 4]
[top_k: 20]
[monotone_constraints: ]
[monotone_constraints_method: basic]
[monotone_penalty: 0]
[feature_contri: ]
[forcedsplits_filename: ]
[refit_decay_rate: 0.9]
[cegb_tradeoff: 1]
[cegb_penalty_split: 0]
[cegb_penalty_feature_lazy: ]
[cegb_penalty_feature_coupled: ]
[path_smooth: 0]
[interaction_constraints: ]
[verbosity: -1]
[saved_feature_importance_type: 0]
[use_quantized_grad: 0]
[num_grad_quant_bins: 4]
[quant_train_renew_leaf: 0]
[stochastic_rounding: 1]
[linear_tree: 0]
[max_bin: 255]
[max_bin_by_feature: ]
[min_data_in_bin: 3]
[bin_construct_sample_cnt: 200000]
[data_random_seed: 175]
[is_enable_sparse: 1]
[enable_bundle: 1]
[use_missing: 1]
[zero_as_missing: 0]
[feature_pre_filter: 1]
[pre_partition: 0]
[two_round: 0]
[header: 0]
[label_column: ]
[weight_column: ]
[group_column: ]
[ignore_column: ]
[categorical_feature: ]
[forcedbins_filename: ]
[precise_float_parser: 0]
[parser_config_file: ]
[objective_seed: 16083]
[num_class: 1]
[is_unbalance: 0]
[scale_pos_weight: 1]
[sigmoid: 1]
[boost_from_average: 1]
[reg_sqrt: 0]
[alpha: 0.5]
[fair_c: 1]
[poisson_max_delta_step: 0.7]
[tweedie_variance_power: 1.5]
[lambdarank_truncation_level: 30]
[lambdarank_norm: 1]
[label_gain: ]
[lambdarank_position_bias_regularization: 0]
[eval_at: ]
[multi_error_top_k: 1]
[auc_mu_weights: ]
[num_machines: 1]
[local_listen_port: 12400]
[time_out: 120]
[machine_list_filename: ]
[machines: ]
[gpu_platform_id: -1]
[gpu_device_id: -1]
[gpu_device_id_list: ]
[gpu_use_dp: 0]
[num_gpu: 1]

end of parameters

pandas_categorical:[]
