tree
version=v4
num_class=1
num_tree_per_iteration=1
label_index=0
max_feature_idx=23
objective=quantile
feature_names=clear_sky_kw clear_sky_ghi_wm2 cos_zenith tod_sin tod_cos doy_sin doy_cos lead_time_hours has_recent kcs_recent pv_last_kw kcs_last pv_lag_24h_kw kcs_lag_24h has_weather ghi_fc_wm2 dni_fc_wm2 dhi_fc_wm2 cloud_fc_pct temp_fc_c wind_fc_ms kcs_fc kcs_fc_ens nwp_lead_d
feature_infos=[8.0067576055486445:662.72299999999996] [10.013128144343288:900.75728806310656] [0.050188670617315613:0.89684342909509362] [-1:1] [-1:0.50000000000000011] [-0.9999994220246925:0.99998555065071859] [-0.99997919295908233:1] [6:23.75] [0:1] [-1:0.82299972646507147] none none [0:751.20000000000005] [-1:1.3] [0:1] [-1:903] [-1:915.10000000000002] [-1:426] [-1:100] [-6.7999999999999998:37.375] [-1:10.180000000000001] [-1:1.5] [-1:1.5] [-1:2]
tree_sizes=1533 1592 1601 1596 1587 1595 1603 1606 1614 1598 1603 1610 1615 1621 1609 1617 1613 1612 1609 1628 1508 1624 1533 1529 1525 1541 1526 1622 1634 1600 1648 1526 1649 1465 1630 1636 1627 1462 1654 1635 1647 1636 1632 1544 1653 1657 1648 1555 1654 1632 1644 1649 1543 1635 1656 1639 1648 1653 1553 1548 1649 1638 1561 1659 1635 1633 1631 1337 1529 1637 1632 1525 1622 1635 1567 1546 1628 1602 1644 1369 1640 1435 1620 1632 1560 1615 1645 1524 1515 1640 1654 1658 1605 1524 1626 1623 1659 1615 1521 1640 1636 1541 1645 1536 1534 1623 1632 1530 1547 1629 1546 1559 1541 1512 1642 1420 1626 1433 1650 1631 1646 1633 1619 1251 1234 1626 1649 1650 1419 1370 1555 1646 1645 1631 1509 1544 1532 1342 1257 1630 1621 1635 1246 1511 1513 1642 1434 1134 1520 1627 1617 1528 1631 1421 1444 1422 1441 1518 1611 1521 1432 1537 1241 1634 1620 1513 1628 1637 1338 1225 1521 1419 1642 1624 1605 1348 1269 1647 1541 1233 1638 1354 1332 1537 1618 1622 1634 1633 1268 1617 1621 1543 1351 1267 1632 1401 1634 1614 1274 1231 1645 1323 1334 1333 1320 1243 1251 1641 1148 1407 1341 1374 1351 1431 1439 1238 1346 1158 1423 1147 1420 1350 1353 1232 1605 1538 1602 1344 1441 1525 1258 1600 1624 1426 1432 1457 1525 1645 1651 1367 1358 1229 1629 1647 1538 1350 1534 1607 1338 1639 1276 1537 1242 1621 1651 1548 1532 1160 1252 1426 1453 1452 1425 1518 1159 1627 1633 1633 1062 1354 1550 1359 1445 1602 1642 1656 1547 1627 1525 1648 1371 1637 1634 1655 1640 1441 1360 1444 1540 1348 1465 1638 1427 1642 1559 1622 1523 1554 1622 1655

Tree=0
num_leaves=16
num_cat=0
split_feature=15 0 13 15 22 15 22 13 22 17 0 0 15 15 3
split_gain=1178.96 208.7 205.984 150.967 63.2786 63.2463 41.7829 31.6644 25.9544 21.2956 17.6833 17.4793 15.7795 13.0744 10.6779
threshold=576.50000000000011 23.897230191603828 0.88578393524408328 441.50000000000006 0.93376174617818641 752.50000000000011 1.0009124890628012 0.88163982510626748 1.0511297556944543 103.50000000000001 17.439272738971685 42.911375310314156 836.50000000000011 764.50000000000011 -0.68322629814330804
decision_type=2 2 2 2 2 2 2 2 2 2 2 2 2 2 2
left_child=1 6 5 11 13 8 14 -5 -2 -7 -8 -3 -6 -4 -1
right_child=2 3 4 7 12 9 10 -9 -10 -11 -12 -13 -14 -15 -16
leaf_value=0.88338556885719299 0.86570528149604797 0.86284383833408351 0.86751599079175645 0.86394518303804091 0.86688466993955049 0.86236019730567937 0.88453214168548588 0.86548734009265904 0.86668129610682176 0.86767443120479582 0.87411835547081862 0.85552883126368151 0.86928143501281741 0.86854130567016907 0.8708703279495239
leaf_weight=1126 6156 3271 776 8233 1208 105 718 1114 65 1312 385 62012 403 158 1351
leaf_count=1126 6156 3271 776 8233 1208 105 718 1114 65 1312 385 62012 403 158 1351
internal_value=0.862663 0.860579 0.878666 0.860014 0.890986 0.874561 0.872372 0.865957 0.87239 0.884094 0.880467 0.859163 0.896989 0.880631 0.868768
internal_weight=88393 78210 10183 74630 2545 7638 3580 9347 6221 1417 1103 65283 1611 934 2477
internal_count=88393 78210 10183 74630 2545 7638 3580 9347 6221 1417 1103 65283 1611 934 2477
is_linear=0
shrinkage=1


Tree=1
num_leaves=16
num_cat=0
split_feature=15 13 0 15 22 6 22 22 21 0 5 13 1 13 18
split_gain=1019.42 202.34 184.653 146.495 61.2494 54.2108 51.2797 42.9613 37.9859 28.9004 25.6877 25.0532 15.9035 8.55684 7.02687
threshold=581.50000000000011 0.89022168039656369 20.46577800900668 416.50000000000006 0.90787047602544113 -0.57077231802681661 1.0511297556944543 0.97970658388645304 1.0977044213632066 42.911375310314156 -0.21861968191509915 0.88163982510626748 13.513947961999083 0.9477729862660681 13.312500000000002
decision_type=2 2 2 2 2 2 2 2 2 2 2 2 2 2 2
left_child=2 5 8 9 13 7 -7 -2 12 -4 -6 -5 -1 -3 -10
right_child=1 4 3 11 10 6 -8 -9 14 -11 -12 -13 -14 -15 -16
leaf_value=0.020830719172954561 0.003750262902727286 0.0027249071700724218 0.0013572441041469598 0.0010394603748942188 0.0020041417155639454 0.00062651187181472778 0.00381508719351501 0.0043926347792148605 0.018763778209686277 -0.0072412341723988582 0.0055403022301012492 0.0024482987104056499 0.011033965349197389 0.0064051800640073766 0.020773390531539915
leaf_weight=493 4591 305 3885 10122 475 2183 85 640 174 60258 1298 1315 1843 277 443
leaf_count=493 4591 305 3885 10122 475 2183 85 640 174 60258 1298 1315 1843 277 443
internal_value=-0.000141821 0.0150173 -0.00204392 -0.00252316 0.0278025 0.0110021 0.00454585 0.0138014 0.0102218 -0.00345268 0.0324224 0.00268995 0.00730736 0.0137285 0.0212561
internal_weight=88387 9854 78533 75580 2355 7499 2268 5231 2953 64143 1773 11437 2336 582 617
internal_count=88387 9854 78533 75580 2355 7499 2268 5231 2953 64143 1773 11437 2336 582 617
is_linear=0
shrinkage=0.05


Tree=2
num_leaves=16
num_cat=0
split_feature=15 13 0 15 22 6 22 15 22 5 0 15 0 18 15
split_gain=954.181 187.645 167.811 141.196 65.4149 52.3821 49.1783 42.1569 31.7322 22.8836 18.3112 16.4146 13.9522 11.6761 9.88652
threshold=576.50000000000011 0.89022168039656369 23.897230191603828 416.50000000000006 0.93376174617818641 -0.57077231802681661 1.0511297556944543 732.50000000000011 0.8490721281300635 0.91248814248966237 42.911375310314156 836.50000000000011 17.439272738971685 85.687500000000014 764.50000000000011
decision_type=2 2 2 2 2 2 2 2 2 2 2 2 2 2 2
left_child=2 5 8 10 14 7 -7 -2 13 -5 -4 -6 -10 -1 -3
right_child=1 4 3 9 11 6 -8 -9 12 -11 -12 -13 -14 -15 -16
leaf_value=0.017156117047438937 0.0033343174950481117 0.0041393816373525736 0.00046920821660296764 0.0015809477139821751 0.0038773709479444141 0.00057722139853240157 0.0035761480037911466 0.0046001871358179796 0.019734721004962919 -0.00089162637113613394 -0.0069393773555427758 0.0060444196505404059 0.010653651716414969 0.004885125693765674 0.006029128423984953
leaf_weight=944 3929 734 3265 8847 1116 2265 81 1550 863 2272 60304 395 520 1288 129
leaf_count=944 3929 734 3265 8847 1116 2265 81 1550 863 2272 60304 395 520 1288 129
internal_value=-0.000148133 0.0142372 -0.00202183 -0.00253106 0.0265501 0.0105016 0.00424979 0.0131785 0.00849931 0.00266706 -0.00344028 0.0328226 0.0144505 0.00481183 0.0155678
internal_weight=88502 10199 78303 74688 2374 7825 2346 5479 3615 11119 63569 1511 1383 2232 863
internal_count=88502 10199 78303 74688 2374 7825 2346 5479 3615 11119 63569 1511 1383 2232 863
is_linear=0
shrinkage=0.05


Tree=3
num_leaves=16
num_cat=0
split_feature=15 13 0 15 22 2 22 22 21 2 6 1 2 5 18
split_gain=831.822 173.29 160.371 130.804 60.612 43.937 41.2186 37.4766 29.2839 28.6081 23.9383 22.2166 14.9383 10.0179 9.14916
threshold=581.50000000000011 0.89022168039656369 20.46577800900668 397.50000000000006 0.93376174617818641 0.82362877254123212 0.83549863003069225 1.0511297556944543 0.78293180972806642 0.10766503479449738 -0.91939278948206182 524.89473365133506 0.83980516830089924 0.38243310158943505 73.687500000000014
decision_type=2 2 2 2 2 2 2 2 2 2 2 2 2 2 2
left_child=2 5 8 9 12 7 -7 -2 14 -4 -6 -5 -3 -10 -1
right_child=1 4 3 11 10 6 -8 -9 13 -11 -12 -13 -14 -15 -16
leaf_value=0.018363029952567323 0.0018235795279532676 0.0025211378756786009 0.0031118892577322644 -0.00091718167216770516 0.005244251011448953 0.0044801591765795843 0.0051011089512168206 0.0034776489217397122 0.018055604586005209 -0.006889520350538675 0.003948146904084176 0.0015367877853537104 0.0057384242190916604 0.018747984954714775 0.0065737096158190707
leaf_weight=685 5268 404 3005 2771 699 1034 1155 80 636 59538 807 10197 446 499 1152
leaf_count=685 5268 404 3005 2771 699 1034 1155 80 636 59538 807 10197 446 499 1152
internal_value=-0.000235699 0.0134272 -0.00195794 -0.00240634 0.0252632 0.00972734 0.0156944 0.00728497 0.00943472 -0.00335393 0.0312882 0.00216379 0.0145882 0.0157489 0.00553348
internal_weight=88376 9893 78483 75511 2356 7537 2189 5348 2972 62543 1506 12968 850 1135 1837
internal_count=88376 9893 78483 75511 2356 7537 2189 5348 2972 62543 1506 12968 850 1135 1837
is_linear=0
shrinkage=0.05


Tree=4
num_leaves=16
num_cat=0
split_feature=15 15 0 15 13 17 22 22 12 0 5 17 0 9 22
split_gain=731.352 150.099 132.186 110.954 67.6998 35.6702 32.6379 28.4185 24.2823 22.8715 21.5974 10.0864 8.77878 8.298 3.29047
threshold=568.50000000000011 825.50000000000011 20.46577800900668 390.50000000000006 0.89022168039656369 107.50000000000001 0.93376174617818641 0.98195824785577879 595.05000000000007 42.911375310314156 0.91248814248966237 109.50000000000001 10.612183378598129 0.77125644190261267 0.96213651982856396
decision_type=2 2 2 2 2 2 2 2 2 2 2 2 2 2 2
left_child=2 4 7 9 5 -2 -6 13 11 -4 -5 -3 -9 -1 -10
right_child=1 8 3 10 6 -7 -8 12 14 -11 -12 -13 -14 -15 -16
leaf_value=0.010298985183323717 -0.00010164791559175157 9.7283033380951578e-05 0.00081877800500743114 0.0013579417666624203 0.0038844337079534386 0.0028528492634811945 0.0031604769705320377 0.017810585706979038 0.003870526062760709 -0.0067144955476063145 -0.001233701217105221 0.005177148711675161 0.017810585706979038 0.019706079140015455 0.0055569418869353855
leaf_weight=1964 976 63 3932 10043 857 6831 1068 260 147 58212 2564 298 697 40 320
leaf_count=1964 976 63 3932 10043 857 6831 1068 260 147 58212 2564 298 697 40 320
internal_value=-0.000343372 0.0120028 -0.00202105 -0.00243147 0.0102641 0.00819329 0.0186623 0.00834009 0.0324396 -0.00329911 0.0018454 0.0227008 0.0154284 0.00495509 0.0399679
internal_weight=88272 10560 77712 74751 9732 7807 1925 2961 828 62144 12607 361 957 2004 467
internal_count=88272 10560 77712 74751 9732 7807 1925 2961 828 62144 12607 361 957 2004 467
is_linear=0
shrinkage=0.05


Tree=5
num_leaves=16
num_cat=0
split_feature=15 15 0 15 6 5 19 2 1 13 22 18 5 5 5
split_gain=655.485 140.479 119.971 104.959 58.041 48.3384 38.0137 26.5073 22.3956 22.3164 20.2789 8.67765 7.85389 6.63276 4.69747
threshold=576.50000000000011 825.50000000000011 19.015192416784917 383.50000000000006 -0.9575230291762723 0.14250626876356556 26.306250000000002 0.10766503479449738 524.89473365133506 0.90337385538548387 0.87989444966365871 76.562500000000014 0.75580964594513067 0.44505654568748165 -0.048361574224334618
decision_type=2 2 2 2 2 2 2 2 2 2 2 2 2 2 2
left_child=2 4 10 7 5 -2 -6 -4 -5 12 11 -1 -3 -12 -11
right_child=1 9 3 8 6 -7 -8 -9 -10 14 13 -13 -14 -15 -16
leaf_value=0.017203490673433904 0.0036815417505428011 0.0049821571569680151 0.002918372459310631 -0.0010289812916919384 0.0023523230385316444 0.0041606280640997754 -0.00026514080627369486 -0.0064607003347020133 0.0013485999639865317 0.0014375519779161574 0.015827179719227147 0.0059514496388480935 0.00062626430433537544 0.016920056421630088 0.0052790947925886178
leaf_weight=657 1653 304 3350 3249 6112 433 1069 58546 10547 53 557 1032 91 394 382
leaf_count=657 1653 304 3350 3249 6112 433 1069 58546 10547 53 557 1032 91 394 382
internal_value=-0.000371429 0.0116188 -0.00191697 -0.00228241 0.00985378 0.0171956 0.00772107 -0.00316143 0.00166135 0.0313253 0.0085606 0.00527235 0.0227215 0.0144006 0.0391379
internal_weight=88429 10097 78332 75692 9267 2086 7181 61896 13796 830 2640 1689 395 951 435
internal_count=88429 10097 78332 75692 9267 2086 7181 61896 13796 830 2640 1689 395 951 435
is_linear=0
shrinkage=0.05


Tree=6
num_leaves=16
num_cat=0
split_feature=15 15 0 13 0 22 6 22 22 2 5 22 5 0 15
split_gain=603.423 164.923 118.623 79.296 48.3763 44.8623 44.1829 40.0586 39.8865 32.7237 28.9277 18.9173 15.7471 7.07912 6.47852
threshold=510.50000000000006 752.50000000000011 17.439272738971685 0.90718133324457739 385.3481873297078 0.56908084290481076 -0.9575230291762723 1.0439717433682956 0.8235609847498907 0.14335891390062919 0.75580964594513067 0.97254169820241654 -0.18492532721306487 13.458872958123555 60.500000000000007
decision_type=2 2 2 2 2 2 2 2 2 2 2 2 2 2 2
left_child=2 6 11 10 9 -6 8 -8 -2 -4 -3 13 -5 -1 -13
right_child=1 3 4 12 5 -7 7 -9 -10 -11 -12 14 -14 -15 -16
leaf_value=0.016638102071468642 0.0031892617422414563 0.0040146200287783373 -0.00035795883509022187 0.0013113530716058087 -0.0074281145792560307 0.001182581912418823 0.0015389717593696378 0.002305089758287682 0.0031934432766663359 -0.0063935991633195582 0.0004795175822577128 0.016074053600548584 0.004944142035671179 0.005445083289734043 0.016074053600548584
leaf_weight=850 1193 1244 7445 139 8713 10038 9309 151 1297 45470 461 627 701 702 142
leaf_count=850 1193 1244 7445 139 8713 10038 9309 151 1297 45470 461 627 701 702 142
internal_value=-0.000423929 0.00890479 -0.00225155 0.0204617 -0.00261184 -0.000429578 0.00644351 0.00488372 0.0123695 -0.00338515 0.0142669 0.00887333 0.0330357 0.00569588 0.0152861
internal_weight=88482 14495 73987 2545 71666 18751 11950 9460 2490 52915 1705 2321 840 1552 769
internal_count=88482 14495 73987 2545 71666 18751 11950 9460 2490 52915 1705 2321 840 1552 769
is_linear=0
shrinkage=0.05


Tree=7
num_leaves=16
num_cat=0
split_feature=15 13 2 22 15 6 22 22 12 0 2 0 15 9 16
split_gain=543.652 148.592 103.558 74.368 47.737 43.7758 45.0746 43.9029 20.4426 20.327 18.4455 18.3221 14.786 11.6519 10.59
threshold=510.50000000000006 0.90337385538548387 0.087562278688885817 0.93376174617818641 294.50000000000006 -0.57077231802681661 1.0439717433682956 0.97254169820241654 619.05000000000007 385.3481873297078 0.14335891390062919 10.612183378598129 764.50000000000011 0.69931833206448257 18.150000000000002
decision_type=2 2 2 2 2 2 2 2 2 2 2 2 2 2 2
left_child=2 5 11 12 10 7 -7 -2 -5 -6 -4 14 -3 -13 -1
right_child=1 3 4 8 9 6 -8 -9 -10 -11 -12 13 -14 -15 -16
leaf_value=0.015270350920521154 0.0025865876437410921 0.0033450303230178058 -0.0011310225212853354 0.0026155375416941989 -0.0022732941249117445 0.00019258706255799731 0.0021898352703732973 0.0030519616593610854 0.0047679329511756303 0.00061906043131509383 -0.0079098270989153181 0.0075729556500545346 0.0048469329923279906 0.01510651744388365 0.015359613774076776
leaf_weight=316 7028 989 5924 876 6230 3905 144 1114 373 11600 46203 2780 129 421 335
leaf_count=316 7028 989 5924 876 6230 3905 144 1114 373 11600 46203 2780 129 421 335
internal_value=-0.000453055 0.00837752 -0.00219479 0.0198416 -0.00263426 0.00615167 0.00190294 0.00826455 0.0282266 -0.000401011 -0.00339814 0.0057866 0.0104741 0.00423149 0.0134332
internal_weight=88367 14558 73809 2367 69957 12191 4049 8142 1249 17830 52127 3852 1118 3201 651
internal_count=88367 14558 73809 2367 69957 12191 4049 8142 1249 17830 52127 3852 1118 3201 651
is_linear=0
shrinkage=0.05


Tree=8
num_leaves=16
num_cat=0
split_feature=15 15 2 13 2 22 6 20 22 22 0 2 22 22 16
split_gain=472.331 138.238 95.1114 73.6674 49.4767 35.3388 32.0563 32.0213 32.0082 28.0428 21.8234 16.7979 15.9294 11.7991 9.27417
threshold=510.50000000000006 752.50000000000011 0.091317485886009214 0.90718133324457739 0.48901457956053124 0.53141473490303659 -0.9575230291762723 4.0631250000000012 1.0439717433682956 0.82028036449317432 10.612183378598129 0.14644742303890276 0.97045461389889065 0.75378224007178518 18.150000000000002
decision_type=2 2 2 2 2 2 2 2 2 2 2 2 2 2 2
left_child=2 6 10 7 11 -6 9 -3 -8 -2 14 -4 -5 -12 -1
right_child=1 3 4 12 5 -7 8 -9 -10 -11 13 -13 -14 -15 -16
leaf_value=0.015042679421869149 0.0028163637693037788 0.002571192319677354 -0.0020031773259309052 0.0043055577912304464 -0.0080779226526740307 0.0007013872578918197 0.0013563939742665327 0.0049995693184481703 0.0020803435068546317 0.0028963167344838807 0.0039446645998328202 -0.0064228631910100368 0.0044553741022459207 0.011927576586271599 0.014502370231817319
leaf_weight=333 1147 1559 5948 409 8344 12811 9264 137 152 1311 1977 42468 432 1544 341
leaf_count=333 1147 1559 5948 409 8344 12811 9264 137 152 1311 1977 42468 432 1544 341
internal_value=-0.000539087 0.00774027 -0.00215655 0.0183346 -0.00259742 -0.000580242 0.00547667 0.0123349 0.00414932 0.0105614 0.00515495 -0.00347881 0.030434 0.00357711 0.0133976
internal_weight=88177 14411 73766 2537 69571 21155 11874 1696 9416 2458 4195 48416 841 3521 674
internal_count=88177 14411 73766 2537 69571 21155 11874 1696 9416 2458 4195 48416 841 3521 674
is_linear=0
shrinkage=0.05


Tree=9
num_leaves=16
num_cat=0
split_feature=15 13 2 15 15 2 22 1 22 22 0 2 22 16 22
split_gain=430.852 107.243 74.9317 80.9517 48.6109 42.019 32.9155 27.2499 24.8606 16.6733 15.7711 14.453 11.1591 8.58549 7.9723
threshold=568.50000000000011 0.90718133324457739 0.091317485886009214 317.50000000000006 752.50000000000011 0.82362877254123212 1.0511297556944543 504.45118401492294 0.78376473886561004 0.96842285586318577 10.612183378598129 0.14335891390062919 0.93376174617818641 18.150000000000002 0.75378224007178518
decision_type=2 2 2 2 2 2 2 2 2 2 2 2 2 2 2
left_child=2 5 10 11 12 6 -2 -5 -7 -6 13 -4 -3 -1 -12
right_child=1 4 3 7 9 8 -8 -9 -10 -11 14 -13 -14 -15 -16
leaf_value=0.014290545450775695 0.0010881550023910281 0.0034879291873739734 -0.0014414804288363781 -0.0015659082879577848 0.0042193004101952992 0.0026235004376847907 0.0026344361156381835 0.0010063134889781611 0.0038561995098329751 0.0041709643758483022 0.0038190607272856284 -0.0069228866710340344 0.0020421729517017153 0.013777251720226459 0.011331197756958018
leaf_weight=325 6170 606 5555 6054 396 798 80 13375 1773 457 1954 48364 342 336 1581
leaf_count=325 6170 606 5555 6054 396 798 80 13375 1773 457 1954 48364 342 336 1581
internal_value=-0.000576527 0.00886744 -0.00187017 -0.00224192 0.0199861 0.00659732 0.004384 0.000525245 0.0119778 0.028646 0.00462822 -0.00323903 0.0121941 0.0117171 0.00330269
internal_weight=88166 10622 77544 73348 1801 8821 6250 19429 2571 853 4196 53919 948 661 3535
internal_count=88166 10622 77544 73348 1801 8821 6250 19429 2571 853 4196 53919 948 661 3535
is_linear=0
shrinkage=0.05


Tree=10
num_leaves=16
num_cat=0
split_feature=15 15 2 13 15 2 17 6 22 22 5 16 5 20 1
split_gain=387.26 111.997 71.8175 48.4635 40.5243 34.4966 34.3097 34.0473 25.5312 20.2082 19.9497 9.74141 7.75887 3.94477 0.0574468
threshold=510.50000000000006 825.50000000000011 0.068340841738735822 0.90718133324457739 294.50000000000006 0.14335891390062919 109.50000000000001 -0.78324956448884031 0.95199483600701174 0.96213651982856396 0.86548282553247169 16.350000000000005 0.9893236546938301 2.7693750000000006 845.58411512615692
decision_type=2 2 2 2 2 2 2 2 2 2 2 2 2 2 2
left_child=2 3 11 7 5 -4 14 -2 -5 -8 -6 13 -13 -1 -3
right_child=1 6 4 8 10 -7 9 -9 -10 -11 -12 12 -14 -15 -16
leaf_value=0.012906751297452196 0.0025431290158165702 -0.00015044346323266747 5.7923774507351314e-05 0.003423161473341825 0.00047946340650122603 -0.006924156950252414 0.0027641474837201653 0.00072733505386335081 0.0020371158039188876 0.0041771501531977532 -0.0025263955388081963 0.013352086331165481 0.013728764420856944 -0.0094925354210740956 -0.00036696129395589745
leaf_weight=674 5158 54 8055 1116 13568 46194 285 6770 597 464 4270 799 52 167 40
leaf_count=674 5158 54 8055 1116 13568 46194 285 6770 597 464 4270 799 52 167 40
internal_value=-0.000623875 0.00685101 -0.00209131 0.00575801 -0.00233031 -0.0030101 0.0245374 0.0046286 0.0136223 0.0281108 -0.000262923 0.00809102 0.0118625 0.00427467 -0.00393617
internal_weight=88263 14484 73779 13641 72087 54249 843 11928 1713 749 17838 1692 851 841 94
internal_count=88263 14484 73779 13641 72087 54249 843 11928 1713 749 17838 1692 851 841 94
is_linear=0
shrinkage=0.05


Tree=11
num_leaves=16
num_cat=0
split_feature=15 15 2 0 6 22 17 22 5 13 0 2 16 22 6
split_gain=336.668 90.0224 71.7296 48.2256 42.8567 35.8573 35.299 33.0671 31.5937 20.8709 17.184 16.7654 9.4743 6.26358 1.9175
threshold=510.50000000000006 825.50000000000011 0.091317485886009214 347.91248966956101 -0.9575230291762723 0.53141473490303659 113.50000000000001 1.0439717433682956 0.14250626876356556 0.93202413080297275 10.612183378598129 0.14644742303890276 18.150000000000002 0.75378224007178518 -0.78324956448884031
decision_type=2 2 2 2 2 2 2 2 2 2 2 2 2 2 2
left_child=2 4 10 11 8 -5 14 -6 -2 -8 12 -4 -1 -12 -3
right_child=1 6 3 5 7 -7 9 -9 -10 -11 13 -13 -14 -15 -16
leaf_value=0.01244841509532231 0.0026349731286530753 0.00041809826937455608 -0.0014197101016496204 -0.0070941290923070017 0.0012191249769984986 0.00070079003321729802 0.0040018081397130536 0.0018852103470240204 0.0026556576780683186 0.0038893618720522495 0.0034348166772840937 -0.0059705241282982657 0.012502431529264968 0.0092320333531903838 -0.00018015957703499064
leaf_weight=320 2338 49 5916 8997 10565 13901 424 169 638 282 1964 40827 333 1563 92
leaf_count=320 2338 49 5916 8997 10565 13901 424 169 638 282 1964 40827 333 1563 92
internal_value=-0.000673133 0.00627636 -0.00204353 -0.00242537 0.00529905 -0.000545464 0.0220956 0.00382709 0.0106082 0.0266572 0.00431818 -0.00334628 0.0117688 0.00293876 -0.000744682
internal_weight=88378 14557 73821 69641 13710 22898 847 10734 2976 706 4180 46743 653 3527 141
internal_count=88378 14557 73821 69641 13710 22898 847 10734 2976 706 4180 46743 653 3527 141
is_linear=0
shrinkage=0.05


Tree=12
num_leaves=16
num_cat=0
split_feature=15 12 2 22 1 19 5 22 0 2 22 2 15 22 2
split_gain=301.765 96.3734 68.0935 46.3148 46.1524 41.8409 62.1239 33.7146 16.1153 15.7486 12.5087 12.2048 6.98678 6.17251 2.90444
threshold=510.50000000000006 619.05000000000007 0.091317485886009214 0.9640247933089886 401.43547749133853 25.593750000000004 0.75580964594513067 0.65018370331584996 10.612183378598129 0.14950892201555596 0.74802193662647587 0.85218171720857117 19.500000000000004 0.88266585168366529 0.84462076945066145
decision_type=2 2 2 2 2 2 2 2 2 2 2 2 2 2 2
left_child=2 5 8 10 9 6 -2 -6 12 -4 -3 -7 -1 -10 -5
right_child=1 3 4 14 7 11 -8 -9 13 -11 -12 -13 -14 -15 -16
leaf_value=0.012308259858598181 0.0025432487616121103 -0.00051047834442941378 -0.0019403736040542519 0.002130722342596886 -0.0044368414956096639 -0.00039913151839777176 0.00027832290160614766 0.00074340781481505589 0.0033354854796564938 -0.0062507798842780689 0.0039802836666992889 0.0019635127987849021 0.011795663241193612 0.010280324507881229 0.0037152623652519146
leaf_weight=417 7375 113 6241 44 14619 2198 3741 11551 2200 37193 454 365 251 1306 202
leaf_count=417 7375 113 6241 44 14619 2198 3741 11551 2200 37193 454 365 251 1306 202
internal_value=-0.00070749 0.00588877 -0.00200317 0.0226138 -0.00237515 0.00489473 0.00622256 -0.00071647 0.00419981 -0.00337455 0.0147531 -0.000864223 0.0113174 0.0028437 0.0407317
internal_weight=88270 14492 73778 813 69604 13679 11116 26170 4174 43434 567 2563 668 3506 246
internal_count=88270 14492 73778 813 69604 13679 11116 26170 4174 43434 567 2563 668 3506 246
is_linear=0
shrinkage=0.05


Tree=13
num_leaves=16
num_cat=0
split_feature=15 12 2 22 2 19 5 18 2 0 22 5 16 22 2
split_gain=267.753 82.6814 67.395 48.5236 43.9937 35.5521 48.4067 31.316 16.1698 13.6071 10.2227 9.91505 9.01303 6.38831 4.01388
threshold=510.50000000000006 619.05000000000007 0.091317485886009214 0.96029977208633455 0.46145622212635073 25.593750000000004 0.75580964594513067 92.187500000000014 0.14335891390062919 10.612183378598129 0.74802193662647587 -0.26866367175705824 18.150000000000002 0.75378224007178518 0.85218171720857117
decision_type=2 2 2 2 2 2 2 2 2 2 2 2 2 2 2
left_child=2 5 9 10 8 6 -2 -6 -4 12 -3 -7 -1 -11 -5
right_child=1 3 4 14 7 11 -8 -9 -10 13 -12 -13 -14 -15 -16
leaf_value=0.011692846865668273 0.0023957123560842952 -0.00049725969150614575 -0.001016192006606531 0.0022343738150989293 0.00095575522970866753 -0.00083741268246785507 0.00028585608546165541 -0.0029667409659529785 -0.0056633412881278268 0.0032475836149084242 0.0038439119443088722 0.00052746452481514095 0.011269513101819319 0.010388726234005975 0.0035543974076617138
leaf_weight=312 7386 124 5553 67 10448 1400 3692 13618 40157 1957 441 1167 336 1569 199
leaf_count=312 7386 124 5553 67 10448 1400 3692 13618 40157 1957 441 1167 336 1569 199
internal_value=-0.000718455 0.00550014 -0.00193577 0.0208123 -0.00230495 0.00456761 0.00579617 -0.000574671 -0.00321593 0.00423574 0.0125221 -0.000734321 0.0108951 0.00301191 0.0384211
internal_weight=88426 14476 73950 831 69776 13645 11078 24066 45710 4174 565 2567 648 3526 266
internal_count=88426 14476 73950 831 69776 13645 11078 24066 45710 4174 565 2567 648 3526 266
is_linear=0
shrinkage=0.05


Tree=14
num_leaves=16
num_cat=0
split_feature=15 12 0 1 22 22 2 22 22 2 22 6 18 13 2
split_gain=230.289 73.1812 57.869 37.7618 36.9286 29.5425 29.3884 30.9891 29.6517 27.4186 11.8138 9.35019 4.64356 3.45232 1.52545
threshold=510.50000000000006 630.9000000000002 17.439272738971685 401.43547749133853 0.96596581511648949 0.53141473490303659 0.82362877254123212 0.78376473886561004 1.0439717433682956 0.14335891390062919 0.92489911692658977 -0.99465740988130902 76.562500000000014 -1.0000000180025095e-35 0.88101754234676199
decision_type=2 2 2 2 2 2 2 2 2 2 2 2 2 2 2
left_child=2 6 10 9 11 -5 8 -8 -2 -4 12 -3 -1 -12 -6
right_child=1 4 3 5 14 -7 7 -9 -10 -11 13 -13 -14 -15 -16
leaf_value=0.011152620640546784 0.00076881566876585991 0.0040822605152478824 -0.00042754057468458168 -0.0065521438174211749 0.0035546511014496632 0.00051453193720782386 0.0013689543948415539 0.0031485468569876205 0.0016499181890684946 -0.0056202924395847235 0.010642404424042974 0.0030658695957153318 0.0025049137702703918 0.011189427809853325 0.0031956075671477069
leaf_weight=577 10200 43 7453 10101 106 16066 1295 2165 172 37977 90 379 930 712 86
leaf_count=577 10200 43 7453 10101 106 16066 1295 2165 172 37977 90 379 930 712 86
internal_value=-0.000791834 0.004982 -0.00192041 -0.00217167 0.021873 -0.000658655 0.00423221 0.00822254 0.00290108 -0.00304314 0.00587051 0.0136019 0.00326145 0.0107731 0.0400521
internal_weight=88352 14446 73906 71597 614 26167 13832 3460 10372 45430 2309 422 1507 802 192
internal_count=88352 14446 73906 71597 614 26167 13832 3460 10372 45430 2309 422 1507 802 192
is_linear=0
shrinkage=0.05


Tree=15
num_leaves=16
num_cat=0
split_feature=15 15 2 0 13 19 18 22 0 13 2 16 17 13 20
split_gain=214.881 70.9987 51.1994 41.6913 36.3609 31.8903 26.7506 15.8772 14.9682 14.6061 11.2171 9.05371 8.72848 3.37102 0.568235
threshold=510.50000000000006 855.50000000000011 0.091317485886009214 322.52926779378248 0.9477729862660681 25.843750000000004 92.937500000000014 0.96029977208633455 94.565735053553311 0.9397397517896966 0.065400866914472403 12.050000000000002 151.50000000000003 0.59776486749059388 2.9031250000000006
decision_type=2 2 2 2 2 2 2 2 2 2 2 2 2 2 2
left_child=2 4 10 8 5 -2 -5 -6 -4 12 11 -1 -3 -12 -11
right_child=1 9 3 6 7 -7 -8 -9 -10 14 13 -13 -14 -15 -16
leaf_value=0.0081327614979885398 0.0015066488631932929 0.0034740633341498631 -0.0022896499667705793 0.00078491193781843663 0.0032530793154714084 -0.00030765350098947432 -0.0029350805989860999 0.0031549096024246961 -0.0054255129132808949 0.0027642207434778188 -7.8362597846215465e-05 0.010594989608519446 0.0026592289295865271 0.0070703859180038329 0.0032168971589212393
leaf_weight=661 10949 134 10240 11788 636 2441 14045 214 33742 50 1466 767 63 1357 69
leaf_count=661 10949 134 10240 11788 636 2441 14045 214 33742 50 1466 767 63 1357 69
internal_value=-0.000767418 0.00478634 -0.00185888 -0.00218327 0.00426615 0.00362957 -0.000588977 0.0142941 -0.00311969 0.0282278 0.00346859 0.00707983 0.0198731 0.00164187 0.0420588
internal_weight=88622 14556 74066 69815 14240 13390 25833 850 43982 316 4251 1428 197 2823 119
internal_count=88622 14556 74066 69815 14240 13390 25833 850 43982 316 4251 1428 197 2823 119
is_linear=0
shrinkage=0.05


Tree=16
num_leaves=16
num_cat=0
split_feature=15 2 22 0 22 1 22 19 22 6 22 18 13 2 0
split_gain=199.234 66.3582 62.9968 47.3065 35.761 35.7331 29.5746 26.3125 25.4077 20.1162 7.0029 5.69848 4.79804 4.73361 2.1125
threshold=510.50000000000006 0.83980516830089924 0.97045461389889065 20.46577800900668 0.52354878631110668 504.45118401492294 1.0584182042756576 25.593750000000004 0.78376473886561004 -0.91939278948206182 0.81193870833613213 64.687500000000014 -1.0000000180025095e-35 0.46452418793736977 497.99124037983086
decision_type=2 2 2 2 2 2 2 2 2 2 2 2 2 2 2
left_child=3 6 8 10 13 -6 7 -2 -3 -4 11 -1 -12 -5 -8
right_child=1 2 9 4 5 -7 14 -9 -10 -11 12 -13 -14 -15 -16
leaf_value=0.010065240128093478 0.0010661941130707009 0.0015791575278489131 0.0031338985083004312 -0.0090620506354690943 -0.0022238263862677707 0.0010753830610471028 0.0015279399537191487 -0.0003861126570024187 0.0033092435386391228 0.0037027244233055335 0.0095805347224148588 0.0015304247328840283 0.0096737886314974056 -0.0061664471581409407 0.0022681223534689043
leaf_weight=643 9159 1166 248 19423 32560 10137 40 2119 1608 151 95 1155 1084 8928 40
leaf_count=643 9159 1166 248 19423 32560 10137 40 2119 1608 151 95 1155 1084 8928 40
internal_value=-0.000735468 0.00461737 0.0110101 -0.00178622 -0.00204496 -0.00113088 0.00283148 0.0026166 0.00833814 0.0295865 0.00438865 0.00242492 0.00738337 -0.00342157 0.033125
internal_weight=88556 14531 3173 74025 71048 42697 11358 11278 2774 399 2977 1798 1179 28351 80
internal_count=88556 14531 3173 74025 71048 42697 11358 11278 2774 399 2977 1798 1179 28351 80
is_linear=0
shrinkage=0.05


Tree=17
num_leaves=16
num_cat=0
split_feature=15 1 22 2 2 19 6 18 22 22 0 9 21 16 5
split_gain=172.713 60.5839 62.7994 44.7663 53.3494 30.7366 36.9488 28.4428 15.4975 9.95506 9.79919 5.40965 5.3641 4.7094 3.24222
threshold=576.50000000000011 858.5789715608222 0.97045461389889065 0.091317485886009214 0.49544026183560702 25.593750000000004 -0.6652727025667432 85.937500000000014 0.64322102839350315 0.78376473886561004 10.612183378598129 0.79378270001952722 0.99152174952703709 18.150000000000002 0.21022171450811275
decision_type=2 2 2 2 2 2 2 2 2 2 2 2 2 2 2
left_child=3 5 9 10 8 6 -2 -6 -5 -3 13 -12 -4 -1 -7
right_child=1 2 12 4 7 14 -8 -9 -10 -11 11 -13 -14 -15 -16
leaf_value=0.0096406734090534255 0.0019477799295204629 0.0023707217028346599 0.0034262601590255683 -0.0077322283794598852 0.0011501492852523554 -0.00045442573209246006 0.00028531594280251094 -0.0015337978905718783 -0.0022079650713726427 0.0032514664746777638 0.0057331710137521891 0.010586533875989512 0.0029489464056489112 0.0091015079862941106 0.00039434458545267172
leaf_weight=323 3056 530 185 24784 9481 1551 3339 15271 24403 1116 3520 54 81 338 256
leaf_count=323 3056 530 185 24784 9481 1551 3339 15271 24403 1116 3520 54 81 338 256
internal_value=-0.000727054 0.0054212 0.0134362 -0.0015225 -0.00180886 0.00355279 0.00517983 8.44364e-05 -0.0027616 0.00979344 0.00347698 0.00244264 0.0359774 0.00906959 -0.00220531
internal_weight=88288 10114 1912 78174 73939 8202 6395 24752 49187 1646 4235 3574 266 661 1807
internal_count=88288 10114 1912 78174 73939 8202 6395 24752 49187 1646 4235 3574 266 661 1807
is_linear=0
shrinkage=0.05


Tree=18
num_leaves=16
num_cat=0
split_feature=15 12 2 1 22 17 22 18 6 0 2 3 22 16 1
split_gain=154.56 65.7638 44.4896 38.7044 33.6039 30.9434 27.7498 24.0194 18.1661 13.5332 11.6402 7.82288 7.03488 5.9343 5.65838
threshold=510.50000000000006 630.9000000000002 0.10766503479449738 401.43547749133853 0.96596581511648949 111.50000000000001 0.97254169820241654 92.187500000000014 0.45847758937963173 10.612183378598129 0.1810337265679105 -0.63405362205439464 0.74802193662647587 18.150000000000002 871.29763868276564
decision_type=2 2 2 2 2 2 2 2 2 2 2 2 2 2 2
left_child=2 5 9 10 12 8 -7 -5 -2 13 -4 -11 -3 -1 -6
right_child=1 4 3 7 14 6 -8 -9 -10 11 -12 -13 -14 -15 -16
leaf_value=0.0091586397386007497 -0.00036005308037202478 -0.0013194429664362052 -0.001877165043555551 0.0008321529309112596 0.0028648004290103015 0.0013479226644041761 0.0019141951591154617 -0.002550203313360875 0.0012542410666661087 0.0071189063110220809 -0.0049096564680606719 -0.00079793747207870249 0.003372328053519297 0.0086717276555120584 0.0026220692455729278
leaf_weight=321 2265 86 8056 11557 80 9961 1621 14503 45 2537 33946 2714 344 343 122
leaf_count=321 2265 86 8056 11557 80 9961 1621 14503 45 2537 33946 2714 344 343 122
internal_value=-0.000727168 0.00398857 -0.00165301 -0.00201449 0.0197627 0.00327095 0.00432481 -0.000500769 -0.00201299 0.00250634 -0.00295367 0.00165587 0.0118605 0.00923193 0.0365842
internal_weight=88501 14524 73977 68062 632 13892 11582 26060 2310 5915 42002 5251 430 664 202
internal_count=88501 14524 73977 68062 632 13892 11582 26060 2310 5915 42002 5251 430 664 202
is_linear=0
shrinkage=0.05


Tree=19
num_leaves=16
num_cat=0
split_feature=15 1 22 22 1 2 19 6 5 2 22 6 21 18 18
split_gain=141.879 61.9109 61.72 42.7722 34.9625 35.8414 27.6007 36.1221 19.6907 17.4715 8.53955 7.3487 6.08858 5.93281 5.62334
threshold=576.50000000000011 858.5789715608222 0.97045461389889065 0.53141473490303659 504.45118401492294 0.10766503479449738 24.331250000000008 -0.6652727025667432 -0.99630266176052629 0.071655506102185143 0.78376473886561004 -0.80417042486635371 0.99152174952703709 88.187500000000014 96.937500000000014
decision_type=2 2 2 2 2 2 2 2 2 2 2 2 2 2 2
left_child=3 6 10 9 5 -5 7 -2 -6 14 -3 -8 -4 -11 -1
right_child=1 2 12 4 8 -7 11 -9 -10 13 -12 -13 -14 -15 -16
leaf_value=0.008700707751670712 0.0018338364265448937 0.0023613037105325585 0.0032002924265669241 0.0066418959617395579 0.0026334976202516793 -0.0020551600099792235 0.00031918529523771794 0.00021909693789542441 0.00079250532478631903 -0.0041664762062817049 0.003000006816858958 -0.00075955329915777803 0.0027383890269909853 -0.0089061868948727089 -0.0027477926361004039
leaf_weight=647 2623 554 190 3396 491 30410 1081 3156 13606 9277 1155 1258 84 20137 417
leaf_count=647 2623 554 190 3396 491 30410 1081 3156 13606 9277 1155 1258 84 20137 417
internal_value=-0.000746594 0.00483071 0.0127509 -0.00146534 -0.000533684 -0.00140596 0.00289603 0.00475082 0.00155813 -0.00292966 0.00921884 -0.00168662 0.034781 -0.00315734 0.00336466
internal_weight=88482 10101 1983 78381 47903 33806 8118 5779 14097 30478 1709 2339 274 29414 1064
internal_count=88482 10101 1983 78381 47903 33806 8118 5779 14097 30478 1709 2339 274 29414 1064
is_linear=0
shrinkage=0.05


Tree=20
num_leaves=15
num_cat=0
split_feature=15 15 2 2 13 22 22 0 17 20 17 0 9 16
split_gain=127.434 58.096 36.6842 35.4481 28.4828 27.5688 24.837 15.229 15.0474 13.568 12.6114 9.67377 6.73918 4.80762
threshold=510.50000000000006 855.50000000000011 0.09492637917323489 0.4232462605304767 0.9477729862660681 1.0584182042756576 0.65018370331584996 94.565735053553311 117.50000000000001 2.9756250000000009 151.50000000000003 10.612183378598129 0.79378270001952722 18.150000000000002
decision_type=2 2 2 2 2 2 2 2 2 2 2 2 2 2
left_child=2 4 11 7 5 -2 -5 -4 -3 -6 -10 13 -13 -1
right_child=1 8 3 6 9 -7 -8 -9 10 -11 -12 12 -14 -15
leaf_value=0.0080357737599407019 0.00081348138769642977 4.4794227332305214e-05 -0.0019508032228964089 -0.0035390465244301752 0.0021804826371317476 0.0019517132181813169 0.00063951123671829953 -0.004918285086709254 0.0027476781756128887 0.0026352276887481926 0.0020068832942813351 0.0038812039338529075 0.010873999820846046 0.0078807514061168156
leaf_weight=327 13261 52 9784 15514 513 76 12600 31280 168 327 81 3862 50 330
leaf_count=327 13261 52 9784 15514 513 76 12600 31280 168 327 81 3862 50 330
internal_value=-0.000793144 0.00349565 -0.00163512 -0.00192171 0.00303414 0.00247169 -0.000553818 -0.00285822 0.0252326 0.0119643 0.0303414 0.00270409 0.00176125 0.00831811
internal_weight=88225 14478 73747 69178 14177 13337 28114 41064 301 840 249 4569 3912 657
internal_count=88225 14478 73747 69178 14177 13337 28114 41064 301 840 249 4569 3912 657
is_linear=0
shrinkage=0.05


Tree=21
num_leaves=16
num_cat=0
split_feature=15 1 22 1 22 2 19 6 22 16 21 18 13 5 13
split_gain=115.446 52.3473 61.2974 36.4997 34.992 25.7171 23.3643 27.9911 14.8443 8.26078 6.81396 5.89491 5.11959 3.1897 1.93419
threshold=513.50000000000011 858.5789715608222 0.97045461389889065 20.837197457685139 0.52354878631110668 0.53441613196087789 26.306250000000002 -0.6652727025667432 0.78376473886561004 12.050000000000002 0.99152174952703709 88.187500000000014 -1.0000000180025095e-35 0.21022171450811275 1.104009726044052
decision_type=2 2 2 2 2 2 2 2 2 2 2 2 2 2 2
left_child=3 6 8 9 11 -6 7 -2 -3 14 -4 -5 -11 -8 -1
right_child=1 2 10 4 5 -7 13 -9 -10 12 -12 -13 -14 -15 -16
leaf_value=0.00078675689441239918 0.0015147245305332459 0.0016842688097718384 0.0028561991030569937 -0.0037177399610908435 -0.0016117032630736103 0.00093259277599183621 -0.00089476758125124904 0.00014676915838252592 0.0028382467990512653 0.0075721272843105418 0.0024640856668607897 -0.0084304841547335248 0.0084477586463414748 0.00026036246518846841 0.0095207100700677519
leaf_weight=824 4856 824 182 9169 32999 10410 1626 5272 1137 99 84 19557 1035 259 153
leaf_count=824 4856 824 182 9169 32999 10410 1626 5272 1137 99 84 19557 1035 259 153
internal_value=-0.000717968 0.0034059 0.0104468 -0.0015089 -0.00169855 -0.000802715 0.00210064 0.00305193 0.00739164 0.00497158 0.0329699 -0.00305229 0.00787478 -0.00301061 0.00160184
internal_weight=88486 14240 2227 74246 72135 43409 12013 10128 1961 2111 266 28726 1134 1885 977
internal_count=88486 14240 2227 74246 72135 43409 12013 10128 1961 2111 266 28726 1134 1885 977
is_linear=0
shrinkage=0.05


Tree=22
num_leaves=15
num_cat=0
split_feature=15 1 22 22 22 1 0 19 5 2 0 22 21 18
split_gain=101.978 51.6741 54.6857 38.8901 24.7626 24.2839 26.2714 22.1247 15.1818 12.4646 11.1909 9.18051 7.01088 5.8703
threshold=563.50000000000011 858.5789715608222 0.97045461389889065 0.59796011944789595 1.0584182042756576 537.62838414756641 20.46577800900668 24.568750000000005 0.81925054981890411 0.1136997855731388 345.0869164691747 0.65467982461695107 0.99152174952703709 77.312500000000014
decision_type=2 2 2 2 2 2 2 2 2 2 2 2 2 2
left_child=3 4 11 9 7 6 -5 -2 -7 13 -11 -3 -4 -1
right_child=1 2 12 5 -6 8 -8 -9 -10 10 -12 -13 -14 -15
leaf_value=0.0062764241650419177 0.0010213349002621828 -0.0063230593105387317 0.0027190289078566745 0.0071897541832035561 0.0019272738447579985 0.0015636460262820257 -0.0012602953124976266 -0.00033555019542030613 -0.0010352361233737061 -0.0069378740169509789 -0.0032528135099834476 0.0025812251545727308 0.0023365388072776653 -0.0051187741833831572
leaf_weight=1318 6377 144 188 1439 60 7021 31370 2368 2337 20775 11624 1630 81 1667
leaf_count=1318 6377 144 188 1439 60 7021 31370 2368 2337 20775 11624 1630 81 1667
internal_value=-0.000723369 0.00381729 0.0109814 -0.00135853 0.00215502 -0.000332844 -0.000973667 0.00193539 0.00191387 -0.00258083 -0.00286568 0.00779594 0.0319888 0.000510887
internal_weight=88399 10848 2043 77551 8805 42167 32809 8745 9358 35384 32399 1774 269 2985
internal_count=88399 10848 2043 77551 8805 42167 32809 8745 9358 35384 32399 1774 269 2985
is_linear=0
shrinkage=0.05


Tree=23
num_leaves=15
num_cat=0
split_feature=15 1 22 22 22 0 2 6 5 2 19 2 21 16
split_gain=97.3488 53.9606 55.3596 35.625 25.2301 23.3738 23.0726 19.6432 13.1131 12.4155 12.0627 11.3228 9.64088 5.37839
threshold=563.50000000000011 858.5789715608222 0.97045461389889065 0.65018370331584996 1.0584182042756576 435.171912000399 0.12021570026920685 -0.64580103137750788 0.74443451080969758 0.071655506102185143 28.406250000000004 0.46145622212635073 0.99152174952703709 16.350000000000005
decision_type=2 2 2 2 2 2 2 2 2 2 2 2 2 2
left_child=3 4 10 9 7 6 -5 -2 -7 13 -3 -11 -4 -1
right_child=1 2 12 5 -6 8 -8 -9 -10 11 -12 -13 -14 -15
leaf_value=0.0029118135896795462 0.0010719952400350342 0.0026698888134629563 0.002595431346727929 0.0052516871907698718 0.0018307337252533474 0.0014962827689564717 -0.0012617025467199347 -0.00018169403632777861 -0.0006960739783417484 -0.0058846196273902533 -0.00035590312652547426 -0.0025770186488090485 0.0022197119208100693 0.010762150895131628
leaf_weight=858 5015 1508 188 3908 64 5602 26289 3711 2078 24588 249 13853 83 280
leaf_count=858 5015 1508 188 3908 64 5602 26289 3711 2078 24588 249 13853 83 280
internal_value=-0.000744501 0.00369846 0.0110503 -0.00136503 0.00200227 -0.000268898 -0.000895289 0.00177286 0.00219401 -0.00241403 0.00780592 -0.0025664 0.0320849 0.00273286
internal_weight=88274 10818 2028 77456 8790 37877 30197 8726 7680 39579 1757 38441 271 1138
internal_count=88274 10818 2028 77456 8790 37877 30197 8726 7680 39579 1757 38441 271 1138
is_linear=0
shrinkage=0.05


Tree=24
num_leaves=15
num_cat=0
split_feature=15 12 22 22 6 1 0 22 5 2 17 2 18 1
split_gain=84.6079 48.3204 35.1045 25.7065 27.7481 22.0627 23.5611 17.545 15.0714 13.0055 7.58449 7.20736 5.96808 4.70621
threshold=563.50000000000011 630.9000000000002 0.53141473490303659 1.0584182042756576 -0.64580103137750788 499.99863175554634 62.532987303704147 0.97045461389889065 0.91248814248966237 0.091317485886009214 189.50000000000003 0.46145622212635073 77.312500000000014 888.21790528092822
decision_type=2 2 2 2 2 2 2 2 2 2 2 2 2 2
left_child=2 3 9 4 -2 6 -4 10 -7 12 -3 -11 -1 -9
right_child=1 7 5 -5 -6 8 -8 13 -10 11 -12 -13 -14 -15
leaf_value=0.0073651339436334399 0.0013496478858526435 -0.00037735173115630575 0.0029044722644740455 0.001739197038990681 -0.00017416216482320503 0.0011088921829991549 -0.0017202083214120146 0.002047901128846486 -0.0014418933618212679 -0.0066889549224543685 0.0025178198556215837 -0.004049698546535258 -0.0030936972881170036 0.0018185818145895595
leaf_weight=935 6478 76 5989 70 3732 11033 27532 108 2611 19207 330 9360 1011 63
leaf_count=935 6478 76 5989 70 3732 11033 27532 108 2611 19207 330 9360 1011 63
internal_value=-0.000683629 0.00345077 -0.00126149 0.0026605 0.00245348 -0.000406553 -0.00109648 0.0175303 0.00128848 -0.002583 0.0118719 -0.00285242 0.00137204 0.0309649
internal_weight=88535 10857 77678 10280 10210 47165 33521 577 13644 30513 406 28567 1946 171
internal_count=88535 10857 77678 10280 10210 47165 33521 577 13644 30513 406 28567 1946 171
is_linear=0
shrinkage=0.05


Tree=25
num_leaves=15
num_cat=0
split_feature=15 1 22 22 22 2 2 5 19 21 2 19 21 22
split_gain=81.9927 54.3742 46.6667 32.0367 24.5607 20.8005 26.9459 21.663 19.0462 12.3934 25.0049 9.84961 6.15692 4.82724
threshold=576.50000000000011 858.5789715608222 0.97045461389889065 0.46167753418189045 1.0584182042756576 0.42017859465653867 0.14644742303890276 0.75580964594513067 24.331250000000008 1.0000000180025095e-35 0.50196773378559445 28.406250000000004 0.99152174952703709 0.28543618651328112
decision_type=2 2 2 2 2 2 2 2 2 2 2 2 2 2
left_child=3 4 11 9 8 6 -5 -7 -2 10 -1 -3 -4 -11
right_child=1 2 12 5 -6 7 -8 -9 -10 13 -12 -13 -14 -15
leaf_value=-0.0026895635063783874 0.00088592711225357612 0.0023764246436538423 0.0023858234952347963 0.0024660700507157076 0.0016522371870411447 0.00095383380179905799 -0.0029409356464331904 -0.0010131361660477122 -0.00041689266934683559 -0.01402134068468072 0.011422455437450836 -9.1290698900133095e-05 0.0020327667213885861 -0.0058461548982493847
leaf_weight=8795 5774 1454 191 6552 66 16974 21695 7335 2331 6998 135 252 84 9821
leaf_count=8795 5774 1454 191 6552 66 16974 21695 7335 2331 6998 135 252 84 9821
internal_value=-0.000682649 0.00354511 0.0109768 -0.00123077 0.00174336 -0.000522872 -0.00144564 0.000549384 0.00149599 -0.00267564 -0.00117021 0.00789566 0.0300909 -0.00347494
internal_weight=88457 10152 1981 78305 8171 52556 28247 24309 8105 25749 8930 1706 275 16819
internal_count=88457 10152 1981 78305 8171 52556 28247 24309 8105 25749 8930 1706 275 16819
is_linear=0
shrinkage=0.05


Tree=26
num_leaves=15
num_cat=0
split_feature=15 1 22 22 13 22 17 1 19 0 2 20 9 21
split_gain=70.4187 47.7583 40.6805 27.695 21.417 20.9027 16.8136 15.7237 12.9111 11.0483 10.3466 9.32275 5.08041 4.85745
threshold=563.50000000000011 858.5789715608222 0.97045461389889065 0.65018370331584996 0.83599561308587444 1.0584182042756576 109.50000000000001 556.01963113745398 4.5562500000000012 27.878865027150969 0.46145622212635073 2.2293750000000006 0.72899769095811884 0.99152174952703709
decision_type=2 2 2 2 2 2 2 2 2 2 2 2 2 2
left_child=3 5 11 9 7 6 -2 -5 -6 12 -11 -3 -1 -4
right_child=1 2 13 4 8 -7 -8 -9 -10 10 -12 -13 -14 -15
leaf_value=0.0030168465281669755 -0.0005101267415627942 0.0024938861462146097 0.002266285076895364 -0.0010417861595065248 0.0076007124728133205 0.0014697566264299487 0.00071483814950949471 0.0008977200400330748 0.0014232309992304793 -0.0052336167422204821 -0.0021967199284754239 0.0018923746583993644 0.0060747011592760421 0.0019198255184667799
leaf_weight=2071 1466 597 183 28876 238 62 7221 5506 3303 23700 13897 1143 101 78
leaf_count=2071 1466 597 183 28876 238 62 7221 5506 3303 23700 13897 1143 101 78
internal_value=-0.000644039 0.00314884 0.0101174 -0.00116885 -0.000202121 0.00155503 0.00134857 -0.000583446 0.00350042 -0.0020907 -0.00229101 0.00735632 0.00137661 0.0285249
internal_weight=88442 10750 2001 77692 37923 8749 8687 34382 3541 39769 37597 1740 2172 261
internal_count=88442 10750 2001 77692 37923 8749 8687 34382 3541 39769 37597 1740 2172 261
is_linear=0
shrinkage=0.05


Tree=27
num_leaves=16
num_cat=0
split_feature=15 1 22 22 2 5 4 22 13 22 13 18 1 3 22
split_gain=62.5788 36.6112 44.6307 35.2456 25.5464 23.9723 20.5497 16.8324 16.6352 15.2105 9.12753 7.39221 6.81838 5.02141 3.70973
threshold=358.50000000000006 858.5789715608222 0.97045461389889065 1.0584182042756576 0.09492637917323489 0.87397152483179585 -0.93540483100319616 0.46167753418189045 0.71731849330169695 0.71720485247735721 -1.0000000180025095e-35 99.187500000000014 866.73934746807072 0.81241147629689026 1.0102968224680469
decision_type=2 2 2 2 2 2 2 2 2 2 2 2 2 2 2
left_child=4 3 9 5 10 -2 -5 11 -9 -3 14 -6 -4 -12 -1
right_child=1 2 12 6 7 -7 -8 8 -10 -11 13 -13 -14 -15 -16
leaf_value=0.0068548494615972679 0.0005810652124798477 -0.00034455956141784541 0.0015257392461166387 0.0019243893992974635 -0.0037224274964251405 -0.00082289723073524607 -1.8702033623557712e-05 -0.002005137275292136 0.0013324203248443198 0.0021527670081823878 0.0061341843270149576 -0.0097268137117992714 0.0020416968390854994 -0.00010997550717852801 0.006318585458562293
leaf_weight=82 17666 961 51 92 12906 5551 45 29949 4354 1626 2202 10554 217 2165 85
leaf_count=82 17666 961 51 92 12906 5551 45 29949 4354 1626 2202 10554 217 2165 85
internal_value=-0.000660747 0.00138903 0.0067338 0.000735633 -0.00152311 0.000586423 0.0260219 -0.00180678 -0.00110093 0.00472168 0.00209087 -0.00283888 0.0261567 0.00165216 0.0135629
internal_weight=88506 26209 2855 23354 62297 23217 137 57763 34303 2587 4534 23460 268 4367 167
internal_count=88506 26209 2855 23354 62297 23217 137 57763 34303 2587 4534 23460 268 4367 167
is_linear=0
shrinkage=0.05


Tree=28
num_leaves=16
num_cat=0
split_feature=15 1 22 22 1 19 6 2 2 22 19 21 2 22 6
split_gain=59.1335 44.3884 27.6795 27.5472 21.6474 17.8914 28.5672 17.59 24.3824 19.3495 13.533 13.1825 24.6631 5.73467 4.27387
threshold=576.50000000000011 840.93567534877741 0.46167753418189045 0.97045461389889065 866.73934746807072 22.506250000000005 -0.6652727025667432 0.42017859465653867 0.15827352067380249 1.0584182042756576 27.193750000000005 1.0000000180025095e-35 0.50196773378559445 0.28049223684746444 -0.79382744783423187
decision_type=2 2 2 2 2 2 2 2 2 2 2 2 2 2 2
left_child=2 5 11 10 -5 6 -2 8 -4 -9 -3 12 -1 -13 -7
right_child=1 3 7 4 -6 14 -8 9 -10 -11 -12 13 -14 -15 -16
leaf_value=-0.0022272897746724251 0.0014988786881208471 0.0019748331840767023 0.0020429539279100185 0.0014455951247882349 0.0019396119971312243 6.152005577594336e-05 -1.7766931942381216e-05 0.000316637413790059 -0.002696033258625258 0.0018457064253487089 -0.00024360480215684932 -0.013205894908502123 0.011120923523317726 -0.0051133754913647292 -0.00057541808455493202
leaf_weight=8770 1569 1840 7473 205 221 1461 2684 24222 20823 66 429 6682 127 10152 1740
leaf_count=8770 1569 1840 7473 205 221 1461 2684 24222 20823 66 429 6682 127 10152 1740
internal_value=-0.00063947 0.00295152 -0.00110483 0.00845083 0.0201174 0.00096324 0.00308841 -0.000447286 -0.00129453 0.000539772 0.00626047 -0.0024486 -0.000891875 -0.00327136 -0.00186036
internal_weight=88464 10149 78315 2695 426 7454 4253 52584 28296 24288 2269 25731 8897 16834 3201
internal_count=88464 10149 78315 2695 426 7454 4253 52584 28296 24288 2269 25731 8897 16834 3201
is_linear=0
shrinkage=0.05


Tree=29
num_leaves=16
num_cat=0
split_feature=15 12 22 17 13 4 18 13 22 3 21 9 4 1 6
split_gain=53.7599 33.4361 33.6658 29.1288 25.9926 19.2355 16.3426 15.9166 15.6993 14.4379 5.78708 5.63336 5.54167 5.53527 4.82853
threshold=358.50000000000006 630.9000000000002 1.0584182042756576 121.50000000000001 0.71306529851977407 -0.93540483100319616 92.937500000000014 -1.0000000180025095e-35 0.97045461389889065 -0.3520614488341251 0.42961432030305502 0.70297416100333832 -0.5 862.76371110962691 0.78192542922038288
decision_type=2 2 2 2 2 2 2 2 2 2 2 2 2 2 2
left_child=4 2 3 -2 7 -4 12 14 11 -9 -8 -3 -6 -10 -1
right_child=1 8 5 -5 6 -7 10 9 13 -11 -12 -13 -14 -15 -16
leaf_value=0.0060912539627589425 -0.00051659022885041717 0.00080338777418498893 0.0017375846460562783 0.00077232796053914319 0.0037603091034007388 -5.3052137608738951e-05 -0.0050279588499278043 -0.0011928695797681689 0.0010529073505581739 -0.0038574880700444816 0.0012445866015479848 0.0024768650020208318 0.0016389559228355941 0.0013684090289567312 -0.0018763143407535153
leaf_weight=126 5179 265 93 19951 2209 41 2786 18723 48 34331 1914 276 1882 125 41
leaf_count=126 5179 265 93 19951 2209 41 2786 18723 48 34331 1914 276 1882 125 41
internal_value=-0.000633028 0.00127646 0.000974904 0.000841622 -0.00143295 0.0259701 0.00108577 -0.00184899 0.0119468 -0.0018975 -0.000925533 0.00775416 0.00339648 0.0250578 0.0135629
internal_weight=87990 25978 25264 25130 62012 134 8791 53221 714 53054 4700 541 4091 173 167
internal_count=87990 25978 25264 25130 62012 134 8791 53221 714 53054 4700 541 4091 173 167
is_linear=0
shrinkage=0.05


Tree=30
num_leaves=16
num_cat=0
split_feature=22 1 17 22 5 2 19 6 5 18 3 17 22 5 9
split_gain=48.4702 56.5683 31.2792 22.2909 20.0498 19.8563 13.6198 13.4876 11.9857 11.1698 15.4114 7.7174 6.87714 6.39784 5.03183
threshold=0.73782493382700076 840.93567534877741 166.50000000000003 0.97045461389889065 0.74443451080969758 0.077579008856725987 26.831250000000004 -0.75581183015052977 0.86548282553247169 86.437500000000014 1.0000000180025095e-35 119.50000000000001 0.37548407383964755 -0.082689790342551819 0.79378270001952722
decision_type=2 2 2 2 2 2 2 2 2 2 2 2 2 2 2
left_child=7 2 5 6 -5 -2 -3 11 -4 10 -9 14 -11 -13 -1
right_child=1 3 8 4 -6 -7 -8 9 -10 12 -12 13 -14 -15 -16
leaf_value=-0.0040072520051270691 0.0064797711143803616 0.0021007292308819416 0.0012650615415029142 0.0018702665046835987 -0.00039918420462442539 -0.0004317374296656471 -0.00029136613858438132 0.001433743662889086 -0.00026866974635020302 -0.0095837510819188291 -0.0040961885472314994 0.0025727424665847589 -0.0031326859153426759 -0.00051817410609854872 0.0056604848270454611
leaf_weight=4171 1174 1582 6792 335 85 27548 480 5233 1863 9158 7780 3244 14356 4438 87
leaf_count=4171 1174 1582 6792 335 85 27548 480 5233 1863 9158 7780 3244 14356 4438 87
internal_value=-0.000647942 0.000643643 0.000158251 0.00795326 0.0184524 -0.000635751 0.00581474 -0.00171013 0.00279318 -0.00218701 -0.00101168 -0.000251257 -0.00283746 0.00069513 -0.00195867
internal_weight=88326 39859 37377 2482 420 28722 2062 48467 8655 36527 13013 11940 23514 7682 4258
internal_count=88326 39859 37377 2482 420 28722 2062 48467 8655 36527 13013 11940 23514 7682 4258
is_linear=0
shrinkage=0.05


Tree=31
num_leaves=15
num_cat=0
split_feature=0 15 2 22 5 17 22 3 18 9 13 3 20 4
split_gain=45.3046 26.7186 26.6298 25.1645 25.6127 19.2344 11.4057 11.0031 12.9287 9.18596 9.05356 7.40569 2.91101 2.57143
threshold=385.3481873297078 844.50000000000011 0.1136997855731388 1.0584182042756576 0.87397152483179585 126.50000000000001 0.97970658388645304 0.032701564615071628 86.437500000000014 0.79378270001952722 -1.0000000180025095e-35 0.81241147629689026 3.5343750000000007 0.16280825711809024
decision_type=2 2 2 2 2 2 2 2 2 2 2 2 2 2
left_child=2 3 10 4 -2 12 -7 8 -4 -9 13 -12 -3 -1
right_child=1 5 7 -5 -6 6 -8 9 -10 -11 11 -13 -14 -15
leaf_value=0.0052637924844099217 0.00064798164187113714 -0.00022895154409476276 -0.00010092589283678955 0.0013194522106943164 -0.00083693900649815854 0.0018039148930317217 0.0015727029582886043 -0.0035356587726258965 -0.0038111303181780649 0.0024076537744453178 0.0052516567889669859 -0.001120108942529685 0.0016524032787278036 0.0070168794896155566
leaf_weight=126 25636 146 12693 73 7004 115 164 25392 10071 284 3368 3171 64 42
leaf_count=126 25636 146 12693 73 7004 115 164 25392 10071 284 3368 3171 64 42
internal_value=-0.000677938 0.000781277 -0.00155648 0.000607861 0.000542278 0.0123824 0.0209857 -0.00196532 -0.001165 -0.00267487 0.0013963 0.00110185 0.00095238 0.0128571
internal_weight=88349 33202 55147 32713 32640 489 279 48440 22764 25676 6707 6539 210 168
internal_count=88349 33202 55147 32713 32640 489 279 48440 22764 25676 6707 6539 210 168
is_linear=0
shrinkage=0.05


Tree=32
num_leaves=16
num_cat=0
split_feature=22 1 17 19 9 19 6 18 3 5 22 1 5 21 17
split_gain=42.6925 47.9341 28.6107 22.6451 22.9326 14.9159 12.373 10.2528 15.6172 8.5908 7.61658 3.99146 6.1128 4.62312 2.3204
threshold=0.73782493382700076 840.93567534877741 168.50000000000003 26.831250000000004 0.68978564661902164 20.731250000000006 -0.79382744783423187 86.437500000000014 0.032701564615071628 0.91248814248966237 0.28543618651328112 401.43547749133853 -0.082689790342551819 1.0000000180025095e-35 259.50000000000006
decision_type=2 2 2 2 2 2 2 2 2 2 2 2 2 2 2
left_child=6 2 5 4 -3 -2 11 8 -8 -4 -9 13 -13 -1 -5
right_child=1 3 9 14 -6 -7 7 10 -10 -11 -12 12 -14 -15 -16
leaf_value=0.005845793085161366 4.4046765291751341e-05 0.0018303889539490158 0.0012271951572107936 -0.00036224824065037578 0.0017328594405188415 -0.00074270232022416427 0.0011601376693427508 -0.011168336834833903 -0.0038110205368080546 -0.00022519381653473005 -0.0032362596523123899 0.002163115244625835 -0.00089257902780124363 -0.0031549178367376585 0.0009291928938686911
leaf_weight=225 21776 1308 6846 402 650 7253 5660 6095 7623 1543 18104 3135 4260 3446 120
leaf_count=225 21776 1308 6846 402 650 7253 5660 6095 7623 1543 18104 3135 4260 3446 120
internal_value=-0.000625015 0.000586745 0.000140573 0.00731855 0.00978549 -0.000602674 -0.00162087 -0.00205459 -0.000938419 0.00271248 -0.00266726 -0.000151818 0.00051724 -0.00149959 -0.00193487
internal_weight=88446 39898 37418 2480 1958 29029 48548 37482 13283 8389 24199 11066 7395 3671 522
internal_count=88446 39898 37418 2480 1958 29029 48548 37482 13283 8389 24199 11066 7395 3671 522
is_linear=0
shrinkage=0.05


Tree=33
num_leaves=14
num_cat=0
split_feature=0 22 5 18 2 0 4 22 13 4 4 13 18
split_gain=43.198 30.0578 31.2238 28.7494 27.5502 11.7329 7.81027 7.0127 7.69271 6.68774 5.96062 3.65542 2.76481
threshold=347.91248966956101 1.0584182042756576 0.75580964594513067 91.062500000000014 0.17201926447078622 16.168530941849877 -0.93540483100319616 0.46167753418189045 0.70426116784301196 -0.68322629814330815 -0.98611507088852035 -1.0000000180025095e-35 99.437500000000014
decision_type=2 2 2 2 2 2 2 2 2 2 2 2 2
left_child=4 2 3 -2 5 11 -4 12 -9 -7 -3 -1 -6
right_child=1 10 6 -5 7 9 -8 8 -10 -11 -12 -13 -14
leaf_value=0.0051479227973506682 0.0010668167003639987 0.0018207019386969005 -5.424246556994442e-05 -0.00033454459770923583 -0.0039399109921210282 0.0037671341540895797 -0.0014131457993110108 -0.0022974041179090166 0.00064027151035484517 -0.0012064164018936866 0.00056041399583189031 0.0059706597455201314 -0.0090562661203560466
leaf_weight=164 15501 40 4548 11140 9154 1619 6210 21839 2033 9345 52 1800 5043
leaf_count=164 15501 40 4548 11140 9154 1619 6210 21839 2033 9345 52 1800 5043
internal_value=-0.000593754 0.000694699 0.000624481 0.00154255 -0.00154097 0.000453279 -0.00164901 -0.00221821 -0.00169487 -0.000184241 0.0292391 0.00401222 -0.00309819
internal_weight=88488 37491 37399 26641 50997 12928 10758 38069 23872 10964 92 1964 14197
internal_count=88488 37491 37399 26641 50997 12928 10758 38069 23872 10964 92 1964 14197
is_linear=0
shrinkage=0.05


Tree=34
num_leaves=16
num_cat=0
split_feature=15 22 6 5 2 3 4 0 2 5 2 4 5 19 19
split_gain=38.5711 27.6743 30.946 27.4538 25.0454 20.662 20.2122 18.2447 9.51507 5.80418 8.08417 4.73749 3.8375 1.24615 0.993446
threshold=256.50000000000006 1.0584182042756576 -0.64580103137750788 0.64579916509010216 0.17201926447078622 0.2269546835593246 -0.88144907265856332 281.77256852599641 0.068340841738735822 0.75580964594513067 0.44915413839537188 -0.68322629814330815 0.031174179426909168 4.5562500000000012 7.6562500000000009
decision_type=2 2 2 2 2 2 2 2 2 2 2 2 2 2 2
left_child=4 2 3 -2 8 7 -4 -3 12 10 -6 -10 -1 -7 -11
right_child=1 5 6 -5 9 13 -8 -9 11 14 -12 -13 -14 -15 -16
leaf_value=0.0038889851787647285 0.00058052723817804137 0.00077945288153556398 0.00028344456300601544 0.0021842425201339349 -0.0031125622905679388 -0.0014906033652329254 -0.001704689300743762 0.001697153343550073 0.0033144209978647923 -0.0035165768937793921 -0.00034944643149653067 -0.0011643154182636474 0.0057364977605484091 0.00032214581885653051 -0.0053081186772412636
leaf_weight=1007 16376 68 9730 1525 25644 64 8629 93 1612 1876 6135 9557 769 40 5361
leaf_count=1007 16376 68 9730 1525 25644 64 8629 93 1612 1876 6135 9557 769 40 5361
internal_value=-0.000646205 0.000598904 0.000481245 0.0019605 -0.00152143 0.0166981 -0.00096111 0.0279193 0.000384317 -0.00215373 -0.00186271 -0.000156237 0.00378378 -0.000673078 -0.00343167
internal_weight=88486 36525 36260 17901 51961 265 18359 161 12945 39016 31779 11169 1776 104 7237
internal_count=88486 36525 36260 17901 51961 265 18359 161 12945 39016 31779 11169 1776 104 7237
is_linear=0
shrinkage=0.05


Tree=35
num_leaves=16
num_cat=0
split_feature=22 1 17 22 22 18 18 22 19 2 0 19 5 3 19
split_gain=33.8319 38.1291 20.611 20.3118 14.6309 10.2194 9.34646 9.26217 8.98601 8.61358 8.94845 7.49113 6.32057 3.55479 2.89485
threshold=0.65018370331584996 862.76371110962691 168.50000000000003 0.97045461389889065 1.0439717433682956 66.937500000000014 99.437500000000014 0.44731821785684078 26.831250000000004 0.091317485886009214 345.0869164691747 26.831250000000004 -0.9905448150984083 0.84874750804349197 20.631250000000005
decision_type=2 2 2 2 2 2 2 2 2 2 2 2 2 2 2
left_child=6 2 4 11 -2 -4 9 14 -5 13 -11 -3 -9 -1 -8
right_child=1 3 5 8 -6 -7 7 12 -10 10 -12 -13 -14 -15 -16
leaf_value=0.005959552694459469 -0.00056881678805185043 0.0018660177259415018 0.0013557479311510302 0.0015000659608373718 0.0011663047604308918 0.0003847732781297242 -0.0084454022001696442 0.0059195285609608432 6.9070697020800199e-06 -0.0029569341760395441 0.00020109538794356184 -0.0002366020444536432 -0.0015412908505428422 -7.3627754231879539e-05 0.00021545635208005808
leaf_weight=781 28476 1384 3662 194 5201 9209 9694 188 48 15758 7194 367 5177 714 459
leaf_count=781 28476 1384 3662 194 5201 9209 9694 188 48 15758 7194 367 5177 714 459
internal_value=-0.000617247 0.000269771 -2.01954e-05 0.00704215 -0.000670637 0.00168169 -0.00169461 -0.00265434 0.0206198 -0.00108541 -0.00132494 0.00516562 -0.000973906 0.00259197 -0.0035423
internal_weight=88506 48541 46548 1993 33677 12871 39965 15518 242 24447 22952 1751 5365 1495 10153
internal_count=88506 48541 46548 1993 33677 12871 39965 15518 242 24447 22952 1751 5365 1495 10153
is_linear=0
shrinkage=0.05


Tree=36
num_leaves=16
num_cat=0
split_feature=22 2 22 5 5 4 18 1 19 22 12 3 19 3 22
split_gain=33.9321 27.8381 24.4057 18.2898 36.0067 13.9744 12.9182 9.17199 7.98912 7.31279 6.19309 3.335 3.14497 3.79055 1.96883
threshold=0.46660192839133957 0.85634169171603114 0.97045461389889065 0.75580964594513067 0.49065764355977465 -0.93540483100319616 99.562500000000014 18.96104794217943 25.593750000000004 0.78376473886561004 279.4500000000001 0.84874750804349197 20.431250000000006 0.77259657388510639 0.28049223684746444
decision_type=2 2 2 2 2 2 2 2 2 2 2 2 2 2 2
left_child=6 3 9 4 -2 -5 7 11 -4 -3 -9 -1 14 -14 -8
right_child=1 2 8 5 -6 -7 12 10 -10 -11 -12 -13 13 -15 -16
leaf_value=0.0074622993659226866 -0.0001296800456198444 0.00084635092475373599 0.0014899928321499283 0.00033172207897019248 0.0017779756520529379 -0.0014653009032318143 -0.011390124092748991 -0.0029638342059325863 0.00010327587517038414 0.0014914019857379828 0.0035495842067899889 0.00028645200365770009 -0.0035131040466274913 0.0046017835019245392 -0.0055447011152754749
leaf_weight=310 36963 1452 187 3801 6152 12641 5236 13642 78 1124 1280 263 568 49 4722
leaf_count=310 36963 1452 187 3801 6152 12641 5236 13642 78 1124 1280 263 568 49 4722
internal_value=-0.000577498 5.54493e-05 0.00489088 -0.000175211 0.000365881 -0.00159409 -0.00209244 -0.00117296 0.0193396 0.0034045 -0.00141134 0.0050349 -0.00343972 2.431e-05 -0.00365435
internal_weight=88468 62398 2841 59557 43115 16442 26070 15495 265 2576 14922 573 10575 617 9958
internal_count=88468 62398 2841 59557 43115 16442 26070 15495 265 2576 14922 573 10575 617 9958
is_linear=0
shrinkage=0.05


Tree=37
num_leaves=14
num_cat=0
split_feature=2 0 22 5 18 4 2 4 3 3 12 4 3
split_gain=31.8636 28.3285 25.2562 24.0193 21.4578 11.4386 8.66205 6.80143 6.60481 7.19412 6.8985 4.56078 4.25617
threshold=0.44600681667570818 94.565735053553311 1.0584182042756576 0.87397152483179585 94.312500000000014 -0.97335555334614932 0.065400866914472403 -0.68322629814330815 -0.097964660725097089 -0.68322629814330804 232.95000000000002 -0.95642797789208689 0.84874750804349197
decision_type=2 2 2 2 2 2 2 2 2 2 2 2 2
left_child=1 6 3 4 -2 -4 12 -8 9 -3 -10 -5 -1
right_child=2 8 5 11 -6 -7 7 -9 10 -11 -12 -13 -14
leaf_value=0.0052790384695305731 0.00080549659628926802 -0.0031490933707829408 0.0014975951539603627 -9.2100708831025304e-05 -0.00048484712793234744 0.00038680312599282459 0.0038205968547323902 -0.00085850108122809089 -0.003576342043770313 -0.00024941295357539531 0.0058741359198687011 -0.0013068622474447956 0.0042661423609277943
leaf_weight=724 20066 7559 62 2621 11662 49 1946 11053 19111 6958 140 5699 682
leaf_count=724 20066 7559 62 2621 11662 49 1946 11053 19111 6958 140 5699 682
internal_value=-0.000578048 -0.00144511 0.000462037 0.000396024 0.00102307 0.0242793 0.000411314 8.07635e-06 -0.00223703 -0.00143177 -0.00284427 -0.00199519 0.0041394
internal_weight=88332 48173 40159 40048 31728 111 14405 12999 33768 14517 19251 8320 1406
internal_count=88332 48173 40159 40048 31728 111 14405 12999 33768 14517 19251 8320 1406
is_linear=0
shrinkage=0.05


Tree=38
num_leaves=16
num_cat=0
split_feature=17 22 0 2 22 19 6 3 2 4 22 13 5 22 9
split_gain=30.9919 28.7827 24.0416 23.8438 19.0325 15.9654 9.69635 8.16542 7.93537 6.60568 19.3914 6.02136 5.33683 4.44737 4.10395
threshold=120.50000000000001 0.75067503487032872 94.565735053553311 0.85634169171603114 0.98997305079739462 26.556250000000006 -0.46800559042974538 0.68322629814330826 0.065400866914472403 -0.77259657388510627 1.0383239818484784 -1.0000000180025095e-35 -0.99630266176052629 0.30687855228892058 0.77634323470482058
decision_type=2 2 2 2 2 2 2 2 2 2 2 2 2 2 2
left_child=2 6 7 5 -5 -3 13 8 -1 10 -4 -9 -8 -2 -11
right_child=1 3 9 4 -6 -7 12 11 -10 14 -12 -13 -14 -15 -16
leaf_value=0.0050245081679638481 -0.0087847384428030133 0.00070550472665267816 -0.00093351419297635005 0.0014103480040340566 0.0012690935716602625 -0.00090187563177356045 0.0022636164274029281 0.004679769755711178 0.0013827004820422581 -0.0025654415713048839 0.0010257165339584151 -0.0019374992862087493 -0.0028768271246363067 0.00070193977730031261 0.00071843999813826678
leaf_weight=743 737 13933 15305 1517 85 1471 530 87 6523 19748 734 7100 9299 10055 553
leaf_count=743 737 13933 15305 1517 85 1471 530 87 6523 19748 734 7100 9299 10055 553
internal_value=-0.000557002 0.000530602 -0.00136269 0.00205339 0.00785893 0.00144962 -0.000725233 0.000362207 0.00154418 -0.00204871 -0.00129029 -0.000832755 -0.00186133 0.000309487 -0.0026479
internal_weight=88420 37627 50793 17006 1602 15404 20621 14453 7266 36340 16039 7187 9829 10792 20301
internal_count=88420 37627 50793 17006 1602 15404 20621 14453 7266 36340 16039 7187 9829 10792 20301
is_linear=0
shrinkage=0.05


Tree=39
num_leaves=16
num_cat=0
split_feature=22 1 22 5 5 19 21 2 3 4 22 22 12 6 2
split_gain=30.3633 24.1242 17.7738 17.0843 29.745 15.5263 11.9277 19.9188 13.6586 10.7851 6.92383 6.15758 4.59931 3.63802 1.13949
threshold=0.46660192839133957 862.76371110962691 0.97045461389889065 0.75580964594513067 0.49065764355977465 26.306250000000002 1.0000000180025095e-35 0.50196773378559445 -0.16280825711808958 -0.93540483100319616 0.28049223684746444 0.71720485247735721 170.25000000000003 -0.82413948779581736 0.85218171720857117
decision_type=2 2 2 2 2 2 2 2 2 2 2 2 2 2 2
left_child=6 3 11 4 -2 -4 7 8 -1 -5 14 -3 -9 -12 -8
right_child=1 2 5 9 -6 -7 10 12 -10 -11 13 -13 -14 -15 -16
leaf_value=0.0019021322860566935 -0.00011086679495436547 0.00015985834885733882 0.0013312067522552211 0.00032737213459608231 0.001714690362520631 -7.0943478793025072e-05 -0.010381394695656514 0.0051118026370847395 -0.0039278157479432476 -0.001322863521069223 -0.00034188271693260308 0.0014772974504285285 0.011176649748786705 -0.0041457172606184185 -0.0037167895206529525
leaf_weight=3222 37110 877 187 3776 6159 62 6449 41 5587 12554 2534 1425 92 7812 170
leaf_count=3222 37110 877 187 3776 6159 62 6449 41 5587 12554 2534 1425 92 7812 170
internal_value=-0.000560831 3.86151e-05 0.00480008 -0.000165189 0.000354872 0.01749 -0.00199888 -0.000521137 -0.000811103 -0.00154317 -0.00277778 0.00342745 0.0186842 -0.00196984 -0.00404064
internal_weight=88057 62150 2551 59599 43269 249 25907 8942 8809 16330 16965 2302 133 10346 6619
internal_count=88057 62150 2551 59599 43269 249 25907 8942 8809 16330 16965 2302 133 10346 6619
is_linear=0
shrinkage=0.05


Tree=40
num_leaves=16
num_cat=0
split_feature=22 5 5 22 19 21 2 3 4 19 22 0 13 6 22
split_gain=25.9894 21.6879 33.6354 27.1629 20.7265 12.9692 26.0645 11.5683 9.46646 11.7934 7.7661 6.57145 5.31299 2.76901 0.9644
threshold=0.46660192839133957 0.75580964594513067 0.49065764355977465 0.91309076662476163 26.556250000000006 1.0000000180025095e-35 0.50196773378559445 -0.41248606129204529 -0.91037613702198739 11.893750000000002 0.28049223684746444 33.644245681188728 0.5649719335630391 -0.80417042486635371 0.19987769416013837
decision_type=2 2 2 2 2 2 2 2 2 2 2 2 2 2 2
left_child=5 2 4 -4 -2 6 7 -1 9 -3 14 -10 -8 -12 -7
right_child=1 8 3 -5 -6 10 12 -9 11 -11 13 -13 -14 -15 -16
leaf_value=0.002890778534070354 0.00020854173682919309 0.0011499819011624723 0.0014106061281090876 0.0020451579124462472 -0.0010060407220831907 -0.012847389752099064 0.007406214164393814 -0.0025011636162554462 0.0040512830061487258 -0.00041152889970066226 -0.00050999691662722505 -0.0014872183775802353 0.012576326181326392 -0.0039337535527762734 -0.0074749415497852804
leaf_weight=2231 35612 1664 4766 1915 3666 3199 56 6620 758 2853 2660 11259 91 7761 3498
leaf_count=2231 35612 1664 4766 1915 3666 3199 56 6620 758 2853 2660 11259 91 7761 3498
internal_value=-0.000583407 -2.98445e-05 0.00052884 0.00380856 -2.90251e-05 -0.00190803 -0.000371195 -0.000717999 -0.0015828 0.000368606 -0.00271586 -0.0023163 0.0205102 -0.00186211 -0.00404435
internal_weight=88609 62493 45959 6681 39278 26116 8998 8851 16534 4517 17118 12017 147 10421 6697
internal_count=88609 62493 45959 6681 39278 26116 8998 8851 16534 4517 17118 12017 147 10421 6697
is_linear=0
shrinkage=0.05


Tree=41
num_leaves=16
num_cat=0
split_feature=22 2 22 19 5 18 1 19 22 12 22 3 5 0 19
split_gain=25.5924 22.1289 18.7935 15.9152 19.4114 11.5831 9.16094 8.07016 6.7949 6.00158 3.47004 2.99348 2.03186 1.63003 1.43628
threshold=0.46167753418189045 0.85634169171603114 0.98461031240766128 26.556250000000006 0.75580964594513067 99.437500000000014 18.96104794217943 23.643750000000008 0.75378224007178518 294.15000000000003 0.28049223684746444 0.84874750804349197 0.21022171450811275 17.439272738971685 20.431250000000006
decision_type=2 2 2 2 2 2 2 2 2 2 2 2 2 2 2
left_child=5 3 8 4 -2 6 11 -4 -3 -8 13 -1 -5 -7 -12
right_child=1 2 7 12 -6 10 9 -9 -10 -11 14 -13 -14 -15 -16
leaf_value=0.0069445371682072769 0.00033666001169579344 0.00048285903266660979 0.0011286514686230321 -0.0014326095396826957 -0.00070528901148258691 -0.00094050577579901326 -0.0025777105413272217 0.00057628101104841847 0.001254138901205764 0.0032971623032608333 -0.0045584503501479119 0.00083676579136017233 -9.7184759067880935e-05 -0.0097260844703352806 0.00045174627545575553
leaf_weight=318 40019 1246 69 2837 16470 227 13426 77 1483 1101 4707 273 394 5157 516
leaf_count=318 40019 1246 69 2837 16470 227 13426 77 1483 1101 4707 273 394 5157 516
internal_value=-0.000595563 -4.99253e-05 0.00423478 -0.000256197 -6.09865e-05 -0.00192323 -0.00103453 0.0217123 0.00329974 -0.00128278 -0.00318988 0.00506768 -0.00366914 -0.00408061 -0.00227168
internal_weight=88320 62595 2875 59720 56489 25725 15118 146 2729 14527 10607 591 3231 5384 5223
internal_count=88320 62595 2875 59720 56489 25725 15118 146 2729 14527 10607 591 3231 5384 5223
is_linear=0
shrinkage=0.05


Tree=42
num_leaves=16
num_cat=0
split_feature=17 22 2 22 18 0 22 6 1 6 13 3 9 6 16
split_gain=26.2009 25.5576 16.7044 11.5032 10.637 13.5362 10.3388 9.23524 8.94129 6.29596 6.19027 5.92751 2.74181 2.31686 1.28922
threshold=164.50000000000003 0.73483388125416327 0.1136997855731388 0.98997305079739462 95.312500000000014 293.71617951348907 0.28049223684746444 -0.65883892954715351 862.76371110962691 -0.46800559042974538 -1.0000000180025095e-35 0.81241147629689026 0.51555815998733256 -0.99983123799342477 51.850000000000001
decision_type=2 2 2 2 2 2 2 2 2 2 2 2 2 2 2
left_child=2 9 10 8 5 -4 -6 -5 -3 13 12 -12 -1 -2 -11
right_child=1 3 4 7 6 -7 -8 -9 -10 14 11 -13 -14 -15 -16
leaf_value=0.0038463056994747927 0.0047147307425463971 0.0007142893036631015 -0.0017891841248061646 0.0017251034906537609 -0.0084343960546167124 0.00014514202904790632 -0.0020536233387759019 0.00081333261632394343 0.0015392911442553782 -0.0069585968870688464 0.0039398499626448627 -0.00078749776808304537 0.0047080598358356322 0.00019950166359055641 -0.0017496876141896056
leaf_weight=94 75 9671 24661 41 5932 14150 13023 62 1193 896 3312 3181 74 7824 4258
leaf_count=94 75 9671 24661 41 5932 14150 13023 62 1193 896 3312 3181 74 7824 4258
internal_value=-0.000547617 0.000861781 -0.00107308 0.0026411 -0.00134647 -0.000872305 -0.00231733 0.0192718 0.00248343 -0.000633189 0.00129785 0.00105267 0.0107738 0.000253828 -0.00199263
internal_weight=88447 24020 64427 10967 57766 38811 18955 103 10864 13053 6661 6493 168 7899 5154
internal_count=88447 24020 64427 10967 57766 38811 18955 103 10864 13053 6661 6493 168 7899 5154
is_linear=0
shrinkage=0.05


Tree=43
num_leaves=15
num_cat=0
split_feature=17 22 22 4 20 9 19 18 22 6 15 5 6 6
split_gain=24.4446 22.8835 15.7717 23.7812 19.0544 12.4084 10.022 9.17033 8.91866 15.1485 8.85292 6.82589 4.32449 3.79731
threshold=165.50000000000003 0.73782493382700076 1.0511297556944543 -0.63405362205439475 1.6518750000000002 0.76875208897738834 28.406250000000004 55.687500000000007 0.95844462698335453 -0.71502926860092908 855.50000000000011 0.85673801594079257 -0.99983123799342477 -0.46800559042974538
decision_type=2 2 2 2 2 2 2 2 2 2 2 2 2 2
left_child=2 12 5 4 -4 10 -7 -5 11 -10 -1 -3 -2 -14
right_child=1 8 3 7 -6 6 -8 -9 9 -11 -12 -13 13 -15
leaf_value=-0.0010115824794114214 0.0045534297390848301 0.00098480917393586019 0.0026404963174996459 -0.0028899067546666272 0.0029238381863957458 0.0011204826487363486 -0.00072526024522976968 0.0037429796312106636 0.0014617509580883165 0.00033052515471707099 0.00089592251540744129 -0.00039554742373604668 7.3199034965005841e-05 -0.0020149850524558209
leaf_weight=57801 72 8203 591 2376 554 1369 342 1352 255 399 175 1818 7899 5061
leaf_count=57801 72 8203 591 2376 554 1369 342 1352 255 399 175 1818 7899 5061
internal_value=-0.000520411 0.000852701 -0.00102463 0.00171044 0.0080131 -0.00124793 0.00294857 -0.000225323 0.00256909 0.0082263 -0.00137178 0.00219988 -0.000553255 -0.000621143
internal_weight=88267 23707 64560 4873 1145 59687 1711 3728 10675 654 57976 10021 13032 12960
internal_count=88267 23707 64560 4873 1145 59687 1711 3728 10675 654 57976 10021 13032 12960
is_linear=0
shrinkage=0.05


Tree=44
num_leaves=16
num_cat=0
split_feature=2 0 18 19 6 22 13 3 3 3 15 4 9 16 22
split_gain=22.4934 25.544 18.6889 19.4094 33.2353 10.7713 7.32598 7.08327 5.49043 9.87294 4.60888 2.88757 2.51628 1.89435 0.965539
threshold=0.42017859465653867 94.565735053553311 92.187500000000014 26.556250000000006 -0.99983123799342477 0.28543618651328112 -1.0000000180025095e-35 0.68322629814330826 -0.29012925520284066 -0.77259657388510605 68.500000000000014 0.16280825711809024 0.79378270001952722 532.75000000000011 0.19236380281395474
decision_type=2 2 2 2 2 2 2 2 2 2 2 2 2 2 2
left_child=1 6 3 4 -2 14 11 -8 9 -3 -7 -1 -10 -5 -4
right_child=2 8 5 13 -6 10 7 -9 12 -11 -12 -13 -14 -15 -16
leaf_value=0.0036764692598683646 0.0011143639217408741 -0.0036571461696388533 -0.012454095686351016 1.2914491117662204e-05 0.00053806831726534101 0.0065414314919928886 0.001888397030743081 -0.0018552628547558816 -0.0032460207092937956 0.00034369549997703577 -0.00042948449635058731 0.0054560542234568191 0.0027844427922482542 -0.00074550198512430524 -0.0053810257065669553
leaf_weight=128 139 5999 1155 384 22902 140 7139 7033 19293 5460 14576 40 156 2040 1743
leaf_count=128 139 5999 1155 384 22902 140 7139 7033 19293 5460 14576 40 156 2040 1743
internal_value=-0.00057157 -0.00135012 0.000246174 0.00111231 0.00156004 -0.00100602 0.000394002 0.000270956 -0.00215931 -0.00129113 -0.000457327 0.0107738 -0.00267083 -0.00314357 -0.00379227
internal_weight=88327 45248 43079 25465 23041 17614 14340 14172 30908 11459 14716 168 19449 2424 2898
internal_count=88327 45248 43079 25465 23041 17614 14340 14172 30908 11459 14716 168 19449 2424 2898
is_linear=0
shrinkage=0.05


Tree=45
num_leaves=16
num_cat=0
split_feature=22 5 5 22 19 21 2 3 4 19 22 13 16 6 22
split_gain=20.5652 17.1931 24.8116 26.897 16.8155 10.1664 25.3264 10.1219 8.67772 9.49938 8.17092 5.68247 5.24165 2.76813 0.725745
threshold=0.46167753418189045 0.75580964594513067 0.46800856592688472 0.90172417425133544 25.593750000000004 1.0000000180025095e-35 0.50196773378559445 1.0000000180025095e-35 -0.91037613702198739 15.843750000000004 0.24420546068875623 0.5649719335630391 497.35000000000008 -0.80417042486635371 0.19987769416013837
decision_type=2 2 2 2 2 2 2 2 2 2 2 2 2 2 2
left_child=5 2 4 -4 -2 6 7 -1 9 -3 14 -8 -10 -12 -7
right_child=1 8 3 -5 -6 10 11 -9 12 -11 13 -13 -14 -15 -16
leaf_value=0.0015508315587217049 0.00018814512543494644 0.0005911153769152911 0.0010484513468036916 0.0019226605672443696 -0.0007247352123200654 -0.011157813646074405 0.0063460759063116408 -0.0032838401649131822 -0.0016200140497642083 -0.00065224530205029263 -0.00047498680649373242 0.013695584053217434 -0.0011307303841861496 -0.0036244606228279445 -0.0072255662575298196
leaf_weight=3721 34201 3072 5284 2114 4712 3183 50 5095 8585 1430 2938 83 3452 8788 1914
leaf_count=3721 34201 3072 5284 2114 4712 3183 50 5095 8585 1430 2938 83 3452 8788 1914
internal_value=-0.000512402 -2.46631e-05 0.000469542 0.00312382 -3.50794e-05 -0.00170185 -0.000340263 -0.00066697 -0.00140849 0.000464237 -0.00242614 0.0213158 -0.00210892 -0.00169964 -0.00409751
internal_weight=88622 62850 46311 7398 38913 25772 8949 8816 16539 4502 16823 133 12037 11726 5097
internal_count=88622 62850 46311 7398 38913 25772 8949 8816 16539 4502 16823 133 12037 11726 5097
is_linear=0
shrinkage=0.05


Tree=46
num_leaves=16
num_cat=0
split_feature=22 19 6 15 3 18 1 5 5 17 3 22 16 13 21
split_gain=18.9917 16.2668 22.4596 28.0667 20.4687 11.5768 9.09588 5.78354 3.52492 6.32875 3.10149 2.68166 2.08345 1.62557 1.36987
threshold=0.44197181594566609 26.556250000000006 -0.64580103137750788 739.50000000000011 0.2269546835593246 99.437500000000014 18.96104794217943 -0.94139628442229062 0.21022171450811275 204.50000000000003 0.84874750804349197 0.26478680415345573 859.20000000000016 0.19099283341015219 1.0000000180025095e-35
decision_type=2 2 2 2 2 2 2 2 2 2 2 2 2 2 2
left_child=5 2 3 -2 -4 6 10 -8 12 -10 -1 14 -3 -13 -7
right_child=1 8 4 -5 -6 11 7 -9 9 -11 -12 13 -14 -15 -16
leaf_value=0.0062583193205956768 0.00053212532372541317 -0.0012646444509526789 0.00033205197664838986 0.00095476773944296381 -0.0011049497974612392 -0.00017032638274055989 0.0023539374937508132 -0.002294794216325799 -0.00019952480831485192 0.002036242327637037 0.00096187987044968424 -0.00063992527251959842 8.8241929100971368e-05 -0.0044552397991901374 -0.0088001626570824998
leaf_weight=329 20957 3195 20347 1383 17413 233 1694 12159 414 91 264 783 56 4360 4757
leaf_count=329 20957 3195 20347 1383 17413 233 1694 12159 414 91 264 783 56 4360 4757
internal_value=-0.000505174 -5.05838e-05 0.000148917 0.00140555 -0.000594546 -0.0016862 -0.000777379 -0.00103696 -0.00324281 0.000643563 0.00528668 -0.00298184 -0.00384651 -0.00218064 -0.00380762
internal_weight=88435 63856 60100 22340 37760 24579 14446 13853 3756 505 593 10133 3251 5143 4990
internal_count=88435 63856 60100 22340 37760 24579 14446 13853 3756 505 593 10133 3251 5143 4990
is_linear=0
shrinkage=0.05


Tree=47
num_leaves=15
num_cat=0
split_feature=17 2 22 6 5 6 18 13 19 3 18 6 5 3
split_gain=19.9066 20.2465 20.0213 23.8742 12.4904 11.4622 9.75579 7.35702 9.40823 6.64492 6.69645 5.45105 5.26895 2.612
threshold=120.50000000000001 0.14950892201555596 0.9774438566559257 -0.99983123799342477 0.85673801594079257 -0.65883892954715351 90.562500000000014 0.87764564947841051 11.293750000000003 0.72947329433276253 96.312500000000014 1.0000000180025095e-35 0.3504237462291826 0.47114434510950071
decision_type=2 2 2 2 2 2 2 2 2 2 2 2 2 2
left_child=1 9 4 -4 6 -5 -2 11 -9 10 -1 -3 -11 -6
right_child=2 7 3 5 13 -7 -8 8 -10 12 -12 -13 -14 -15
leaf_value=0.0035890389973614609 0.00070444955596083954 -0.0013343191403611982 0.0009073018286381685 0.00089990265811086632 -0.00084541476516531832 0.00027776756565456306 -0.00025632416432628413 0.0024875071469455615 -6.7981503614910501e-05 -0.0038837365757565636 -0.001909489772609761 -0.001062660210141594 0.0030399173307226416 -0.0024903995823906057
leaf_weight=3730 16000 17186 53 437 4935 804 13193 338 991 3357 1637 21852 1788 2281
leaf_count=3730 16000 17186 53 437 4935 804 13193 338 991 3357 1637 21852 1788 2281
internal_value=-0.000506425 -0.00115166 0.000364293 0.00647604 0.000147078 0.00507252 0.000607507 -0.00166064 0.00199774 0.000802891 0.00203372 -0.00178518 -0.000481051 -0.00171563
internal_weight=88582 50879 37703 1294 36409 1241 29193 40367 1329 10512 5367 39038 5145 7216
internal_count=88582 50879 37703 1294 36409 1241 29193 40367 1329 10512 5367 39038 5145 7216
is_linear=0
shrinkage=0.05


Tree=48
num_leaves=16
num_cat=0
split_feature=2 0 18 19 6 22 2 3 3 9 15 20 9 9 19
split_gain=17.1807 19.8182 15.7751 16.6028 24.7279 8.44026 8.07597 6.36852 8.95938 5.81775 4.34284 4.3316 2.90921 1.59535 1.40444
threshold=0.42017859465653867 94.565735053553311 93.187500000000014 28.406250000000004 -0.99983123799342477 0.28543618651328112 0.068340841738735822 -0.22695468355932411 -0.77259657388510605 0.79378270001952722 68.500000000000014 2.6206250000000009 0.79378270001952722 0.46605392885855684 13.443750000000003
decision_type=2 2 2 2 2 2 2 2 2 2 2 2 2 2 2
left_child=1 6 3 4 -2 14 11 8 -3 -8 -7 -1 -9 -5 -4
right_child=2 7 5 13 -6 10 9 12 -10 -11 -12 -13 -14 -15 -16
leaf_value=0.0042320485867105686 0.0010849272015398316 -0.0033462048137828425 -0.010191350631480522 0.0018779653137533216 0.00043903582018597908 0.0065227806172073483 -0.00040609666145217271 -0.0029890431780656202 0.00033060027688255731 0.0033006250706469399 -0.00039722919758876672 -0.0019706222427318728 0.003023999239102482 -0.0010226404955653633 -0.00359430502076972
leaf_weight=1432 142 6006 1259 43 24374 150 12531 18636 6123 165 13943 312 155 1505 1634
leaf_count=1432 142 6006 1259 43 24374 150 12531 18636 6123 165 13943 312 155 1505 1634
internal_value=-0.000497117 -0.00117615 0.00021835 0.000991021 0.00130812 -0.000967268 0.000353184 -0.00189036 -0.000997198 -8.50674e-05 -0.000462287 0.00354358 -0.00246687 -0.00403101 -0.00342724
internal_weight=88410 45360 43050 26064 24516 16986 14440 30920 12129 12696 14093 1744 18791 1548 2893
internal_count=88410 45360 43050 26064 24516 16986 14440 30920 12129 12696 14093 1744 18791 1548 2893
is_linear=0
shrinkage=0.05


Tree=49
num_leaves=16
num_cat=0
split_feature=17 22 2 5 21 22 19 13 20 6 19 15 19 9 22
split_gain=16.5187 14.5289 13.9373 10.7742 12.4307 8.13116 5.22835 3.66417 3.91078 3.57601 3.33108 3.06685 2.19925 2.12907 1.0449
threshold=169.50000000000003 0.70106036680480133 0.091317485886009214 0.87397152483179585 0.9960412099423831 0.98997305079739462 26.831250000000004 -1.0000000180025095e-35 3.2781250000000006 -0.46800559042974538 16.893750000000008 416.50000000000006 9.4687500000000018 0.52168661083684953 0.39249213126581889
decision_type=2 2 2 2 2 2 2 2 2 2 2 2 2 2 2
left_child=2 9 7 4 -4 6 -3 13 -9 11 -7 -2 -5 -1 -11
right_child=1 5 3 12 -6 10 -8 8 -10 14 -12 -13 -14 -15 -16
leaf_value=0.0030703823216575391 0.0011619711847728812 0.00077618772583556983 -0.00076817787912994082 -0.0015652583771086637 0.00055227496296536257 0.0011771285433067214 -0.00055784945420215453 0.0031661606733064309 -0.0058260699340835446 -0.0076505738167508136 0.0013270603923433329 -0.0012530580049848917 -0.00095464093583344793 0.003934928670660187 -0.0019088884939595149
leaf_weight=93 4090 10911 47774 3504 4529 47 906 3547 475 402 42 2421 5858 73 3763
leaf_count=93 4090 10911 47774 3504 4529 47 906 3547 475 402 42 2421 5858 73 3763
internal_value=-0.000514221 0.000652731 -0.000914386 -0.00110395 -0.000824332 0.00185369 0.00174029 0.00187679 0.00157633 -0.000686588 0.0169101 4.53067e-05 -0.0026661 0.00915663 -0.00183073
internal_weight=88435 22582 65853 61665 52303 11906 11817 4188 4022 10676 89 6511 9362 166 4165
internal_count=88435 22582 65853 61665 52303 11906 11817 4188 4022 10676 89 6511 9362 166 4165
is_linear=0
shrinkage=0.05


Tree=50
num_leaves=16
num_cat=0
split_feature=17 0 6 22 20 22 19 5 6 2 3 2 0 5 6
split_gain=16.7604 18.1095 14.5448 20.8773 18.5056 13.1555 11.264 9.88881 7.77437 13.5198 7.02242 5.85201 4.32153 4.26239 2.85147
threshold=111.50000000000001 94.565735053553311 -0.64580103137750788 0.97254169820241654 3.7131250000000007 1.0383239818484784 28.406250000000004 -0.99630266176052629 1.0000000180025095e-35 0.46452418793736977 0.68322629814330826 0.065400866914472403 484.04023092576699 0.3504237462291826 -0.63257203029273779
decision_type=2 2 2 2 2 2 2 2 2 2 2 2 2 2 2
left_child=1 10 3 6 -5 7 -2 -4 14 -10 11 -1 -7 -12 -3
right_child=2 8 5 4 -6 12 -8 -9 9 -11 13 -13 -14 -15 -16
leaf_value=0.0033954629296441587 0.00062282175393599086 -0.0010660795969301537 0.0017010798771689428 0.00064643951524022164 0.0012571297364610393 0.00057759463662335198 -0.0011021234108186469 -0.00058771013590832037 -0.0013772910698864403 0.0022028046246813037 -0.0036412214313429839 0.001203237306596089 0.00079772386287169659 0.0011623275548415426 -0.0013642090764860327
leaf_weight=733 17020 7507 1130 853 59 65 1335 20981 17091 1318 4683 6470 47 2447 6454
leaf_count=733 17020 7507 1130 853 59 65 1335 20981 17091 1318 4683 6470 47 2447 6454
internal_value=-0.000524022 -0.00117369 0.000207278 0.00121269 0.00859649 -0.000664403 0.000845817 -0.000750985 -0.00182886 -0.00115406 0.000305936 0.00140705 0.0164286 -0.000806453 -0.00271865
internal_weight=88193 46703 41490 19267 912 22223 18355 22111 32370 18409 14333 7203 112 7130 13961
internal_count=88193 46703 41490 19267 912 22223 18355 22111 32370 18409 14333 7203 112 7130 13961
is_linear=0
shrinkage=0.05


Tree=51
num_leaves=16
num_cat=0
split_feature=22 5 5 22 19 18 4 19 1 12 2 22 20 5 13
split_gain=15.8188 13.4013 24.1475 19.6753 13.3819 9.91437 8.38003 10.308 6.13693 5.55874 4.86465 3.31312 2.02569 1.49477 0.832311
threshold=0.46167753418189045 0.75580964594513067 0.49065764355977465 0.90172417425133544 26.556250000000006 99.812500000000014 -0.93540483100319616 10.856250000000003 18.96104794217943 279.4500000000001 0.058137246350438238 0.20604586977211983 2.4493750000000003 0.92602006027323147 0.82513161349481845
decision_type=2 2 2 2 2 2 2 2 2 2 2 2 2 2 2
left_child=5 2 4 -4 -2 8 7 -3 12 -10 -8 14 -1 -13 -7
right_child=1 6 3 -5 -6 11 10 -9 9 -11 -12 13 -14 -15 -16
leaf_value=0.0043510870324651174 9.5546342438351488e-05 0.0013935853264666579 0.0010851943173576181 0.0016445870377182704 -0.00075723721956616214 -0.0094823937842565854 0.0032358455250093769 -0.00022015061365029647 -0.001870160006650952 0.0027760506642680988 -0.00099861243938338955 -0.0033823852953041192 -0.0021874106177441517 -0.0074631713936912109 -0.0012989950040120683
leaf_weight=523 35752 1168 4742 2059 3651 2811 111 2620 14034 1348 12714 5663 99 1058 228
leaf_count=523 35752 1168 4742 2059 3651 2811 111 2620 14034 1348 12714 5663 99 1058 228
internal_value=-0.000508067 -8.01547e-05 0.00035776 0.0031091 -0.000117124 -0.00155139 -0.00129808 0.000768214 -0.00078543 -0.000982318 -0.00190838 -0.00280738 0.0040836 -0.00218792 -0.00417736
internal_weight=88581 62817 46204 6801 39403 25764 16613 3788 16004 15382 12825 9760 622 6721 3039
internal_count=88581 62817 46204 6801 39403 25764 16613 3788 16004 15382 12825 9760 622 6721 3039
is_linear=0
shrinkage=0.05


Tree=52
num_leaves=15
num_cat=0
split_feature=22 19 9 3 16 18 1 12 19 9 4 22 13 5
split_gain=16.8516 13.5547 17.0545 16.2665 10.3955 9.78786 4.53305 3.72273 3.43358 3.14963 2.54533 2.11703 1.82717 1.10331
threshold=0.46167753418189045 27.968750000000004 0.77634323470482058 0.41248606129204562 809.6500000000002 99.687500000000014 18.96104794217943 221.55000000000004 16.518750000000008 0.46605392885855684 -0.68322629814330815 0.20604586977211983 0.16495198666872424 0.21022171450811275
decision_type=2 2 2 2 2 2 2 2 2 2 2 2 2 2
left_child=5 2 3 -2 -4 6 10 -8 11 -3 -1 -7 -10 -11
right_child=1 9 4 -5 -6 8 7 -9 12 13 -12 -13 -14 -15
leaf_value=0.0044191539856960563 0.00036833959202567406 0.0016928710368498041 0.0014389801217691571 -0.00056789921607996443 0.0012836133955049828 -0.0097474843209615566 -0.001833572648087356 0.002106004011341795 0.0053711854940475543 -0.001083936979949863 0.0022817054969162089 -0.0045005783731791706 -0.0024359011329035713 -0.00016099031981664944
leaf_weight=76 34876 65 1324 24052 120 2819 13292 1819 112 2320 501 5122 1920 220
leaf_count=76 34876 65 1324 24052 120 2819 13292 1819 112 2320 501 5122 1920 220
internal_value=-0.000469213 -2.91388e-05 0.000123235 -8.31642e-06 0.00549169 -0.00154924 -0.000770654 -0.000936736 -0.00277399 -0.00356046 0.00357885 -0.0032433 -0.000939962 -0.00383858
internal_weight=88638 62977 60372 58928 1444 25661 15688 15111 9973 2605 577 7941 2032 2540
internal_count=88638 62977 60372 58928 1444 25661 15688 15111 9973 2605 577 7941 2032 2540
is_linear=0
shrinkage=0.05


Tree=53
num_leaves=16
num_cat=0
split_feature=17 1 22 3 18 6 1 19 13 12 6 19 4 4 13
split_gain=13.8466 12.3257 11.4667 9.0316 13.0631 9.70524 6.80886 4.92107 4.49854 4.29525 3.81233 7.099 3.22802 2.32151 1.65711
threshold=164.50000000000003 20.837197457685139 0.70106036680480133 0.2269546835593246 84.812500000000014 -0.80417042486635371 862.76371110962691 20.943750000000005 -1.0000000180025095e-35 116.25000000000001 -0.39827153806311183 10.506250000000003 -0.68322629814330815 0.16280825711809024 0.7584717192321847
decision_type=2 2 2 2 2 2 2 2 2 2 2 2 2 2 2
left_child=1 8 10 4 -3 -5 7 -4 13 -8 11 -2 -10 -1 -12
right_child=2 3 6 5 -6 -7 9 -9 12 -11 14 -13 -14 -15 -16
leaf_value=0.0030392285447510162 0.0068881888542648116 0.00022539149177980833 0.00087262799456306293 0.00015273231855025016 -0.0020321691833869462 -0.0013586614578837478 0.0043340265123904603 -8.4317939760445974e-05 0.0043713393271913497 0.0011625633730641186 -0.0032253939429831798 -3.0431593436279047e-05 0.0030154153538451585 0.0043994270449133994 0.0002897801996830707
leaf_weight=132 47 18675 7132 6079 13456 24148 55 4163 100 1307 3266 7249 1809 40 744
leaf_count=132 47 18675 7132 6079 13456 24148 55 4163 100 1307 3266 7249 1809 40 744
internal_value=-0.000450896 -0.000832494 0.000575261 -0.00095882 -0.000375184 -0.00157922 0.00160899 0.00120628 0.00295291 0.0049486 -0.000581993 9.8683e-05 0.00225511 0.0106977 -0.00182045
internal_weight=88402 64439 23963 62358 32131 30227 12657 11295 2081 1362 11306 7296 1909 172 4010
internal_count=88402 64439 23963 62358 32131 30227 12657 11295 2081 1362 11306 7296 1909 172 4010
is_linear=0
shrinkage=0.05


Tree=54
num_leaves=16
num_cat=0
split_feature=2 0 5 19 18 4 18 13 17 4 3 22 13 4 5
split_gain=14.122 16.2724 12.1621 13.267 12.5675 6.15669 8.57284 5.40033 4.98503 4.28298 9.04103 3.73371 3.654 1.69294 1.50142
threshold=0.42017859465653867 94.565735053553311 0.86548282553247169 28.831250000000004 90.062500000000014 -0.91037613702198739 66.562500000000014 -1.0000000180025095e-35 30.500000000000004 -0.58216583101416164 -0.29012925520284066 0.8417715024145862 0.84650879601184315 0.097964660725097394 0.30983042691905771
decision_type=2 2 2 2 2 2 2 2 2 2 2 2 2 2 2
left_child=1 7 3 4 -2 6 -4 13 -9 10 -3 -11 -7 -1 -5
right_child=2 9 5 14 -6 12 -8 8 -10 11 -12 -13 -14 -15 -16
leaf_value=0.0028872671175134701 0.0006508871780320064 0.00036446658780858732 0.00056127875379252126 -0.00089252279886938761 -0.00019910038438790807 -0.0015115416714304164 -0.00093391279536117347 -0.0014748866393418355 0.0012454850691991316 -0.0022383247838673489 -0.0025173810721994894 -0.0036506832696691035 0.00025864714260603883 0.0041794555730323389 9.1143626751172681e-05
leaf_weight=114 18080 5920 1348 1513 14188 4827 2676 7361 6878 8716 11407 4889 236 50 135
leaf_count=114 18080 5920 1348 1513 14188 4827 2676 7361 6878 8716 11407 4889 236 50 135
internal_value=-0.00046458 -0.00108029 0.000184521 0.000619765 0.000843249 -0.00143997 1.98795e-05 0.000307921 0.000204016 -0.00172669 -0.00120535 -0.00239067 -0.00260024 0.00932927 -0.00375607
internal_weight=88338 45335 43003 33916 32268 9087 4024 14403 14239 30932 17327 13605 5063 164 1648
internal_count=88338 45335 43003 33916 32268 9087 4024 14403 14239 30932 17327 13605 5063 164 1648
is_linear=0
shrinkage=0.05


Tree=55
num_leaves=16
num_cat=0
split_feature=17 2 6 22 20 22 19 6 22 5 3 18 12 16 9
split_gain=11.72 16.1397 11.1562 15.678 17.8279 11.9585 9.6725 9.45623 10.8481 8.09499 4.87513 5.70615 4.3932 4.10634 3.91898
threshold=111.50000000000001 0.1136997855731388 -0.64580103137750788 0.97254169820241654 3.7131250000000007 1.0383239818484784 28.406250000000004 0.14888728888808328 1.0776631653655271 -0.99630266176052629 0.81241147629689026 91.312500000000014 214.95000000000002 246.95000000000002 0.70297416100333832
decision_type=2 2 2 2 2 2 2 2 2 2 2 2 2 2 2
left_child=1 10 3 6 -5 9 -2 13 -9 -4 11 -1 -7 -3 -12
right_child=2 7 5 4 -6 12 -8 8 -10 -11 14 -13 -14 -15 -16
leaf_value=0.0042189559448861094 0.00055798518802278223 -0.0027085870647039936 0.0016254173339175727 0.00052875368901819143 0.001004875961532131 0.00046543574567103056 -0.00091206536035068385 -0.00074600753259423599 0.0019739163847532653 -0.00051702095167143857 -0.0012232690202149236 -2.1110372780186459e-05 0.00063040791152488285 -0.00091516990522038657 0.0054878546408161687
leaf_weight=2096 16988 10418 1127 833 65 47 1336 19970 1064 21078 2848 1262 52 8664 420
leaf_count=2096 16988 10418 1127 833 65 47 1336 19970 1064 21078 2848 1262 52 8664 420
internal_value=-0.000472313 -0.00101536 0.000138948 0.00102174 0.00747216 -0.000621863 0.000705631 -0.00139296 -0.000661787 -0.000699168 0.00127075 0.00260869 0.0167172 -0.00219893 -0.00010404
internal_weight=88268 46742 41526 19222 898 22304 18324 40116 21034 22205 6626 3358 99 19082 3268
internal_count=88268 46742 41526 19222 898 22304 18324 40116 21034 22205 6626 3358 99 19082 3268
is_linear=0
shrinkage=0.05


Tree=56
num_leaves=16
num_cat=0
split_feature=3 18 19 6 3 22 5 5 19 13 16 21 19 19 9
split_gain=12.7041 14.7125 14.6488 12.6065 11.134 9.99228 9.10129 5.68773 4.86304 3.98426 5.39481 3.76675 3.51675 1.47608 1.13594
threshold=0.41248606129204562 88.687500000000014 28.406250000000004 -0.71502926860092908 -0.77259657388510605 0.38134479418824602 -0.52766804058324157 0.64579916509010216 16.356250000000006 0.84289686325436486 573.85000000000002 0.13646201297068619 16.356250000000006 13.093750000000002 0.46605392885855684
decision_type=2 2 2 2 2 2 2 2 2 2 2 2 2 2 2
left_child=1 2 4 6 -1 8 13 -8 -3 10 -5 -7 -11 -2 -4
right_child=3 5 14 9 -6 11 7 -9 -10 12 -12 -13 -14 -15 -16
leaf_value=-0.00063370610848793635 0.0045476427395813868 -0.0063628153951404897 0.0017208025527068287 -0.002133851000538917 0.00073791555533501702 0.0072071842992002741 0.00028950422072248516 0.0012961512765992309 0.00069889677434057827 0.0011149449350059267 -0.0015315662999943027 -0.00026947231633942052 -0.00027976119530493949 -0.0017784414648749616 -0.00082067760221441475
leaf_weight=7125 41 5512 44 20721 20896 66 9493 498 990 897 2318 16359 475 1507 1585
leaf_count=7125 41 5512 44 20721 20896 66 9493 498 990 897 2318 16359 475 1507 1585
internal_value=-0.00045506 4.02255e-05 0.000775716 -0.00117942 0.00104368 -0.000910936 0.000182424 0.00073516 -0.00256998 -0.00182315 -0.00197904 -0.000254187 0.000794459 -0.00338501 -0.00383364
internal_weight=88527 52577 29650 35950 28021 22927 11539 9991 6502 24411 23039 16425 1372 1548 1629
internal_count=88527 52577 29650 35950 28021 22927 11539 9991 6502 24411 23039 16425 1372 1548 1629
is_linear=0
shrinkage=0.05


Tree=57
num_leaves=16
num_cat=0
split_feature=3 19 22 3 6 5 18 19 16 20 13 19 17 5 22
split_gain=11.4744 13.6899 17.5121 14.8104 11.9663 8.08297 6.21498 5.00299 3.5577 6.60467 2.85812 2.27177 0.312476 0.596884 0.0628215
threshold=0.41248606129204562 29.231250000000006 0.74802193662647587 -0.77259657388510605 -0.71502926860092908 -0.52766804058324157 69.562500000000014 22.968750000000004 327.35000000000008 3.3681250000000005 -1.0000000180025095e-35 12.918750000000003 243.50000000000003 0.031174179426909168 0.67298856185812828
decision_type=2 2 2 2 2 2 2 2 2 2 2 2 2 2 2
left_child=1 2 6 -4 5 11 -1 -7 10 -10 -6 -2 14 -14 -3
right_child=4 12 3 -5 8 7 -8 -9 9 -11 -12 -13 13 -15 -16
leaf_value=0.00089728654877303533 0.0055539519133731043 -0.00200651686813668 -0.00060829394222242658 0.00071152094454024484 0.0029401988177504058 0.00054882836038431051 -0.0013323626539776478 -0.00071660556054303846 -0.0014047446004757881 0.00025379250592827976 -0.0020024434357552427 -0.0016220625970180093 -0.0022073926378007123 0.00011689207291066389 -0.0012517404187838144
leaf_weight=6430 41 48 7184 14771 69 9301 22575 766 5223 1282 17637 1483 85 62 1432
leaf_count=6430 41 48 7184 14771 69 9301 22575 766 5223 1282 17637 1483 85 62 1432
internal_value=-0.000432691 3.73655e-05 0.000181514 0.00124687 -0.00112312 0.000197997 -0.000624893 0.00071173 -0.00175561 -0.00275557 -0.00138823 -0.00319554 -0.00447757 -0.00227891 -0.00469595
internal_weight=88389 52587 50960 21955 35802 11591 29005 10067 24211 6505 17706 1524 1627 147 1480
internal_count=88389 52587 50960 21955 35802 11591 29005 10067 24211 6505 17706 1524 1627 147 1480
is_linear=0
shrinkage=0.05


Tree=58
num_leaves=15
num_cat=0
split_feature=17 2 22 5 19 19 5 5 9 3 15 6 0 6
split_gain=10.2856 10.3157 9.93095 8.83664 8.06818 4.67421 5.09925 4.26125 4.07757 3.5478 2.84517 2.32475 1.62602 1.23667
threshold=169.50000000000003 0.10766503479449738 0.70106036680480133 0.87397152483179585 29.231250000000006 25.843750000000004 0.9193901325473397 0.24372619187392155 0.80273783314097769 -0.63405362205439464 627.50000000000011 -0.46800559042974538 605.97093981368846 0.16587474750015932
decision_type=2 2 2 2 2 2 2 2 2 2 2 2 2 2
left_child=1 8 11 4 -3 6 -4 -7 9 -1 -5 12 -2 -13
right_child=2 3 5 10 -6 7 -8 -9 -10 -11 -12 13 -14 -15
leaf_value=0.002972406527810484 0.0010585200114243743 -0.00032988900618014519 0.00079998536211516318 -0.0015398813792751433 -0.0010675401865529455 -0.00071839106731601743 -0.00026729189162911327 0.00097513235780763213 0.012668093271120388 -0.0002412154693205312 3.1679032726822377e-05 -0.0029783002082993562 -0.0011407918163587312 -0.00016413135722334051
leaf_weight=2913 2979 49614 8876 8314 1290 1077 1779 191 56 2993 874 3040 3519 1111
leaf_count=2913 2979 49614 8876 8314 1290 1077 1779 191 56 2993 874 3040 3519 1111
internal_value=-0.000454495 -0.000769372 0.000466949 -0.000966186 -0.00070859 0.0014581 0.00179962 -0.00141167 0.00121436 0.00108703 -0.00239334 -0.000642785 -5.2325e-05 -0.00156709
internal_weight=88626 66054 22572 60092 50904 11923 10655 1268 5962 5906 9188 10649 6498 4151
internal_count=88626 66054 22572 60092 50904 11923 10655 1268 5962 5906 9188 10649 6498 4151
is_linear=0
shrinkage=0.05


Tree=59
num_leaves=15
num_cat=0
split_feature=17 2 5 2 22 13 19 5 5 1 6 15 4 6
split_gain=10.8397 9.49733 8.62035 7.47931 7.0304 5.13713 3.77083 6.093 4.29683 3.76591 2.96106 2.86571 2.55443 2.54771
threshold=169.50000000000003 0.1136997855731388 0.87397152483179585 0.41440571268147103 0.73782493382700076 -1.0000000180025095e-35 21.631250000000005 0.91248814248966237 -0.29343379936893921 51.875587313891437 -0.99983123799342477 538.50000000000011 0.16280825711809024 -0.39827153806311183
decision_type=2 2 2 2 2 2 2 2 2 2 2 2 2 2
left_child=1 5 3 -3 10 12 7 -6 -8 -7 -2 -4 -1 -12
right_child=4 2 11 -5 6 9 8 -9 -10 -11 13 -13 -14 -15
leaf_value=0.0023973221401131454 0.0040577496290574297 -0.0012189623330970346 -0.0019797251712537016 6.2934985834225659e-05 0.001099812354039692 0.0012937882919278499 -0.00058285708794057354 -0.00023066961553204758 0.00048958416153666018 0.017366819182362953 0.00026223448106032501 -2.4033321876509863e-05 0.0040362575331620775 -0.0017151551987596881
leaf_weight=129 65 33090 7624 16936 4971 6401 1516 1504 2091 73 8094 1410 47 4159
leaf_count=129 65 33090 7624 16936 4971 6401 1516 1504 2091 73 8094 1410 47 4159
internal_value=-0.000407446 -0.000731245 -0.000932951 -0.00067625 0.00054241 0.00106015 0.00152152 0.00224324 0.000225948 0.000831015 -0.000258972 -0.00235444 0.00948864 -0.000315434
internal_weight=88110 65710 59060 50026 22400 6650 10082 6475 3607 6474 12318 9034 176 12253
internal_count=88110 65710 59060 50026 22400 6650 10082 6475 3607 6474 12318 9034 176 12253
is_linear=0
shrinkage=0.05


Tree=60
num_leaves=16
num_cat=0
split_feature=3 22 3 6 19 18 9 9 15 13 13 6 6 5 17
split_gain=10.948 13.3032 14.587 10.6425 10.4427 10.9441 10.0656 7.82312 6.01037 4.55122 4.41558 3.73523 5.98197 2.98574 0.475018
threshold=0.41248606129204562 1.0383239818484784 -0.81241147629688981 -0.85225707553516283 28.831250000000004 83.437500000000014 0.28181463930565548 0.81399729065561433 84.500000000000014 0.63798651513041393 0.85653847548146178 -0.99052477729077237 -0.98801846520836312 1.0000000180025095e-35 168.50000000000003
decision_type=2 2 2 2 2 2 2 2 2 2 2 2 2 2 2
left_child=1 4 8 11 5 -1 -4 10 -3 -9 -5 13 -13 -2 -6
right_child=3 2 6 7 14 -7 -8 9 -10 -11 -12 12 -14 -15 -16
leaf_value=0.00039327613119690135 0.00025724111498046657 0.0023214996327610483 -0.0060354033784062351 -0.0015895213527268059 -0.00096560012469198899 -0.00065700472277497679 0.0027372657923573126 -0.0030074263679469668 -0.0055990442091073712 0.0049834899794958367 0.00022638141678813493 0.0018184514617197616 0.00044054933866130509 -0.0010267854570092626 -0.00058382813574941062
leaf_weight=23070 1061 1119 169 25871 1373 24504 1131 54 500 145 1542 269 5980 1035 475
leaf_count=23070 1061 1119 169 25871 1373 24504 1131 54 500 145 1542 269 5980 1035 475
internal_value=-0.000416658 4.48012e-05 0.00332477 -0.00108838 -0.000148923 -5.67656e-06 0.00726923 -0.00156128 0.000157503 0.00831658 -0.00163299 0.000476332 0.00108897 -0.00135019 -0.00383658
internal_weight=88298 52341 2919 35957 49422 47574 1300 27612 1619 199 27413 8345 6249 2096 1848
internal_count=88298 52341 2919 35957 49422 47574 1300 27612 1619 199 27413 8345 6249 2096 1848
is_linear=0
shrinkage=0.05


Tree=61
num_leaves=16
num_cat=0
split_feature=22 19 5 3 21 1 16 3 4 21 5 17 16 22 5
split_gain=9.63159 12.8094 13.002 14.2749 9.01202 20.8435 7.28589 6.43899 5.30309 4.28599 3.0674 4.35692 2.48802 2.36792 2.36133
threshold=0.44197181594566609 25.593750000000004 0.75580964594513067 0.2269546835593246 1.0000000180025095e-35 480.89458432644409 12.050000000000002 1.0000000180025095e-35 -0.77259657388510627 0.15308795691499624 0.21022171450811275 204.50000000000003 859.20000000000016 0.18267135557735961 -0.97509794945709805
decision_type=2 2 2 2 2 2 2 2 2 2 2 2 2 2 2
left_child=4 2 3 -2 5 7 13 -1 -4 -8 12 -12 -3 -6 -7
right_child=1 10 8 -5 6 14 9 -9 -10 -11 11 -13 -14 -15 -16
leaf_value=0.0012911388458695273 0.00083341116743312904 -0.00081568413506973307 -1.8426561820683057e-05 -0.00015927178534347753 -0.0093878451985490614 0.013067202219916141 0.01120866520710111 -0.002309160615579764 -0.0012145934076879922 -0.0016604194891568149 -0.00021053454503124804 0.0017095830428527081 7.3712768383373898e-05 -0.0046154112080477767 0.0096570216713244943
leaf_weight=3723 21474 4092 7221 20884 2332 45 70 5094 9488 7342 574 156 72 5744 57
leaf_count=3723 21474 4092 7221 20884 2332 45 70 5094 9488 7342 574 156 72 5744 57
internal_value=-0.000442922 -0.000120465 8.32094e-05 0.000549128 -0.00128795 -2.18646e-05 -0.00201705 -0.000281843 -0.00109791 -0.000885052 -0.00257867 0.000410958 -0.00310279 -0.00305597 0.022451
internal_weight=88368 63961 59067 42358 24407 8919 15488 8817 16709 7412 4894 730 4164 8076 102
internal_count=88368 63961 59067 42358 24407 8919 15488 8817 16709 7412 4894 730 4164 8076 102
is_linear=0
shrinkage=0.05


Tree=62
num_leaves=15
num_cat=0
split_feature=17 2 21 6 6 5 16 20 19 13 20 5 6 5
split_gain=9.62474 12.4233 10.3101 14.2655 9.10348 14.4246 8.52561 7.78547 6.30252 5.37674 4.79267 3.45638 2.89749 2.62018
threshold=111.50000000000001 0.17201926447078622 0.98708083015086967 -0.99983123799342477 0.14888728888808328 -0.94139628442229062 34.95000000000001 3.7343750000000009 29.231250000000006 -1.0000000180025095e-35 3.2943750000000009 0.65883702558178847 0.04621408538533487 0.76696112484652035
decision_type=2 2 2 2 2 2 2 2 2 2 2 2 2 2
left_child=1 9 6 -4 11 -6 13 -5 -8 12 -11 -3 -1 -2
right_child=2 4 3 7 5 -7 8 -9 -10 10 -12 -13 -14 -15
leaf_value=0.0039273075751704691 -0.0021276076371857691 -0.0010727612920179424 0.00053692054534465016 6.9399633913252989e-05 0.003753295461209458 -0.00079071051195613311 0.00017598636864780889 0.00072463443728022162 -0.00075714971841846083 0.00096102261379300564 -0.0047162854423725385 -0.0010249890744960467 0.0023905166229232222 -0.0062316833285532384
leaf_weight=64 2496 11242 46 897 1443 16266 35502 281 1104 10964 1693 4972 104 1249
leaf_count=64 2496 11242 46 897 1443 16266 35502 281 1104 10964 1693 4972 104 1249
internal_value=-0.000433807 -0.00092603 0.000119662 0.00464052 -0.0014272 -0.000643459 -1.74729e-05 0.00357385 0.000214991 0.000399609 0.000281661 -0.00228321 0.00928571 -0.00228972
internal_weight=88323 46748 41575 1224 33923 17709 40351 1178 36606 12825 12657 16214 168 3745
internal_count=88323 46748 41575 1224 33923 17709 40351 1178 36606 12825 12657 16214 168 3745
is_linear=0
shrinkage=0.05


Tree=63
num_leaves=16
num_cat=0
split_feature=2 0 5 19 22 2 4 5 16 4 6 3 22 5 20
split_gain=9.80259 12.721 9.44922 9.55236 8.35949 6.03336 4.95879 4.85185 4.38248 4.78648 4.23893 7.57001 3.66242 1.71674 0.36294
threshold=0.42017859465653867 94.565735053553311 0.86548282553247169 29.231250000000006 0.98744854199646437 0.068340841738735822 -0.68322629814330815 -0.091260668982868151 34.95000000000001 -0.88144907265856332 0.14888728888808328 -0.3520614488341251 0.89799317462015704 0.031174179426909168 1.7493750000000003
decision_type=2 2 2 2 2 2 2 2 2 2 2 2 2 2 2
left_child=1 5 3 4 -2 7 -7 -1 14 -10 12 -12 -3 -5 -4
right_child=2 10 8 13 -6 6 -8 -9 9 -11 11 -13 -14 -15 -16
leaf_value=0.00070113378683271947 0.00030317637739846751 -0.002180336130556659 -0.0036730272416828913 -0.0012783647875299186 0.00034749974735107895 0.0029318029671848212 -0.00091721188340051444 0.003491912980615729 9.0010771577309084e-05 -0.00071543809931517912 0.0006302049586497827 -0.0016380687640556411 -0.0032743809202748727 -0.00012352151976285241 -0.007141954157208307
leaf_weight=894 31133 8944 160 950 1333 1904 10668 856 4096 3868 4665 14076 3329 448 1054
leaf_count=894 31133 8944 160 950 1333 1904 10668 856 4096 3868 4665 14076 3329 448 1054
internal_value=-0.000412887 -0.000925976 0.000127549 0.000513228 0.000687487 0.00030652 -7.63614e-05 0.00305714 -0.00129549 -0.000868911 -0.00149513 -0.00102209 -0.00221747 -0.00353362 -0.00409391
internal_weight=88378 45336 43042 33864 32466 14322 12572 1750 9178 7964 31014 18741 12273 1398 1214
internal_count=88378 45336 43042 33864 32466 14322 12572 1750 9178 7964 31014 18741 12273 1398 1214
is_linear=0
shrinkage=0.05


Tree=64
num_leaves=16
num_cat=0
split_feature=5 2 19 3 19 18 1 5 16 4 22 12 16 12 4
split_gain=8.65575 11.2842 9.96249 9.90943 13.8461 9.0101 6.82213 6.41896 5.40747 4.01586 5.42123 3.55589 2.354 5.60444 1.49945
threshold=0.87397152483179585 0.41155525103008611 25.181250000000006 -0.29012925520284066 19.606250000000006 93.187500000000014 34.220619963937658 0.3504237462291826 859.20000000000016 -0.84874750804349175 1.0439717433682956 441.4500000000001 15.350000000000003 5.2500000000000009 -0.065403129230143256
decision_type=2 2 2 2 2 2 2 2 2 2 2 2 2 2 2
left_child=1 3 5 4 -1 -3 12 -5 -4 10 -8 -11 14 -14 -2
right_child=6 2 8 7 -6 -7 9 -9 -10 11 -12 -13 13 -15 -16
leaf_value=0.0010629911066538001 0.010836926683810172 0.0006020700773402114 -0.00041664876418302099 -0.0026494237574187732 -0.0035942813547621801 -0.00017856605239461397 -0.00027822652702615971 8.0785782911196871e-05 0.00016042732768843353 -0.0015725698709818108 0.00038846341345982196 0.00048859061536489252 0.0059589788334903915 0.0033315446294999943 -0.010047025669878218
leaf_weight=11863 70 17920 4335 17843 3691 12729 4903 5312 81 8816 143 100 82 322 122
leaf_count=11863 70 17920 4335 17843 3691 12729 4903 5312 81 8816 143 100 82 322 122
internal_value=-0.000399743 -0.000179875 0.000469841 -0.000768427 0.000207662 0.000789747 -0.00151395 -0.0014241 -0.00175045 -0.00173757 -0.000610386 -0.00237551 0.00372483 0.00589109 -0.000833335
internal_weight=88332 73774 35065 38709 15554 30649 14558 23155 4416 13962 5046 8916 596 404 192
internal_count=88332 73774 35065 38709 15554 30649 14558 23155 4416 13962 5046 8916 596 404 192
is_linear=0
shrinkage=0.05


Tree=65
num_leaves=16
num_cat=0
split_feature=22 19 5 5 21 2 3 16 18 12 21 16 5 5 22
split_gain=8.02658 10.3982 10.9799 12.3176 10.2731 16.4295 5.955 5.93724 5.152 4.45527 3.92631 3.16952 3.22252 3.17162 2.15392
threshold=0.44197181594566609 25.843750000000004 0.75580964594513067 0.49065764355977465 1.0000000180025095e-35 0.51322137896125175 0.032701564615071628 12.050000000000002 28.062500000000004 232.95000000000002 0.15308795691499624 859.20000000000016 1.0000000180025095e-35 0.048362692321690152 0.24420546068875623
decision_type=2 2 2 2 2 2 2 2 2 2 2 2 2 2 2
left_child=4 2 3 -2 5 6 -1 14 -4 -7 -9 13 -13 -3 -6
right_child=1 11 8 -5 7 9 -8 10 -10 -11 -12 12 -14 -15 -16
leaf_value=0.0012755220619458552 8.6141861552226467e-05 -0.00095724377899982145 -0.00038671900880645209 0.0011225291612385225 -0.0077130032537058085 0.0051435893058515902 -0.0019245472157029488 0.010286077545456202 -0.00036349097954194382 0.012943017873362987 -0.0017938803634738607 0.00020969889004964783 -0.0001391871312024705 -0.00010971343567481572 -0.003487694316893645
leaf_weight=3952 35716 3182 3705 6873 4135 42 4889 74 13094 43 7239 40 47 1357 3948
leaf_count=3952 35716 3182 3705 6873 4135 42 4889 74 13094 43 7239 40 47 1357 3948
internal_value=-0.000394857 -0.000101073 7.6782e-05 0.000503767 -0.00116808 0.000181491 -2.88441e-05 -0.00195051 -0.00100572 0.0220588 -0.000918229 -0.00238435 0.00706896 -0.00256554 -0.00288445
internal_weight=88336 64014 59388 42589 24322 8926 8841 15396 16799 85 7313 4626 87 4539 8083
internal_count=88336 64014 59388 42589 24322 8926 8841 15396 16799 85 7313 4626 87 4539 8083
is_linear=0
shrinkage=0.05


Tree=66
num_leaves=16
num_cat=0
split_feature=22 21 1 19 18 3 21 3 22 16 5 5 5 5 19
split_gain=8.03179 10.5246 16.4219 9.16563 9.5099 8.33076 5.43739 4.55621 3.59139 3.47443 4.64764 3.21301 2.93183 2.31812 0.663
threshold=0.37548407383964755 1.0000000180025095e-35 480.89458432644409 25.593750000000004 1.0000000180025095e-35 0.2269546835593246 0.92657994465327598 0.032701564615071628 0.18267135557735961 859.20000000000016 1.0000000180025095e-35 0.21022171450811275 -0.97509794945709805 0.9193901325473397 10.856250000000003
decision_type=2 2 2 2 2 2 2 2 2 2 2 2 2 2 2
left_child=1 2 7 4 6 -6 -2 -1 14 11 -11 -5 -4 -10 -3
right_child=3 8 12 9 5 -7 -8 -9 13 10 -12 -13 -14 -15 -16
leaf_value=0.0010455481840947745 0.01112684766230785 -0.0094976561826786363 0.011533764119454776 -0.00073211402382089401 0.00045521863806692321 -0.00022557351133208246 -0.00049970851599013925 -0.0019511014578739939 -0.0023362664493012555 0.00022095229793848081 -0.0002133097071390533 0.00012825243152474856 0.0079910461197471149 -0.006111528734007581 -0.0070368488518279806
leaf_weight=3982 43 1322 47 4122 31432 29042 2657 4868 7473 43 50 708 62 1409 1226
leaf_count=3982 43 1322 47 4122 31432 29042 2657 4868 7473 43 50 708 62 1409 1226
internal_value=-0.000389667 -0.00126024 2.28808e-05 -0.000129008 3.29237e-05 0.000162548 -0.00287037 -0.00021469 -0.00226597 -0.00220699 0.00736559 -0.00239131 0.0193119 -0.00179126 -0.00392072
internal_weight=88486 20389 8959 68097 63174 60474 2700 8850 11430 4923 93 4830 109 8882 2548
internal_count=88486 20389 8959 68097 63174 60474 2700 8850 11430 4923 93 4830 109 8882 2548
is_linear=0
shrinkage=0.05


Tree=67
num_leaves=13
num_cat=0
split_feature=2 22 19 2 2 5 20 18 9 5 17 9
split_gain=8.32329 9.20953 8.27783 7.94623 9.4481 4.09303 2.29215 3.5084 1.40454 0.840906 1.40808 0.146634
threshold=0.87672734215083803 0.98997305079739462 29.231250000000006 0.068340841738735822 0.42017859465653867 -0.091260668982868151 1.7306250000000003 43.062500000000007 0.74146837446907365 0.048362692321690152 243.50000000000003 0.6421780912199585
decision_type=2 2 2 2 2 2 2 2 2 2 2 2
left_child=2 6 3 5 -5 -1 7 -2 -8 11 -11 -4
right_child=1 -3 9 4 -6 -7 8 -9 -10 10 -12 -13
leaf_value=0.0010313257042884824 -0.001093950860477183 0.00041739789709536069 -0.001694271818582557 -0.0010136265943721569 4.7742042232439081e-05 0.0031166499166344953 0.00049596223695591525 0.0017696601941091295 0.00063192628093642982 -0.00023514526860689991 0.00038889768958027084 -0.001331819655491475
leaf_weight=892 62 55 122 43264 39933 895 1200 182 273 325 43 1118
leaf_count=892 62 55 122 43264 39933 895 1200 182 273 325 43 1118
internal_value=-0.000350483 0.00304176 -0.000419901 -0.000352656 -0.000423514 0.00294628 0.00239662 0.00688524 0.00165309 -0.00397388 -0.001875 -0.00459678
internal_weight=88364 1772 86592 84984 83197 1787 1717 244 1473 1608 368 1240
internal_count=88364 1772 86592 84984 83197 1787 1717 244 1473 1608 368 1240
is_linear=0
shrinkage=0.05


Tree=68
num_leaves=15
num_cat=0
split_feature=17 2 6 5 16 21 20 16 5 1 13 22 12 3
split_gain=7.86288 11.0803 9.12917 9.08419 7.27877 6.56163 9.85302 5.80793 4.90424 4.8061 4.7416 1.30097 1.44078 0.502522
threshold=109.50000000000001 0.1136997855731388 0.14888728888808328 -0.94139628442229062 11.15 0.98948628701973973 3.3131250000000008 649.75000000000011 0.68432406471780916 51.875587313891437 -1.0000000180025095e-35 0.5460775683732545 178.95000000000002 -0.81241147629688981
decision_type=2 2 2 2 2 2 2 2 2 2 2 2 2 2
left_child=1 9 8 -4 11 7 -7 -6 -3 10 -1 13 -13 -2
right_child=4 2 3 -5 5 6 -8 -9 -10 -11 -12 12 -14 -15
leaf_value=0.0025123079821160691 0.0015975463536514842 -0.00093639720684666322 0.0026238600872141764 -0.00057993495861844433 0.0001965648485491438 1.6146375838915763e-05 0.00069798660007415914 -0.0002865835168839577 -0.00099862833072781329 0.017164781066694675 0.0012084453245800625 -0.0027680868293563417 0.0068000948044642951 -0.0050028444481660462
leaf_weight=169 46 13009 1660 19071 35909 783 492 3749 5562 71 6377 50 55 1404
leaf_count=169 46 13009 1660 19071 35909 783 492 3749 5562 71 6377 50 55 1404
internal_value=-0.000364056 -0.000817637 -0.00113633 -0.00041508 0.000126152 0.000253706 0.00378431 0.000140198 -0.00194147 0.00107526 0.000934921 -0.00323151 0.00214286 -0.00362069
internal_weight=88407 45919 39302 20731 42488 40933 1275 39658 18571 6617 6546 1555 105 1450
internal_count=88407 45919 39302 20731 42488 40933 1275 39658 18571 6617 6546 1555 105 1450
is_linear=0
shrinkage=0.05


Tree=69
num_leaves=16
num_cat=0
split_feature=5 2 3 19 19 3 5 1 15 19 6 6 18 5 0
split_gain=7.93238 10.1791 9.58979 13.4607 8.14362 7.18167 6.74449 5.34343 3.92196 6.4997 3.81804 1.95939 1.83268 1.63077 0.0534884
threshold=0.87397152483179585 0.41687037427676571 -0.3520614488341251 19.493750000000006 29.231250000000006 0.97335555334614954 0.3504237462291826 34.220619963937658 627.50000000000011 11.793750000000003 0.11478523713130605 -0.35042475891464198 1.0000000180025095e-35 0.031174179426909168 17.439272738971685
decision_type=2 2 2 2 2 2 2 2 2 2 2 2 2 2 2
left_child=1 2 3 -1 5 -3 -4 11 10 -10 -9 14 -13 -6 -2
right_child=7 4 6 -5 13 -7 -8 8 9 -11 -12 12 -14 -15 -16
leaf_value=0.0011524502914492917 -2.7730517511836973e-05 0.00019893830266763795 -0.0024691787695343415 -0.0030130209787385346 -0.001034185588817982 0.0014915664569591747 0.00014562845380410307 -0.0015785935281732112 0.00054875021812131016 -4.3432394901187184e-05 -0.00031471472592459573 -0.0072495629194556117 0.0043325123426921769 -5.3939170294586836e-05 -0.0048223360222295515
leaf_weight=11272 40 32036 18725 3866 937 981 5545 7964 157 1007 4906 48 473 471 46
leaf_count=11272 40 32036 18725 3866 937 981 5545 7964 157 1007 4906 48 473 471 46
internal_value=-0.000374914 -0.000164088 -0.000712801 0.000274804 0.000464051 0.00062286 -0.0013288 -0.00143809 -0.00163674 0.00114261 -0.00188811 0.00315486 0.00430902 -0.00325994 -0.00383721
internal_weight=88474 73833 39408 15138 34425 33017 24270 14641 14034 1164 12870 607 521 1408 86
internal_count=88474 73833 39408 15138 34425 33017 24270 14641 14034 1164 12870 607 521 1408 86
is_linear=0
shrinkage=0.05


Tree=70
num_leaves=16
num_cat=0
split_feature=2 0 20 5 22 15 17 1 20 6 3 5 9 2 19
split_gain=7.24362 11.3245 9.81808 20.0065 9.06915 8.57909 5.39851 4.61158 4.49989 4.26083 5.97352 3.98185 3.75997 3.56834 3.00845
threshold=0.42017859465653867 94.565735053553311 0.15062500000000004 -0.96235977360714686 0.36986367537559256 68.500000000000014 30.500000000000004 20.837197457685139 2.6531250000000006 0.14888728888808328 -0.29012925520284066 -0.8781231054254196 0.57713002916505951 0.3618120687335914 14.443750000000003
decision_type=2 2 2 2 2 2 2 2 2 2 2 2 2 2 2
left_child=1 6 3 12 14 -6 8 -8 -1 13 -11 -5 -2 -3 -4
right_child=2 9 4 11 5 -7 7 -9 -10 10 -12 -13 -14 -15 -16
leaf_value=0.00022942767040288201 0.0072831068108307195 -0.0032527116504755811 -0.00528790699668635 -0.0058677067601654431 0.009030587518981904 9.3550837602807314e-05 0.0048610958304282983 0.0012149931743237392 -0.0058419171236671515 0.00054920961050216059 -0.001520887373465707 0.0011494541350903545 0.0055850669127586175 -0.00050529920075378823 -0.0012172864533658179
leaf_weight=5891 130 8975 2612 434 50 37356 406 6461 1659 5381 13341 139 103 3177 2307
leaf_count=5891 130 8975 2612 434 50 37356 406 6461 1659 5381 13341 139 103 3177 2307
internal_value=-0.000322432 -0.00076406 0.000141312 0.00560794 3.72109e-05 0.000302624 0.000392938 0.00140745 -0.000529803 -0.00130433 -0.000831109 0.000584641 0.0179614 -0.00203341 -0.00198109
internal_weight=88422 45291 43131 806 42325 37406 14417 6867 7550 30874 18722 573 233 12152 4919
internal_count=88422 45291 43131 806 42325 37406 14417 6867 7550 30874 18722 573 233 12152 4919
is_linear=0
shrinkage=0.05


Tree=71
num_leaves=15
num_cat=0
split_feature=2 1 20 5 22 15 17 6 20 22 19 3 5 19
split_gain=7.22131 9.63079 8.66209 19.9972 8.67206 8.3818 4.66552 6.67007 4.53998 4.05269 3.85439 3.70658 3.43657 2.7245
threshold=0.42017859465653867 117.76256754777988 0.15062500000000004 -0.96235977360714686 0.32823821919300272 68.500000000000014 30.500000000000004 0.99855310097228334 2.9206250000000007 1.196579809304281 21.631250000000005 0.5277851165098012 -0.8781231054254196 14.218750000000002
decision_type=2 2 2 2 2 2 2 2 2 2 2 2 2 2
left_child=1 6 3 11 13 -6 8 -8 -1 10 -3 -2 -5 -4
right_child=2 9 4 12 5 -7 7 -9 -10 -11 -12 -13 -14 -15
leaf_value=6.5181462234946633e-05 0.0070029896682678242 -0.001043180477974941 -0.0062391467851002705 -0.0036181844458165525 0.0085790581430328083 7.2668213760730704e-05 0.0012012693254681963 0.0095470756608487459 -0.0072929218131541906 0.004378224953130761 -0.0038113932897019948 0.0010691084840007969 0.0018069329743296949 -0.0016011585089328339
leaf_weight=6029 187 28978 2014 450 79 38364 6756 84 1456 75 2038 52 141 1829
leaf_count=6029 187 28978 2014 450 79 38364 6756 84 1456 75 2038 52 141 1829
internal_value=-0.000341234 -0.000781224 0.000122227 0.00518072 2.29378e-05 0.000249329 0.000291447 0.00123538 -0.000571143 -0.00127545 -0.00130352 0.0173849 0.000245346 -0.00224174
internal_weight=88532 45416 43116 830 42286 38443 14325 6840 7485 31091 31016 239 591 3843
internal_count=88532 45416 43116 830 42286 38443 14325 6840 7485 31091 31016 239 591 3843
is_linear=0
shrinkage=0.05


Tree=72
num_leaves=16
num_cat=0
split_feature=3 5 22 3 6 19 20 0 13 16 16 19 9 22 5
split_gain=6.8975 9.36334 9.7119 12.3313 8.3131 7.26733 6.90462 5.62354 5.28671 6.13067 5.26792 3.73867 4.59258 3.35898 1.62499
threshold=0.47114434510950071 -0.99763297024448894 1.0383239818484784 -0.81241147629688981 -0.80417042486635371 29.231250000000006 0.90812500000000018 291.28135468900172 0.8600371003894941 555.95000000000016 831.9000000000002 23.093750000000004 0.70690155854087011 0.41289647178935523 0.19337368024598436
decision_type=2 2 2 2 2 2 2 2 2 2 2 2 2 2 2
left_child=1 6 5 -4 11 -3 7 -1 9 -6 -10 12 -2 -8 -13
right_child=4 2 3 -5 8 -7 13 -9 10 -11 -12 14 -14 -15 -16
leaf_value=0.0036067856510034694 8.5141391540828978e-05 -7.0145326186193453e-05 -0.00024445028785510694 0.0019592073476906169 -0.00145651878021148 -0.0007600543045856832 -0.0078634133984402527 0.0070177965395456458 0.0003419436204196314 -0.0010980945570903643 0.00051059989894085658 -0.00062939559042719535 0.0015851303412588739 0.0022836782408848944 0.00059539694974092879
leaf_weight=40 6839 48930 1561 1328 20711 1606 134 43 1095 2884 123 520 1744 862 148
leaf_count=40 6839 48930 1561 1328 20711 1606 134 43 1095 2884 123 520 1744 862 148
internal_value=-0.000321675 2.71528e-05 -6.59815e-05 0.00275355 -0.000879816 -0.000227166 0.00463855 0.018494 -0.00135675 -0.00152257 0.0018555 0.000399415 0.000679831 0.00348393 -0.00320359
internal_weight=88568 54504 53425 2889 34064 50536 1079 83 24813 23595 1218 9251 8583 996 668
internal_count=88568 54504 53425 2889 34064 50536 1079 83 24813 23595 1218 9251 8583 996 668
is_linear=0
shrinkage=0.05


Tree=73
num_leaves=16
num_cat=0
split_feature=17 0 22 5 21 16 19 6 5 5 4 15 6 19 6
split_gain=6.68832 7.43171 7.41155 6.87675 10.2466 4.39742 4.20137 3.38871 3.11056 4.99169 2.56512 2.47876 2.21283 6.22695 1.38529
threshold=174.50000000000003 16.168530941849877 0.70106036680480133 0.75580964594513067 0.9960412099423831 163.45000000000002 21.631250000000005 0.14888728888808328 0.13398903995667991 0.24372619187392155 -0.68322629814330815 237.50000000000003 -0.39827153806311183 10.506250000000003 0.16587474750015932
decision_type=2 2 2 2 2 2 2 2 2 2 2 2 2 2 2
left_child=1 8 12 4 -3 11 -7 -5 10 -10 -1 -4 13 -2 -14
right_child=2 3 5 7 -6 6 -8 -9 9 -11 -12 -13 14 -15 -16
leaf_value=0.0030299901157243348 0.0049344750500116318 -0.00041081607065788215 -0.0033787896278774997 -0.00074764648408955363 0.00069342825694196321 0.0007561537595751895 -2.7385181473182557e-05 -0.0002292900542700982 0.0026255793107016535 0.002748818233735273 -1.373356304325002e-05 0.0026255268867091553 -0.0029234372128902788 -0.00019276415227496724 9.7908784118682556e-06
leaf_weight=112 41 46626 65 8616 4067 6995 3865 5616 44 787 1062 360 2451 6718 921
leaf_count=112 41 46626 65 8616 4067 6995 3865 5616 44 787 1062 360 2451 6718 921
internal_value=-0.000345574 -0.000591664 0.000423514 -0.000684252 -0.000411596 0.00130483 0.00110958 -0.00165543 0.00240648 0.00474729 0.000749573 0.00629412 -0.000558189 -3.62492e-05 -0.00160439
internal_weight=88346 66930 21416 64925 50693 11285 10860 14232 2005 831 1174 425 10131 6759 3372
internal_count=88346 66930 21416 64925 50693 11285 10860 14232 2005 831 1174 425 10131 6759 3372
is_linear=0
shrinkage=0.05


Tree=74
num_leaves=15
num_cat=0
split_feature=17 2 6 5 21 6 22 22 18 6 3 5 18 5
split_gain=6.8787 8.90093 8.07888 9.06085 6.73691 10.3526 6.06703 5.50249 6.39072 5.00142 4.40862 4.3462 2.97896 1.60307
threshold=109.50000000000001 0.14950892201555596 0.14888728888808328 -0.94139628442229062 0.98708083015086967 -0.99983123799342477 0.31230678005211115 0.75633939849741438 1.0000000180025095e-35 -0.26867065956352881 -0.47114434510950071 0.68432406471780916 73.687500000000014 0.61237135649459018
decision_type=2 2 2 2 2 2 2 2 2 2 2 2 2 2
left_child=1 7 11 -4 6 -6 13 12 -9 -8 -7 -3 -1 -2
right_child=4 2 3 -5 5 10 9 8 -10 -11 -12 -13 -14 -15
leaf_value=0.0011548133119747618 -0.0029753580269741954 -0.00086000819852133858 0.0025267414546321851 -0.00054724772061154553 0.00065145581231070839 0.0017980893943887997 0.00024455050380424594 -0.0056105983368452241 0.0023148445340513721 -0.00036847400172640774 0.00019134513517727673 -0.00089389779452512272 -0.0033056473864614636 -0.0065868295940896722
leaf_weight=1941 863 11719 1517 17209 61 46 25639 332 4702 13602 1273 5087 3470 885
leaf_count=1941 863 11719 1517 17209 61 46 25639 332 4702 13602 1273 5087 3470 885
internal_value=-0.000345008 -0.000768538 -0.00114573 -0.000431487 0.000114587 0.00355072 -1.09905e-06 0.000514599 0.00170441 0.000127289 0.00261941 -0.00194157 -0.000592313 -0.0028833
internal_weight=88346 45977 35532 18726 42369 1380 40989 10445 5034 39241 1319 16806 5411 1748
internal_count=88346 45977 35532 18726 42369 1380 40989 10445 5034 39241 1319 16806 5411 1748
is_linear=0
shrinkage=0.05


Tree=75
num_leaves=15
num_cat=0
split_feature=19 3 18 3 19 6 5 16 5 3 9 5 3 5
split_gain=6.52052 7.29995 9.97032 13.4087 7.57818 7.22992 5.74734 5.13963 1.58648 4.78049 2.156 0.206902 0.751946 0.127557
threshold=29.231250000000006 0.2269546835593246 86.437500000000014 -0.77259657388510605 14.443750000000003 -0.71502926860092908 -0.62588817255938378 824.25000000000011 0.031174179426909168 0.2269546835593246 0.68560466931841024 -0.67803021058859214 -0.77259657388510605 0.013976441590891219
decision_type=2 2 2 2 2 2 2 2 2 2 2 2 2 2
left_child=1 2 3 -1 -4 6 -3 -7 11 10 -10 12 -2 -13
right_child=8 5 4 -5 -6 7 -8 -9 9 -11 -12 13 -14 -15
leaf_value=-0.00064240719332700502 0.0010915147619837723 -0.001734783559947871 -0.0020401651232077544 0.00070510214841748402 0.0002675179219236668 -0.00095837081441029935 0.00027562299750888636 0.00022087377815082634 8.8210559620494378e-05 0.00093251490071675353 -0.0005264354942586208 -0.0012684721820159178 -0.001067514344146101 -0.00024547197016114498
leaf_weight=7017 58 725 9784 17146 11179 28307 12065 557 90 47 399 804 212 104
leaf_count=7017 58 725 9784 17146 11179 28307 12065 557 90 47 399 804 212 104
internal_value=-0.000283297 -0.000222979 0.000217612 0.000909861 -0.000580309 -0.000700294 0.000289287 -0.00113879 -0.00333722 -0.00108209 -0.00254601 -0.00436333 -0.00314815 -0.00472467
internal_weight=88494 86780 45126 24163 20963 41654 12790 28864 1714 536 489 1178 270 908
internal_count=88494 86780 45126 24163 20963 41654 12790 28864 1714 536 489 1178 270 908
is_linear=0
shrinkage=0.05


Tree=76
num_leaves=16
num_cat=0
split_feature=19 15 5 3 6 20 19 21 2 5 5 6 17 12 16
split_gain=7.31028 10.7939 9.08836 8.21735 7.72381 10.5813 6.92696 5.51804 4.93737 3.75544 4.82161 2.71437 2.5139 2.31727 1.36288
threshold=23.493750000000006 719.50000000000011 0.87397152483179585 0.032701564615071628 -0.97874870457683594 3.8031250000000005 21.518750000000008 0.81662476850715982 0.09492637917323489 0.21022171450811275 0.3261394409934788 -0.94703994556331683 109.50000000000001 630.9000000000002 859.20000000000016
decision_type=2 2 2 2 2 2 2 2 2 2 2 2 2 2 2
left_child=1 2 3 -1 5 -3 -6 9 -4 13 -11 12 -9 -2 -13
right_child=7 4 8 -5 6 -7 -8 11 -10 10 -12 14 -14 -15 -16
leaf_value=0.00054857106061409477 -0.00051683060158676665 0.00068805066245032913 0.0024597935580409724 -0.00032795347549544572 0.00052750837936219313 0.00097104687980155294 -0.0002484001230750525 -0.00062564567684183505 -0.00069465275842430234 0.0019214722323181777 -4.1182746431097446e-05 -0.0010387104295759952 -4.56177399230581e-06 0.0013787821065941628 1.9011503247867296e-05
leaf_weight=27550 2176 136 636 36708 1118 42 575 638 13391 192 256 3360 1561 50 128
leaf_count=27550 2176 136 636 36708 1118 42 575 638 13391 192 256 3360 1561 50 128
internal_value=-0.000268142 -0.000121389 -0.000211089 4.06163e-05 0.00363175 0.0135393 0.00259008 -0.00167504 -0.00136416 0.000198204 0.004375 -0.00255583 -0.00118008 -0.000642409 -0.00342317
internal_weight=88517 80156 78285 64258 1871 178 1693 8361 14027 2674 448 5687 2199 2226 3488
internal_count=88517 80156 78285 64258 1871 178 1693 8361 14027 2674 448 5687 2199 2226 3488
is_linear=0
shrinkage=0.05


Tree=77
num_leaves=16
num_cat=0
split_feature=1 17 6 16 16 21 22 17 5 5 9 19 3 4 2
split_gain=6.3495 7.59051 7.56321 7.39565 6.28861 5.69217 5.28097 2.94913 2.54413 3.43095 2.19992 3.51619 1.76853 1.55184 0.996317
threshold=20.837197457685139 103.50000000000001 0.14888728888808328 246.95000000000002 11.15 0.99360037938833767 1.1128624543932608 36.500000000000007 0.49065764355977465 0.85673801594079257 0.42820268915533322 4.3187500000000014 0.84874750804349197 -0.68322629814330815 0.79883948922554626
decision_type=2 2 2 2 2 2 2 2 2 2 2 2 2 2 2
left_child=7 2 3 -2 14 -6 -4 10 12 -10 13 -12 -9 -1 -3
right_child=1 4 6 -5 5 -7 -8 8 9 -11 11 -13 -14 -15 -16
leaf_value=0.0020945188348267712 -0.0012088949274284676 -0.0039980652252807189 -0.0003798860284938831 -0.0010771386599148114 4.587108278217682e-05 0.00020463690249037381 0.0018464665094179767 0.0053937310861771172 0.0071888645817787082 0.0014204461921635159 0.0042017404783006576 0.0012239741288994389 -0.00065101436618355548 -0.00097176917995105269 -0.00010169631536594394
leaf_weight=68 11734 1462 20884 7117 41905 1639 1210 68 53 46 242 876 96 665 291
leaf_count=68 11734 1462 20884 7117 41905 1639 1210 68 53 46 242 876 96 665 291
internal_value=-0.000304225 -0.000370586 -0.000863965 -0.00159965 7.53901e-05 0.000193596 -0.000236264 0.00240303 0.00735741 0.0136869 0.00169908 0.00309481 0.00353658 -0.000429742 -0.00286081
internal_weight=88356 86242 40945 18851 45297 43544 22094 2114 263 99 1851 1118 164 733 1753
internal_count=88356 86242 40945 18851 45297 43544 22094 2114 263 99 1851 1118 164 733 1753
is_linear=0
shrinkage=0.05


Tree=78
num_leaves=16
num_cat=0
split_feature=19 22 20 5 5 18 21 16 6 9 9 6 17 3 17
split_gain=6.85446 9.20133 9.0291 8.83059 8.38735 8.06837 5.92055 4.81705 4.04919 3.39554 3.93908 2.92382 3.03519 1.96026 1.79924
threshold=22.968750000000004 0.44197181594566609 1.4631250000000005 -0.99940763397299126 0.75580964594513067 95.437500000000014 0.81662476850715982 12.050000000000002 0.90803977035715633 0.79378270001952722 0.80498614744947117 -0.9575230291762723 109.50000000000001 0.5277851165098012 20.500000000000004
decision_type=2 2 2 2 2 2 2 2 2 2 2 2 2 2 2
left_child=1 5 3 -3 -4 8 9 -7 -1 13 -11 12 -8 -2 -13
right_child=6 2 4 -5 -6 7 11 -9 -10 10 -12 14 -14 -15 -16
leaf_value=0.00087041658908444404 3.3968147312701816e-05 0.0044576892487363361 0.00073365032121877063 -0.00051317505942929931 -0.00012813335561445973 -0.0045574130296026456 -0.00070348602046437783 -0.0010758796575380315 -0.0012643015242437864 0.0050882564731664255 -0.0016274615750216409 0.0072075059492251294 3.3540368357403879e-05 -0.0017908546312929254 -0.00080909515254447566
leaf_weight=6891 3015 217 25212 16679 12423 8263 627 5670 3402 68 51 41 1524 215 4105
leaf_count=6891 3015 217 25212 16679 12423 8263 627 5670 3402 68 51 41 1524 215 4105
internal_value=-0.000289754 -0.000135672 0.00022455 -0.000735678 0.000655639 -0.000946505 -0.00154779 -0.00173078 0.000115126 0.00015079 0.00844538 -0.00245117 -0.000955371 -0.0001548 -0.00322721
internal_weight=88403 78757 54531 16896 37635 24226 9646 13933 10293 3349 119 6297 2151 3230 4146
internal_count=88403 78757 54531 16896 37635 24226 9646 13933 10293 3349 119 6297 2151 3230 4146
is_linear=0
shrinkage=0.05


Tree=79
num_leaves=13
num_cat=0
split_feature=19 22 18 18 1 15 16 17 6 4 17 21
split_gain=6.13564 7.51511 8.05391 6.35651 6.92929 6.30454 5.12997 4.26338 4.25815 4.24825 3.4649 2.31413
threshold=23.493750000000006 0.44197181594566609 1.0000000180025095e-35 85.937500000000014 480.89458432644409 719.50000000000011 12.050000000000002 16.500000000000004 -0.77243990499604276 -0.63405362205439475 105.50000000000001 0.701617769849329
decision_type=2 2 2 2 2 2 2 2 2 2 2 2
left_child=1 3 10 4 -1 -4 -5 -2 9 -9 -3 -10
right_child=7 2 5 6 -6 -7 -8 8 11 -11 -12 -13
leaf_value=-4.0686880650054328e-05 0.010705324561462724 -0.00064830272231654307 0.00012211777064400262 -0.0041884255923438996 0.0060590930340078137 0.00040243487231660937 -0.00088254941549166001 2.8323279716013786e-05 1.494833671171203e-05 -0.00099426742450765262 6.0037869094995062e-05 -0.0010934821006854376
leaf_weight=8594 60 2139 51723 8447 203 1605 7153 3295 445 1858 375 2669
leaf_count=8594 60 2139 51723 8447 203 1605 7153 3295 445 1858 375 2669
internal_value=-0.000321569 -0.000187504 0.000132336 -0.000919581 0.000155165 0.000262713 -0.00152564 -0.00161343 -0.00170981 -0.000827674 -0.00263325 -0.00316956
internal_weight=88566 80239 55842 24397 8797 53328 15600 8327 8267 5153 2514 3114
internal_count=88566 80239 55842 24397 8797 53328 15600 8327 8267 5153 2514 3114
is_linear=0
shrinkage=0.05


Tree=80
num_leaves=16
num_cat=0
split_feature=17 19 3 18 15 22 19 22 20 20 13 17 5 5 6
split_gain=6.16028 6.82801 7.95795 11.597 11.0405 4.44381 7.77056 9.36383 5.57922 2.85476 2.70293 2.56338 2.42325 4.214 1.42838
threshold=174.50000000000003 22.968750000000004 0.032701564615071628 89.437500000000014 632.50000000000011 0.77849836209483148 12.093750000000002 0.91046398825437624 5.4931250000000009 2.5206250000000008 0.8669107597602097 16.500000000000004 0.91248814248966237 0.9053161325100999 0.11478523713130605
decision_type=2 2 2 2 2 2 2 2 2 2 2 2 2 2 2
left_child=1 2 3 -1 -4 12 7 -7 -8 11 -11 -3 13 -2 -14
right_child=5 9 4 -5 -6 6 8 -9 -10 10 -12 -13 14 -15 -16
leaf_value=0.00072523668697934145 0.00016578068580811456 0.0096569538647231137 -0.00086646843975352614 -0.0013176633459640098 0.00029591069459830588 0.0010203531127420784 0.00024209063000024103 0.0049904295530374017 0.0041037374269869862 -0.00033756624669549658 0.000120800275048627 -0.000820459485118218 -0.0026807056256153983 0.0039090813048641869 0.00035598488968235502
leaf_weight=15479 10943 62 32808 11424 1387 478 6689 191 148 1760 555 3634 1937 86 722
leaf_count=15479 10943 62 32808 11424 1387 478 6689 191 148 1760 555 3634 1937 86 722
internal_value=-0.000279324 -0.000514016 -0.000355823 0.000287513 -0.000861969 0.000463809 0.00144151 0.00658445 0.000938276 -0.00212194 -0.000745142 -0.00298431 -7.23273e-05 0.000254328 -0.00142723
internal_weight=88303 67109 61098 26903 34195 21194 7506 669 6837 6011 2315 3696 13688 11029 2659
internal_count=88303 67109 61098 26903 34195 21194 7506 669 6837 6011 2315 3696 13688 11029 2659
is_linear=0
shrinkage=0.05


Tree=81
num_leaves=14
num_cat=0
split_feature=2 2 3 22 5 2 17 9 6 5 19 3 13
split_gain=5.69276 6.15126 7.38224 6.84055 5.33937 4.83641 4.31201 4.1238 3.69103 3.57397 2.75576 3.43092 2.9082
threshold=0.068340841738735822 0.40545045731461632 0.97335555334614954 0.75378224007178518 0.96687895796550427 0.21099138979581381 41.500000000000007 0.79378270001952722 0.14888728888808328 -0.048361574224334618 4.3187500000000014 -0.9733555533461492 1.2790782301866204
decision_type=2 2 2 2 2 2 2 2 2 2 2 2 2
left_child=6 5 4 -4 -3 7 10 -2 -7 -8 12 -12 -1
right_child=1 2 3 -5 -6 8 9 -9 -10 -11 11 -13 -14
leaf_value=0.0016192563129691158 -0.00037597836131941624 4.0256339600835966e-05 0.00014714901146141744 0.0015470946593442738 -0.00044364449392666485 -0.0021297209694648204 0.0029496481128021713 0.0035750621178032198 -0.00058341482562831429 0.01100429429377664 0.0016479732841275967 -0.00039812172254126811 0.00697121252256194
leaf_weight=447 15550 38829 591 564 4699 10248 43 199 15940 44 291 857 55
leaf_count=447 15550 38829 591 564 4699 10248 43 199 15940 44 291 857 55
internal_value=-0.000292395 -0.000349228 5.89698e-05 0.00400433 -4.57189e-05 -0.000784154 0.00254174 -9.1753e-05 -0.00120055 0.0133908 0.0019697 0.000618466 0.00505976
internal_weight=88357 86620 44683 1155 43528 41937 1737 15749 26188 87 1650 1148 502
internal_count=88357 86620 44683 1155 43528 41937 1737 15749 26188 87 1650 1148 502
is_linear=0
shrinkage=0.05


Tree=82
num_leaves=16
num_cat=0
split_feature=3 5 6 20 22 22 6 19 9 18 5 19 22 22 5
split_gain=5.50297 7.2529 6.60187 6.36715 11.8882 6.09362 28.8407 5.08548 4.22507 3.82626 3.6395 3.04405 3.1552 2.39301 1.20226
threshold=0.47114434510950071 -0.99763297024448894 -0.80417042486635371 1.1493750000000003 0.79935383724692055 1.1128624543932608 0.96407344085605606 29.231250000000006 0.81399729065561433 54.062500000000007 0.67167992559793654 23.093750000000004 0.30090229269262164 0.43282587297385783 0.19337368024598436
decision_type=2 2 2 2 2 2 2 2 2 2 2 2 2 2 2
left_child=1 3 11 4 -1 7 -7 -3 9 -4 -10 12 -2 -5 -13
right_child=2 5 8 13 -6 6 -8 -9 10 -11 -12 14 -14 -15 -16
leaf_value=0.006395821514755067 -0.0045802648017396683 -2.2541967024002405e-05 -0.0009103271458815454 -0.0039102348888105602 0.00035091096899733421 0.00082928980591432408 0.0069879383036983087 -0.00054576270355138901 0.0086475818668081111 -0.00088303376192515987 -0.00053358384621937855 -0.00052500803185881462 0.00057063862959413783 0.002021297767296848 0.00060329792103852066
leaf_weight=51 763 50153 7812 159 62 1422 110 1589 102 16755 77 516 7746 784 148
leaf_count=51 763 50153 7812 159 62 1422 110 1589 102 16755 77 516 7746 784 148
internal_value=-0.000277001 3.49703e-05 -0.000776705 0.00413826 0.015354 -4.63653e-05 0.00306136 -0.00013838 -0.00120141 -0.00125718 0.00645251 0.000369017 0.000623456 0.00279427 -0.00289157
internal_weight=88249 54330 33919 1056 113 53274 1532 51742 24746 24567 179 9173 8509 943 664
internal_count=88249 54330 33919 1056 113 53274 1532 51742 24746 24567 179 9173 8509 943 664
is_linear=0
shrinkage=0.05


Tree=83
num_leaves=16
num_cat=0
split_feature=17 16 6 20 21 20 16 19 16 20 16 3 6 13 5
split_gain=5.70762 7.23722 8.81982 9.82253 6.9146 6.52109 5.15003 6.18769 5.9711 4.89428 4.86712 4.72377 4.18072 3.13081 0.353255
threshold=102.50000000000001 334.4500000000001 0.59003219687534991 2.4881250000000006 0.98948628701973973 2.8856250000000006 618.50000000000011 9.2562500000000032 34.95000000000001 1.1656250000000004 28.150000000000002 0.98611507088852057 -0.99983123799342477 0.8742365309066461 0.89017062131308955
decision_type=2 2 2 2 2 2 2 2 2 2 2 2 2 2 2
left_child=1 5 13 -4 6 11 8 -8 -2 14 -7 -1 -11 -3 -6
right_child=4 2 3 -5 9 10 7 -9 -10 12 -12 -13 -14 -15 -16
leaf_value=0.00027119697478584348 -0.0021724439258084538 -0.00087590707033990967 -0.00075641398453781938 0.003207131201032859 -0.00021524391549315736 -0.0047724742103160914 0.0024977672746283766 -0.00027948925340708601 0.00026105101771270456 0.00056154516518473307 -7.8945035328320344e-05 -0.0024364340763523978 0.00025917576496444671 0.0001658900274733296 -0.00056346123299258477
leaf_weight=23385 4216 6534 692 375 187 5135 67 5115 34417 59 3689 2442 1764 182 120
leaf_count=23385 4216 6534 692 375 187 5135 67 5115 34417 59 3689 2442 1764 182 120
internal_value=-0.000210402 -0.000628507 -0.0020063 0.00221649 0.000175752 -0.00031904 4.051e-05 -0.0014396 0.000239043 0.00295775 -0.00149252 8.18899e-05 0.0039413 -0.00267719 -0.00288274
internal_weight=88379 42434 7783 1067 45945 34651 43815 5182 38633 2130 8824 25827 1823 6716 307
internal_count=88379 42434 7783 1067 45945 34651 43815 5182 38633 2130 8824 25827 1823 6716 307
is_linear=0
shrinkage=0.05


Tree=84
num_leaves=15
num_cat=0
split_feature=19 9 5 2 6 16 0 13 5 4 13 22 5 13
split_gain=5.61349 5.92712 5.11701 4.57004 4.36824 5.50718 3.92334 3.60182 7.38317 2.29954 1.44778 0.459387 1.5361 0.420414
threshold=24.981250000000006 0.39647989154135294 0.91248814248966237 0.37850155238596367 -0.77243990499604276 859.20000000000016 54.216556647698361 0.31867215733453497 -0.99940763397299126 -0.63405362205439475 -1.0000000180025095e-35 0.68865410845875852 -0.73866753694953124 0.8669107597602097
decision_type=2 2 2 2 2 2 2 2 2 2 2 2 2 2
left_child=1 7 3 -3 5 9 -4 10 -9 -2 -1 12 -6 -13
right_child=4 2 6 -5 11 -7 -8 8 -10 -11 -12 13 -14 -15
leaf_value=0.0013073169444092203 6.4943782825375877e-07 -0.00020975030373127673 0.0035581585396778082 0.00029608191642211957 -0.0081068297909287438 0.00027031716221240319 -0.00047607749748395154 0.0070620901395978186 -0.00022596678483241176 -0.0010037793092504065 -0.0016821150729584514 -0.0011659686970883181 0.0044614989127420126 -0.00038811318160250787
leaf_weight=43 2204 22214 713 27466 84 77 8240 57 10809 1356 13204 1849 40 224
leaf_count=43 2204 22214 713 27466 84 77 8240 57 10809 1356 13204 1849 40 224
internal_value=-0.000261347 -0.000155658 0.000115719 0.000314008 -0.00176037 -0.000697004 -0.000984587 -0.000815536 -0.000140807 -0.000983147 -0.00136899 -0.00352071 -0.000564517 -0.00369754
internal_weight=88580 82746 58633 49680 5834 3637 8953 24113 10866 3560 13247 2197 124 2073
internal_count=88580 82746 58633 49680 5834 3637 8953 24113 10866 3560 13247 2197 124 2073
is_linear=0
shrinkage=0.05


Tree=85
num_leaves=16
num_cat=0
split_feature=1 2 3 22 5 6 3 16 17 5 5 4 5 12 12
split_gain=5.02128 5.91223 7.84068 6.44917 5.54483 5.29408 8.22843 7.27609 2.91276 3.28952 4.43917 2.85562 2.18074 1.93794 1.19303
threshold=20.837197457685139 0.37850155238596367 0.97335555334614954 0.73483388125416327 0.96687895796550427 0.14888728888808328 -0.3520614488341251 253.90000000000003 36.500000000000007 0.49065764355977465 0.85673801594079257 -0.68322629814330815 0.98667101781630195 12.450000000000001 9.7500000000000018
decision_type=2 2 2 2 2 2 2 2 2 2 2 2 2 2 2
left_child=8 5 4 -4 -3 7 -7 -2 11 13 -11 14 -13 -10 -1
right_child=1 2 3 -5 -6 6 -8 -9 9 10 -12 12 -14 -15 -16
leaf_value=0.0040135763034594317 -0.00097871260724696285 4.1939030261806075e-05 7.3581179325725112e-05 0.0015120352942655474 -0.00046576417470737879 0.00096712972687519215 -0.0010926624470137124 -0.0030465413448930918 -0.00058366716853194161 0.0076757543724154222 0.00074859878443234162 0.00040114036267667745 0.0039892690393829996 0.0055509658409493646 0.0011695002716054399
leaf_weight=68 10658 41400 744 854 4958 7489 15047 5260 122 56 46 1629 88 41 40
leaf_count=68 10658 41400 744 854 4958 7489 15047 5260 122 56 46 1629 88 41 40
internal_value=-0.000244634 -0.000303207 6.71437e-05 0.00351064 -5.15565e-05 -0.000765071 -0.00027201 -0.00146312 0.00217703 0.00707547 0.0141176 0.00146575 0.000969713 0.00266871 0.00935185
internal_weight=88500 86410 47956 1598 46358 38454 22536 15918 2090 265 102 1825 1717 163 108
internal_count=88500 86410 47956 1598 46358 38454 22536 15918 2090 265 102 1825 1717 163 108
is_linear=0
shrinkage=0.05


Tree=86
num_leaves=16
num_cat=0
split_feature=19 2 2 3 3 22 17 5 6 2 15 18 4 21 22
split_gain=4.96025 5.71255 6.97152 5.97587 5.50684 4.52486 3.836 3.35321 3.07002 2.56042 3.19116 1.4274 0.782862 1.59005 0.779899
threshold=24.981250000000006 0.42017859465653867 0.17201926447078622 0.97335555334614954 0.47114434510950071 0.94201871025000095 30.500000000000004 0.9893236546938301 -0.77243990499604276 0.62026962420255793 492.50000000000006 52.187500000000007 -0.95642797789208689 0.98708083015086967 0.71132854605623708
decision_type=2 2 2 2 2 2 2 2 2 2 2 2 2 2 2
left_child=1 2 6 4 -3 -5 -1 -4 9 11 -11 -2 13 -10 -14
right_child=8 3 7 5 -6 -7 -8 -9 12 10 -12 -13 14 -15 -16
leaf_value=-0.00059507402138140686 -0.0011411545717866769 0.00027627436780019711 -0.00069593224326366325 0.0011435736633901123 -0.00023008292186382719 0.0015113759159388798 0.0015669583837700817 -0.002071884330250203 -0.00063168795282655997 0.0014565251480270882 -2.4701823738542918e-05 -0.00083768425766102554 -5.6772345968342243e-05 0.00015658963110025127 -0.0013581586132396868
leaf_weight=7027 672 24724 30441 803 12644 116 5655 1113 522 224 2093 675 145 72 1473
leaf_count=7027 672 24724 30441 803 12644 116 5655 1113 522 224 2093 675 145 72 1473
internal_value=-0.000226757 -0.000126814 -0.000513836 0.000320343 0.000222382 0.00430359 0.000476264 -0.000911771 -0.00163036 -0.000742359 0.000265428 -0.00247587 -0.00310127 -0.00154882 -0.0036712
internal_weight=88399 82523 44236 38287 37368 919 12682 31554 5876 3664 2317 1347 2212 594 1618
internal_count=88399 82523 44236 38287 37368 919 12682 31554 5876 3664 2317 1347 2212 594 1618
is_linear=0
shrinkage=0.05


Tree=87
num_leaves=15
num_cat=0
split_feature=1 2 5 19 15 3 19 17 19 5 12 12 5 1
split_gain=4.72798 6.37552 5.52421 6.27 6.02025 4.85981 5.7903 2.98849 2.17796 3.03037 2.22884 1.77017 1.74127 1.59878
threshold=20.837197457685139 0.37850155238596367 0.91248814248966237 22.968750000000004 563.50000000000011 0.98611507088852057 19.606250000000006 36.500000000000007 8.2687500000000025 0.93237596376505805 12.450000000000001 14.250000000000002 0.49065764355977465 264.94500514613395
decision_type=2 2 2 2 2 2 2 2 2 2 2 2 2 2
left_child=7 5 3 -3 -4 6 -2 8 9 -1 -10 12 -9 -7
right_child=1 2 4 -5 -6 13 -8 11 10 -11 -12 -13 -14 -15
leaf_value=0.0012265562031551691 -0.00038782430057265205 0.00029398396360531782 -0.001049212197415808 -0.00014953637461710968 0.00018081850090443611 -0.0031574740449041476 -0.0031870747456500129 0.0026998452742868829 -0.00099322399032367734 0.0099471615984535033 0.0050791576033783117 0.0051514221157846667 0.0045223453818862506 -0.00066607248338405184
leaf_weight=727 31037 31931 6621 7856 1449 3266 3443 140 729 88 271 42 89 783
leaf_count=727 31037 31931 6621 7856 1449 3266 3443 140 729 88 271 42 89 783
internal_value=-0.000257258 -0.000314057 7.13572e-05 0.000313292 -0.00112144 -0.000792781 -0.000600349 0.00209492 0.00136364 0.00328221 -0.000200001 0.00699262 0.00526201 -0.00243147
internal_weight=88472 86386 47857 39787 8070 38529 34480 2086 1815 815 1000 271 229 4049
internal_count=88472 86386 47857 39787 8070 38529 34480 2086 1815 815 1000 271 229 4049
is_linear=0
shrinkage=0.05


Tree=88
num_leaves=15
num_cat=0
split_feature=19 15 16 22 5 4 6 4 2 21 9 21 16 20
split_gain=4.8228 7.44721 7.01194 6.99782 5.55838 5.45328 4.49765 5.03261 4.2131 3.7735 1.68321 2.00611 1.25524 0.951975
threshold=22.968750000000004 622.50000000000011 618.50000000000011 0.44197181594566609 0.99995780822346225 -0.95642797789208689 -0.77243990499604276 -0.5 0.88903408510318938 0.99844067352880794 0.41201761572301859 0.701617769849329 191.45000000000002 4.7581250000000006
decision_type=2 2 2 2 2 2 2 2 2 2 2 2 2 2
left_child=1 2 3 -1 8 -4 7 9 -3 -2 11 -8 -9 -12
right_child=6 4 5 -5 -6 -7 10 12 -10 -11 13 -13 -14 -15
leaf_value=-0.0012220487496577624 1.3250401663516412e-05 0.00019642003972034639 0.00024281235305793626 0.00019069237804806102 0.0022419010711398958 -0.0008545317761892541 0.0038830107221397223 -0.0018698344003066374 0.0015564690645679497 0.00016836703269501596 -0.00090736442270509556 -0.0011845055103957447 -0.001650224560360425 0.0011688959388312084
leaf_weight=24377 4166 4124 557 46441 42 3098 54 367 146 209 3324 192 1171 71
leaf_count=24377 4166 4124 557 46441 42 3098 54 367 146 209 3324 192 1171 71
internal_value=-0.000249551 -0.0001209 -0.000237873 -0.000127652 0.00189935 -0.00237346 -0.00131045 -0.000459159 0.00172131 0.000405713 -0.00269294 0.00130081 -0.00291938 -0.00298233
internal_weight=88339 78785 74473 70818 4312 3655 9554 5913 4270 4375 3641 246 1538 3395
internal_count=88339 78785 74473 70818 4312 3655 9554 5913 4270 4375 3641 246 1538 3395
is_linear=0
shrinkage=0.05


Tree=89
num_leaves=16
num_cat=0
split_feature=19 9 5 5 6 6 16 21 0 22 19 18 5 19 6
split_gain=4.88692 6.23414 6.42753 6.23992 3.80202 2.98338 2.9707 2.48536 5.01873 4.31687 2.32368 2.30861 2.22229 2.19995 1.02534
threshold=24.568750000000005 0.39647989154135294 0.75580964594513067 0.49065764355977465 1.0000000180025095e-35 -0.80417042486635371 859.20000000000016 0.081590484291179904 387.63821142111948 0.24420546068875623 26.306250000000002 63.937500000000007 -0.58482361983252518 26.831250000000004 -0.73865259438682551
decision_type=2 2 2 2 2 2 2 2 2 2 2 2 2 2 2
left_child=1 7 3 -3 -4 11 14 8 -1 -9 -8 12 -2 -13 -7
right_child=5 2 4 -5 -6 6 10 9 -10 -11 -12 13 -14 -15 -16
leaf_value=4.7504395635556432e-05 0.0018294609837612138 0.00017142248996062471 -0.00048013724049168695 0.00082434414972336063 4.4785699488498e-05 -0.0010249982330887012 -0.00021547752268980609 -0.0055867341898762548 0.0079530715291492703 -0.00065048209752436627 0.00021260161209166862 0.00095340679635688784 -0.0002232324365933361 -0.0001329519442963521 -0.00064391217535333077
leaf_weight=4950 71 36065 8337 6561 7070 938 53 2021 62 16979 44 725 1955 901 1723
leaf_count=4950 71 36065 8337 6561 7070 938 53 2021 62 16979 44 725 1955 901 1723
internal_value=-0.000199255 -9.53757e-05 0.00018498 0.000501336 -0.000690272 -0.00152886 -0.00277012 -0.000772948 0.000217477 -0.00103421 0.00582474 -0.000591458 -0.00171767 0.000811807 -0.00308343
internal_weight=88455 82045 58033 42626 15407 6410 2758 24012 5012 19000 97 3652 2026 1626 2661
internal_count=88455 82045 58033 42626 15407 6410 2758 24012 5012 19000 97 3652 2026 1626 2661
is_linear=0
shrinkage=0.05


Tree=90
num_leaves=16
num_cat=0
split_feature=3 5 18 19 5 22 5 19 22 20 21 6 5 12 5
split_gain=4.71388 6.99905 5.83148 11.2315 5.71819 6.47097 5.70063 4.98495 4.82665 12.2837 4.78941 4.43611 2.47906 2.23583 1.45915
threshold=0.41248606129204562 -0.99763297024448894 83.437500000000014 21.181250000000006 -0.52766804058324157 0.28049223684746444 0.91248814248966237 14.443750000000003 0.83231645549594202 2.280625000000001 0.83311633935548712 0.65071284653328287 -0.57078386445773377 1.3500000000000003 -0.99940763397299126
decision_type=2 2 2 2 2 2 2 2 2 2 2 2 2 2 2
left_child=1 8 3 -3 10 13 -7 -4 9 -1 12 -12 -2 -6 -10
right_child=4 2 7 -5 5 6 -8 -9 14 -11 11 -13 -14 -15 -16
leaf_value=0.0057848081208326223 -0.00087480242071183109 0.00059084685640846478 -0.001723381088775199 -0.00019804547822623492 0.0070723506607833836 0.00028554957653154637 -0.00067887869594310561 0.00010986184907745278 0.00080959465884934971 0.0012350521217780908 -0.0014423541841780501 0.0029529214478723554 -0.0079469699766935419 -0.0034798149844649743 -0.0011642945838194999
leaf_weight=210 8267 18698 11603 7760 129 15723 4327 13373 190 481 3364 222 419 3427 163
leaf_count=210 8267 18698 11603 7760 129 15723 4327 13373 190 481 3364 222 419 3427 163
internal_value=-0.000207457 9.45146e-05 1.22475e-05 0.000529517 -0.000649146 -0.00019402 0.000154612 -0.000535715 0.00414751 0.00657742 -0.00152461 -0.00306191 -0.000889939 -0.00215973 -0.000609066
internal_weight=88356 52478 51434 26458 35878 23606 20050 24976 1044 691 12272 3586 8686 3556 353
internal_count=88356 52478 51434 26458 35878 23606 20050 24976 1044 691 12272 3586 8686 3556 353
is_linear=0
shrinkage=0.05


Tree=91
num_leaves=16
num_cat=0
split_feature=3 5 19 22 19 18 1 22 5 21 15 5 2 6 9
split_gain=5.13488 7.10459 5.11079 6.00405 10.6527 4.99084 7.43393 6.00259 4.76475 3.81332 2.00797 2.17015 1.99306 1.77609 0.354239
threshold=0.47114434510950071 -0.52766804058324157 29.231250000000006 0.74802193662647587 15.843750000000004 55.187500000000007 652.38354738439364 0.28543618651328112 -0.99763297024448894 0.80546688646185938 682.50000000000011 0.013976441590891219 0.52059493102454912 0.65071284653328287 0.67999995946904157
decision_type=2 2 2 2 2 2 2 2 2 2 2 2 2 2 2
left_child=2 9 3 8 -5 6 -3 -7 -1 12 14 -12 -2 -11 -4
right_child=1 5 10 4 -6 7 -8 -9 -10 13 11 -13 -14 -15 -16
leaf_value=0.0024500036007811718 -0.001950263195207181 -0.00082655397747753018 -0.00065041147668041274 0.0009524446118490534 -4.3164109249582629e-05 -0.0033369187510407907 0.00027127209770496654 0.00044626599238386264 -0.00051349161255057443 -0.0015786768092185518 -0.00057665277169708935 0.0001173457953690003 0.00040773651103543929 0.0009131931591428524 -0.0011795017524410347
leaf_weight=516 6527 5383 240 8995 13601 2186 1042 13694 29684 3486 309 242 1273 226 846
leaf_count=516 6527 5383 240 8995 13601 2186 1042 13694 29684 3486 309 242 1273 226 846
internal_value=-0.000288953 -0.000772837 1.16645e-05 9.69759e-05 0.000713399 -0.000252187 -0.00142802 0.00022355 -0.00036424 -0.00178162 -0.00273977 -0.000281308 -0.00115385 -0.00310076 -0.00398711
internal_weight=88250 33817 54433 52796 22596 22305 6425 15880 30200 11512 1637 551 7800 3712 1086
internal_count=88250 33817 54433 52796 22596 22305 6425 15880 30200 11512 1637 551 7800 3712 1086
is_linear=0
shrinkage=0.05


Tree=92
num_leaves=16
num_cat=0
split_feature=0 2 3 3 19 3 22 12 5 4 9 16 3 0 5
split_gain=5.19171 6.36432 6.42322 5.08129 5.89624 4.74344 3.88359 2.41383 2.93121 3.37967 2.26899 1.8551 1.66874 2.32125 2.0547
threshold=17.439272738971685 0.37850155238596367 0.97335555334614954 0.98611507088852057 19.406250000000004 0.47114434510950071 0.75378224007178518 12.450000000000001 0.85673801594079257 -0.68322629814330815 0.33458151202740682 298.95000000000005 0.88144907265856365 14.761997088644963 -0.84315017450793706
decision_type=2 2 2 2 2 2 2 2 2 2 2 2 2 2 2
left_child=7 3 5 4 -2 -3 -4 8 9 -1 -10 -5 14 -14 -9
right_child=1 2 6 11 -6 -7 -8 12 10 -11 -12 -13 13 -15 -16
leaf_value=0.002600766652683151 -0.0003620733983465583 9.8380001366010783e-05 0.00057152254254674189 -0.0018535455265042728 -0.0027406591017804299 -0.00025555989112774905 0.0012346979187414005 0.0041986472415350955 0.0015401841302619902 -0.00038086452088261782 0.0020939856120993842 -0.003826631710069184 0.0045525221458034473 0.010893706488390054 0.0011156880867586594
leaf_weight=88 30713 31871 779 2864 3530 14358 796 69 45 1372 242 1144 113 62 319
leaf_count=88 30713 31871 779 2864 3530 14358 796 69 45 1372 242 1144 113 62 319
internal_value=-0.000239632 -0.000302424 8.22095e-05 -0.000783118 -0.00058596 -2.47692e-05 0.00322222 0.00209957 0.00118203 0.000273971 0.00580139 -0.00246757 0.00494671 0.009 0.00311856
internal_weight=88365 86055 47804 38251 34243 46229 1575 2310 1747 1460 287 4008 563 175 388
internal_count=88365 86055 47804 38251 34243 46229 1575 2310 1747 1460 287 4008 563 175 388
is_linear=0
shrinkage=0.05


Tree=93
num_leaves=15
num_cat=0
split_feature=2 19 15 6 22 20 21 22 20 17 20 6 22 18
split_gain=4.93566 5.75706 9.35238 7.66671 5.49207 5.02057 4.77231 4.0705 2.06793 2.0044 11.6364 1.73427 1.616 1.03913
threshold=0.87672734215083803 20.943750000000005 671.50000000000011 -0.77243990499604276 0.44197181594566609 5.4931250000000009 0.40804860806521709 0.92965703268743416 2.2293750000000006 178.50000000000003 3.9818750000000005 -0.99938741687870725 0.94698497279671257 99.937500000000014
decision_type=2 2 2 2 2 2 2 2 2 2 2 2 2 2
left_child=1 2 4 6 -1 -5 -3 -4 11 10 -10 -2 -13 -11
right_child=8 3 7 5 -6 -7 -8 -9 9 13 -12 12 -14 -15
leaf_value=-0.0010954954512470555 -0.00030216324917148763 0.0045386073236183154 2.0508946162074556e-05 -0.00073310759702952281 0.00010810513772178551 0.010420002972928456 -0.00011709821998565453 0.00049000980790472263 6.1371199061432715e-06 -4.7812792348334021e-05 0.0049766719187523461 0.0015272005262726681 0.00064420951265247079 0.0020200415950697211
leaf_weight=23620 54 482 516 6041 46938 44 8001 1041 225 818 50 359 54 197
leaf_count=23620 54 482 516 6041 46938 44 8001 1041 225 818 50 359 54 197
internal_value=-0.000196179 -0.000249358 -6.62149e-05 -0.00115596 -0.000150799 -0.00251027 -0.000184488 0.00376686 0.00242743 0.00139535 0.00518182 0.00527837 0.00638014 0.000369457
internal_weight=88440 86683 72115 14568 70558 6085 8483 1557 1757 1290 275 467 413 1015
internal_count=88440 86683 72115 14568 70558 6085 8483 1557 1757 1290 275 467 413 1015
is_linear=0
shrinkage=0.05


Tree=94
num_leaves=16
num_cat=0
split_feature=5 19 2 3 6 12 18 6 21 18 0 15 19 0 21
split_gain=4.00021 4.64882 5.38609 8.18793 4.78989 5.0044 4.72262 3.75123 4.67855 4.20954 4.19852 3.95617 7.62193 2.93735 2.87697
threshold=0.96687895796550427 22.968750000000004 0.37850155238596367 -0.3520614488341251 -0.9575230291762723 265.65000000000003 91.937500000000014 0.14888728888808328 0.58095978780611446 98.187500000000014 152.08029312943196 612.50000000000011 11.293750000000003 25.905259095207771 0.81662476850715982
decision_type=2 2 2 2 2 2 2 2 2 2 2 2 2 2 2
left_child=1 2 3 -1 5 -3 -4 11 9 -9 -10 13 -13 -2 -6
right_child=7 4 6 -5 14 -7 -8 8 10 -11 -12 12 -14 -15 -16
leaf_value=0.0005474833632705834 0.0028154276879302988 -0.00091402576784197919 0.00032441094776780588 -0.0011147330147007807 -0.00014921382644147801 0.0002026083433119033 -0.00010266133206875135 0.00059593227101703008 0.005474530052713234 0.011685844491017471 -0.00073950966113167302 0.0012035888636220563 -2.7093040083560204e-06 -0.0014398658585999813 -0.00055755613676772633
leaf_weight=13603 214 1141 19037 22663 2012 2306 16037 65 280 64 998 66 732 5021 4087
leaf_count=13603 214 1141 19037 22663 2012 2306 16037 65 280 64 998 66 732 5021 4087
internal_value=-0.000174129 -7.20779e-05 6.65814e-05 -0.00036067 -0.00110832 0.00038149 0.000508353 -0.0012836 0.00104122 0.0101163 0.000125194 -0.00182579 0.00145363 -0.00232569 -0.00195032
internal_weight=88326 80886 71340 36266 9546 3447 35074 7440 1407 129 1278 6033 798 5235 6099
internal_count=88326 80886 71340 36266 9546 3447 35074 7440 1407 129 1278 6033 798 5235 6099
is_linear=0
shrinkage=0.05


Tree=95
num_leaves=16
num_cat=0
split_feature=5 19 2 3 18 6 5 1 16 15 19 6 16 18 6
split_gain=4.5091 4.5076 5.49947 7.8392 5.5679 4.1409 4.38205 3.59744 3.39211 2.79655 6.71335 4.00812 2.21286 3.07994 0.220225
threshold=0.96687895796550427 22.968750000000004 0.41687037427676571 -0.29012925520284066 91.937500000000014 -0.94703994556331683 0.19337368024598436 34.220619963937658 859.20000000000016 612.50000000000011 11.193750000000003 0.14888728888808328 15.350000000000003 55.187500000000007 -0.013976481981245173
decision_type=2 2 2 2 2 2 2 2 2 2 2 2 2 2 2
left_child=1 2 3 -1 -4 6 -3 12 -7 11 -11 -9 14 -14 -2
right_child=7 5 4 -5 -6 8 -8 9 -10 10 -12 -13 13 -15 -16
leaf_value=0.00051012078454936956 -0.0056084710810068317 -9.7022162495220994e-05 0.00036661128509402063 -0.00088247003065694953 -0.00017525147157235744 -0.00061349430011129477 0.00037575195211015083 -0.0013836559899477142 0.00010411018830772112 0.00093679345632711498 -4.1120785147173669e-05 0.00023999050099234747 -0.0002356332612979486 0.0064557967528089391 -0.013565829012059447
leaf_weight=15322 40 3174 16743 25027 14254 5568 698 5004 178 65 770 1287 99 121 49
leaf_count=15322 40 3174 16743 25027 14254 5568 698 5004 178 65 770 1287 99 121 49
internal_value=-0.000203567 -9.53522e-05 4.16269e-05 -0.000343132 0.000542471 -0.00111146 0.000152375 -0.00138198 -0.00196311 -0.001611 0.00110778 -0.00197187 0.00389968 0.00659091 -0.00275281
internal_weight=88399 80964 71346 40349 30997 9618 3872 7435 5746 7126 835 6291 309 220 89
internal_count=88399 80964 71346 40349 30997 9618 3872 7435 5746 7126 835 6291 309 220 89
is_linear=0
shrinkage=0.05


Tree=96
num_leaves=16
num_cat=0
split_feature=5 5 6 3 5 19 21 9 19 15 20 18 16 20 21
split_gain=4.71985 7.53568 8.15502 5.83684 6.47764 5.53214 5.52383 4.52197 3.89215 7.25006 7.25837 5.88703 1.30002 2.95598 1.69499
threshold=0.75580964594513067 0.38243310158943505 0.8511460603353429 0.41248606129204562 0.28519915169571858 6.9312500000000012 0.8391819921784468 0.59717010861829845 15.681250000000004 519.50000000000011 3.4606250000000007 19.687500000000004 859.20000000000016 3.8518750000000006 0.90430169760124302
decision_type=2 2 2 2 2 2 2 2 2 2 2 2 2 2 2
left_child=1 3 7 4 -1 -4 -5 -3 9 11 -11 -2 14 -14 -10
right_child=8 2 5 6 -6 -7 -8 -9 12 10 -12 -13 13 -15 -16
leaf_value=0.00016011663792422277 -0.00098871323523655463 -6.5385354742031335e-05 0.0049446638610951346 -0.00036118356723341557 -0.0012683675588310754 0.00059125317269326239 -0.00061202601619485589 0.00079429065689035408 -0.00089888550180483584 -5.3167814876577342e-05 0.0012548833462616277 -0.0003979932011694289 -7.8695101106463348e-05 0.00036621471952887562 -0.00078780915495251793
leaf_weight=30779 1394 7864 911 15906 1692 779 6474 3448 1943 912 757 13007 410 51 1947
leaf_count=30779 1394 7864 911 15906 1692 779 6474 3448 1943 912 757 13007 410 51 1947
internal_value=-0.000203005 -2.43292e-06 0.00107983 -0.000258976 0.000169227 0.00431953 -0.000880251 0.000595826 -0.000869449 -0.000510269 0.00260935 -0.000871816 -0.00219605 0.000314532 -0.00249357
internal_weight=88274 67853 13002 54851 32471 1690 22380 11312 20421 16070 1669 14401 4351 461 3890
internal_count=88274 67853 13002 54851 32471 1690 22380 11312 20421 16070 1669 14401 4351 461 3890
is_linear=0
shrinkage=0.05


Tree=97
num_leaves=16
num_cat=0
split_feature=5 2 13 16 3 20 2 15 5 6 2 12 22 21 12
split_gain=4.59646 4.92765 6.31374 5.90958 4.92507 5.04266 4.24984 4.16976 2.72179 2.57481 3.42238 1.8232 1.89668 1.51146 1.3812
threshold=0.96687895796550427 0.40545045731461632 0.77161768942080322 310.65000000000003 0.97335555334614954 0.27312500000000006 0.091317485886009214 25.500000000000004 0.67167992559793654 1.0000000180025095e-35 0.69603881586983662 6.1500000000000012 1.2776318783900091 0.80546688646185938 431.85000000000008
decision_type=2 2 2 2 2 2 2 2 2 2 2 2 2 2 2
left_child=1 2 3 -1 7 -6 11 -3 -4 14 -11 13 -13 -2 -8
right_child=6 4 8 -5 5 -7 9 -9 -10 10 -12 12 -14 -15 -16
leaf_value=-0.00042401281113830071 0.00054186194481859189 0.0028734636026621629 0.0016025292780250334 -0.0010087821303128974 0.0012619387842832284 0.0008300078229281036 -0.0014498353989931324 3.6389039273234255e-05 -0.0016258081595811411 -0.00036771347118303495 0.0020546438732683306 0.0055408751286830094 -0.0023823071249072084 0.0058654139297280037 -4.6134636458399027e-06
leaf_weight=31203 41 906 2276 7050 53 1097 3170 38062 521 3416 68 139 77 46 503
leaf_count=31203 41 906 2276 7050 53 1097 3170 38062 521 3416 68 139 77 46 503
internal_value=-0.000206369 -9.7207e-05 -0.00048234 -0.000650016 0.000296873 0.00352174 -0.0013941 0.000201703 0.00181087 -0.00163965 -0.000665902 0.00440594 0.00194444 0.0105172 -0.0025633
internal_weight=88628 81168 41050 38253 40118 1150 7460 38968 2797 7157 3484 303 216 87 3673
internal_count=88628 81168 41050 38253 40118 1150 7460 38968 2797 7157 3484 303 216 87 3673
is_linear=0
shrinkage=0.05


Tree=98
num_leaves=15
num_cat=0
split_feature=1 1 3 19 3 21 20 17 5 19 4 5 12 22
split_gain=3.93312 5.26008 5.72107 5.30163 6.22109 5.17664 3.47872 3.41658 3.04902 2.87763 2.10326 3.94868 1.46813 1.30255
threshold=20.837197457685139 317.99162802398888 0.97335555334614954 19.606250000000006 -0.3520614488341251 0.8391819921784468 4.2306250000000007 40.500000000000007 -0.39036798905311365 19.406250000000004 -0.63405362205439475 -0.61237985104942771 12.450000000000001 0.98997305079739462
decision_type=2 2 2 2 2 2 2 2 2 2 2 2 2 2
left_child=7 3 5 4 -2 -3 -5 10 -9 -4 11 -1 -12 -10
right_child=1 2 9 6 -6 -7 -8 8 13 -11 12 -13 -14 -15
leaf_value=-0.0066305291215084661 0.0003739545141902337 0.00022822464689754236 0.0005848020373426969 -0.003106481524409916 -0.0011026924159682099 -0.00011667448486278781 0.0065743153436743883 -0.00022315890627127926 0.011140985559068652 0.0028708784607363591 5.3383424486886532e-05 0.0022767111998537714 0.004222274789566694 0.0036185826512169735
leaf_weight=55 11827 33217 1404 3448 21762 14541 47 56 40 212 1351 139 392 46
leaf_count=55 11827 33217 1404 3448 21762 14541 47 56 40 212 1351 139 392 46
internal_value=-0.000198619 -0.000250296 8.76968e-05 -0.000700303 -0.000507459 -1.13082e-05 -0.00255365 0.00195046 0.00943662 0.00301361 0.00140165 0.0063402 0.000851978 0.0153488
internal_weight=88537 86458 49374 37084 33589 47758 3495 2079 142 1616 1937 194 1743 86
internal_count=88537 86458 49374 37084 33589 47758 3495 2079 142 1616 1937 194 1743 86
is_linear=0
shrinkage=0.05


Tree=99
num_leaves=16
num_cat=0
split_feature=2 16 22 12 6 13 3 19 17 20 6 5 17 9 6
split_gain=3.84715 11.0544 7.6119 5.64236 7.95793 4.78355 4.08446 3.77412 3.67572 3.36856 4.25126 2.91336 2.67028 2.42579 2.15553
threshold=0.65626222639857301 618.50000000000011 0.97254169820241654 534.45000000000016 -0.71502926860092908 0.66740299257585367 -0.097964660725097089 12.281250000000002 164.50000000000003 4.2631250000000014 0.28313308994381592 -0.95244167294248061 64.500000000000014 0.30139271133785234 -0.65883892954715351
decision_type=2 2 2 2 2 2 2 2 2 2 2 2 2 2 2
left_child=1 5 8 4 -4 6 -1 -7 12 13 -11 -10 -2 -3 -5
right_child=2 9 3 14 -6 7 -8 -9 11 10 -12 -13 -14 -15 -16
leaf_value=0.00011547051246211249 0.0040262585143210758 0.00059257651992521241 0.0006361813691977803 0.0001153387696345709 0.00015363308789062869 0.0013513557569582568 -0.00071316015632990617 -2.368586821004942e-06 0.004527783192036213 -3.7058500337594906e-05 0.0011585763201322017 0.00014591815518273909 -0.00032784682142215243 -0.00062406485063129372 -0.00029132634240603225
leaf_weight=22029 85 107 298 567 1039 4868 29501 6980 232 293 56 14568 3287 4182 376
leaf_count=22029 85 107 298 567 1039 4868 29501 6980 232 293 56 14568 3287 4182 376
internal_value=-0.000166615 -0.000347419 0.000434675 0.00315789 0.00524682 -0.000174983 -0.000383273 0.000730924 9.2999e-05 -0.00270375 0.00202006 0.000432431 -0.0013968 -0.00308813 0.000196181
internal_weight=88468 68016 20452 2280 1337 63378 51530 11848 18172 4638 349 14800 3372 4289 943
internal_count=88468 68016 20452 2280 1337 63378 51530 11848 18172 4638 349 14800 3372 4289 943
is_linear=0
shrinkage=0.05


Tree=100
num_leaves=16
num_cat=0
split_feature=4 18 22 6 5 18 6 6 5 22 16 19 0 6 13
split_gain=4.11534 10.7614 10.6981 13.9066 13.1031 5.79829 4.86453 3.97221 8.36218 3.51792 3.3181 3.17195 3.13104 2.90843 1.71591
threshold=-0.63405362205439475 38.437500000000007 1.1128624543932608 0.96407344085605606 0.20180702842483325 99.812500000000014 0.92191100909954782 -0.75013812021657655 0.63920241694561786 0.26478680415345573 144.75000000000003 8.3812500000000032 155.87103344848722 0.90803977035715633 0.8600371003894941
decision_type=2 2 2 2 2 2 2 2 2 2 2 2 2 2 2
left_child=2 10 5 13 -5 6 -1 8 -3 -7 12 -9 -2 -4 -12
right_child=1 7 3 4 -6 9 -8 11 -10 -11 14 -13 -14 -15 -16
leaf_value=0.00014549593589276825 -0.0011094135790565864 0.00025442414586044796 0.0020070348971117816 0.00090662237292768737 0.0076864185085189886 -0.0041970889981184315 -0.0012627940595653173 0.00050219486548332018 0.0074563830929995426 -0.00034468035548591288 -0.0011936015480727622 -0.0010009035400454407 0.0025771615766453145 -0.014294030588889922 8.8947916291208789e-05
leaf_weight=36531 1665 10821 274 64 67 2736 5040 4735 280 7902 5872 11880 192 98 398
leaf_count=36531 1665 10821 274 64 67 2736 5040 4735 280 7902 5872 11880 192 98 398
internal_value=-0.000212016 -0.000625367 6.90533e-05 0.00732604 0.0213359 -8.63112e-07 0.000265689 -0.000156229 0.000576073 -0.00104249 -0.0022253 -0.000645502 -0.000368876 0.00239247 -0.00277512
internal_weight=88555 35843 52712 503 131 52209 41571 27716 11101 10638 8127 16615 1857 372 6270
internal_count=88555 35843 52712 503 131 52209 41571 27716 11101 10638 8127 16615 1857 372 6270
is_linear=0
shrinkage=0.05


Tree=101
num_leaves=15
num_cat=0
split_feature=19 5 5 3 6 2 16 9 5 15 15 21 1 20
split_gain=4.48703 4.06422 5.37865 7.59764 5.80896 2.98353 3.05133 2.29647 1.86428 2.65126 3.05046 0.592641 0.395423 0.353963
threshold=29.231250000000006 0.75580964594513067 0.35846314187849709 0.2269546835593246 0.8511460603353429 0.068340841738735822 13.850000000000003 0.48576427999707467 0.048362692321690152 682.50000000000011 732.50000000000011 0.93879657506333369 879.54833211609559 2.6531250000000006
decision_type=2 2 2 2 2 2 2 2 2 2 2 2 2 2
left_child=1 2 3 -1 -4 7 -7 -3 12 11 -11 -10 13 -2
right_child=8 5 4 -5 -6 6 -8 -9 9 10 -12 -13 -14 -15
leaf_value=0.00025405483577920559 -0.00087106575258468801 0.0052857210083720419 0.00029388994709819878 -0.00042483184567000193 0.0027402547534246869 -0.0027630830626940578 -0.00019532077328704043 0.00025625388657739165 -0.0011712384928895313 0.0010116348856469182 2.3955632726428966e-05 4.2426188067379639e-05 6.6412133592577756e-05 -0.0004137981141194236
leaf_weight=26830 863 153 11947 25578 1846 2566 17588 221 224 49 130 40 55 343
leaf_count=26830 863 153 11947 25578 1846 2566 17588 221 224 49 130 40 55 343
internal_value=-0.000170356 -0.000120434 7.01639e-05 -0.000161045 0.000948668 -0.000735095 -0.000817209 0.00368984 -0.00271127 7.90056e-05 0.00477654 -0.00310606 -0.00369152 -0.0038806
internal_weight=88433 86729 66201 52408 13793 20528 20154 374 1704 443 179 264 1261 1206
internal_count=88433 86729 66201 52408 13793 20528 20154 374 1704 443 179 264 1261 1206
is_linear=0
shrinkage=0.05


Tree=102
num_leaves=16
num_cat=0
split_feature=4 18 22 20 6 18 22 3 16 6 5 3 13 4 1
split_gain=3.6903 8.74225 7.46602 9.7463 10.9436 5.19744 6.08931 4.7653 3.84245 3.27356 9.35818 3.42963 3.07592 3.06272 1.64315
threshold=-0.63405362205439475 38.437500000000007 1.1026948689743536 1.3118750000000003 0.96407344085605606 86.437500000000014 0.20604586977211983 0.2269546835593246 144.75000000000003 -0.75013812021657655 0.63920241694561786 0.98611507088852057 0.73108387875827818 0.29012925520284133 674.61211031283517
decision_type=2 2 2 2 2 2 2 2 2 2 2 2 2 2 2
left_child=2 8 5 12 -5 7 -7 -1 13 10 -3 -11 -4 -2 -10
right_child=1 9 3 4 -6 6 -8 -9 14 11 -12 -13 -14 -15 -16
leaf_value=0.00029067956690215333 -0.0006645981840958993 0.00016000699846724364 -0.0026184926707300271 0.0017849981655448878 0.0075543958324706178 -0.0050810425816365471 -0.00021649114493603602 -0.00010254566835539081 -0.0010092807669208764 -0.00034822434614995013 0.0069750709676583067 -0.0021660760708358305 0.0027590871405239565 0.0057663562659367295 0.00037554504252178988
leaf_weight=17605 1772 10783 193 179 68 2237 21823 10549 6206 14099 294 2454 108 84 105
leaf_count=17605 1772 10783 193 179 68 2237 21823 10549 6206 14099 294 2454 108 84 105
internal_value=-0.000213926 -0.000605778 5.19301e-05 0.00585766 0.0132186 -9.00261e-06 -0.00054863 0.000452155 -0.00204298 -0.000180964 0.000484336 -0.000626172 -0.000182725 -4.31046e-05 -0.00263112
internal_weight=88559 35797 52762 548 247 52214 24060 28154 8167 27630 11077 16553 301 1856 6311
internal_count=88559 35797 52762 548 247 52214 24060 28154 8167 27630 11077 16553 301 1856 6311
is_linear=0
shrinkage=0.05


Tree=103
num_leaves=15
num_cat=0
split_feature=19 5 2 3 3 2 6 18 6 5 4 12 0 22
split_gain=4.39456 4.51803 4.71541 5.67235 5.32838 3.16122 2.33393 1.72943 1.54257 3.58243 0.83536 0.47247 0.810098 0.245846
threshold=29.231250000000006 0.96687895796550427 0.37850155238596367 0.98611507088852057 0.97335555334614954 0.091317485886009214 -0.082691941062253513 7.6875000000000009 -0.99761278905001471 0.048362692321690152 -0.84874750804349175 513.15000000000009 615.69078883045756 0.67298856185812828
decision_type=2 2 2 2 2 2 2 2 2 2 2 2 2 2
left_child=1 2 3 -1 -4 7 -7 -3 9 10 -2 13 -13 -10
right_child=8 5 4 -5 -6 6 -8 -9 11 -11 -12 12 -14 -15
leaf_value=-0.00027136368538538961 3.8404630294567204e-05 -0.0043792347755054143 6.3341065176708569e-05 -0.0023578004081907041 0.00080759264688171637 -0.0013173539776777266 -0.00026587924599609611 0.0049987895417568 -0.00069870657660346495 0.00033708311628540466 -0.00038951578394793939 0.00021709776650124526 -0.00055085513101795218 -0.0010829912191465247
leaf_weight=34243 129 48 39735 3612 1603 2535 4628 251 44 57 196 51 359 905
leaf_count=34243 129 48 39735 3612 1603 2535 4628 251 44 57 196 51 359 905
internal_value=-0.000215282 -0.000165312 -5.44883e-05 -0.000457669 0.000314721 -0.00134146 -0.00155173 0.00369565 -0.00270247 0.000104711 -0.00192308 -0.00349154 -0.00207317 -0.00410432
internal_weight=88396 86655 79193 37855 41338 7462 7163 299 1741 382 325 1359 410 949
internal_count=88396 86655 79193 37855 41338 7462 7163 299 1741 382 325 1359 410 949
is_linear=0
shrinkage=0.05


Tree=104
num_leaves=15
num_cat=0
split_feature=19 15 16 22 17 12 19 6 17 20 3 6 9 9
split_gain=3.83025 5.00495 7.33549 5.56118 4.28168 3.81748 4.61816 3.84292 3.67937 3.61326 3.39993 3.123 1.86038 1.1944
threshold=22.968750000000004 671.50000000000011 618.50000000000011 0.75633939849741438 97.500000000000014 183.45000000000002 16.193750000000005 -0.9292178835113839 16.500000000000004 3.6743750000000008 0.35206144883412588 -0.99628250747696534 0.76133632535529028 0.77125644190261267
decision_type=2 2 2 2 2 2 2 2 2 2 2 2 2 2
left_child=1 2 3 -1 8 6 -3 -7 -2 -4 11 -6 -12 -10
right_child=4 5 9 -5 10 7 -8 -9 13 -11 12 -13 -14 -15
leaf_value=-0.00035234343058905294 0.0074109593809675994 0.0020344279905815089 -0.0004738911276709168 0.00037303683027939513 0.000299943952968601 0.00051935448227561135 0.0016601802847702964 5.0197874425156334e-05 -0.0017998477328798113 0.00014833105827493712 -0.0005351227537045473 -7.8151321524887312e-05 8.8318502886734049e-05 9.9931897704835146e-06
leaf_weight=48261 69 57 3827 23437 701 373 199 2009 1594 643 1222 5534 264 172
leaf_count=48261 69 57 3827 23437 701 373 199 2009 1594 643 1222 5534 264 172
internal_value=-0.000167041 -5.24084e-05 -0.000126564 -4.04594e-06 -0.00111239 0.0020887 0.00789062 0.00146515 -0.00328338 -0.00209172 -0.000596427 -8.42033e-05 -0.00274563 -0.00372594
internal_weight=88362 78806 76168 71698 9556 2638 256 2382 1835 4470 7721 6235 1486 1766
internal_count=88362 78806 76168 71698 9556 2638 256 2382 1835 4470 7721 6235 1486 1766
is_linear=0
shrinkage=0.05


Tree=105
num_leaves=16
num_cat=0
split_feature=19 5 2 9 3 0 22 19 5 0 12 20 1 2 9
split_gain=3.79303 4.0103 4.49615 5.70182 4.56584 2.84547 3.13779 3.03663 1.78962 1.77317 3.50118 0.489313 0.544683 0.280709 0.0527086
threshold=29.231250000000006 0.91248814248966237 0.37850155238596367 0.79378270001952722 0.97335555334614954 54.216556647698361 0.38774515229442041 8.4812500000000028 0.031174179426909168 471.30601931059766 481.05000000000001 2.6531250000000006 751.88588257563174 0.77041830686514434 0.75125368718129504
decision_type=2 2 2 2 2 2 2 2 2 2 2 2 2 2 2
left_child=1 2 3 -1 -4 7 -7 -3 11 14 -11 13 -13 -2 -10
right_child=8 5 4 -5 -6 6 -8 -9 9 10 -12 12 -14 -15 -16
leaf_value=-0.00042801885072108012 -0.0010559734696997788 0.0047301993123113339 8.4036160971780196e-05 0.0039338827940065546 0.00079372542710933651 -0.0040933146675927231 -0.00024918891316940165 -0.00047027293109268287 -0.00040982626966805581 0.00023537059202823898 -3.4198058303947282e-05 -0.00050398128460749959 0.00021015044425242715 -0.00051402838926608164 -0.0013390475471383168
leaf_weight=35857 546 482 36872 391 1570 1666 9486 483 42 81 282 256 73 301 139
leaf_count=35857 546 482 36872 391 1570 1666 9486 483 42 81 282 256 73 301 139
internal_value=-0.00017492 -0.00012885 8.03201e-06 -0.000391471 0.000384734 -0.000972602 -0.00119799 0.00163212 -0.0025 -0.000128678 0.00188705 -0.00359694 -0.00196049 -0.00423259 -0.00417127
internal_weight=88527 86807 74690 36248 38442 12117 11152 965 1720 544 363 1176 329 847 181
internal_count=88527 86807 74690 36248 38442 12117 11152 965 1720 544 363 1176 329 847 181
is_linear=0
shrinkage=0.05


Tree=106
num_leaves=16
num_cat=0
split_feature=19 9 9 2 22 13 5 16 5 21 22 17 20 0 17
split_gain=3.22456 3.42607 5.23828 5.98534 4.54113 2.76654 4.03797 3.47125 1.98384 2.27078 1.88494 1.108 0.461161 0.677686 0.119707
threshold=29.231250000000006 0.39647989154135294 0.56200434853822567 0.66008608059301621 1.1266040838634315 0.27197184782437256 -0.99940763397299126 513.50000000000011 1.0000000180025095e-35 0.9467953645701922 0.91566045039594313 255.50000000000003 2.6531250000000006 373.49799716319779 167.50000000000003
decision_type=2 2 2 2 2 2 2 2 2 2 2 2 2 2 2
left_child=1 5 4 -4 -3 7 -7 -1 12 11 -11 -10 14 -14 -2
right_child=8 2 3 -5 -6 6 -8 -9 9 10 -12 -13 13 -15 -16
leaf_value=-0.0018397044460977303 -0.0011890619617959577 0.0002904075996117169 -0.00038603933116507889 0.00010913553991052488 0.0031519762662975959 0.0052726558650661977 -0.00011366592689315835 0.0018755866781170506 -0.00066400366558587247 0.00027317822571875652 1.8167211399729611e-05 0.00092781097308997518 0.00091548084868693668 -0.0005571354286314778 -0.00092453288105040661
leaf_weight=10846 491 27228 24568 9989 745 63 12953 411 437 41 206 71 60 252 158
leaf_count=10846 491 27228 24568 9989 745 63 12953 411 437 41 206 71 60 252 158
internal_value=-0.000202161 -0.000159731 3.59815e-05 -0.000375757 0.000544631 -0.000663908 -0.000167487 -0.0012379 -0.00234849 -0.000430465 0.00350202 -0.00234252 -0.00385536 -0.00227564 -0.00461479
internal_weight=88519 86803 62530 34557 27973 24273 13016 11257 1716 755 247 508 961 312 649
internal_count=88519 86803 62530 34557 27973 24273 13016 11257 1716 755 247 508 961 312 649
is_linear=0
shrinkage=0.05


Tree=107
num_leaves=15
num_cat=0
split_feature=19 15 16 22 6 4 3 13 3 20 15 20 5 9
split_gain=3.55617 4.52286 6.20034 4.60203 4.02322 4.2306 3.42705 3.8451 3.26557 2.95215 2.21428 2.49442 2.15413 1.55794
threshold=22.968750000000004 612.50000000000011 623.30000000000007 0.37548407383964755 -0.94703994556331683 -0.5 -0.097964660725097089 0.68787960882741095 -0.47114434510950071 4.2631250000000014 23.500000000000004 2.5531250000000005 0.77788564761185042 0.77125644190261267
decision_type=2 2 2 2 2 2 2 2 2 2 2 2 2 2
left_child=1 2 3 -1 5 8 12 -8 -2 -4 -6 -12 -3 -7
right_child=4 6 9 -5 10 13 7 -9 -10 -11 11 -13 -14 -15
leaf_value=-0.00088138741998129624 0.00046013291266172596 6.3411841895884014e-05 -0.00049889453910915971 0.00012932402026922808 0.0063473297127432105 -0.001262601914108861 0.00076001215713455516 0.00010600417216738354 -6.2037077211973826e-07 0.000379651089373387 -0.00082808882764533848 -0.00011176909118711943 -0.00079068596056009106 0.0010235559501719036
leaf_weight=20228 969 532 3072 50466 41 896 1573 2135 1846 282 3113 2539 405 189
leaf_count=20228 969 532 3072 50466 41 896 1573 2135 1846 282 3113 2539 405 189
internal_value=-0.000187234 -7.64375e-05 -0.000171377 -7.17187e-05 -0.00109611 0.000141024 0.00143703 0.00211974 0.00116341 -0.00227192 -0.00194362 -0.0020276 -0.00126468 -0.00251152
internal_weight=88286 78693 74048 70694 9593 3900 4645 3708 2815 3354 5693 5652 937 1085
internal_count=88286 78693 74048 70694 9593 3900 4645 3708 2815 3354 5693 5652 937 1085
is_linear=0
shrinkage=0.05


Tree=108
num_leaves=15
num_cat=0
split_feature=19 5 2 3 3 17 3 19 12 15 16 17 9 16
split_gain=4.09212 4.07793 4.45974 5.90814 3.67968 3.26007 3.2351 2.86401 2.73211 2.93904 2.89773 2.46046 1.09877 0.932215
threshold=22.968750000000004 0.96687895796550427 0.37850155238596367 -0.3520614488341251 0.97335555334614954 88.500000000000014 0.35206144883412588 29.231250000000006 16.950000000000006 612.50000000000011 3.5500000000000003 16.500000000000004 0.75722859489696903 93.550000000000011
decision_type=2 2 2 2 2 2 2 2 2 2 2 2 2 2
left_child=1 2 3 -1 -4 11 7 -7 10 -10 -3 -2 -8 -13
right_child=5 8 4 -5 -6 6 12 -9 9 -11 -12 13 -14 -15
leaf_value=0.00040953612805773033 0.0060299632271060503 -0.012108822107581107 0.00014208622490187174 -0.00089855712821329276 0.00079582652739656416 2.7422498961064187e-05 -0.0004903229435019394 -0.00026680901689427608 -0.00087968513614447217 9.6678577765395543e-05 0.0043802413447458386 -0.0016476305979179042 -5.8937002508307585e-07 -0.0022135751475621467
leaf_weight=13541 69 136 33406 22768 1559 5308 1235 1343 6138 825 374 212 311 1169
leaf_count=13541 69 136 33406 22768 1559 5308 1235 1343 6138 825 374 212 311 1169
internal_value=-0.000187457 -6.83847e-05 4.81229e-05 -0.00034 0.000451164 -0.00115943 -0.000772845 -0.000293942 -0.00117958 -0.00143832 0.00235294 -0.00334483 -0.00283312 -0.00380521
internal_weight=88394 78747 71274 36309 34965 9647 8197 6651 7473 6963 510 1450 1546 1381
internal_count=88394 78747 71274 36309 34965 9647 8197 6651 7473 6963 510 1450 1546 1381
is_linear=0
shrinkage=0.05


Tree=109
num_leaves=16
num_cat=0
split_feature=19 9 9 2 6 13 5 18 5 21 9 3 20 0 21
split_gain=3.82634 3.39272 4.5141 6.06769 5.72207 2.86286 5.99702 2.25635 1.57542 1.75107 2.19391 0.69174 0.54618 0.643093 0.107616
threshold=29.231250000000006 0.39647989154135294 0.56200434853822567 0.66008608059301621 0.99681593486783593 0.40022356737367309 -0.99940763397299126 99.562500000000014 1.0000000180025095e-35 0.93879657506333369 0.71199056465922095 0.2269546835593246 2.6531250000000006 373.49799716319779 0.77945596063883105
decision_type=2 2 2 2 2 2 2 2 2 2 2 2 2 2 2
left_child=1 5 4 -4 -3 7 -7 -1 12 11 -11 -10 14 -14 -2
right_child=8 2 3 -5 -6 6 -8 -9 9 10 -12 -13 13 -15 -16
leaf_value=-0.00057998098234540718 -0.0024198288602170245 0.0002962389979378549 -0.00036576887565620834 0.00010437831638654443 0.0064541188928613135 0.0079909199790000589 5.2788763117022417e-06 -0.0025366431969317763 -0.00067103186372783458 0.00033282565075745121 3.6983558907799364e-06 0.00068859775114936536 0.00088863571165665757 -0.00043104170601848961 -0.00096667691584526809
leaf_weight=12358 121 27527 24516 9970 396 45 7895 3994 431 42 238 41 60 257 529
leaf_count=12358 121 27527 24516 9970 396 45 7895 3994 431 42 238 41 60 257 529
internal_value=-0.0001917 -0.000145386 4.97512e-05 -0.00033289 0.000522328 -0.000646716 0.000132241 -0.00102495 -0.00252763 -0.000811171 0.00232143 -0.00266949 -0.00386246 -0.00216088 -0.00469231
internal_weight=88420 86701 62409 34486 27923 24292 7940 16352 1719 752 280 472 967 317 650
internal_count=88420 86701 62409 34486 27923 24292 7940 16352 1719 752 280 472 967 317 650
is_linear=0
shrinkage=0.05


Tree=110
num_leaves=15
num_cat=0
split_feature=19 5 3 18 12 2 3 18 6 20 17 1 22 19
split_gain=3.4541 3.8467 4.72451 7.31248 4.89432 3.47507 4.99609 4.53762 3.44174 2.95633 2.66911 2.53097 2.52403 2.52025
threshold=22.968750000000004 0.87397152483179585 -0.097964660725097089 86.437500000000014 164.25000000000003 0.49544026183560702 -0.84874750804349153 83.437500000000014 -0.77243990499604276 4.3618750000000013 16.500000000000004 41.914725407737841 0.38774515229442041 10.181250000000004
decision_type=2 2 2 2 2 2 2 2 2 2 2 2 2 2
left_child=1 2 3 -1 -4 9 7 -7 -8 10 -2 13 -13 -3
right_child=5 11 4 -5 -6 6 8 -9 -10 -11 -12 12 -14 -15
leaf_value=0.0009233756481398514 0.0092057051187136255 0.0042015252509848113 -0.00066851223524062311 -0.00028142617906068315 0.00021619885187939967 0.001060976442706296 1.1868880480791352e-05 -0.0008996242315793602 -0.00047837478087290404 0.006017236360478578 -0.0019279445209360779 -0.0036173249575059659 -0.00016104610061251265 -0.00028232212274418856
leaf_weight=12521 67 454 25858 11867 14085 78 4299 47 2643 42 2388 1806 11860 293
leaf_count=12521 67 454 25858 11867 14085 78 4299 47 2643 42 2388 1806 11860 293
internal_value=-0.000176542 -6.75619e-05 9.78521e-05 0.000646218 -0.000236964 -0.00107382 -0.000507289 0.0094 -0.000685683 -0.00267721 -0.00290224 -0.000805871 -0.00096078 0.00202811
internal_weight=88308 78744 64331 24388 39943 9564 7067 125 6942 2497 2455 14413 13666 747
internal_count=88308 78744 64331 24388 39943 9564 7067 125 6942 2497 2455 14413 13666 747
is_linear=0
shrinkage=0.05


Tree=111
num_leaves=15
num_cat=0
split_feature=19 6 20 3 15 15 3 18 6 3 1 22 9 15
split_gain=3.64825 7.03063 5.19591 4.77875 4.94558 4.42425 4.43228 9.38514 4.38943 3.48166 2.97951 1.76387 1.54818 0.993569
threshold=20.943750000000005 -0.77243990499604276 5.4931250000000009 -0.9103761370219875 364.50000000000006 612.50000000000011 1.0000000180025095e-35 82.437500000000014 -0.79382744783423187 -0.16280825711808958 626.12847938644302 0.8490721281300635 0.41977287111012085 637.50000000000011
decision_type=2 2 2 2 2 2 2 2 2 2 2 2 2 2
left_child=5 3 12 11 -5 6 7 -1 -8 13 -11 -2 -3 -7
right_child=1 2 -4 4 -6 9 8 -9 -10 10 -12 -13 -14 -15
leaf_value=0.00088349859995561224 -0.001154918689408978 0.00014680159469701026 0.0098566298362024359 0.0023132133951484059 1.4338175679531188e-06 0.00049417312413250331 0.00043131822877517034 -0.00046605772148824445 -0.00049516712951368214 -0.00017317985987577508 0.00041341922630432949 -0.0029514639632338222 -0.0006212890499424997 -0.00047748278313980387
leaf_weight=12644 1014 454 46 1144 6266 117 8571 15186 33265 140 2633 1033 5644 359
leaf_count=12644 1014 454 46 1144 6266 117 8571 15186 33265 140 2633 1033 5644 359
internal_value=-0.000165282 -0.000859241 -0.00217611 -3.70215e-06 0.000587043 -1.68016e-05 -0.000100911 0.000388069 -0.000426189 0.0017867 0.00246484 -0.00214216 -0.0023024 -0.00216387
internal_weight=88516 15601 6144 9457 7410 72915 69666 27830 41836 3249 2773 2047 6098 476
internal_count=88516 15601 6144 9457 7410 72915 69666 27830 41836 3249 2773 2047 6098 476
is_linear=0
shrinkage=0.05


Tree=112
num_leaves=15
num_cat=0
split_feature=19 6 15 16 4 13 0 21 9 9 20 5 12 9
split_gain=3.93151 6.76814 3.67288 4.0884 3.76437 3.56053 3.37716 4.75354 2.84709 4.05077 2.631 1.9314 1.87229 1.61229
threshold=20.943750000000005 -0.77243990499604276 597.50000000000011 649.75000000000011 -0.99465189230620676 0.75024451953976723 353.28190560708197 0.32709824547141314 0.59717010861829845 0.61309719290837317 5.4931250000000009 -0.77245553105869302 14.250000000000002 0.41201761572301859
decision_type=2 2 2 2 2 2 2 2 2 2 2 2 2 2
left_child=2 6 3 5 -5 -1 12 -8 11 -10 13 -4 -2 -3
right_child=1 10 8 4 -6 -7 7 -9 9 -11 -12 -13 -14 -15
leaf_value=-0.00015672871654107384 0.0029315264446543102 0.00036261358568590387 0.0015029763524944037 0.00053731355144252151 -0.00048261620882693036 0.00051365019067328157 0.0058049461700489568 2.6184216125076323e-05 0.00067194948107389136 0.0002755782778092242 0.0091998874679385789 -4.6516883258952123e-05 -0.0013181196136278581 -0.00058923751777958391
leaf_weight=58351 149 398 73 124 2165 8594 161 6926 99 1857 43 1689 2215 5593
leaf_count=58351 149 398 73 124 2165 8594 161 6926 99 1857 43 1689 2215 5593
internal_value=-0.000175663 -0.000899259 -2.20705e-05 -0.000104285 -0.00218218 -3.32374e-05 -6.40156e-05 0.000481867 0.00150887 0.00282208 -0.00220749 5.10771e-05 -0.00170051 -0.00229595
internal_weight=88437 15485 72952 69234 2289 66945 9451 7087 3718 1956 6034 1762 2364 5991
internal_count=88437 15485 72952 69234 2289 66945 9451 7087 3718 1956 6034 1762 2364 5991
is_linear=0
shrinkage=0.05


Tree=113
num_leaves=15
num_cat=0
split_feature=19 9 12 9 19 5 2 2 3 21 6 19 17 4
split_gain=3.46766 4.03735 5.33424 5.61565 3.53455 3.31301 3.70159 2.77953 3.0589 2.70587 2.49776 1.96 0.929787 0.45267
threshold=24.568750000000005 0.79378270001952722 42.750000000000007 0.80498614744947117 10.968750000000002 0.96687895796550427 0.3618120687335914 0.485750605977811 -0.84874750804349153 0.99360037938833767 -0.16799793862756093 26.831250000000004 16.500000000000004 0.16280825711809024
decision_type=2 2 2 2 2 2 2 2 2 2 2 2 2 2
left_child=1 5 3 -3 -4 6 -1 12 11 -10 -7 -9 -2 -14
right_child=7 2 4 -5 -6 10 -8 8 9 -11 -12 -13 13 -15
leaf_value=-0.00040889620335176626 0.0087199491037587961 0.020535530605329963 0.0080280412715489202 0.0029479973360787004 0.00043352657044017762 -0.0037293706351529815 0.00010959552854516999 0.00097090791873098443 -0.00014182293004331029 0.00014255495475406498 -0.00018720849286157849 0.00031072080825882977 -0.0020679472363388041 0.0049592111334985714
leaf_weight=34825 44 43 40 72 774 1323 38847 60 4397 237 6101 90 1551 45
leaf_count=34825 44 43 40 72 774 1323 38847 60 4397 237 6101 90 1551 45
internal_value=-0.000184232 -9.66181e-05 0.00318084 0.0132609 0.00175676 -0.000134163 -3.27138e-05 -0.00130293 -0.000693981 -0.000921451 -0.0011409 0.00633333 -0.00307927 -0.00327694
internal_weight=88449 82025 929 115 814 81096 73672 6424 4784 4634 7424 150 1640 1596
internal_count=88449 82025 929 115 814 81096 73672 6424 4784 4634 7424 150 1640 1596
is_linear=0
shrinkage=0.05


Tree=114
num_leaves=16
num_cat=0
split_feature=5 1 19 3 3 21 19 6 9 17 22 13 12 12 15
split_gain=3.51488 3.32732 6.09813 7.44753 5.08753 4.13313 3.89255 2.7238 2.27141 2.07269 5.56588 1.45965 1.4574 2.77613 1.10919
threshold=0.95998215779580554 317.99162802398888 20.118750000000006 -0.3520614488341251 0.97335555334614954 0.83659222529379795 10.606250000000003 0.029024409397335523 0.79378270001952722 229.50000000000003 0.89464033650171848 0.55216952144085474 15.150000000000002 11.550000000000002 632.50000000000011
decision_type=2 2 2 2 2 2 2 2 2 2 2 2 2 2 2
left_child=1 2 3 -1 5 -3 -6 12 -4 11 -11 -9 13 -2 -14
right_child=7 4 8 -5 6 -7 -8 9 -10 10 -12 -13 14 -15 -16
leaf_value=0.00071696487791721446 -0.00072475106946699947 0.00033924542831411438 -0.0028862270701646448 -0.00081025950153654376 0.0023670241816567969 -7.3137983576970766e-05 0.00053046219383956624 9.0984361721149556e-05 0.0038769318306340478 0.00043855712975609905 0.0021807607404016331 -0.00045676113673866225 -0.0013489217391024933 0.0077070468552118965 -1.9022708252224008e-05
leaf_weight=11807 150 29716 3066 21490 116 12498 1532 1608 182 350 47 1551 3706 91 625
leaf_count=11807 150 29716 3066 21490 116 12498 1532 1608 182 350 47 1551 3706 91 625
internal_value=-0.000139776 -3.96122e-05 -0.000391984 -0.000190259 0.000253977 0.00014758 0.00297937 -0.00113066 -0.00245998 -9.28021e-05 0.00331234 -0.000520736 -0.00193788 0.00184647 -0.00214847
internal_weight=88535 80407 36545 33297 43862 42214 1648 8128 3248 3556 397 3159 4572 241 4331
internal_count=88535 80407 36545 33297 43862 42214 1648 8128 3248 3556 397 3159 4572 241 4331
is_linear=0
shrinkage=0.05


Tree=115
num_leaves=14
num_cat=0
split_feature=2 4 18 18 22 22 6 16 20 9 5 12 18
split_gain=2.81652 3.4406 6.89646 3.96411 3.7717 3.40154 3.1736 1.8382 1.76274 1.15475 1.08099 1.22136 0.894307
threshold=0.091317485886009214 -0.5 37.687500000000007 99.812500000000014 0.24420546068875623 1.1468828718386652 0.8511460603353429 133.45000000000002 3.3681250000000005 0.2079485846371639 0.99761913169647187 15.150000000000002 88.937500000000014
decision_type=2 2 2 2 2 2 2 2 2 2 2 2 2
left_child=8 3 7 5 -5 -2 -4 -3 10 -10 11 -1 -11
right_child=1 2 6 4 -6 -7 -8 -9 9 12 -12 -13 -14
leaf_value=0.0010053548802190719 4.4106014447647445e-05 0.00076596283612313928 -0.00023279835440413334 -0.0038168739682716115 -0.00025707015993215159 0.0035843065654181661 0.0079460290497977096 -0.0011507573572518304 0.0047988379291557083 0.005050595032948091 0.0031523655102813613 0.0036118249740991759 -0.0086396293875693597
leaf_weight=2809 47332 626 18806 2730 9519 450 93 4692 62 100 46 876 322
leaf_count=2809 47332 626 18806 2730 9519 450 93 4692 62 100 46 876 322
internal_value=-0.000116604 -0.000179709 -0.000682786 2.32368e-05 -0.000779248 0.000228955 -0.000235199 -0.00227341 0.00114472 -0.00169422 0.001513 0.00141791 -0.00263033
internal_weight=88463 84248 24217 60031 12249 47782 18899 5318 4215 484 3731 3685 422
internal_count=88463 84248 24217 60031 12249 47782 18899 5318 4215 484 3731 3685 422
is_linear=0
shrinkage=0.05


Tree=116
num_leaves=16
num_cat=0
split_feature=4 18 22 6 5 18 22 9 19 6 17 16 6 16 19
split_gain=2.50077 7.14292 5.1815 10.9422 12.856 3.86043 4.8745 3.45818 4.66802 3.23173 4.95568 3.07453 2.93883 2.57676 2.51908
threshold=-0.63405362205439475 38.437500000000007 1.1128624543932608 0.96407344085605606 0.20180702842483325 95.562500000000014 0.19236380281395474 0.70690155854087011 26.831250000000004 -0.99938741687870725 89.500000000000014 148.35000000000005 0.99681593486783593 6.0500000000000007 3.631250000000001
decision_type=2 2 2 2 2 2 2 2 2 2 2 2 2 2 2
left_child=2 9 5 14 -5 12 -7 13 -9 10 -2 -11 -1 -3 -4
right_child=1 7 3 4 -6 6 -8 8 -10 11 -12 -13 -14 -15 -16
leaf_value=5.0007067316172911e-05 -0.004673780552905309 -0.0030598043795860954 -0.0012590477625122388 0.00018407298384627774 0.0054853690045176626 -0.0052481622389782458 -0.00023333101263924645 0.0015139552412872562 -0.0015669190716459608 -0.00033389977435844599 0.00051371464693989127 -0.00091516334214879864 0.0034665831884710067 -7.2554292086446999e-05 0.0048473246490826939
leaf_weight=33244 71 4226 162 68 70 1828 16117 3604 462 1880 98 6111 829 19433 205
leaf_count=33244 71 4226 162 68 70 1828 16117 3604 462 1880 98 6111 829 19433 205
internal_value=-0.000161073 -0.000482793 5.8735e-05 0.00509901 0.0171014 9.80311e-06 -0.000583729 -0.000100091 0.00124692 -0.00178309 0.00505917 -0.00192779 0.000322395 -0.000331587 0.00058583
internal_weight=88408 35885 52523 505 138 52018 17945 27725 4066 8160 169 7991 34073 23659 367
internal_count=88408 35885 52523 505 138 52018 17945 27725 4066 8160 169 7991 34073 23659 367
is_linear=0
shrinkage=0.05


Tree=117
num_leaves=14
num_cat=0
split_feature=9 19 6 0 2 3 5 17 12 13 19 9 18
split_gain=3.38259 3.57143 3.79525 4.77845 3.66384 5.33771 4.35736 2.83392 2.70111 3.4554 2.47344 2.71292 2.45333
threshold=0.79378270001952722 21.631250000000005 -0.77243990499604276 293.71617951348907 0.3618120687335914 0.98611507088852057 0.91248814248966237 14.500000000000002 42.750000000000007 0.61157768489581377 10.968750000000002 0.80273783314097769 51.687500000000007
decision_type=2 2 2 2 2 2 2 2 2 2 2 2 2
left_child=1 4 3 -3 5 -1 -6 -4 9 -2 -10 -12 -11
right_child=8 2 7 -5 6 -7 -8 -9 10 12 11 -13 -14
leaf_value=-0.00021049904115177364 0.019192945700538633 -0.0026651074489371152 0.0084066598489908502 3.217557899868884e-05 0.00026761995751938531 -0.0021065950300350484 -0.00019946459890974322 -0.00052048916145276236 0.0076198295710244992 -0.005702491702012303 0.0010328902585739921 -7.565572515022545e-06 0.0090231913603907483
leaf_weight=31776 46 1518 40 6004 29987 4015 8134 5190 40 46 300 1061 50
leaf_count=31776 46 1518 40 6004 29987 4015 8134 5190 40 46 300 1061 50
internal_value=-0.000159116 -0.00020043 -0.000973182 -0.000253923 -6.7108e-05 -0.000430417 0.000273995 -0.00200765 0.00216137 0.00873239 0.00149536 0.00113519 0.00333333
internal_weight=88207 86664 12752 7522 73912 35791 38121 5230 1543 142 1401 1361 96
internal_count=88207 86664 12752 7522 73912 35791 38121 5230 1543 142 1401 1361 96
is_linear=0
shrinkage=0.05


Tree=118
num_leaves=16
num_cat=0
split_feature=19 22 18 4 18 16 21 6 13 20 9 9 9 4 20
split_gain=3.33474 3.294 5.33527 4.31545 4.05056 3.79356 3.29143 3.77587 3.12425 2.91884 2.7742 2.48009 3.50043 1.98384 1.84361
threshold=21.631250000000005 0.44197181594566609 1.0000000180025095e-35 -0.58216583101416164 99.812500000000014 1.0000000180025095e-35 0.81662476850715982 -0.99628250747696534 0.26844109542395217 1.4631250000000005 0.70868107828818405 0.79378270001952722 0.80498614744947117 -0.4124860612920454 5.4931250000000009
decision_type=2 2 2 2 2 2 2 2 2 2 2 2 2 2 2
left_child=1 4 3 -3 8 -6 11 13 -1 -4 -9 14 -13 -8 -2
right_child=6 2 9 -5 5 -7 7 10 -10 -11 -12 12 -14 -15 -16
leaf_value=-0.0017662606677496845 -9.7549447754664736e-05 2.8519161788814753e-05 -0.00015913023202721588 -0.0015787726803984381 -0.0046975703424237108 -0.00056250189843128236 0.0001879507890255659 -0.00076871269298432287 0.00048992953010716178 0.00029726394280811779 -7.3278341307672702e-05 0.0060131658720296967 -0.00034169986909440749 -0.00071145649281175176 0.00376353783083096
leaf_weight=5271 5128 927 14957 1364 3784 5189 637 3587 9745 33600 3614 81 93 231 87
leaf_count=5271 5128 927 14957 1364 3784 5189 637 3587 9745 33600 3614 81 93 231 87
internal_value=-0.000184893 -5.45865e-05 0.00017326 -0.00218464 -0.000537539 -0.00137802 -0.000909497 -0.00154852 -3.52969e-05 0.00028451 -0.00192404 4.73174e-05 0.00591954 0.00156682 -0.000148611
internal_weight=88295 74837 50848 2291 23989 8973 13458 8069 15016 48557 7201 5389 174 868 5215
internal_count=88295 74837 50848 2291 23989 8973 13458 8069 15016 48557 7201 5389 174 868 5215
is_linear=0
shrinkage=0.05


Tree=119
num_leaves=16
num_cat=0
split_feature=19 21 16 20 22 6 6 9 20 17 20 17 20 13 16
split_gain=3.35681 2.54776 5.8646 7.72237 5.5537 5.70875 2.79067 2.32043 0.814305 1.48044 1.92899 0.654148 0.644066 0.274532 0.273208
threshold=30.293750000000006 0.8391819921784468 141.85000000000005 1.4806250000000005 0.74802193662647587 0.99855310097228334 -0.99628250747696534 0.39647989154135294 2.6356250000000006 125.50000000000001 2.9943750000000007 152.50000000000003 1.4431250000000004 0.75421588534660378 839.90000000000009
decision_type=2 2 2 2 2 2 2 2 2 2 2 2 2 2 2
left_child=1 4 7 -4 6 -6 -1 -3 11 10 -10 14 -13 -11 -2
right_child=8 2 3 -5 5 -7 -8 -9 9 13 -12 12 -14 -15 -16
leaf_value=-0.0028625650079173847 -0.00070728857888196497 -0.00066392674979095514 -0.00063145450659169301 -1.6344524636591198e-05 0.00045178449269471835 0.010652806514659708 -0.00019145893420033431 0.002935339379880544 0.0011644489265523923 -0.00017714179277082966 -5.2828811274983596e-05 0.00020826624223552748 -0.00033603960747934433 -0.00084343677071867804 -7.9509544509132899e-06
leaf_weight=1423 539 652 8584 14834 12914 69 46940 1785 40 43 92 98 165 121 51
leaf_count=1423 539 652 8584 14834 12914 69 46940 1785 40 43 92 98 165 121 51
internal_value=-0.000182797 -0.000147419 -0.000563722 -0.000806646 2.80365e-05 0.000946236 -0.000218453 0.00177062 -0.00286771 -0.000608109 0.00333333 -0.00365182 -0.00157795 -0.00378049 -0.00457627
internal_weight=88350 87201 25855 23418 61346 12983 48363 2437 1149 296 132 853 263 164 590
internal_count=88350 87201 25855 23418 61346 12983 48363 2437 1149 296 132 853 263 164 590
is_linear=0
shrinkage=0.05


Tree=120
num_leaves=16
num_cat=0
split_feature=21 18 22 16 20 6 5 5 3 21 16 21 6 6 6
split_gain=2.73959 5.24839 5.66014 5.135 6.41461 8.6132 4.35243 9.43322 4.59222 3.20016 2.7743 2.66976 3.52461 2.4247 1.95504
threshold=0.8391819921784468 86.437500000000014 0.24420546068875623 141.85000000000005 1.4806250000000005 0.28313308994381592 -0.94139628442229062 -0.94705910369513524 -0.3520614488341251 0.10548706770870374 14.550000000000002 0.96049329778957337 0.86869874770991873 -0.73284120334876357 -0.99761278905001471
decision_type=2 2 2 2 2 2 2 2 2 2 2 2 2 2 2
left_child=1 6 10 11 14 -6 7 -1 -8 -4 -3 13 -13 -2 -5
right_child=3 2 9 4 5 -7 8 -9 -10 -11 -12 12 -14 -15 -16
leaf_value=0.0011036768213356534 0.0054992545294869346 -0.0039612033838508772 0.0041863960253942182 0.00010578513791004569 -8.6856288928605619e-05 0.00082271951485700812 0.001229579011975593 0.004755391226987437 -0.00015717178745448636 -0.00010862567549530989 0.00095765348597112721 0.0024094764168370044 0.0085901184999909661 -0.0022026996636979601 -0.00063994492630391328
leaf_weight=3060 262 4724 176 314 12811 2700 6432 271 14013 32217 804 1429 162 606 8482
leaf_count=3060 262 4724 176 314 12811 2700 6432 271 14013 32217 804 1429 162 606 8482
internal_value=-0.00014656 3.67105e-05 -0.000328447 -0.000569007 -0.00078928 -0.000177617 0.000619111 0.00229511 0.000346049 -7.60979e-05 -0.00180716 0.00160838 0.00282527 -0.000622121 -0.0018679
internal_weight=88463 61697 37921 26766 24307 15511 23776 3331 20445 32393 5528 2459 1591 868 8796
internal_count=88463 61697 37921 26766 24307 15511 23776 3331 20445 32393 5528 2459 1591 868 8796
is_linear=0
shrinkage=0.05


Tree=121
num_leaves=16
num_cat=0
split_feature=5 1 19 3 5 21 3 20 0 19 20 22 4 6 13
split_gain=2.17464 2.91644 4.9738 5.73957 4.85213 7.26668 4.62405 3.58998 2.17072 3.22066 2.81811 2.47723 1.91699 1.46303 1.20074
threshold=0.91248814248966237 317.99162802398888 19.493750000000006 -0.41248606129204529 0.9053161325100999 0.46614702759387283 0.97335555334614954 4.2306250000000007 54.216556647698361 9.7687500000000025 1.1493750000000003 0.38774515229442041 -0.68322629814330815 0.16587474750015932 0.34476248397927972
decision_type=2 2 2 2 2 2 2 2 2 2 2 2 2 2 2
left_child=1 2 3 -1 6 -6 -3 -4 9 10 -2 13 -13 -10 -11
right_child=8 4 7 -5 5 -7 -8 -9 11 14 -12 12 -14 -15 -16
leaf_value=0.00072475307496437387 0.0076233264756776194 2.1055505094302874e-05 -0.0023305841358770463 -0.00067483174165273172 0.0041092605255351874 0.0010408511110329012 0.00068597797981589123 0.0056935305173214509 -0.0046090621086525623 0.0012631784657024577 0.0017605416695507679 -9.9541399856692964e-06 -0.00074906306525372474 -0.00052811267931444862 -0.0039814761986297726
leaf_weight=10143 221 39182 3699 21259 40 288 1593 49 1306 124 337 5275 4137 396 290
leaf_count=10143 221 39182 3699 21259 40 288 1593 49 1306 124 337 5275 4137 396 290
internal_value=-0.000161255 -6.24905e-05 -0.000396872 -0.00019139 0.000223462 0.00628049 0.000174738 -0.00211846 -0.00078438 0.00148148 0.00396057 -0.000982546 -0.00066511 -0.00273796 -0.0018599
internal_weight=88339 76253 35150 31402 41103 328 40775 3748 12086 972 558 11114 9412 1702 414
internal_count=88339 76253 35150 31402 41103 328 40775 3748 12086 972 558 11114 9412 1702 414
is_linear=0
shrinkage=0.05


Tree=122
num_leaves=16
num_cat=0
split_feature=9 16 0 22 3 5 9 15 18 7 6 3 0 19 4
split_gain=2.49865 2.85982 6.91751 7.31172 3.53454 3.06206 5.14211 2.73666 1.3699 0.997123 0.911408 0.576516 1.06181 0.40146 0.398125
threshold=0.14448820788155367 497.35000000000008 474.70749600056592 0.97465609334504777 0.97335555334614954 0.98802474685579866 0.15453820310038521 466.50000000000006 98.687500000000014 13.625000000000002 0.99249573635719013 0.77259657388510639 131.23544528982328 11.081250000000002 -0.93540483100319616
decision_type=2 2 2 2 2 2 2 2 2 2 2 2 2 2 2
left_child=8 5 4 -4 -3 6 -2 -7 9 14 -11 13 -13 -10 -1
right_child=1 2 3 -5 -6 7 -8 -9 11 10 -12 12 -14 -15 -16
leaf_value=-0.0072040473302892654 0.0061094266949692482 -0.00047532377423537892 -7.8421199770763435e-05 0.00014689570362367806 0.00020532211786916294 -0.0012432688074147766 9.2422287651861657e-05 0.0010528652419479745 -0.0094683272583664796 -0.00022531963261953442 0.00096304179567404118 -0.0065048710392935222 0.0031762952545172675 -0.0055767619231340713 -0.0019614442683887931
leaf_weight=200 259 6902 6209 2491 862 2544 66721 223 491 676 103 110 56 163 320
leaf_count=200 259 6902 6209 2491 862 2544 66721 223 491 676 103 110 56 163 320
internal_value=-0.000118308 -7.66155e-05 -0.00066934 0.000298849 -0.00175425 6.3299e-05 0.000130635 -0.00156668 -0.00181454 -0.000804466 0.000327342 -0.00341464 -0.000783134 -0.00408257 -0.0025
internal_weight=88330 86211 16464 8700 7764 69747 66980 2767 2119 1299 779 820 166 654 520
internal_count=88330 86211 16464 8700 7764 69747 66980 2767 2119 1299 779 820 166 654 520
is_linear=0
shrinkage=0.05


Tree=123
num_leaves=12
num_cat=0
split_feature=19 9 2 9 3 19 9 2 18 20 5
split_gain=2.2253 2.34866 2.35088 5.39456 3.74723 1.58356 1.54456 1.31965 1.28946 0.787198 0.389544
threshold=30.293750000000006 0.79378270001952722 0.3618120687335914 0.56316546290582981 0.97335555334614954 10.856250000000003 0.80498614744947117 0.88101754234676199 44.562500000000007 0.75312500000000016 -0.67803021058859214
decision_type=2 2 2 2 2 2 2 2 2 2 2
left_child=1 2 3 -1 -4 -3 -7 9 -9 -2 -11
right_child=7 5 4 -5 -6 6 -8 8 -10 10 -12
leaf_value=-3.6618755193920793e-05 3.0839865186949035e-05 0.0077179771162079053 1.1224565618612891e-06 -0.0011063977877480719 0.00058802606378881718 0.0022560045443145429 5.47606031556478e-05 -1.9210818587300782e-06 0.00026162565592874554 -0.00022689536899724862 -0.00067691288270903976
leaf_weight=25905 68 56 46119 12005 1737 390 922 52 45 161 817
leaf_count=25905 68 56 46119 12005 1737 390 922 52 45 161 817
internal_value=-0.000139732 -0.00011098 -0.000143764 -0.00043788 8.92248e-05 0.00194444 0.00159299 -0.00233158 0.00324742 -0.00284895 -0.00321064
internal_weight=88277 87134 85766 37910 47856 1368 1312 1143 97 1046 978
internal_count=88277 87134 85766 37910 47856 1368 1312 1143 97 1046 978
is_linear=0
shrinkage=0.05


Tree=124
num_leaves=12
num_cat=0
split_feature=19 9 4 18 5 19 9 1 18 20 22
split_gain=2.52325 2.58415 2.56462 6.34968 3.22001 1.91393 2.41892 1.0698 1.27832 0.802764 0.809283
threshold=30.293750000000006 0.79378270001952722 -0.5 39.312500000000007 0.91248814248966237 10.856250000000003 0.80498614744947117 884.34214934813087 44.562500000000007 0.75312500000000016 0.97465609334504777
decision_type=2 2 2 2 2 2 2 2 2 2 2
left_child=1 2 4 -4 -1 -3 -7 9 -9 -2 -11
right_child=7 5 3 -5 -6 6 -8 8 -10 10 -12
leaf_value=6.5719034185132412e-05 3.3510446367727817e-05 0.0090921445761642378 -0.00095429617597119073 -0.0001484233735002934 -0.00023884059970178951 0.0023192093933493917 1.8938433633219051e-05 -4.9428340852811059e-06 0.00025662246810592514 -0.00066774141798680024 5.1065635468734145e-05
leaf_weight=51218 69 56 6013 20664 7939 399 942 48 43 921 41
leaf_count=51218 69 56 6013 20664 7939 399 942 48 43 921 41
internal_value=-0.00014844 -0.000118136 -0.000152854 -0.000559847 3.06799e-05 0.00201503 0.00163684 -0.00250446 0.00269231 -0.00296314 -0.0033368
internal_weight=88353 87231 85834 26677 59157 1397 1341 1122 91 1031 962
internal_count=88353 87231 85834 26677 59157 1397 1341 1122 91 1031 962
is_linear=0
shrinkage=0.05


Tree=125
num_leaves=16
num_cat=0
split_feature=19 2 16 3 13 18 3 21 5 18 12 17 20 0 17
split_gain=2.50993 2.28946 6.63705 4.92088 4.50009 4.48977 4.17309 4.04273 1.54414 2.47518 3.57672 1.27691 0.569508 1.80161 0.136517
threshold=29.756250000000005 0.40545045731461632 307.60000000000008 0.97335555334614954 0.13968069004430869 71.062500000000014 0.47114434510950071 0.79298468754971729 1.0000000180025095e-35 16.562500000000004 481.05000000000001 259.50000000000006 2.6531250000000006 373.49799716319779 167.50000000000003
decision_type=2 2 2 2 2 2 2 2 2 2 2 2 2 2 2
left_child=1 2 7 6 -4 -5 -3 -1 12 10 -10 -11 14 -14 -2
right_child=8 3 4 5 -6 -7 -8 -9 9 11 -12 -13 13 -15 -16
leaf_value=-0.00044211740042381727 -0.0010236513530612775 0.00012753828982122381 0.0026476438314119058 0.0011193118294348116 -0.0009929452017319151 0.00048622770719569111 -0.00022136190676752079 0.00097703496547221769 0.00023095981546422673 -0.00014117865503314022 -2.7913408414531607e-05 0.00089786030311717622 0.0035042772389170017 -0.00059239936423046281 -0.0024939875245982737
leaf_weight=28504 422 28917 400 437 7726 689 13523 6732 53 428 84 46 44 215 138
leaf_count=28504 422 28917 400 437 7726 689 13523 6732 53 428 84 46 44 215 138
internal_value=-0.000160032 -0.000125852 -0.000383055 0.000130146 -0.00167118 0.00339254 4.35898e-05 -8.59928e-05 -0.00223776 -0.000335517 0.00558394 -0.00204641 -0.0036569 -0.00171815 -0.00455357
internal_weight=88358 86928 43362 43566 8126 1126 42440 35236 1430 611 137 474 819 259 560
internal_count=88358 86928 43362 43566 8126 1126 42440 35236 1430 611 137 474 819 259 560
is_linear=0
shrinkage=0.05


Tree=126
num_leaves=16
num_cat=0
split_feature=21 16 20 6 18 22 12 22 19 9 9 19 5 6 1
split_gain=2.87064 4.54623 7.41223 6.34195 4.01042 3.46385 3.25805 4.27335 2.92407 2.69397 5.56435 2.35655 2.06167 1.99049 1.95746
threshold=0.8391819921784468 141.85000000000005 2.3793750000000009 0.28313308994381592 99.812500000000014 0.36447315286211562 198.45000000000002 0.91046398825437624 1.2312500000000004 0.39647989154135294 0.40639013352563275 19.606250000000006 0.97508442350096236 0.99681593486783593 647.27134231293996
decision_type=2 2 2 2 2 2 2 2 2 2 2 2 2 2 2
left_child=4 9 14 -4 6 11 13 -8 -7 12 -11 -6 -2 -1 -3
right_child=1 2 3 -5 5 8 7 -9 -10 10 -12 -13 -14 -15 -16
leaf_value=-5.1049566367916689e-05 -0.0023217840036489136 -0.00068860689375622639 -2.8693816559411963e-05 0.0010967054671359741 -0.0025107654594153915 -0.0076717342993718159 0.0005369404618920286 0.00085866907007756685 0.00013894266929113757 0.01118425395378791 0.0023153443356983216 0.0021526832552147927 0.0046675953892926225 0.0033464853694540942 -2.3373832335629437e-05
leaf_weight=30400 608 11452 8403 1757 6781 429 12563 206 10004 47 1721 280 47 900 2569
leaf_count=30400 608 11452 8403 1757 6781 429 12563 206 10004 47 1721 280 47 900 2569
internal_value=-0.000151248 -0.000585252 -0.000792152 0.000236219 3.63031e-05 -0.000604208 0.000290566 0.000963661 -2.54014e-05 0.00147957 0.00249434 -0.00145943 -0.00125954 1.59732e-05 -0.00153734
internal_weight=88167 26604 24181 10160 61563 17494 44069 12769 10433 2423 1768 7061 655 31300 14021
internal_count=88167 26604 24181 10160 61563 17494 44069 12769 10433 2423 1768 7061 655 31300 14021
is_linear=0
shrinkage=0.05


Tree=127
num_leaves=16
num_cat=0
split_feature=21 18 22 19 16 20 19 21 5 6 21 6 16 5 7
split_gain=2.9102 4.52439 5.83044 3.82628 3.80056 5.57359 5.231 3.30151 4.41275 3.19046 2.96772 3.03354 1.89921 1.55358 1.18898
threshold=0.8391819921784468 86.437500000000014 0.28049223684746444 1.5812500000000005 141.85000000000005 1.4806250000000005 12.756250000000003 0.79298468754971729 -0.94139628442229062 0.97461712852231652 0.96049329778957337 0.86869874770991873 15.350000000000003 -0.29343379936893921 18.125000000000004
decision_type=2 2 2 2 2 2 2 2 2 2 2 2 2 2 2
left_child=1 7 12 -4 10 13 -7 8 -1 -9 14 -12 -3 -6 -2
right_child=4 2 3 -5 5 6 -8 9 -10 -11 11 -13 -14 -15 -16
leaf_value=0.0014222616585706689 -0.0023885253682562552 -0.0032373868786987198 -0.0047157713479522734 0.00012091144695534073 -0.0012540645505242642 0.00049361190003883169 -9.6542043601544425e-05 0.00073955218807407821 8.3806510091927997e-05 0.00844008069267989 0.0023198145642819691 0.0078409599265390484 6.4045469568382171e-05 -0.00031297379236657765 0.0017787829928217075
leaf_weight=2826 569 5766 1007 29865 3614 3626 11865 3122 17710 110 1407 154 1336 5242 289
leaf_count=2826 569 5766 1007 29865 3614 3626 11865 3122 17710 110 1407 154 1336 5242 289
internal_value=-0.00012982 5.89538e-05 -0.000279666 1.74904e-05 -0.000565271 -0.000753071 -0.000181074 0.000599965 0.000366185 0.00208539 0.00132493 0.00262332 -0.00157139 -0.00175361 -0.0010373
internal_weight=88508 61742 37974 30872 26766 24347 15491 23768 20536 3232 2419 1561 7102 8856 858
internal_count=88508 61742 37974 30872 26766 24347 15491 23768 20536 3232 2419 1561 7102 8856 858
is_linear=0
shrinkage=0.05


Tree=128
num_leaves=14
num_cat=0
split_feature=16 3 6 19 21 16 6 19 20 19 5 9 20
split_gain=2.26649 3.82253 6.71309 4.4608 3.74269 2.88801 9.64514 4.31077 4.04678 3.44895 2.83783 1.88706 1.37684
threshold=859.20000000000016 0.41248606129204562 -0.61236746317008228 26.306250000000002 1.0223828662151904 610.55000000000007 -0.99761278905001471 21.631250000000005 2.6693750000000005 28.406250000000004 0.9893236546938301 0.46605392885855684 3.8756250000000008
decision_type=2 2 2 2 2 2 2 2 2 2 2 2 2
left_child=5 3 -3 12 -4 9 7 -7 -8 10 -1 -11 -2
right_child=1 2 4 -5 -6 6 8 -9 -10 11 -12 -13 -14
leaf_value=4.0005036236723251e-05 -0.00015844891067181028 -0.00024879339825675508 0.00042607940204331677 0.00023951167712413235 0.0001730191363996546 0.0012230126164409286 -0.00037084845481291488 0.00017609745440713698 -4.335464460542005e-06 0.001501874751438927 -0.00067834052975559956 -0.00097259427191086754 0.00027030772462702468
leaf_weight=73944 426 64 71 68 49 57 5173 451 3821 45 3142 1073 95
leaf_count=73944 426 64 71 68 49 57 5173 451 3821 45 3142 1073 95
internal_value=-0.000127659 0.00256792 0.00885869 0.000602715 0.0158333 -0.000151416 -0.000974533 0.00572835 -0.00135313 -5.14052e-05 -1.1417e-05 -0.00280859 -0.000969291
internal_weight=88479 773 184 589 120 87706 9502 508 8994 78204 77086 1118 521
internal_count=88479 773 184 589 120 87706 9502 508 8994 78204 77086 1118 521
is_linear=0
shrinkage=0.05


Tree=129
num_leaves=13
num_cat=0
split_feature=19 5 2 5 15 6 16 17 2 20 20 5
split_gain=2.48721 2.64006 3.51165 5.83602 4.38031 3.40035 2.54753 1.58062 1.38646 0.923913 0.874256 0.482093
threshold=30.293750000000006 0.75580964594513067 0.40545045731461632 0.36648264796514479 394.50000000000006 -0.57782411410281842 859.20000000000016 227.50000000000003 0.88101754234676199 2.0281250000000006 0.75312500000000016 -0.67803021058859214
decision_type=2 2 2 2 2 2 2 2 2 2 2 2
left_child=1 2 3 -1 -4 7 -7 -3 10 -10 -2 -12
right_child=8 5 4 -5 -6 6 -8 -9 9 -11 11 -13
leaf_value=-0.00072309155373581407 3.7030528544701458e-05 -0.00084466064048915846 0.00073139121407001504 0.0010107130705141957 -5.0835722111649526e-05 -0.00022017251316320264 0.00015136421671568188 0.00011014637796994778 -0.00065183256727286483 0.00012247623230850525 -0.00016773848033928564 -0.00057055247821308219
leaf_weight=28983 67 1225 15601 6738 15598 18604 433 220 41 57 160 804
leaf_count=28983 67 1225 15601 6738 15598 18604 433 220 41 57 160 804
internal_value=-0.000188127 -0.000158007 -5.97848e-06 -0.000344476 0.000381582 -0.000654722 -0.00047723 -0.00299308 -0.00251993 0.00316326 -0.00306014 -0.00344398
internal_weight=88531 87402 66920 35721 31199 20482 19037 1445 1129 98 1031 964
internal_count=88531 87402 66920 35721 31199 20482 19037 1445 1129 98 1031 964
is_linear=0
shrinkage=0.05


Tree=130
num_leaves=15
num_cat=0
split_feature=19 2 3 18 22 9 9 2 6 13 5 20 3 17
split_gain=2.58195 3.57742 4.50632 3.85381 3.09068 2.38365 3.18931 4.34022 3.87666 2.21497 4.33773 1.62274 1.58283 1.18863
threshold=22.968750000000004 0.49862516301220761 -0.84874750804349153 83.437500000000014 0.95844462698335453 0.39647989154135294 0.49606387314651573 0.38981207827759801 0.99681593486783593 0.31867215733453497 -0.99940763397299126 4.3618750000000013 0.97335555334614954 16.500000000000004
decision_type=2 2 2 2 2 2 2 2 2 2 2 2 2 2
left_child=5 11 3 -3 -4 9 8 -8 -7 12 -11 13 -1 -2
right_child=1 2 4 -5 -6 6 7 -9 -10 10 -12 -13 -14 -15
leaf_value=-0.00076851036919937672 0.0030625664650679343 0.00088456131773022729 -0.00026826048964804231 -0.00059694648700335811 4.4873333195925951e-05 0.00044883482055473045 -0.00051077195470292873 0.00013222559344449049 0.0070949704674452942 0.0044439167327406858 1.0714285385289368e-05 0.0069374391005109955 -0.0028374014694037674 -0.0015498689344560952
leaf_weight=12510 77 68 5205 40 1684 14335 17833 22378 333 55 10583 47 729 2439
leaf_count=12510 77 68 5205 40 1684 14335 17833 22378 333 55 10583 47 729 2439
internal_value=-0.000128857 -0.000904813 -0.000319424 0.00981481 -0.0004783 -3.46652e-05 0.000146776 -8.34361e-05 0.000777883 -0.000451691 8.55412e-05 -0.00250293 -0.000883376 -0.00267488
internal_weight=88316 9560 6997 108 6889 78756 54879 40211 14668 23877 10638 2563 13239 2516
internal_count=88316 9560 6997 108 6889 78756 54879 40211 14668 23877 10638 2563 13239 2516
is_linear=0
shrinkage=0.05


Tree=131
num_leaves=16
num_cat=0
split_feature=4 18 18 19 20 22 6 19 9 21 6 0 21 9 6
split_gain=2.49529 6.77449 3.78025 5.24604 8.08163 4.28285 3.49697 3.4119 3.83699 3.14234 2.66827 4.46334 2.02402 1.30933 1.06853
threshold=-0.58216583101416164 39.312500000000007 67.687500000000014 20.831250000000008 2.3631250000000006 0.18267135557735961 -0.99761278905001471 26.556250000000006 0.70690155854087011 0.13646201297068619 -0.99938741687870725 284.04271019205055 0.9467953645701922 0.6421780912199585 0.91511078773075516
decision_type=2 2 2 2 2 2 2 2 2 2 2 2 2 2 2
left_child=2 10 3 4 -1 14 -5 8 -3 -7 11 -2 -12 -9 -4
right_child=1 7 5 6 -6 9 -8 13 -10 -11 12 -13 -14 -15 -16
leaf_value=0.00012320328667617068 -0.002791418611185354 -0.00023858248663956029 -0.0057057049450786055 0.00011722677589192926 0.00058837209359871871 0.0035838894424733109 -0.0001306297961978639 0.00070843769148274402 0.0013802449860224593 -0.00013604085636628738 -0.00031508443736953402 0.00054392095418445642 -0.0010964424658993469 -0.0017835132443052644 0.00043381622203670457
leaf_weight=11029 73 20916 1490 442 5058 420 4883 117 3228 32427 2440 82 4828 621 280
leaf_count=11029 73 20916 1490 442 5058 420 4883 117 3228 32427 2440 82 4828 621 280
internal_value=-0.00013834 -0.000488316 6.34481e-05 0.000585652 0.00103593 -0.000259556 -0.000774649 -9.28394e-05 9.52498e-06 -0.000130455 -0.00181396 0.00467742 -0.0019524 -0.00344174 -0.00265537
internal_weight=88334 32305 56029 21412 16087 34617 5325 24882 24144 32847 7423 155 7268 738 1770
internal_count=88334 32305 56029 21412 16087 34617 5325 24882 24144 32847 7423 155 7268 738 1770
is_linear=0
shrinkage=0.05


Tree=132
num_leaves=16
num_cat=0
split_feature=4 18 18 2 20 22 21 6 19 9 12 19 6 4 9
split_gain=2.13378 6.58622 4.89505 4.47878 4.94468 4.30264 5.67232 4.29634 3.3927 3.66577 2.56361 2.54764 1.51593 1.0453 0.597368
threshold=-0.58216583101416164 40.062500000000007 70.312500000000014 0.21099138979581381 1.4081250000000003 0.24420546068875623 0.095831333234125987 0.94636490295939868 26.831250000000004 0.70690155854087011 2.2500000000000004 11.081250000000002 -0.99864786094873803 0.13052619222005193 0.6421780912199585
decision_type=2 2 2 2 2 2 2 2 2 2 2 2 2 2 2
left_child=2 10 3 4 -1 11 -7 -5 9 -3 13 -4 -12 -2 -10
right_child=1 8 5 7 -6 6 -8 -9 14 -11 12 -13 -14 -15 -16
leaf_value=0.0016001164091299603 0.0045540684685076048 -0.00022920252285617304 -0.0041013299030254555 0.00010329291027071926 0.0055584881900524125 0.0045529641628128809 -0.00011948751538978424 -0.0015569663168117504 -3.5735816798237054e-05 0.0013118276050939925 0.00016871937770341944 -0.00048018371816625294 -0.00088195790465002075 0.0034587618872817896 -0.0018346395349662593
leaf_weight=2164 141 20859 2059 17792 387 59 30018 2142 99 3267 224 1390 7132 40 587
leaf_count=2164 141 20859 2059 17792 387 59 30018 2142 99 3267 224 1390 7132 40 587
internal_value=-0.000144863 -0.000468176 4.18656e-05 0.000612629 0.00258526 -0.000340931 -0.000149118 0.000360187 -7.49649e-05 2.36248e-05 -0.00176264 -0.00201363 -0.00190729 0.00411602 -0.00354228
internal_weight=88360 32349 56011 22485 2551 33526 30077 19934 24812 24126 7537 3449 7356 181 686
internal_count=88360 32349 56011 22485 2551 33526 30077 19934 24812 24126 7537 3449 7356 181 686
is_linear=0
shrinkage=0.05


Tree=133
num_leaves=16
num_cat=0
split_feature=5 2 19 3 5 19 15 20 19 15 12 2 15 15 7
split_gain=2.34954 3.04021 4.7459 4.46043 3.95822 6.66118 4.12135 3.44757 1.87358 2.60756 3.35492 2.17789 0.755088 1.67558 0.320809
threshold=0.91248814248966237 0.3618120687335914 19.406250000000004 -0.41248606129204529 0.9053161325100999 10.606250000000003 401.50000000000006 4.2306250000000007 19.206250000000008 563.50000000000011 294.15000000000003 0.13076366088702066 355.50000000000006 235.50000000000003 21.625000000000004
decision_type=2 2 2 2 2 2 2 2 2 2 2 2 2 2 2
left_child=1 2 3 -1 6 -6 -3 -4 9 11 -11 -2 13 -10 -14
right_child=8 4 7 -5 5 -7 -8 -9 12 10 -12 -13 14 -15 -16
leaf_value=0.00071237273178955676 0.0014535239063176442 0.00044865616750314002 -0.0023561537059880347 -0.00063231069381538836 0.0039446334988719068 3.4645491682338742e-05 -5.7314269429783321e-05 0.0062934644008386838 -0.0013353720243055218 0.00074560171029854733 -0.00010826982457750601 -0.00059585554326972441 -0.00058994086903164141 0.0050892221333365189 -7.7431456781261058e-06
leaf_weight=9901 929 23035 3560 21143 119 213 18326 40 127 508 789 9287 423 42 43
leaf_count=9901 929 23035 3560 21143 119 213 18326 40 127 508 789 9287 423 42 43
internal_value=-0.000135335 -3.25542e-05 -0.00037871 -0.000179424 0.000255078 0.00569277 0.00021143 -0.00209722 -0.0007812 -0.00063537 0.00147648 -0.000903486 -0.0034252 -0.000562131 -0.00446352
internal_weight=88485 76337 34644 31044 41693 332 41361 3600 12148 11513 1297 10216 635 169 466
internal_count=88485 76337 34644 31044 41693 332 41361 3600 12148 11513 1297 10216 635 169 466
is_linear=0
shrinkage=0.05


Tree=134
num_leaves=15
num_cat=0
split_feature=16 3 5 19 16 6 12 9 19 3 12 9 5 5
split_gain=2.37251 3.54019 8.31984 4.92562 2.97752 5.03463 4.71105 3.73241 2.47616 2.5833 2.32 1.67677 1.60492 0.115244
threshold=859.20000000000016 0.41248606129204562 0.79904096188274243 26.306250000000002 497.35000000000008 -0.9575230291762723 33.150000000000006 0.68978564661902164 28.831250000000004 0.98611507088852057 481.05000000000001 0.6421780912199585 0.99865421017599998 0.76696112484652035
decision_type=2 2 2 2 2 2 2 2 2 2 2 2 2 2
left_child=4 3 13 12 8 7 -7 -6 9 -1 -4 -10 -2 -3
right_child=1 2 10 -5 5 6 -8 -9 11 -11 -12 -13 -14 -15
leaf_value=3.9209883074009706e-05 -0.00022705794361642072 -7.001672064318666e-05 0.00041550698309767461 0.00022634813632115838 -0.00010597096670711165 0.0031517824164049922 -0.00024345007172692663 0.00021978854348100516 0.0036987312878128836 -0.0010880801479700257 0.00033924247878778716 -0.0016250381429437077 3.8742735196582327e-05 -0.00034624116440085372
leaf_weight=66472 437 40 42 77 1280 139 13082 1345 71 4641 59 588 89 42
leaf_count=66472 437 40 42 77 1280 139 13082 1345 71 4641 59 588 89 42
internal_value=-0.000164813 0.00256997 0.0086612 0.000721392 -0.000189346 -0.000809669 -0.00120679 0.00119047 -5.23893e-05 -2.41177e-05 0.0182673 -0.00310319 -0.00100761 -0.00317073
internal_weight=88404 786 183 603 87618 15846 13221 2625 71772 71113 101 659 526 82
internal_count=88404 786 183 603 87618 15846 13221 2625 71772 71113 101 659 526 82
is_linear=0
shrinkage=0.05


Tree=135
num_leaves=15
num_cat=0
split_feature=19 17 17 22 6 6 5 3 19 4 5 15 17 2
split_gain=2.43804 3.10331 3.99615 5.373 2.87589 2.56216 4.27354 17.5135 4.25952 4.3004 3.49728 1.92423 1.86433 0.896618
threshold=22.968750000000004 96.500000000000014 103.50000000000001 0.97045461389889065 -0.9575230291762723 -0.75013812021657655 0.64579916509010216 -0.8814490726585632 19.918750000000006 -0.065403129230143256 -0.13398594226331254 732.50000000000011 16.500000000000004 0.41440571268147103
decision_type=2 2 2 2 2 2 2 2 2 2 2 2 2 2
left_child=5 12 3 -3 -4 6 10 -8 9 -7 -1 -10 -2 -14
right_child=1 2 4 -5 -6 8 7 -9 11 -11 -12 -13 13 -15
leaf_value=0.0011086037787005776 0.004811218084942232 5.59901192040857e-05 5.0288942430480555e-05 0.0001927819648247582 -0.00036695751975791922 1.3245923103595009e-05 0.0074682069844202508 0.00029912872168481788 -0.00091912724334362113 -0.0015755157123350844 -6.9151889126435376e-05 8.9524024266973514e-05 -0.002791774637178552 -9.8841503291355218e-05
leaf_weight=6912 75 307 2763 134 4557 52590 56 242 3228 3498 12065 472 1373 395
leaf_count=6912 75 307 2763 134 4557 52590 56 242 3228 3498 12065 472 1373 395
internal_value=-0.000124456 -0.000876719 -0.000438733 0.00418367 -0.000717214 -3.30761e-05 0.000468222 0.00640939 -0.000194689 -8.62942e-05 0.000374926 -0.00183784 -0.00272111 -0.00304864
internal_weight=88667 9604 7761 441 7320 79063 19275 298 59788 56088 18977 3700 1843 1768
internal_count=88667 9604 7761 441 7320 79063 19275 298 59788 56088 18977 3700 1843 1768
is_linear=0
shrinkage=0.05


Tree=136
num_leaves=15
num_cat=0
split_feature=19 6 15 5 18 16 3 17 22 20 6 12 20 9
split_gain=2.30956 4.09992 3.97888 3.98981 4.46629 3.76534 3.68413 3.3439 3.2513 3.21967 2.79312 2.63948 2.46842 1.77758
threshold=21.631250000000005 -0.77243990499604276 666.50000000000011 -0.78326540922535159 33.687500000000007 623.30000000000007 -0.9103761370219875 102.50000000000001 0.75633939849741438 3.6743750000000008 -0.9292178835113839 14.250000000000002 5.4218750000000009 0.41201761572301859
decision_type=2 2 2 2 2 2 2 2 2 2 2 2 2 2
left_child=2 6 5 4 -4 8 11 -8 -1 -7 -5 -2 13 -3
right_child=1 12 3 10 -6 9 7 -9 -10 -11 -12 -13 -14 -15
leaf_value=-0.00028780912192473266 0.005117374235687977 0.00065348247516453222 0.0015097224437842735 0.00056992407440782384 0.0029417672748229301 -0.00029326691489446486 0.0002347240582124744 2.5618716521785824e-05 0.00028076826933239876 0.00030230592817285243 8.0265099904835996e-05 -0.002058221998587829 0.0086703809780105893 -0.00043881427355333064
leaf_weight=46965 110 332 46 257 68 3188 357 6212 22134 549 1747 1668 43 4851
leaf_count=46965 110 332 46 257 68 3188 357 6212 22134 549 1747 1668 43 4851
internal_value=-0.000115616 -0.00071576 -6.93878e-06 0.00212937 0.0112281 -6.90604e-05 -2.8155e-05 0.000518343 1.45432e-05 -0.00161493 0.00161178 -0.00204725 -0.00181401 -0.00191299
internal_weight=88527 13573 74954 2118 114 72836 8347 6569 69099 3737 2004 1778 5226 5183
internal_count=88527 13573 74954 2118 114 72836 8347 6569 69099 3737 2004 1778 5226 5183
is_linear=0
shrinkage=0.05


Tree=137
num_leaves=13
num_cat=0
split_feature=19 6 5 13 6 22 21 5 16 16 6 17
split_gain=2.17281 2.24574 4.30508 7.40988 3.82003 11.4364 2.73038 1.42013 0.588814 1.78938 0.650322 0.102012
threshold=30.293750000000006 0.93469109537144635 0.26866988313759588 0.070928051086202856 0.86869874770991873 1.0185356811665678 1.0000000180025095e-35 0.3504237462291826 436.55000000000007 470.05000000000007 -0.95242240592625282 184.50000000000003
decision_type=2 2 2 2 2 2 2 2 2 2 2 2
left_child=1 4 3 -3 6 -6 -1 -4 11 -10 -11 -2
right_child=8 2 7 -5 5 -7 -8 -9 9 10 -12 -13
leaf_value=0.001080972753379709 -0.0026019508721826234 0.0079277929493242472 -0.016455213547012404 -0.00071451838543329447 0.0012003451136776587 0.016673628352313719 -8.650612942765066e-05 -0.001233344007538519 0.00097523858736064397 -1.4568650902183555e-05 -0.00059554663688261671 -0.00057027737432154284
leaf_weight=5285 196 190 795 5207 2784 75 72891 168 47 309 497 66
leaf_count=5285 196 190 795 5207 2784 75 72891 168 47 309 497 66
internal_value=-0.000161 -0.000133018 -0.00103774 -0.000488235 -6.20114e-05 0.00173312 -0.000127662 -0.00411734 -0.00235426 -0.00171747 -0.00227047 -0.00442748
internal_weight=88510 87395 6360 5397 81035 2859 78176 963 1115 853 806 262
internal_count=88510 87395 6360 5397 81035 2859 78176 963 1115 853 806 262
is_linear=0
shrinkage=0.05


Tree=138
num_leaves=12
num_cat=0
split_feature=19 16 5 13 4 16 6 2 15 15 20
split_gain=2.35913 2.83052 7.70991 5.34649 4.72682 3.35619 6.42713 2.1966 0.575443 1.01599 0.860019
threshold=30.293750000000006 792.40000000000009 -0.73866753694953124 0.89022168039656369 -0.88144907265856332 649.75000000000011 -0.9575230291762723 0.3618120687335914 268.50000000000006 311.50000000000006 0.89312500000000017
decision_type=2 2 2 2 2 2 2 2 2 2 2
left_child=1 5 3 -3 -4 7 -7 -1 -2 -10 -11
right_child=8 2 4 -5 -6 6 -8 -9 9 10 -12
leaf_value=-0.00029843755037973357 -0.0030403377965509018 0.00063583563734673947 -6.1775942240987786e-05 -0.00040714932230130098 0.00020126245697435485 0.00011092065190001384 -0.00038521575871273533 0.00011283786889495919 0.0041385954014512066 0.00011471523198710032 -0.0002894623487464435
leaf_weight=38207 176 201 1610 72 882 891 4401 41126 42 97 826
leaf_count=38207 176 201 1610 72 882 891 4401 41126 42 97 826
internal_value=-0.000111883 -8.23905e-05 0.00149186 0.00946886 0.000617976 -0.000133827 -0.00135299 -5.25014e-05 -0.00237073 -0.00189119 -0.00223727
internal_weight=88531 87390 2765 273 2492 84625 5292 79333 1141 965 923
internal_count=88531 87390 2765 273 2492 84625 5292 79333 1141 965 923
is_linear=0
shrinkage=0.05


Tree=139
num_leaves=16
num_cat=0
split_feature=6 19 3 19 12 6 9 0 5 16 9 2 22 16 9
split_gain=2.09976 5.63318 3.76772 4.12351 3.61769 3.20048 3.96281 4.85902 3.26436 6.65152 4.1078 3.09571 3.74026 2.54723 2.30073
threshold=-0.79382744783423187 19.918750000000006 0.98611507088852057 17.893750000000008 178.95000000000002 -0.8142754349318998 0.40639013352563275 219.04454354188431 -0.25205528343633254 242.75000000000003 0.62627203260301334 0.65626222639857301 0.96596581511648949 630.75000000000011 0.41201761572301859
decision_type=2 2 2 2 2 2 2 2 2 2 2 2 2 2 2
left_child=5 2 3 -2 -4 8 7 -7 9 -1 -10 14 -13 -8 -3
right_child=1 11 4 -5 -6 6 13 -9 10 -11 -12 12 -14 -15 -16
leaf_value=0.0022689940378178655 -6.2036818795433216e-05 0.0010110565147772085 -0.0016760834377043316 0.00055521746003306394 0.0018059411536201859 0.0097304210037599519 0.00034198850267873701 0.004447663659488928 -0.00048889867660074774 -0.00032847015990183361 0.00012783701291923136 -0.00043435045095250533 0.00011109566070506246 0.00185575006787049 -0.0010215886206991086
leaf_weight=3173 50940 291 3209 3160 74 42 897 116 8598 3026 7215 2367 1188 128 4032
leaf_count=3173 50940 291 3209 3160 74 42 897 116 8598 3026 7215 2367 1188 128 4032
internal_value=-0.000123 -0.000268232 -9.61098e-05 3.69567e-06 -0.00174079 0.000285621 0.0028191 0.0101899 0.000149463 0.00112195 -0.000231773 -0.00152196 -0.000428974 0.00168293 -0.00242077
internal_weight=88456 65261 57383 54100 3283 23195 1183 158 22012 6199 15813 7878 3555 1025 4323
internal_count=88456 65261 57383 54100 3283 23195 1183 158 22012 6199 15813 7878 3555 1025 4323
is_linear=0
shrinkage=0.05


Tree=140
num_leaves=16
num_cat=0
split_feature=9 13 6 3 2 15 16 6 7 12 5 2 2 4 13
split_gain=2.18131 2.55226 3.76376 5.52534 2.94005 9.33405 4.08696 2.81303 1.6935 1.22604 1.29392 1.07691 0.251778 0.554658 0.088958
threshold=0.13322324326320628 0.14373376642773192 0.11478523713130605 -0.3520614488341251 0.51322137896125175 38.500000000000007 463.05000000000007 -0.7444366621422277 13.375000000000002 45.45000000000001 0.36648264796514479 0.50938054770604535 0.26052618675385192 -0.84874750804349175 0.14373376642773192
decision_type=2 2 2 2 2 2 2 2 2 2 2 2 2 2 2
left_child=8 2 7 -4 6 -6 -3 -2 12 10 -10 -11 13 -1 -14
right_child=1 4 3 -5 5 -7 -8 -9 9 11 -12 -13 14 -15 -16
leaf_value=0.0030710589898012108 0.00068856645707553567 -0.00017725526235704058 0.0049581295447343639 0.00043994268751219997 0.0086385723590393648 3.6369144357284444e-05 -0.0004418869859382224 -0.0014690882951094442 -0.004942812340421765 0.0023366080122622203 0.0017087772607204865 -0.00054478577124723556 -0.0072677726724483709 -0.0056134786859160903 -0.005219595909121735
leaf_weight=48 1358 43021 970 1958 100 31510 6050 1687 467 185 241 138 358 194 73
leaf_count=48 1358 43021 970 1958 100 31510 6050 1687 467 185 241 138 358 194 73
internal_value=-8.87311e-05 -5.38937e-05 0.000943411 0.00222336 -0.000127726 0.000248338 -0.000369975 -0.000287358 -0.00186033 -0.00058681 -0.00175141 0.00196594 -0.00381129 -0.00252066 -0.00453596
internal_weight=88358 86654 5973 2928 80681 31610 49071 3045 1704 1031 708 323 673 242 431
internal_count=88358 86654 5973 2928 80681 31610 49071 3045 1704 1031 708 323 673 242 431
is_linear=0
shrinkage=0.05


Tree=141
num_leaves=16
num_cat=0
split_feature=19 6 3 15 2 5 6 5 13 6 22 9 22 5 21
split_gain=2.84493 3.50559 2.50845 4.37039 2.28966 4.68198 2.28387 4.43241 9.69931 3.2027 12.2564 2.58221 1.97977 1.88409 1.49853
threshold=20.943750000000005 -0.78324956448884031 -0.9103761370219875 397.50000000000006 0.67101099166418232 -0.83377653105606597 0.93469109537144635 0.26866988313759588 0.070928051086202856 0.86869874770991873 1.0293035629528646 0.24518814705566372 0.8490721281300635 0.3504237462291826 0.52917920508243665
decision_type=2 2 2 2 2 2 2 2 2 2 2 2 2 2 2
left_child=6 2 12 -4 14 -6 9 8 -8 11 -11 -1 -2 -9 -3
right_child=1 4 3 -5 5 -7 7 13 -10 10 -12 -13 -14 -15 -16
leaf_value=-0.001257397025291709 -0.00026459285531580946 0.00018397910914827212 0.0011091213610198213 -2.8336404983206578e-05 0.00043955579640330019 -0.00017508674589450379 0.0084197618399354853 -0.015758189170035578 -0.00062084119251155652 0.0012118835809814994 0.017780121001167333 4.924832434768425e-05 -0.002148319354986895 0.0015772682880984138 -0.00097182909313808504
leaf_weight=5442 985 408 1385 5759 450 2205 206 810 5157 2731 66 58133 974 160 3260
leaf_count=5442 985 408 1385 5759 450 2205 206 810 5157 2731 66 58133 974 160 3260
internal_value=-0.00013395 -0.000750682 -0.000122488 0.000312149 -0.00165507 -0.000536724 -3.09589e-06 -0.000910312 -0.000347754 8.34677e-05 0.00173936 1.06162e-05 -0.00170751 -0.00402062 -0.00246456
internal_weight=88131 15426 9103 7144 6323 2655 72705 6333 5363 66372 2797 63575 1959 970 3668
internal_count=88131 15426 9103 7144 6323 2655 72705 6333 5363 66372 2797 63575 1959 970 3668
is_linear=0
shrinkage=0.05


Tree=142
num_leaves=12
num_cat=0
split_feature=19 9 16 9 17 6 7 15 17 6 20
split_gain=2.01069 1.93591 3.8304 1.79869 4.77476 1.91774 1.48462 1.25454 0.508958 0.724459 0.571067
threshold=31.018750000000008 0.14448820788155367 505.30000000000001 0.15453820310038521 93.500000000000014 0.94636490295939868 13.375000000000002 844.50000000000011 141.50000000000003 -0.94703994556331683 2.6531250000000006
decision_type=2 2 2 2 2 2 2 2 2 2 2
left_child=1 2 6 4 -3 -5 -1 8 10 -10 -2
right_child=7 3 -4 5 -6 -7 -8 -9 9 -11 -12
leaf_value=-0.0054896167106189163 -0.00063924239359295742 0.005720773343232473 0.0044619749663672844 -7.6924595032495289e-06 -0.0055113319372930751 -0.00085463962377662912 -0.00083122658383533729 0.00022605153561865515 9.0724061681154265e-05 -0.0012608693258827188 -0.00012975380450424618
leaf_weight=837 367 237 40 79977 131 5122 1286 49 163 171 90
leaf_count=837 367 237 40 79977 131 5122 1286 49 163 171 90
internal_value=-0.000124902 -0.000101565 -0.00157883 -6.4178e-05 0.00342391 -7.92618e-05 -0.00186764 -0.00255953 -0.00304046 -0.00155689 -0.00412473
internal_weight=88470 87630 2163 85467 368 85099 2123 840 791 334 457
internal_count=88470 87630 2163 85467 368 85099 2123 840 791 334 457
is_linear=0
shrinkage=0.05


Tree=143
num_leaves=15
num_cat=0
split_feature=19 9 9 17 3 16 7 6 17 13 20 19 3 4
split_gain=2.29772 2.20815 2.34483 4.97839 2.16957 2.1503 1.17171 0.560686 1.01972 1.50918 0.543936 0.419186 0.199641 0.0582989
threshold=31.018750000000008 0.14448820788155367 0.15453820310038521 93.500000000000014 0.41248606129204562 522.6500000000002 19.125000000000004 -0.94703994556331683 152.50000000000003 0.83293909533057242 2.6531250000000006 32.237500000000004 0.2269546835593246 -0.98611507088852035
decision_type=2 2 2 2 2 2 2 2 2 2 2 2 2 2
left_child=1 5 3 -3 -4 6 -1 8 12 -10 13 -12 -2 -9
right_child=7 2 4 -5 -6 -7 -8 10 9 -11 11 -13 -14 -15
leaf_value=-0.004009962557948615 -0.00046042137171184997 0.0056298057396578661 3.2279998214688677e-05 -0.0050804544289381861 -0.00017025884442123721 0.0047178242674444986 -0.00019104098957620485 -0.00074254780034309082 0.00040471529001029463 -0.00011214756056107988 0.0011654170129468872 -0.00071663093550489794 -1.0205100473971985e-06 -0.0010702019301438437
leaf_weight=1498 193 244 50213 134 34923 41 570 58 44 97 54 49 41 317
leaf_count=1498 193 244 50213 134 34923 41 570 58 44 97 54 49 41 317
internal_value=-0.000131449 -0.000106309 -6.68908e-05 0.00386243 -8.43368e-05 -0.0017046 -0.0019294 -0.00271395 -0.00126667 0.0020922 -0.00384937 -0.000631069 -0.0032906 -0.00473333
internal_weight=88476 87623 85514 378 85136 2109 2068 853 375 141 478 103 234 375
internal_count=88476 87623 85514 378 85136 2109 2068 853 375 141 478 103 234 375
is_linear=0
shrinkage=0.05


Tree=144
num_leaves=15
num_cat=0
split_feature=5 15 19 20 5 22 5 17 16 5 16 17 20 5
split_gain=2.02381 3.37037 4.47369 4.63677 2.638 4.19934 2.53884 2.20684 1.84705 9.19174 2.90218 1.20446 2.76862 1.23602
threshold=0.98802474685579866 534.50000000000011 11.793750000000003 4.6768750000000008 0.98372640911059162 0.41289647178935523 0.99995780822346225 172.50000000000003 809.6500000000002 -0.73866753694953124 618.50000000000011 263.50000000000006 2.6206250000000009 0.9962888416657264
decision_type=2 2 2 2 2 2 2 2 2 2 2 2 2 2
left_child=4 11 3 -3 8 -6 -4 -7 10 -10 -1 13 -13 -2
right_child=1 2 6 -5 5 7 -8 -9 9 -11 -12 12 -14 -15
leaf_value=-8.1148021772086703e-06 -0.0013412080057236876 0.0012393424507200572 -0.00013941364490244326 -5.0014900364586672e-05 0.0108467488750086 -0.00013649485722072775 0.0017035892151584056 0.0025040138684841828 0.00040478945419724862 7.1870067177531094e-06 -0.00016705396019609276 0.0046112689193616432 -0.0019978629271659473 -0.00043596122114889505
leaf_weight=74510 1437 131 707 107 61 457 53 220 198 1652 6942 40 115 1846
leaf_count=74510 1437 131 707 107 61 457 53 220 198 1652 6942 40 115 1846
internal_value=-0.000104323 -0.00114518 0.00141282 0.00739496 -4.93824e-05 0.00292683 -0.000460528 0.00179468 -7.57497e-05 0.00148649 -0.000111232 -0.00188773 0.00241935 -0.00209108
internal_weight=88476 4436 998 238 84040 738 760 677 83302 1850 81452 3438 155 3283
internal_count=88476 4436 998 238 84040 738 760 677 83302 1850 81452 3438 155 3283
is_linear=0
shrinkage=0.05


Tree=145
num_leaves=16
num_cat=0
split_feature=19 6 3 15 15 15 13 5 9 21 12 2 5 22 21
split_gain=2.13696 4.37235 3.65535 3.21198 3.08143 2.83033 2.94386 2.47092 3.31161 2.35355 2.1501 2.02126 3.66706 1.97896 1.73585
threshold=20.943750000000005 -0.77243990499604276 -0.9103761370219875 397.50000000000006 671.50000000000011 676.50000000000011 0.82513161349481845 0.91248814248966237 0.39647989154135294 0.10548706770870374 150.75000000000003 0.68858114883462895 -0.83377653105606597 0.8490721281300635 0.56552448942690547
decision_type=2 2 2 2 2 2 2 2 2 2 2 2 2 2 2
left_child=4 2 13 -4 7 6 -6 8 -1 -9 -7 14 -13 -2 -3
right_child=1 11 3 -5 5 10 -8 9 -10 -11 -12 12 -14 -15 -16
leaf_value=-0.00049893670673231076 -0.00026400926539670299 7.1479006852552513e-05 0.0012645887193085464 6.5546892355342916e-06 0.00010320850611673094 0.0016361694965187593 0.0003105000843562124 0.0020400706439746047 0.00023437899701559962 -0.0002870222637017159 8.8594374532297021e-05 0.00035293764545928931 -0.00018626945926808822 -0.0020919416748250265 -0.00098792613222849907
leaf_weight=19868 1015 469 1416 5962 52 134 41 133 39915 11360 1482 387 1964 1023 3252
leaf_count=19868 1015 469 1416 5962 52 134 41 133 39915 11360 1482 387 1964 1023 3252
internal_value=-0.000101897 -0.000635332 3.92936e-05 0.00055706 1.13025e-05 0.00210942 0.0105914 -3.90045e-05 9.00746e-05 -0.000710434 0.00162129 -0.00168149 -0.000533817 -0.00183513 -0.00240661
internal_weight=88473 15488 9416 7378 72985 1709 93 71276 59783 11493 1616 6072 2351 2038 3721
internal_count=88473 15488 9416 7378 72985 1709 93 71276 59783 11493 1616 6072 2351 2038 3721
is_linear=0
shrinkage=0.05


Tree=146
num_leaves=14
num_cat=0
split_feature=6 5 13 5 3 6 6 21 9 9 5 21 7
split_gain=2.24568 4.52648 6.4709 5.04743 4.73961 3.68093 7.70408 8.64732 3.97301 3.42926 3.52365 2.42425 8.88178e-16
threshold=0.94636490295939868 0.26866988313759588 0.070928051086202856 0.031174179426909168 -0.41248606129204529 0.7487283477006671 0.7710868207630478 0.27312073926622144 0.61536133439539098 0.24518814705566372 -0.99940763397299126 0.84265522506970125 19.375000000000004
decision_type=2 2 2 2 2 2 2 2 2 2 2 2 2
left_child=5 2 3 -2 -4 9 7 -7 -8 10 -1 -11 -3
right_child=1 12 4 -5 -6 6 8 -9 -10 11 -12 -13 -14
leaf_value=0.004091726353087047 -0.0068131934330337932 -0.016085663286946817 0.0016884122862233187 0.0080753712467940778 -0.001405197803080095 0.010070989155926427 0.00099387373604434845 0.0020270092000401864 -0.0010307942197311079 0.00013420501319668694 -0.0017118122525931749 -8.6395718036282385e-05 -0.015442939593528335
leaf_weight=115 48 467 975 129 3927 260 6070 420 783 46559 4413 23953 177
leaf_count=115 48 467 975 129 3927 260 6070 420 783 46559 4413 23953 177
internal_value=-9.32104e-05 -0.00105102 -0.000550306 0.00884181 -0.000889434 -2.68259e-05 0.00102681 0.00610294 0.000523127 -0.000132597 -0.00146643 -4.69436e-05 -0.005
internal_weight=88296 5723 5079 177 4902 82573 7533 680 6853 75040 4528 70512 644
internal_count=88296 5723 5079 177 4902 82573 7533 680 6853 75040 4528 70512 644
is_linear=0
shrinkage=0.05


Tree=147
num_leaves=11
num_cat=0
split_feature=9 6 6 12 19 3 12 20 13 4
split_gain=2.16904 1.69957 2.8776 5.81735 1.69376 1.67946 1.38846 1.19302 0.474761 0.395022
threshold=0.8216092256955948 0.99958851518450398 0.99932962452255414 8.8500000000000014 22.968750000000004 -0.41248606129204529 9.7500000000000018 1.8031250000000003 0.91848801410624914 -0.99465189230620676
decision_type=2 2 2 2 2 2 2 2 2 2
left_child=1 2 4 -4 -1 6 -3 -2 -9 -7
right_child=7 5 3 -5 -6 9 -8 8 -10 -11
leaf_value=-3.6234511099582266e-05 0.0043456191092710768 0.0032229132647951346 0.0093399203879872706 -0.00016781815841402636 -0.0001325751896211695 -0.0067978398704404003 -0.0020596812271747237 -0.00047949128686191494 0.00098583388647973118 -0.011156203997985933
leaf_weight=78106 45 40 51 91 9594 55 64 40 55 365
leaf_count=78106 45 40 51 91 9594 55 64 40 55 365
internal_value=-0.000147223 -0.000157075 -0.000140139 0.00697183 -0.000151655 -0.00299618 0.00269231 0.00607143 0.00289474 -0.00440476
internal_weight=88506 88366 87842 142 87700 524 104 140 95 420
internal_count=88506 88366 87842 142 87700 524 104 140 95 420
is_linear=0
shrinkage=0.05


Tree=148
num_leaves=15
num_cat=0
split_feature=16 5 13 4 19 5 16 6 5 3 16 15 12 15
split_gain=2.1865 7.39672 5.06258 3.89691 2.58581 2.41554 2.30514 7.00433 2.70513 2.24416 2.13158 1.75328 2.1467 1.95725
threshold=809.6500000000002 -0.73866753694953124 0.89022168039656369 -0.88144907265856332 15.231250000000003 0.9893236546938301 618.50000000000011 -0.9575230291762723 0.98372640911059162 -0.097964660725097089 859.20000000000016 326.50000000000006 16.950000000000006 333.50000000000006
decision_type=2 2 2 2 2 2 2 2 2 2 2 2 2 2
left_child=5 2 9 10 -5 6 8 -8 -1 -2 -3 12 -7 -13
right_child=1 3 -4 4 -6 11 7 -9 -10 -11 -12 13 -14 -15
leaf_value=-2.9931718626183973e-05 9.601287662922009e-05 -0.00014274346338651877 -0.00051600010189301905 0.0003333393085999108 0.00012962613320251253 0.0012494993875578619 0.0001400788290177811 -0.00031768312680481803 0.0019858308748678987 0.00067822165203007675 3.6136112909251895e-05 0.005133664893850403 -0.0015453311231220135 -7.9870644373532349e-05
leaf_weight=74549 44 902 49 125 559 303 1338 5639 792 96 615 52 1887 1514
leaf_count=74549 44 902 49 125 559 303 1338 5639 792 96 615 52 1887 1514
internal_value=-0.000111007 0.00138075 0.010873 0.000565651 0.00369883 -0.000152428 -9.5849e-05 -0.000965316 -1.53315e-05 0.0157143 -0.000847068 -0.00139244 -0.00230594 -0.000114944
internal_weight=88464 2390 189 2201 684 86074 82318 6977 75341 140 1517 3756 2190 1566
internal_count=88464 2390 189 2201 684 86074 82318 6977 75341 140 1517 3756 2190 1566
is_linear=0
shrinkage=0.05


Tree=149
num_leaves=16
num_cat=0
split_feature=2 3 19 22 6 3 12 9 20 17 22 16 9 18 17
split_gain=1.77934 4.7661 4.36624 4.20604 7.21248 3.17388 3.07693 3.7359 2.6606 2.61225 7.40571 3.12505 2.54588 2.2185 1.79217
threshold=0.3618120687335914 0.97335555334614954 19.406250000000004 0.9317263371893949 -0.71502926860092908 0.98611507088852057 35.550000000000004 0.49276466986855533 4.1431250000000013 67.500000000000014 0.21965496917571564 16.350000000000005 0.39408196235930854 19.687500000000004 39.500000000000007
decision_type=2 2 2 2 2 2 2 2 2 2 2 2 2 2 2
left_child=2 9 5 14 -5 12 7 -4 -8 10 -2 -11 -1 -7 -3
right_child=1 3 6 4 -6 13 8 -9 -10 11 -12 -13 -14 -15 -16
leaf_value=-0.00067838030207076426 0.00023948523861385687 0.0044453738352628006 0.0024894155296498375 0.0015140215536641956 -4.4152287041548835e-05 -0.0032143505801606924 -0.0024235234993943756 -0.001743522507789419 0.0014271207019110933 -0.0018624040943094101 0.0052619324296887399 3.2986882631604219e-06 0.00032450166455598602 -0.0011274298812477214 0.00030041365875310049
leaf_weight=12539 2268 47 210 225 159 557 2523 921 47 3400 432 42056 18334 3331 1401
leaf_count=12539 2268 47 210 225 159 557 2523 921 47 3400 432 42056 18334 3331 1401
internal_value=-0.000112494 8.4219e-05 -0.000368157 0.00258734 0.00723958 -0.000194328 -0.00200081 0.000172413 -0.0029572 -1.10071e-05 0.0015 -0.000100758 -2.47801e-05 -0.00154064 0.00135359
internal_weight=88450 49988 38462 1832 384 34761 3701 1131 2570 48156 2700 45456 30873 3888 1448
internal_count=88450 49988 38462 1832 384 34761 3701 1131 2570 48156 2700 45456 30873 3888 1448
is_linear=0
shrinkage=0.05


Tree=150
num_leaves=16
num_cat=0
split_feature=2 19 5 20 15 16 22 9 20 6 17 17 20 18 20
split_gain=1.97305 2.36888 3.46036 2.95348 2.565 3.18018 2.5213 2.23863 1.49362 1.41483 3.06413 1.28324 7.84353 1.21979 1.0008
threshold=0.87672734215083803 20.943750000000005 -0.63921128368950708 5.4218750000000009 602.50000000000011 649.75000000000011 0.85130654723285037 0.77125644190261267 2.2293750000000006 -0.97111920233974802 281.50000000000006 178.50000000000003 4.0093750000000012 99.937500000000014 1.3118750000000003
decision_type=2 2 2 2 2 2 2 2 2 2 2 2 2 2 2
left_child=1 4 3 -3 5 -1 -6 -4 9 14 -11 12 -10 -13 -2
right_child=8 2 7 -5 6 -7 -8 -9 11 10 -12 13 -14 -15 -16
leaf_value=-3.4170812820111253e-05 -0.00061738225016976693 -0.00047909461911568759 -9.4682265902886528e-05 0.0082255021568902516 -0.00073058848039667329 -0.00024404449331264511 0.00022765687477757093 0.00018972203726742021 -1.0809492857478832e-05 0.0026135211586030094 -0.00044237189481855719 -0.00029782653895572505 0.0046084272825196232 0.0020082877694439518 0.000573065401023571
leaf_weight=66572 51 4405 9347 49 735 2300 2555 877 213 150 85 803 42 197 176
leaf_count=66572 51 4405 9347 49 735 2300 2555 877 213 150 85 803 42 197 176
internal_value=-0.000126304 -0.00015949 -0.000738521 -0.00190166 -4.17129e-05 -0.000106866 0.00132219 -0.000231809 0.00155212 0.00398268 0.00670213 0.000657369 0.00382353 -0.000150001 0.0011674
internal_weight=88557 86840 14678 4454 72162 68872 3290 10224 1717 462 235 1255 255 1000 227
internal_count=88557 86840 14678 4454 72162 68872 3290 10224 1717 462 235 1255 255 1000 227
is_linear=0
shrinkage=0.05


Tree=151
num_leaves=15
num_cat=0
split_feature=16 5 13 0 16 6 12 9 9 4 9 19 7 19
split_gain=1.83522 5.97928 4.42494 4.68014 3.77705 4.66243 5.20457 3.40914 3.19717 2.59399 2.31996 2.28871 2.03927 1.64551
threshold=792.40000000000009 -0.73866753694953124 0.89022168039656369 599.36473095812732 497.35000000000008 -0.9575230291762723 28.650000000000002 0.68560466931841024 0.63207661403669546 -0.88144907265856332 0.14448820788155367 28.831250000000004 13.375000000000002 17.406250000000004
decision_type=2 2 2 2 2 2 2 2 2 2 2 2 2 2
left_child=4 2 3 -2 10 8 -7 13 -6 -9 12 -12 -1 -3
right_child=1 7 -4 -5 5 6 -8 9 -10 -11 11 -13 -14 -15
leaf_value=-0.0050100634972600382 0.00022531459963574655 7.4782109641028966e-05 -0.00036991540159511671 0.0012505639046514929 -0.0002533588649111437 0.0033849174207660352 -0.00032267058988130759 4.8935014110759187e-06 0.00018388544251401464 0.00020120761913761397 2.3335984760131319e-06 -0.001399753917662591 -0.000416717412560794 -0.00044772194776103891
leaf_weight=819 147 261 72 73 665 95 11209 1312 1530 614 68782 645 1265 515
leaf_count=819 147 261 72 73 665 95 11209 1312 1530 614 68782 645 1265 515
internal_value=-0.000171243 0.00104542 0.00784246 0.0113636 -0.000214094 -0.000981185 -0.00139066 0.00031088 0.00112756 0.00143821 -6.92912e-05 -1.99502e-05 -0.00171305 -0.00248711
internal_weight=88004 2994 292 220 85010 13499 11304 2702 2195 1926 71511 69427 2084 776
internal_count=88004 2994 292 220 85010 13499 11304 2702 2195 1926 71511 69427 2084 776
is_linear=0
shrinkage=0.05


Tree=152
num_leaves=16
num_cat=0
split_feature=6 6 18 20 0 5 5 3 19 6 22 13 3 14 13
split_gain=2.09793 4.95119 8.12566 6.55755 4.84845 2.82314 4.58097 2.22525 2.03759 3.90648 2.2664 0.282982 0.0669788 0.275239 8.88178e-16
threshold=0.92843842216862604 0.91511078773075516 91.562500000000014 1.3118750000000003 202.50544034251308 0.031174179426909168 0.26866988313759588 0.63405362205439464 20.943750000000005 -0.77243990499604276 0.38134479418824602 0.38391621722087138 1.0000000180025095e-35 1.0000000180025095e-35 0.46363872666556577
decision_type=2 2 2 2 2 2 2 2 2 2 2 2 2 2 2
left_child=1 8 11 -4 5 7 -7 -2 10 -10 -1 -3 13 -6 -14
right_child=4 2 3 -5 12 6 -8 -9 9 -11 -12 -13 14 -15 -16
leaf_value=-0.00056596003867832032 -0.00096326712532451538 -0.0084260950241152998 0.010433064255428942 0.0041506891552268122 -0.0054651768471311148 0.0013587206180918883 -0.010201004233175473 -0.0053025005190574237 7.4375549595717688e-06 -0.00032218028949053125 0.00010247177015055313 -0.0017722657037581139 -0.0051341989292462056 -0.0031743280522552003 -0.0046251533769466153
leaf_weight=15814 2733 163 49 368 44 1783 716 748 9367 6020 49966 40 461 137 105
leaf_count=15814 2733 163 49 368 44 1783 716 748 9367 6020 49966 40 461 137 105
internal_value=-8.55244e-05 -1.57127e-05 0.00443548 0.00842926 -0.000934296 -0.000459867 0.000822328 -0.00138035 -4.97135e-05 -0.000567688 7.14491e-05 -0.00376847 -0.00473226 -0.00389503 -0.005
internal_weight=88514 81787 620 417 6727 5980 2499 3481 81167 15387 65780 203 747 181 566
internal_count=88514 81787 620 417 6727 5980 2499 3481 81167 15387 65780 203 747 181 566
is_linear=0
shrinkage=0.05


Tree=153
num_leaves=14
num_cat=0
split_feature=2 14 19 15 22 17 9 19 3 9 16 9 20
split_gain=2.02534 9.9164 3.80399 3.72843 3.5585 6.81433 1.81319 1.74149 1.19654 0.881706 1.87545 0.739837 0.354209
threshold=0.51322137896125175 1.0000000180025095e-35 26.831250000000004 405.50000000000006 0.19987769416013837 69.500000000000014 0.79378270001952722 18.381250000000005 0.2269546835593246 0.6421780912199585 444.85000000000008 0.30139271133785234 2.5706250000000006
decision_type=2 2 2 2 2 2 2 2 2 2 2 2 2
left_child=2 8 3 6 7 -6 -1 -3 -2 10 -4 -5 -11
right_child=1 4 9 11 5 -7 -8 -9 -10 12 -12 -13 -14
leaf_value=-0.00013899753061669685 0.0038675299127651896 -0.0059655655578781473 -0.0021531960387805387 0.0050196595262380784 0.005948780835032536 3.5304488076896302e-05 0.0030416811868517859 0.002418542295029795 0.008989506741741763 -0.001925294351576773 0.001990189940213417 -0.00075202257004349361 -0.00080806143280692799
leaf_weight=52555 42 759 101 42 222 32316 499 59 40 662 43 1024 164
leaf_count=52555 42 759 101 42 222 32316 499 59 40 662 43 1024 164
internal_value=-0.000112282 0.000194687 -0.000298603 -0.00024298 0.000151995 0.000233879 -0.000184153 -0.00310514 0.017561 -0.00340206 0.000208332 -0.00317073 -0.00403148
internal_weight=88528 33438 55090 54120 33356 32538 53054 818 82 970 144 1066 826
internal_count=88528 33438 55090 54120 33356 32538 53054 818 82 970 144 1066 826
is_linear=0
shrinkage=0.05


Tree=154
num_leaves=14
num_cat=0
split_feature=6 5 5 18 19 22 5 0 21 5 2 16 12
split_gain=2.08848 4.56592 5.66327 5.51436 3.24811 4.23765 3.34128 7.73329 3.20209 3.05138 2.83994 1.90667 1.77636e-15
threshold=0.94636490295939868 0.26866988313759588 0.25206111083856975 40.062500000000007 8.3812500000000032 0.18267135557735961 -0.94139628442229062 330.40540648531902 0.67549152872719997 -0.32614396506100213 0.37850155238596367 9.0500000000000025 51.750000000000007
decision_type=2 2 2 2 2 2 2 2 2 2 2 2 2
left_child=4 2 8 -4 6 11 7 -1 -2 -8 -7 -6 -3
right_child=1 12 3 -5 5 10 9 -9 -10 -11 -12 -13 -14
leaf_value=0.00018537407790001571 -0.0013167727282739408 -0.015549051609631418 0.0057971902514993472 -0.0090809293186644158 -0.0043073444005735052 -0.00056828249970189264 -0.0007095488356865259 0.004619863358377079 0.0013110218838773488 0.00071735580149136506 2.0632261868796628e-05 0.0010848662408801339 -0.013079013555784223
leaf_weight=910 3846 467 106 49 2179 20040 7122 333 1042 9316 42305 450 180
leaf_count=910 3846 467 106 49 2179 20040 7122 333 1042 9316 42305 450 180
internal_value=-0.000119136 -0.0010457 -0.000538371 0.00887097 -5.53517e-05 -0.000218858 0.0005455 0.00304505 -0.000836744 0.00035649 -0.000135938 -0.00218524 -0.005
internal_weight=88345 5690 5043 155 82655 64974 17681 1243 4888 16438 62345 2629 647
internal_count=88345 5690 5043 155 82655 64974 17681 1243 4888 16438 62345 2629 647
is_linear=0
shrinkage=0.05


Tree=155
num_leaves=14
num_cat=0
split_feature=6 5 13 18 21 6 22 2 18 0 22 6 0
split_gain=2.0419 4.50373 4.70129 3.75212 3.36148 9.83864 5.71902 5.43002 4.09006 3.21939 2.72102 1.8438 8.88178e-16
threshold=0.94636490295939868 0.26866988313759588 0.077886209627957906 82.062500000000014 1.0000000180025095e-35 0.94066717844141279 0.18267135557735961 0.51322137896125175 38.437500000000007 129.25437005877743 0.75969313286720908 0.91511078773075516 214.9456448567436
decision_type=2 2 2 2 2 2 2 2 2 2 2 2 2
left_child=4 2 3 -2 5 7 11 -1 -8 -7 -4 -6 -3
right_child=1 12 10 -5 6 9 8 -9 -10 -11 -12 -13 -14
leaf_value=0.00059381024744578116 0.0062708521445965287 -0.013899069794843675 -0.0012673075098166399 -0.007737868323757259 -0.0046810857131732251 0.0081884769750047107 -0.00011652175562681552 0.0071536832334833716 3.4487052910080916e-05 0.017351166733748386 0.0011133000593466205 0.0027840478371615814 -0.014692409109647012
leaf_weight=5935 167 477 3923 53 2303 42 12503 80 61407 43 922 90 166
leaf_count=5935 167 477 3923 53 2303 42 12503 80 61407 43 922 90 166
internal_value=-0.000143627 -0.00105817 -0.00055775 0.00659091 -8.02774e-05 0.00104918 -0.000170571 0.000810473 -9.26815e-05 0.0179412 -0.000882354 -0.00257627 -0.005
internal_weight=88111 5708 5065 220 82403 6100 76303 6015 73910 85 4845 2393 643
internal_count=88111 5708 5065 220 82403 6100 76303 6015 73910 85 4845 2393 643
is_linear=0
shrinkage=0.05


Tree=156
num_leaves=14
num_cat=0
split_feature=6 5 13 19 6 22 6 3 19 6 3 5 3
split_gain=2.57605 4.89966 4.82414 4.69465 3.68635 10.5983 6.32287 2.92114 2.12074 4.48533 3.06293 0.791333 1.16347
threshold=0.93469109537144635 0.26866988313759588 0.070928051086202856 1.5812500000000005 0.86869874770991873 1.0293035629528646 0.87709077819680659 -0.41248606129204529 19.606250000000006 -0.77243990499604276 0.2269546835593246 0.3504237462291826 0.5277851165098012
decision_type=2 2 2 2 2 2 2 2 2 2 2 2 2
left_child=4 2 3 -2 8 6 -6 -4 10 -10 -1 -3 -13
right_child=1 11 7 -5 5 -7 -8 -9 9 -11 -12 12 -14
leaf_value=0.00025221396265080336 0.0084698524784693752 -0.013196980439249804 0.0013580639928391981 -0.0019799045303615648 0.0052264928633572781 0.015458887073292849 0.00044381283924614678 -0.0011805339199296425 8.3828388487274005e-06 -0.00029808067340848256 -0.00013463298109493658 -0.0038280978150947165 0.0072369231376321263
leaf_weight=27203 120 808 1021 71 313 69 2448 4189 11981 7904 32076 113 40
leaf_count=27203 120 808 1021 71 313 69 2448 4189 11981 7904 32076 113 40
internal_value=-0.000116915 -0.00108614 -0.000500834 0.00730366 -4.17116e-05 0.00173145 0.00124774 -0.000786949 -0.000105099 -0.000551925 4.4787e-05 -0.00437565 -0.00107843
internal_weight=88356 6362 5401 191 81994 2830 2761 5210 79164 19885 59279 961 153
internal_count=88356 6362 5401 191 81994 2830 2761 5210 79164 19885 59279 961 153
is_linear=0
shrinkage=0.05


Tree=157
num_leaves=15
num_cat=0
split_feature=6 5 13 19 6 22 9 22 14 12 16 5 3 0
split_gain=2.64103 3.83532 4.65153 3.50597 2.89264 9.28719 5.09611 2.46755 2.22225 4.38573 3.69935 1.83946 4.25845 8.88178e-16
threshold=0.93469109537144635 0.26866988313759588 0.070928051086202856 0.45625000000000004 0.86869874770991873 1.0334594705494442 0.23586027133886819 0.9774438566559257 1.0000000180025095e-35 229.95000000000002 1.7500000000000002 0.3504237462291826 0.58216583101416142 227.58892870094044
decision_type=2 2 2 2 2 2 2 2 2 2 2 2 2 2
left_child=4 2 3 -2 8 6 -6 -4 9 -1 -10 13 -13 -3
right_child=1 11 7 -5 5 -7 -8 -9 10 -11 -12 12 -14 -15
leaf_value=0.00062565408024238068 0.0079630565123520666 -0.011938336527599687 -0.0010961125458941871 -0.00024776957707861293 0.0038689500454556938 0.014730107579726457 0.0002176590149156755 0.00097653486595148515 -0.0025400230372875886 0.004049723164337664 -1.8500692839527126e-05 -0.0047545778703380866 0.017509853844451039 -0.013400055399054301
leaf_weight=4343 113 670 4609 71 404 69 2389 574 5390 185 69302 123 40 129
leaf_count=4343 113 670 4609 71 404 69 2389 574 5390 185 69302 123 40 129
internal_value=-0.000121083 -0.00110523 -0.000584126 0.00722826 -4.51999e-05 0.00151642 0.00106874 -0.000861471 -0.000101617 0.000973939 -0.00016682 -0.00401248 0.00082822 -0.005
internal_weight=88411 6329 5367 184 82082 2862 2793 5183 79220 4528 74692 962 163 799
internal_count=88411 6329 5367 184 82082 2862 2793 5183 79220 4528 74692 962 163 799
is_linear=0
shrinkage=0.05


Tree=158
num_leaves=16
num_cat=0
split_feature=6 5 3 15 13 6 5 18 9 6 20 9 5 3 15
split_gain=2.34755 4.72548 3.24584 4.33086 3.92887 3.08566 6.45472 5.82889 5.65129 3.46022 2.57978 2.30515 1.20282 2.5322 1.77636e-15
threshold=0.93469109537144635 0.26866988313759588 -0.41248606129204529 90.500000000000014 0.070928051086202856 0.7487283477006671 -0.62588817255938378 97.937500000000014 0.22193555147069652 0.70138038092733435 1.1156250000000003 0.22193555147069652 0.3504237462291826 0.5277851165098012 121.50000000000001
decision_type=2 2 2 2 2 2 2 2 2 2 2 2 2 2 2
left_child=5 2 3 -2 -4 9 7 -7 -8 11 -11 -1 14 -14 -3
right_child=1 12 4 -5 -6 6 8 -9 -10 10 -12 -13 13 -15 -16
leaf_value=-0.0014581307167866205 0.00084785811168664967 -0.012621679715498605 0.0062243881480417819 0.0032350395960755898 -0.001077595337108029 0.0079033645894432073 0.0036622000205869774 -0.0077121056428837396 -6.4880170218245658e-07 0.0017788126736357013 -0.003910965017382243 -7.2068618137415001e-06 -0.0044789962860627367 0.015065228023874508 -0.011645888019954106
leaf_weight=2744 1005 477 121 101 4208 236 1036 86 5510 431 1206 70786 114 43 343
leaf_count=2744 1005 477 121 101 4208 236 1036 86 5510 431 1206 70786 114 43 343
internal_value=-0.000109502 -0.00103088 -0.000455383 0.00196202 -0.001073 -3.74852e-05 0.000976994 0.0078882 0.000637029 -0.000130178 -0.00240379 -7.95606e-05 -0.00423235 -0.000222931 -0.005
internal_weight=88447 6412 5435 1106 4329 82035 6868 322 6546 75167 1637 73530 977 157 820
internal_count=88447 6412 5435 1106 4329 82035 6868 322 6546 75167 1637 73530 977 157 820
is_linear=0
shrinkage=0.05


Tree=159
num_leaves=15
num_cat=0
split_feature=6 5 5 18 16 6 6 19 22 4 16 18 5 19
split_gain=2.47255 4.44862 4.47452 4.62699 2.49701 2.44679 7.81631 7.17313 4.90863 2.07214 6.36995 4.53711 1.28014 2.65178
threshold=0.93469109537144635 0.26866988313759588 0.25206111083856975 40.062500000000007 128.00000000000003 0.86869874770991873 0.87709077819680659 4.0937500000000009 1.0185356811665678 -0.58216583101416164 282.85000000000008 67.687500000000014 0.3504237462291826 3.193750000000001
decision_type=2 2 2 2 2 2 2 2 2 2 2 2 2 2
left_child=5 2 4 -4 -2 9 7 -7 -8 11 -11 -1 -3 -14
right_child=1 12 3 -5 -6 6 8 -9 -10 10 -12 -13 13 -15
leaf_value=0.00012666055050153819 -0.0010866372921626575 -0.011058720776952791 0.0045290291273056837 -0.0081796736065441935 0.0010665786417135355 0.0077295858212157289 0.00012271388694871824 -0.0014556007334047582 0.0090428149244748939 5.049805113091751e-05 -0.00050238799181332307 -0.00014094546436610355 0.015862136386411124 -0.0039796869067058142
leaf_weight=17062 4333 811 103 47 924 195 2446 125 58 21103 10564 30533 41 125
leaf_count=17062 4333 811 103 47 924 195 2446 125 58 21103 10564 30533 41 125
internal_value=-0.000128293 -0.00107613 -0.000515074 0.008 -0.000758038 -5.45781e-05 0.00139164 0.00875 0.000451277 -0.000106105 -0.000419523 0.000102426 -0.00418117 -0.000180724
internal_weight=88470 6384 5407 150 5257 82086 2824 320 2504 79262 31667 47595 977 166
internal_count=88470 6384 5407 150 5257 82086 2824 320 2504 79262 31667 47595 977 166
is_linear=0
shrinkage=0.05


Tree=160
num_leaves=14
num_cat=0
split_feature=6 5 13 19 6 22 6 3 3 5 9 5 3
split_gain=2.67117 4.21283 2.97605 3.5271 2.49685 6.65804 4.76859 2.48463 2.06932 3.91513 3.21655 1.29542 2.7366
threshold=0.93469109537144635 0.26866988313759588 0.070928051086202856 1.5812500000000005 0.86869874770991873 1.0293035629528646 0.87709077819680659 -0.41248606129204529 0.2269546835593246 -0.99763297024448894 0.70297416100333832 0.3504237462291826 0.58216583101416142
decision_type=2 2 2 2 2 2 2 2 2 2 2 2 2
left_child=4 2 3 -2 8 6 -6 -4 9 -1 -10 -3 -13
right_child=1 11 7 -5 5 -7 -8 -9 10 -11 -12 12 -14
leaf_value=0.0016869898442846603 0.010275595040078201 -0.010644722675192925 0.0010807957816932831 -0.0018565818659657452 0.0047514589425425181 0.013554626079180697 0.00034483192392781493 -0.0010039303657265464 -0.00029986879973333328 1.3674729999055052e-05 9.8369851496660853e-05 -0.0044861743210513963 0.015087992931714207
leaf_weight=922 121 800 1013 68 307 69 2453 4184 30982 40700 6770 124 40
leaf_count=922 121 800 1013 68 307 69 2453 4184 30982 40700 6770 124 40
internal_value=-0.000137941 -0.00112599 -0.000581137 0.00558201 -6.16169e-05 0.00139802 0.00101449 -0.000805273 -0.00011364 0.000129498 -0.000381703 -0.00417013 -0.000121952
internal_weight=88553 6350 5386 189 82203 2829 2760 5197 79374 41622 37752 964 164
internal_count=88553 6350 5386 189 82203 2829 2760 5197 79374 41622 37752 964 164
is_linear=0
shrinkage=0.05


Tree=161
num_leaves=15
num_cat=0
split_feature=6 5 3 22 13 19 22 2 5 0 5 5 4 5
split_gain=2.34554 4.20215 2.88803 5.27974 3.25049 1.98782 3.62392 3.17548 2.21033 6.2049 2.24955 1.51782 2.25055 1.51751
threshold=0.93469109537144635 0.26866988313759588 -0.3520614488341251 1.1128624543932608 0.070928051086202856 8.3812500000000032 0.18267135557735961 0.37850155238596367 -0.94139628442229062 330.40540648531902 -0.91597725483594616 0.3504237462291826 -0.72947329433276242 -0.95244167294248061
decision_type=2 2 2 2 2 2 2 2 2 2 2 2 2 2
left_child=5 2 3 -2 -4 8 13 -8 9 -1 -10 -3 -13 -7
right_child=1 11 4 -5 -6 6 7 -9 10 -11 -12 12 -14 -15
leaf_value=0.0002081021081693862 0.00049461330859503221 -0.010043745034706385 0.0057631494233610706 0.0029659188951014662 -0.0011367903827675147 -0.0045568883143491468 -0.00060098762400377485 2.226727992158082e-05 -0.005359726032803833 0.0039335848838138506 0.00025380219197965816 -0.0036338307717675589 0.012764460156774514 -0.0019766164366578436
leaf_weight=938 1159 805 116 117 3969 640 20131 42201 453 331 15400 116 43 1996
leaf_count=938 1159 805 116 117 3969 640 20131 42201 453 331 15400 116 43 1996
internal_value=-0.000151276 -0.00107905 -0.000532551 0.00154389 -0.00118115 -7.97917e-05 -0.000206103 -0.000129309 0.000399485 0.00240741 0.000238755 -0.00411826 0.000345911 -0.002022
internal_weight=88415 6325 5361 1276 4085 82090 64968 62332 17122 1269 15853 964 159 2636
internal_count=88415 6325 5361 1276 4085 82090 64968 62332 17122 1269 15853 964 159 2636
is_linear=0
shrinkage=0.05


Tree=162
num_leaves=12
num_cat=0
split_feature=19 6 5 5 9 9 3 1 5 20 17
split_gain=2.08695 2.13077 4.71258 2.76848 1.81032 2.01784 1.81474 1.60776 1.60229 0.791949 0.29211
threshold=31.018750000000008 0.93469109537144635 0.26866988313759588 0.25206111083856975 0.79378270001952722 0.80273783314097769 0.99892946161930185 888.21790528092822 0.3504237462291826 0.75312500000000016 141.50000000000003
decision_type=2 2 2 2 2 2 2 2 2 2 2
left_child=1 4 3 -3 6 -6 -1 9 -4 -2 -11
right_child=7 2 8 -5 5 -7 -8 -9 -10 10 -12
leaf_value=3.3318690289829005e-06 2.870578147908254e-05 -0.00035664071057303458 -0.009610299289697961 0.0025286506149097723 0.0021400812207078008 0.00011412514035444926 -0.0016494804855017948 0.00011424290877888534 0.00095575367670537766 -0.00056033933417798333 -0.00021833537902275248
leaf_weight=78787 51 5248 825 156 242 1171 1045 57 168 433 284
leaf_count=78787 51 5248 825 156 242 1171 1045 57 168 433 284
internal_value=-7.27402e-05 -4.91785e-05 -0.00092778 -0.000346041 2e-05 0.00179405 -1.14001e-05 -0.00257576 -0.00409366 -0.00317708 -0.0036053
internal_weight=88467 87642 6397 5404 81245 1413 79832 825 993 768 717
internal_count=88467 87642 6397 5404 81245 1413 79832 825 993 768 717
is_linear=0
shrinkage=0.05


Tree=163
num_leaves=16
num_cat=0
split_feature=6 5 13 18 16 20 22 21 20 6 6 22 5 20 3
split_gain=2.17674 5.00373 2.70075 2.79556 2.4687 4.24634 4.22322 3.79718 3.77717 3.91136 3.31768 1.95397 1.10432 2.33841 1.77636e-15
threshold=0.93469109537144635 0.26866988313759588 0.070928051086202856 78.937500000000014 197.90000000000003 2.2631250000000009 0.70106036680480133 0.52917920508243665 3.7793750000000008 0.92191100909954782 -0.96687281075841669 1.1128624543932608 0.3504237462291826 0.81437500000000018 0.29012925520284144
decision_type=2 2 2 2 2 2 2 2 2 2 2 2 2 2 2
left_child=4 2 3 -2 8 7 -7 -6 10 -10 -1 -4 14 -14 -3
right_child=1 12 11 -5 5 6 -8 -9 9 -11 -12 -13 13 -15 -16
leaf_value=-0.0012759030410970404 0.0071394676060471014 -0.009244008570155976 -0.00058954019381418643 -0.0030296853764590968 0.0056676108551363081 -0.00089776036457063643 9.9075707120908603e-05 -0.00024309336014629907 -0.0012007057854601273 0.0040124034570225035 0.00062149664078361077 0.0014010772741891609 0.013647582593454499 -0.0061331964066244108 -0.0086408307277136588
leaf_weight=2833 142 477 5000 56 55 5008 17952 18745 7560 327 29506 200 40 129 345
leaf_count=2833 142 477 5000 56 55 5008 17952 18745 7560 327 29506 200 40 129 345
internal_value=-8.85443e-05 -0.000977462 -0.000377919 0.00535353 -1.92728e-05 -0.000288555 0.000167682 -0.000845746 0.000260278 -0.000720808 0.00049955 -0.000596155 -0.00424319 -0.000562131 -0.005
internal_weight=88375 6389 5398 198 81986 41760 22960 18800 40226 7887 32339 5200 991 169 822
internal_count=88375 6389 5398 198 81986 41760 22960 18800 40226 7887 32339 5200 991 169 822
is_linear=0
shrinkage=0.05


Tree=164
num_leaves=16
num_cat=0
split_feature=6 0 6 18 3 5 5 5 19 6 15 13 3 14 19
split_gain=2.16195 3.89257 3.75634 6.56628 5.74785 1.94523 3.18219 3.17731 1.73408 3.83141 2.84206 1.0651 0.115413 0.539042 0.07432
threshold=0.92843842216862604 202.50544034251308 0.91511078773075516 94.687500000000014 0.63405362205439464 0.26866988313759588 0.031174179426909168 0.3504237462291826 19.606250000000006 -0.77243990499604276 586.50000000000011 0.44025893926701204 1.0000000180025095e-35 1.0000000180025095e-35 5.7562500000000005
decision_type=2 2 2 2 2 2 2 2 2 2 2 2 2 2 2
left_child=2 5 8 11 -5 6 -2 -7 10 -10 -1 -4 13 -3 -14
right_child=1 12 3 4 -6 7 -8 -9 9 -11 -12 -13 14 -15 -16
leaf_value=-2.2764475497597657e-05 -0.0013777960628304795 0.00051435916476739736 -0.0080750935064540456 0.0023471189029410158 0.010620118680268589 -0.0080360875283508829 0.00090841414707371147 0.0026169159579172881 8.4455964494053343e-06 -0.00027414351508133736 0.00023501950406757579 0.0020028196305666565 -0.0045001041233448417 -0.003126944393075658 -0.001515484036806536
leaf_weight=58029 3420 49 198 296 90 537 1738 205 11904 7880 3019 42 498 135 49
leaf_count=58029 3420 49 198 296 90 537 1738 205 11904 7880 3019 42 498 135 49
internal_value=-0.000142982 -0.00101116 -7.23084e-05 0.00378594 0.00782383 -0.000584747 -0.000240404 -0.00297844 -0.000102188 -0.000508998 2.96476e-05 -0.00270833 -0.00445281 -0.00336957 -0.00481719
internal_weight=88089 6631 81458 626 386 5900 5158 742 80832 19784 61048 240 731 184 547
internal_count=88089 6631 81458 626 386 5900 5158 742 80832 19784 61048 240 731 184 547
is_linear=0
shrinkage=0.05


Tree=165
num_leaves=15
num_cat=0
split_feature=16 21 17 3 19 6 19 5 5 7 2 13 20 20
split_gain=1.75325 3.48232 4.331 3.06446 1.80262 1.78798 3.3806 2.84058 0.962979 0.786379 0.721511 0.660418 0.617179 0.578242
threshold=859.20000000000016 1.0223828662151904 111.50000000000001 0.032701564615071628 30.293750000000006 -0.64580103137750788 19.918750000000006 0.58481550752069722 0.99865421017599998 21.125000000000004 0.88101754234676199 0.93202413080297275 3.5131250000000009 0.75312500000000016
decision_type=2 2 2 2 2 2 2 2 2 2 2 2 2 2
left_child=4 2 3 -2 5 7 -7 -1 9 -3 13 -12 -4 -6
right_child=1 8 12 -5 10 6 -8 -9 -10 -11 11 -13 -14 -15
leaf_value=-1.050406870700682e-06 4.2320223946906715e-05 -0.00036169395138167728 -0.00032811597696889378 0.00027100142372998544 3.389113227499592e-05 -8.5391034970967334e-05 -0.0004217164424717779 0.00058465733881425403 6.6411859751008747e-05 0.00020254650308783857 0.00014263930154694048 -0.00012389493930994806 1.9919934002760045e-05 -0.00039006645939682841
leaf_weight=25031 149 198 97 217 63 52993 4373 4174 40 47 50 41 41 977
leaf_count=25031 149 198 97 217 63 52993 4373 4174 40 47 50 41 41 977
internal_value=-0.000122104 0.00222433 0.00472222 0.0075683 -0.000143213 -0.000117304 -0.000279435 0.000201163 -0.00219298 -0.00336735 -0.00212644 0.00214286 -0.00282609 -0.0025
internal_weight=88491 789 504 366 87702 86571 57366 29205 285 245 1131 91 138 1040
internal_count=88491 789 504 366 87702 86571 57366 29205 285 245 1131 91 138 1040
is_linear=0
shrinkage=0.05


Tree=166
num_leaves=16
num_cat=0
split_feature=9 9 9 6 20 6 6 19 18 13 2 1 5 20 17
split_gain=1.97756 1.81668 3.5111 5.41614 3.68968 3.11809 2.79432 2.19892 1.62401 0.983428 1.4819 1.00336 0.578768 1.11347 0.151704
threshold=0.14448820788155367 0.56200434853822567 0.68978564661902164 -0.94703994556331683 0.97687500000000016 -0.96687281075841669 -0.85225707553516283 27.968750000000004 98.812500000000014 0.16495198666872424 0.25327230586915389 34.220619963937658 0.61915405168109316 3.7131250000000007 91.500000000000014
decision_type=2 2 2 2 2 2 2 2 2 2 2 2 2 2 2
left_child=8 5 4 -4 -3 7 -7 -2 9 11 -11 -1 14 -14 -10
right_child=1 2 3 -5 -6 6 -8 -9 12 10 -12 -13 13 -15 -16
leaf_value=0.0021735966036014131 -0.000937648592298244 -0.0013560659050679184 0.00033426905299082548 -6.6912342211200579e-05 -0.00016246007904993642 0.00095353130319546394 5.2166079196539539e-05 0.0026638328184545972 -0.0067341253045906831 -0.0019237243942067756 0.0020659111839329398 -0.001505917659178049 -0.0044236713109272272 0.0050401545258542055 -0.0050088727064363098
leaf_weight=56 3383 4435 3955 12694 15168 4805 41807 80 452 198 320 730 227 40 101
leaf_count=56 3383 4435 3955 12694 15168 4805 41807 80 452 198 320 730 227 40 101
internal_value=-0.00010294 -6.58554e-05 -0.000335431 0.000198509 -0.000788911 0.000129305 0.000236848 -0.00131822 -0.00161017 -0.000513805 0.0011776 -0.0016285 -0.00335366 -0.00144195 -0.00427667
internal_weight=88451 86327 36252 16649 19603 50075 46612 3463 2124 1304 518 786 820 267 553
internal_count=88451 86327 36252 16649 19603 50075 46612 3463 2124 1304 518 786 820 267 553
is_linear=0
shrinkage=0.05


Tree=167
num_leaves=16
num_cat=0
split_feature=2 15 6 22 5 19 19 1 12 18 9 22 16 19 21
split_gain=1.826 5.60055 5.32119 4.78751 7.18881 9.50267 5.75997 3.91627 2.92788 4.1896 2.848 2.57345 2.24738 2.06856 1.29751
threshold=0.6073837691314955 420.50000000000006 0.2499757677084001 0.96842285586318577 -0.72696319516528884 25.593750000000004 10.856250000000003 513.18546591979714 239.55000000000004 94.812500000000014 0.56316546290582981 0.29299600068565884 605.95000000000016 14.143750000000002 0.81387908623983296
decision_type=2 2 2 2 2 2 2 2 2 2 2 2 2 2 2
left_child=1 8 14 11 5 -5 -6 -4 10 -10 -1 13 -13 -2 -3
right_child=3 2 7 4 6 -7 -8 -9 9 -11 -12 12 -14 -15 -16
leaf_value=1.2955991726351806e-05 -0.0053567153140277601 -0.00017774123249397755 -0.00027836426418651974 0.00035285137102285372 0.00070853648369342392 0.00068013166359118596 3.4783772036370281e-05 0.00074438986996313845 0.0011995153685481349 -0.00037114941281807078 -0.00045357508015390332 0.00023701703164430012 -0.00012681877385314151 -0.0003326791264594164 -0.00069453327844686821
leaf_weight=37704 662 440 363 278 88 107 2477 434 2324 1865 17990 16626 3574 866 2773
leaf_count=37704 662 440 363 278 88 107 2477 434 2324 1865 17990 16626 3574 866 2773
internal_value=-0.000119736 -0.000260828 -0.00206983 0.000245562 0.00213559 0.00850649 0.00117934 0.0015872 -0.00013969 0.00113511 -0.000235574 -1.10468e-05 0.000138613 -0.00198953 -0.00297697
internal_weight=88571 63893 4010 24678 2950 385 2565 797 59883 4189 55694 21728 20200 1528 3213
internal_count=88571 63893 4010 24678 2950 385 2565 797 59883 4189 55694 21728 20200 1528 3213
is_linear=0
shrinkage=0.05


Tree=168
num_leaves=13
num_cat=0
split_feature=6 5 3 17 12 21 6 22 0 18 2 6
split_gain=1.49195 5.03514 2.92614 3.31298 3.11701 1.9807 11.2203 4.78243 3.69792 3.58381 3.02035 2.60324
threshold=0.94636490295939868 0.26866988313759588 -0.41248606129204529 60.500000000000007 1.3500000000000003 1.0000000180025095e-35 0.94066717844141279 0.18267135557735961 129.25437005877743 38.437500000000007 0.51322137896125175 0.91511078773075516
decision_type=2 2 2 2 2 2 2 2 2 2 2 2
left_child=5 2 3 -2 -4 6 10 11 -8 -9 -1 -7
right_child=1 -3 4 -5 -6 7 8 9 -10 -11 -12 -13
leaf_value=0.00042794457500388021 0.00089048821246010207 -0.0090116490000436058 0.004356966890903308 0.0037733833963265167 -0.00083526770402799248 -0.0040150616189422268 0.0084061969150378904 -8.7703568719353251e-05 0.01821227880267311 6.6055740248116565e-05 0.0053013940683288852 0.0041470388839571198
leaf_weight=5993 979 651 43 85 3967 2283 41 12533 42 61638 83 91
leaf_count=5993 979 651 43 85 3967 2283 41 12533 42 61638 83 91
internal_value=-7.96696e-05 -0.000860263 -0.00032913 0.00200188 -0.000947632 -2.56348e-05 0.000836985 -9.50433e-05 0.0190964 -2.43368e-05 0.000587556 -0.00230413
internal_weight=88429 5725 5074 1064 4010 82704 6159 76545 83 74171 6076 2374
internal_count=88429 5725 5074 1064 4010 82704 6159 76545 83 74171 6076 2374
is_linear=0
shrinkage=0.05


Tree=169
num_leaves=12
num_cat=0
split_feature=6 6 9 6 5 12 19 20 1 13 3
split_gain=1.8744 2.01386 4.7243 2.54584 4.40561 2.29596 1.96679 1.68958 1.47878 0.38868 0.5175
threshold=0.99958851518450398 0.99681593486783593 0.58690526621778438 0.93469109537144635 0.26866988313759588 99.750000000000014 8.3812500000000032 6.3081250000000013 237.8407260408529 0.34793079331385274 0.032701564615071628
decision_type=2 2 2 2 2 2 2 2 2 2 2
left_child=1 3 5 6 -5 -3 -1 9 -4 -2 -11
right_child=7 2 8 4 -6 -7 -8 -9 -10 10 -12
leaf_value=0.00032097031972548834 -0.0089219493911394335 0.004417898485944218 -0.0037109065866820115 -0.00030435941112262437 -0.007513773628023657 0.007794683571280373 -5.9435021589780551e-05 0.0038030006003091075 0.0030875539261873692 0.0016100541904605166 -0.012563733604443831
leaf_weight=17069 322 499 288 4026 978 63 64886 45 46 75 69
leaf_count=17069 322 499 288 4026 978 63 64886 45 46 75 69
internal_value=-0.000121428 -0.000103866 0.00225446 -0.000128165 -0.00122302 0.00505338 -6.13153e-05 -0.0031409 -0.00245509 -0.00403434 -0.001875
internal_weight=88366 87855 896 86959 5004 562 81955 511 334 466 144
internal_count=88366 87855 896 86959 5004 562 81955 511 334 466 144
is_linear=0
shrinkage=0.05


Tree=170
num_leaves=15
num_cat=0
split_feature=6 5 5 15 16 5 3 16 5 13 21 16 6 5
split_gain=2.14105 4.31896 2.19392 4.78189 2.70188 2.05157 2.7387 1.89296 8.92155 4.6478 3.75931 3.05167 7.49332 1.86247
threshold=0.93469109537144635 0.26866988313759588 0.25206111083856975 58.500000000000007 154.70000000000002 0.3504237462291826 0.58216583101416142 792.40000000000009 -0.73866753694953124 0.89022168039656369 0.9960412099423831 618.50000000000011 -0.99761278905001471 0.9893236546938301
decision_type=2 2 2 2 2 2 2 2 2 2 2 2 2 2
left_child=7 2 4 -4 -2 -3 -7 11 9 -9 -10 13 -13 -1
right_child=1 5 3 -5 -6 6 -8 8 10 -11 -12 12 -14 -15
leaf_value=5.0874851146437416e-05 -0.00079191876031000643 -0.007723943552168747 0.0038300418434275675 -0.0011679502379745687 0.00099278334468194283 -0.0019308403768064201 0.013207757008477089 0.00059259244053265242 -0.00014510269753510998 -0.00022618717902664036 8.1129496152037453e-05 0.00022088009093816077 -0.00022742238066638515 -0.00047684044563809551
leaf_weight=68798 4444 831 83 76 832 123 40 221 908 72 1790 367 6670 3147
leaf_count=68798 4444 831 83 76 832 123 40 221 908 72 1790 367 6670 3147
internal_value=-8.4954e-05 -0.000963604 -0.000409385 0.00537736 -0.000583777 -0.00399396 0.00113497 -1.60431e-05 0.00121865 0.00950512 0.000318753 -6.28003e-05 -0.00105656 3.44001e-05
internal_weight=88402 6429 5435 159 5276 994 163 81973 2991 293 2698 78982 7037 71945
internal_count=88402 6429 5435 159 5276 994 163 81973 2991 293 2698 78982 7037 71945
is_linear=0
shrinkage=0.05


Tree=171
num_leaves=14
num_cat=0
split_feature=2 20 6 6 18 6 20 20 3 12 20 3 4
split_gain=1.69431 2.18056 2.15809 2.85684 4.87836 2.74964 1.05366 0.919761 0.722809 0.623618 0.590972 0.704916 0.408567
threshold=0.087562278688885817 3.3681250000000005 0.99958851518450398 0.99681593486783593 90.062500000000014 0.92843842216862604 3.1368750000000007 2.6531250000000006 -0.41248606129204529 16.950000000000006 5.3468750000000016 -0.93540483100319605 -0.99465189230620676
decision_type=2 2 2 2 2 2 2 2 2 2 2 2 2
left_child=1 6 3 5 -5 -2 7 -1 9 -4 11 -3 -10
right_child=2 10 8 4 -6 -7 -8 -9 12 -11 -12 -13 -14
leaf_value=0.0015188731629770069 -2.3055921478667034e-05 0.001690132513528066 0.0044675120992998391 0.0045808212913186512 -0.0059123538177200397 -0.0010531890182275572 0.0074086253975751502 -0.00027338543160790877 -0.0052346829925011672 -0.0017434084014156448 0.0021638762069933347 -0.0059432509456917026 -0.0096453474507103842
leaf_weight=3132 78226 81 47 584 233 4820 73 169 53 42 62 317 343
leaf_count=3132 78226 81 47 584 233 4820 73 169 53 42 62 317 343
internal_value=-8.11969e-05 0.000946791 -0.000127924 -0.00010869 0.00283354 -0.000137636 0.00138708 0.00125568 -0.00345361 0.000617976 -0.00228261 -0.00298995 -0.00436869
internal_weight=88182 3834 84348 83863 817 83046 3374 3301 485 89 460 398 396
internal_count=88182 3834 84348 83863 817 83046 3374 3301 485 89 460 398 396
is_linear=0
shrinkage=0.05


Tree=172
num_leaves=16
num_cat=0
split_feature=7 9 21 22 19 16 19 9 18 9 18 2 13 0 18
split_gain=1.76848 1.92013 1.73153 3.62593 1.85193 1.82129 2.28801 1.63318 1.544 1.53209 2.92452 2.46863 1.34301 1.52381 0.692512
threshold=18.125000000000004 0.13322324326320628 0.64446656100762778 0.56140669805634913 0.85625000000000018 859.20000000000016 25.181250000000006 0.66737110467830496 32.812500000000007 0.56200434853822567 70.687500000000014 0.38137531906896349 0.24437243327968469 158.10595400618681 99.187500000000014
decision_type=2 2 2 2 2 2 2 2 2 2 2 2 2 2 2
left_child=1 12 3 7 -5 8 -7 -2 -4 10 -3 -11 14 -14 -1
right_child=2 9 5 4 -6 6 -8 -9 -10 11 -12 -13 13 -15 -16
leaf_value=-0.001609093296366684 -0.00014009597646133453 0.00031159038933279066 -0.00019226209083529473 -0.0076175516625201379 0.001666338735538573 5.8740010993084037e-05 0.00034046834004341386 0.0027261959048583036 1.7632661309220404e-05 -0.00078312171824604935 -0.0002448374076364125 -1.9941189942090933e-05 -0.0047258532647735082 0.0020287722844505181 -0.0056803755309063897
leaf_weight=577 8846 12055 3172 92 3415 215 40 1253 11166 9341 22230 15356 42 54 447
leaf_count=577 8846 12055 3172 92 3415 215 40 1253 11166 9341 22230 15356 42 54 447
internal_value=-0.000117271 -0.000270541 0.000209403 0.000615169 0.00200028 -0.000168918 0.00401961 0.000134171 -0.00024341 -0.000231597 -1.5314e-05 -0.000531847 -0.00232143 0.00333333 -0.00285156
internal_weight=88301 60102 28199 13606 3507 14593 255 10099 14338 58982 34285 24697 1120 96 1024
internal_count=88301 60102 28199 13606 3507 14593 255 10099 14338 58982 34285 24697 1120 96 1024
is_linear=0
shrinkage=0.05


Tree=173
num_leaves=16
num_cat=0
split_feature=6 6 19 16 5 15 3 19 20 12 3 12 17 12 6
split_gain=1.87367 3.72429 3.15066 4.12709 7.26685 3.53657 3.21476 3.17789 2.90629 2.40588 3.23924 2.19822 1.947 1.7759 1.32783
threshold=-0.79382744783423187 -0.8142754349318998 19.806250000000006 817.35000000000002 -0.73866753694953124 814.50000000000011 0.98611507088852057 17.893750000000008 3.8031250000000005 481.05000000000001 -0.9103761370219875 193.05000000000004 258.50000000000006 343.05000000000001 -0.99761278905001471
decision_type=2 2 2 2 2 2 2 2 2 2 2 2 2 2 2
left_child=1 9 6 5 -5 -4 7 -2 12 10 -1 -8 -3 -10 -11
right_child=2 8 3 4 -6 -7 11 -9 13 14 -12 -13 -14 -15 -16
leaf_value=-0.00070444886518285514 -6.0805341060554451e-05 0.0012545250620700852 -0.00051248306153983127 0.00037976939913080015 -5.405146278047126e-06 0.00047095225398021475 -0.0013179488793187376 0.00043586388822595967 0.0054873674354182491 2.4950646470400314e-05 0.00027992978596002823 0.004648815302413691 -0.0011929649691882131 0.005149229822062321 -0.00027660111541068238
leaf_weight=3833 51007 966 7020 169 836 42 3228 2984 64 592 14308 40 99 52 3271
leaf_count=3833 51007 966 7020 169 836 42 3228 2984 64 592 14308 40 99 52 3271
internal_value=-0.000119817 0.000266335 -0.000256867 -0.00118198 0.00181592 -0.00160861 -0.000126532 -3.43588e-05 0.00300169 0.000119523 0.000360784 -0.00164933 0.0021831 0.0105172 -0.00101346
internal_weight=88511 23185 65326 8067 1005 7062 57259 53991 1181 22004 18141 3268 1065 116 3863
internal_count=88511 23185 65326 8067 1005 7062 57259 53991 1181 22004 18141 3268 1065 116 3863
is_linear=0
shrinkage=0.05


Tree=174
num_leaves=16
num_cat=0
split_feature=6 5 3 15 12 5 3 6 19 3 14 22 2 18 21
split_gain=2.11017 3.70211 2.39955 4.73117 2.45894 2.18949 3.0631 1.89124 7.21654 9.34468 1.67928 4.01316 3.99458 0.860264 0.0903719
threshold=0.93469109537144635 0.26866988313759588 -0.3520614488341251 90.500000000000014 1.3500000000000003 0.3504237462291826 0.58216583101416142 0.91511078773075516 4.3187500000000014 0.16280825711808991 1.0000000180025095e-35 0.18267135557735961 0.51322137896125175 95.562500000000014 1.1189241302968169
decision_type=2 2 2 2 2 2 2 2 2 2 2 2 2 2 2
left_child=7 2 3 -2 -4 14 -7 10 13 -10 12 -12 -1 -9 -3
right_child=1 5 4 -5 -6 6 -8 8 9 -11 11 -13 -14 -15 -16
leaf_value=0.00057097080255605153 0.0001135633479100448 -0.0072577561125134141 0.0040052130340700008 0.0026821684542111036 -0.00095834180980617918 -0.0015035543886788025 0.012596347381775825 -0.0077220601395867122 4.115010582797507e-05 0.0080689806858869652 -0.0025817820424392486 -2.0590792828764816e-05 0.0053902692103436033 0.0012382093038256141 -0.0098221664087644565
leaf_weight=4925 1139 780 40 144 4061 121 41 319 306 232 3045 72806 89 94 42
leaf_count=4925 1139 780 40 144 4061 121 41 319 306 232 3045 72806 89 94 42
internal_value=-0.000134606 -0.00101131 -0.000495915 0.00139127 -0.00108632 -0.0038313 0.00148148 -6.63696e-05 0.00215037 0.00596654 -9.24392e-05 -0.000151021 0.000793776 -0.00282082 -0.00487835
internal_weight=88184 6368 5384 1283 4101 984 162 81816 951 538 80865 75851 5014 413 822
internal_count=88184 6368 5384 1283 4101 984 162 81816 951 538 80865 75851 5014 413 822
is_linear=0
shrinkage=0.05


Tree=175
num_leaves=13
num_cat=0
split_feature=19 1 15 6 19 22 4 12 15 17 20 20
split_gain=1.99872 1.94846 7.03065 5.2171 6.09808 4.38448 2.45356 2.42559 1.04307 0.413604 0.540593 0.372373
threshold=31.018750000000008 537.62838414756641 420.50000000000006 0.41202506375868281 13.356250000000003 0.97465609334504777 -0.98611507088852035 294.15000000000003 844.50000000000011 141.50000000000003 0.89312500000000017 2.6531250000000006
decision_type=2 2 2 2 2 2 2 2 2 2 2 2
left_child=1 2 7 5 -5 -3 -4 -1 9 11 -11 -2
right_child=8 3 6 4 -6 -7 -8 -9 -10 10 -12 -13
leaf_value=-0.00013194006427032427 -0.00052094106425790892 -7.1868995415577548e-06 0.00044108990947912263 0.0040551754196708869 -0.0001744483182698653 0.00012031737013870901 -0.00062439239196039327 0.001009768708882942 0.00015392493160182341 0.00011719173214266864 -0.00022565649904085399 -0.00012508448060137307
leaf_weight=56192 379 24694 124 94 58 2905 2193 1179 46 68 274 87
leaf_count=56192 379 24694 124 94 58 2905 2193 1179 46 68 274 87
internal_value=-0.000133817 -0.000110307 -0.000271245 0.000235846 0.00947368 0.000184969 -0.00297152 -0.000162191 -0.00254098 -0.00295792 -0.00163743 -0.00392704
internal_weight=88293 87439 59688 27751 152 27599 2317 57371 854 808 342 466
internal_count=88293 87439 59688 27751 152 27599 2317 57371 854 808 342 466
is_linear=0
shrinkage=0.05


Tree=176
num_leaves=12
num_cat=0
split_feature=9 6 1 3 15 15 5 6 5 5 6
split_gain=1.8839 1.79066 1.68806 3.61141 3.46574 2.76265 2.52142 2.45723 2.37586 0.998515 0.744887
threshold=0.11750964431003839 0.99855310097228334 284.63885657735915 0.97335555334614954 171.50000000000003 361.50000000000006 0.91248814248966237 -0.039769286347669845 -0.96689237009891416 -0.99467753128998015 0.94066717844141279
decision_type=2 2 2 2 2 2 2 2 2 2 2
left_child=1 9 4 6 8 -5 -4 -6 -2 -1 -11
right_child=2 -3 3 5 7 -7 -8 -9 -10 10 -12
leaf_value=0.0023184476883371971 -0.0017506621270888326 0.0010246866912275985 5.389229602796802e-05 0.00058650377236660778 -0.002488963993348161 0.0014303481546938681 -0.00018393378566476871 -0.00017124844725091852 -1.2339262301465756e-05 -0.0018069251732354343 -0.01198522751213655
leaf_weight=63 2088 69 42005 1972 2365 170 8410 2380 27579 912 277
leaf_count=63 2088 69 42005 1972 2365 170 8410 2380 27579 912 277
internal_value=-9.79738e-05 -0.00197199 -6.95087e-05 0.000108738 -0.000341742 0.00211951 2.33054e-05 -0.00159642 -0.000141067 -0.00240415 -0.00272919
internal_weight=88290 1321 86969 52557 34412 2142 50415 4745 29667 1252 1189
internal_count=88290 1321 86969 52557 34412 2142 50415 4745 29667 1252 1189
is_linear=0
shrinkage=0.05


Tree=177
num_leaves=16
num_cat=0
split_feature=16 6 20 9 21 15 1 9 13 5 20 16 9 5 18
split_gain=2.04825 5.28319 5.18581 6.73563 4.0711 7.43749 2.38607 2.34133 3.01934 3.88899 2.52096 3.86191 3.68986 1.69148 0.508132
threshold=497.35000000000008 -0.99761278905001471 2.6356250000000006 0.33458151202740682 0.93879657506333369 792.50000000000011 647.27134231293996 0.39408196235930854 0.27197184782437256 -0.99940763397299126 3.7343750000000009 412.75000000000006 0.5001845465713245 0.3504237462291826 87.187500000000014
decision_type=2 2 2 2 2 2 2 2 2 2 2 2 2 2 2
left_child=7 4 6 -4 14 -6 -3 8 13 -10 12 -12 -9 -1 -2
right_child=1 2 3 -5 5 -7 -8 10 9 -11 11 -13 -14 -15 -16
leaf_value=-0.0018244173499854786 -0.00015404940464335467 -0.00050089918736637064 0.002955037685739628 -1.1948736729178933e-05 0.00044771600391937456 -1.6043363892375836e-05 -5.7391917307653502e-05 0.00095832563723647138 0.0050970492187618777 6.7381663736171708e-05 -0.00090463080706973625 0.0006971918331165561 4.3357406751679069e-05 -0.00011067740096617485 0.00056481806133143019
leaf_weight=7187 225 5603 334 6780 293 174 3149 11191 54 11423 8483 1018 29086 3356 48
leaf_count=7187 225 5603 334 6780 293 174 3149 11191 54 11423 8483 1018 29086 3356 48
internal_value=-0.000115607 -0.000616044 -0.000808649 0.000193983 0.00351351 0.00634904 -0.00162363 1.38088e-07 -0.000429157 0.000132002 0.000190043 -0.000542576 0.000362861 -0.00104003 -0.001337
internal_weight=88404 16606 15866 7114 740 467 8752 71798 22020 11477 49778 9501 40277 10543 273
internal_count=88404 16606 15866 7114 740 467 8752 71798 22020 11477 49778 9501 40277 10543 273
is_linear=0
shrinkage=0.05


Tree=178
num_leaves=15
num_cat=0
split_feature=19 9 6 16 5 9 9 20 7 22 17 20 20 17
split_gain=1.96618 1.80169 3.91519 4.22265 3.3952 1.91343 6.55923 3.80469 0.785922 1.676 1.13321 0.597855 1.44493 0.494247
threshold=30.293750000000006 0.70297416100333832 -0.94703994556331683 792.40000000000009 0.30983042691905771 0.60559424102008419 0.59717010861829845 1.7106250000000005 20.375000000000004 0.96213651982856396 176.50000000000003 2.6356250000000006 2.9943750000000007 146.50000000000003
decision_type=2 2 2 2 2 2 2 2 2 2 2 2 2 2
left_child=1 5 4 -4 -3 6 -1 -7 11 10 -10 13 -13 -2
right_child=8 2 3 -5 -6 7 -8 -9 9 -11 -12 12 -14 -15
leaf_value=-6.9371734828116918e-05 -0.00038685468088313027 0.00042847910584729035 -0.00011549975295668946 0.00012291627824453962 0.0029220352433955467 -0.0010035231290828452 0.00080529864451074423 -1.3712613750294091e-05 -0.00085204196972911471 0.0002361766428027167 0.00017313180542446788 0.00066445192062919434 -0.00041082926532915977 -6.3383778451403313e-05
leaf_weight=57184 446 3298 8759 1564 132 5756 1405 9410 133 41 43 74 170 226
leaf_count=57184 446 3298 8759 1564 132 5756 1405 9410 133 41 43 74 170 226
internal_value=-0.000106103 -7.93082e-05 0.000446083 -4.02027e-05 0.00190962 -0.000177277 -4.77064e-05 -0.000677833 -0.00217564 0.000529953 -0.00159091 -0.0028166 -0.000696723 -0.00358631
internal_weight=88641 87508 13753 10323 3430 73755 58589 15166 1133 217 176 916 244 672
internal_count=88641 87508 13753 10323 3430 73755 58589 15166 1133 217 176 916 244 672
is_linear=0
shrinkage=0.05


Tree=179
num_leaves=12
num_cat=0
split_feature=6 6 9 6 5 19 19 3 12 1 4
split_gain=1.89588 2.09893 4.07683 2.7961 3.84518 2.35793 2.25814 1.42301 1.14478 1.06235 0.421387
threshold=0.99958851518450398 0.99681593486783593 0.58690526621778438 0.93469109537144635 0.26866988313759588 1.2312500000000004 22.968750000000004 -0.41248606129204529 9.7500000000000018 237.8407260408529 -0.99465189230620676
decision_type=2 2 2 2 2 2 2 2 2 2 2
left_child=1 3 5 6 -5 -3 -1 8 -2 -4 -9
right_child=7 2 9 4 -6 -7 -8 10 -10 -11 -12
leaf_value=2.5912372963909914e-05 0.0031405416446418479 0.0057931984099515721 -0.0036871692710223839 -0.00024756491312413054 -0.0057689834147564723 -0.0060862147206677715 -9.9945432515282344e-05 -0.0047976356783304593 -0.0017884339763373884 0.0025599729170378643 -0.0089827314349568404
leaf_weight=72469 40 502 295 3991 960 63 9621 52 66 52 369
leaf_count=72469 40 502 295 3991 960 63 9621 52 66 52 369
internal_value=-0.000112456 -9.45403e-05 0.00229167 -0.000119543 -0.00127348 0.0049115 -4.99464e-05 -0.00310247 0.00207547 -0.00197406 -0.00440618
internal_weight=88480 87953 912 87041 4951 565 82090 527 106 347 421
internal_count=88480 87953 912 87041 4951 565 82090 527 106 347 421
is_linear=0
shrinkage=0.05


Tree=180
num_leaves=16
num_cat=0
split_feature=6 5 3 15 6 5 7 21 22 19 22 21 15 19 21
split_gain=1.98037 4.09841 2.65168 3.96786 1.85983 1.71356 1.5528 1.95542 2.81421 1.65249 2.89558 1.80402 1.53656 1.36076 0.0231402
threshold=0.93469109537144635 0.26866988313759588 -0.41248606129204529 96.500000000000014 0.99958851518450398 0.3504237462291826 18.125000000000004 0.64807272710409458 0.56545474901180315 20.943750000000005 0.74802193662647587 0.49057897227203723 68.500000000000014 3.193750000000001 1.0977044213632066
decision_type=2 2 2 2 2 2 2 2 2 2 2 2 2 2 2
left_child=6 2 3 -2 -4 14 9 8 -8 10 -1 -11 -9 -7 -3
right_child=1 5 4 -5 -6 13 7 12 -10 11 -12 -13 -14 -15 -16
leaf_value=-0.00040586163114419982 0.00069904775727881307 -0.006563889232144772 -0.00042731843445227173 0.0027494669697527559 -0.0078391161450219356 0.012262292653308044 0.00025298900725167746 0.0012511837699340669 0.0014460311482943668 0.0013733428587977049 0.00013603476062215304 -0.00015116891065100334 -6.8861578467543415e-05 -0.0026037155119283625 -0.0095680141851491388
leaf_weight=27423 1018 759 3842 89 402 40 8901 1376 3397 818 17678 9862 12670 115 41
leaf_count=27423 1018 759 3842 89 402 40 8901 1376 3397 818 17678 9862 12670 115 41
internal_value=-0.000134061 -0.000987949 -0.00044945 0.0017299 -0.00101791 -0.00400524 -6.84943e-05 0.000247873 0.000708244 -0.000217907 -8.5476e-05 -0.000777155 -0.000155206 0.00080645 -0.0049375
internal_weight=88431 6306 5351 1107 4244 955 82125 26344 12298 55781 45101 10680 14046 155 800
internal_count=88431 6306 5351 1107 4244 955 82125 26344 12298 55781 45101 10680 14046 155 800
is_linear=0
shrinkage=0.05


Tree=181
num_leaves=13
num_cat=0
split_feature=16 5 12 16 6 21 13 17 20 19 5 9
split_gain=2.48654 6.53519 3.22225 2.98079 6.39183 3.44898 2.84936 3.24683 2.42783 2.27572 2.34735 2.22785
threshold=792.40000000000009 -0.83377653105606597 507.15000000000003 618.50000000000011 -0.9575230291762723 0.97558702407764564 0.25817135976955241 111.50000000000001 2.4881250000000006 26.831250000000004 0.048362692321690152 0.70931095128662991
decision_type=2 2 2 2 2 2 2 2 2 2 2 2
left_child=3 2 -2 9 5 -5 -3 -8 -6 11 -11 -1
right_child=1 6 -4 4 8 -7 7 -9 -10 10 -12 -13
leaf_value=-5.3973327287631939e-05 0.00021344624216275166 0.001504450615202735 0.00067993966364439569 0.00011161408223429666 -0.00055265595019412519 0.00046747489970881407 8.7157279933249709e-05 -0.0001033653499532435 -7.7671471167642373e-05 -0.00095809228602132014 0.0001543192075291978 0.00044385623461198372
leaf_weight=68735 62 60 51 1141 3158 104 1568 1261 2653 1220 584 7765
leaf_count=68735 62 60 51 1141 3158 104 1568 1261 2653 1220 584 7765
internal_value=-6.85827e-05 0.00134577 0.0131416 -0.000118324 -0.00110261 0.00214859 0.000884388 0.000655708 -0.00179918 -2.96293e-05 -0.00178492 1.17635e-05
internal_weight=88362 3002 113 85360 7056 1245 2889 2829 5811 78304 1804 76500
internal_count=88362 3002 113 85360 7056 1245 2889 2829 5811 78304 1804 76500
is_linear=0
shrinkage=0.05


Tree=182
num_leaves=13
num_cat=0
split_feature=6 19 5 21 5 5 15 3 20 15 4 12
split_gain=1.86594 1.66178 2.09655 2.44149 1.69618 2.1755 1.43612 1.27536 1.02277 0.527891 0.238851 0.0867209
threshold=0.99958851518450398 29.756250000000005 1.0000000180025095e-35 0.9467953645701922 0.91248814248966237 0.9053161325100999 693.50000000000011 -0.47114434510950071 2.6531250000000006 7.5000000000000009 -0.99465189230620676 9.7500000000000018
decision_type=2 2 2 2 2 2 2 2 2 2 2 2
left_child=1 4 8 -4 5 -1 -6 9 -3 -2 -9 -12
right_child=7 2 3 -5 6 -7 -8 10 -10 -11 11 -13
leaf_value=-3.6807770640070179e-07 0.0020094711918344096 -0.00057834900290049606 -0.00020563746013223992 7.3788304255538318e-05 -0.00021873640012346342 0.002008550967889944 7.490912910069915e-05 -0.0045054442644569008 -2.4238079936317325e-05 -0.0078422439400596729 -0.011763281423064669 -0.0080317197607865723
leaf_weight=74137 45 562 415 217 11728 492 369 51 250 44 41 328
leaf_count=74137 45 562 415 217 11728 492 369 51 250 44 41 328
internal_value=-0.000114966 -9.754e-05 -0.00177978 0.000379746 -6.95305e-05 1.94953e-05 -0.00061875 -0.0031336 -0.00346059 0.00230337 -0.00428572 -0.004729
internal_weight=88679 88170 1444 632 86726 74629 12097 509 812 89 420 369
internal_count=88679 88170 1444 632 86726 74629 12097 509 812 89 420 369
is_linear=0
shrinkage=0.05


Tree=183
num_leaves=15
num_cat=0
split_feature=16 5 16 6 13 4 4 21 20 22 2 18 19 20
split_gain=1.5195 3.85952 3.23742 4.04977 3.03363 2.94407 2.53195 3.69057 2.45373 1.95857 1.78852 4.34698 3.25094 1.47039
threshold=792.40000000000009 -0.72696319516528884 623.30000000000007 -0.9575230291762723 0.78017740236275768 -0.99465189230620676 -0.88144907265856332 0.9809738763063528 2.5531250000000005 0.96596581511648949 0.3618120687335914 67.687500000000014 19.406250000000004 5.3468750000000016
decision_type=2 2 2 2 2 2 2 2 2 2 2 2 2 2
left_child=2 5 10 4 -4 -2 13 -8 -5 -7 12 -12 -1 -3
right_child=1 6 3 8 -6 9 7 -9 -10 -11 11 -13 -14 -15
leaf_value=-0.00010955204847468742 0.0011648580692705691 -6.4673467024709957e-05 0.00029553556108426388 -0.00049028960115147472 -9.616812936179872e-06 -2.3538785510737148e-05 -0.00033712250448091936 0.0001778764762279285 -7.7599131056989683e-05 0.00034536865854490896 0.00044008316647985228 -5.7590711912181166e-05 -0.0014435676971769342 0.0014283929832442923
leaf_weight=34480 55 1691 373 3145 830 72 160 757 2435 177 8774 31671 3628 40
leaf_count=34480 55 1691 373 3145 830 72 160 757 2435 177 8774 31671 3628 40
internal_value=-0.000102393 0.00101287 -0.000140973 -0.001189 0.00144223 0.00634868 0.000400301 0.00252454 -0.00175627 0.00403614 -5.04767e-05 0.000181109 -0.000296264 -0.000725016
internal_weight=88288 2952 85336 6783 1203 304 2648 917 5580 249 78553 40445 38108 1731
internal_count=88288 2952 85336 6783 1203 304 2648 917 5580 249 78553 40445 38108 1731
is_linear=0
shrinkage=0.05


Tree=184
num_leaves=16
num_cat=0
split_feature=6 5 5 13 18 3 3 5 5 19 5 15 17 21 21
split_gain=1.52819 3.91413 2.51235 2.37148 3.11058 2.1551 1.97133 1.62795 2.03196 3.4734 2.15546 1.65788 3.25165 1.53389 0.0209722
threshold=0.93469109537144635 0.26866988313759588 0.3504237462291826 0.070928051086202856 65.812500000000014 0.58216583101416142 -0.41248606129204529 0.95998215779580554 0.94425825643485939 14.443750000000003 0.91248814248966237 144.50000000000003 33.500000000000007 0.37411606975126815 1.0977044213632066
decision_type=2 2 2 2 2 2 2 2 2 2 2 2 2 2 2
left_child=7 3 14 4 -2 -4 -5 8 10 -10 -1 12 -9 -13 -3
right_child=1 2 5 6 -6 -7 -8 11 9 -11 -12 13 -14 -15 -16
leaf_value=1.425045979820392e-05 0.0085804992415240474 -0.006046914629354052 -0.0024877986821915114 0.0009686156000398489 -0.001059063983018686 0.011657372693316083 -0.00071537317025846146 -0.0027317610589326561 0.00039201450998549463 0.0026478583306026983 -0.00072137334520658584 -0.0051484132054795502 0.00075118510744625179 -0.00017900335553944067 -0.010604973398326743
leaf_weight=69908 103 755 116 1035 83 42 4211 584 1336 144 2486 362 1669 5594 45
leaf_count=69908 103 755 116 1035 83 42 4211 584 1336 144 2486 362 1669 5594 45
internal_value=-0.000108113 -0.000852896 -0.00379958 -0.000333212 0.00521505 0.00196202 -0.000529929 -5.01334e-05 2.40939e-05 0.00185811 -1.34001e-05 -0.000718115 0.000437194 -0.00115514 -0.0049375
internal_weight=88473 6390 958 5432 186 158 5246 82083 73874 1480 72394 8209 2253 5956 800
internal_count=88473 6390 958 5432 186 158 5246 82083 73874 1480 72394 8209 2253 5956 800
is_linear=0
shrinkage=0.05


Tree=185
num_leaves=16
num_cat=0
split_feature=6 5 5 18 0 5 5 4 18 21 21 19 22 12 3
split_gain=1.61657 4.15087 2.0203 3.3353 2.59376 1.76638 1.73274 2.2076 4.89373 2.85783 1.86322 2.6223 1.64538 1.31801 0.0877019
threshold=0.93469109537144635 0.26866988313759588 0.25206111083856975 40.062500000000007 202.50544034251308 0.3504237462291826 0.91248814248966237 -0.4124860612920454 35.312500000000007 1.003184943869877 0.10548706770870374 6.9312500000000012 0.38774515229442041 32.250000000000007 -0.72947329433276231
decision_type=2 2 2 2 2 2 2 2 2 2 2 2 2 2 2
left_child=6 2 4 -4 -2 14 7 9 -9 -1 11 -8 -12 -7 -3
right_child=1 5 3 -5 -6 13 10 8 -10 -11 12 -13 -14 -15 -16
leaf_value=6.2344061129036415e-05 -0.00012183907263130789 -0.011248694840404212 0.0024468546095759978 -0.0078825564837146818 -0.0034281239510928138 0.0028371391284279916 0.0091580665772517892 -0.00077716238465822896 3.9300407302561571e-05 0.00018560776928234525 -0.0029568345268054675 -0.004545592178580758 -8.9846492872759404e-05 -0.005112658612688459 -0.0059120071701573747
leaf_weight=48298 4966 41 103 52 298 101 57 4217 14991 2450 1760 73 10184 59 765
leaf_count=48298 4966 41 103 52 298 101 57 4217 14991 2450 1760 73 10184 59 765
internal_value=-7.54974e-05 -0.000841818 -0.000303563 0.00532258 -0.000469226 -0.00386128 -1.58491e-05 7.96203e-05 -0.000376927 0.000252423 -0.000568992 0.00538461 -0.000633792 0.000937499 -0.0048139
internal_weight=88415 6385 5419 155 5264 966 82030 69956 19208 50748 12074 130 11944 160 806
internal_count=88415 6385 5419 155 5264 966 82030 69956 19208 50748 12074 130 11944 160 806
is_linear=0
shrinkage=0.05


Tree=186
num_leaves=16
num_cat=0
split_feature=6 5 19 3 21 9 22 5 3 6 9 17 5 12 22
split_gain=2.23181 3.38827 2.42475 2.35344 2.62832 2.05317 2.71444 1.98123 2.92343 2.7288 1.94034 1.81934 1.73168 1.33684 0.167978
threshold=0.93469109537144635 0.26866988313759588 22.968750000000004 -0.9103761370219875 1.004898947615575 0.51916234862002109 1.0162741685147623 0.76696112484652035 0.032701564615071628 -0.57782411410281842 0.39408196235930854 16.500000000000004 0.3504237462291826 32.250000000000007 1.3165289260332931
decision_type=2 2 2 2 2 2 2 2 2 2 2 2 2 2 2
left_child=2 5 7 11 -5 10 -7 8 -1 -9 -2 -4 14 -14 -3
right_child=1 12 3 4 -6 6 -8 9 -10 -11 -12 -13 13 -15 -16
leaf_value=0.00044986012982481518 -0.00055894766440745707 -0.0054511099840780343 0.0051863974235729637 -6.3835171134820441e-05 0.00015691336975678761 -0.0029833386495141992 0.00055904858754592189 -0.00070440746470021645 -4.9969432199284352e-05 -5.899510035754721e-05 0.0015825013183925472 -0.0018861075241906628 0.0026952841170431677 -0.0048570256820540366 -0.0046810536116875245
leaf_weight=21933 3029 782 73 7464 278 945 165 1092 30773 18597 1205 1674 108 61 45
leaf_count=21933 3029 782 73 7464 278 945 165 1092 30773 18597 1205 1674 108 61 45
internal_value=-0.000113576 -0.00101735 -4.35995e-05 -0.000795132 -0.000421081 -0.00051834 -0.00243243 5.49059e-05 0.000214775 -0.000373052 -1.6534e-05 -0.00245278 -0.00369478 0.000917159 -0.00463724
internal_weight=88224 6340 81884 9489 7742 5344 1110 72395 52706 19689 4234 1747 996 169 827
internal_count=88224 6340 81884 9489 7742 5344 1110 72395 52706 19689 4234 1747 996 169 827
is_linear=0
shrinkage=0.05


Tree=187
num_leaves=16
num_cat=0
split_feature=6 5 16 4 6 5 6 6 16 0 5 5 19 5 3
split_gain=1.90356 3.48738 2.05961 3.86467 4.59136 3.95152 2.65861 3.06515 2.29544 1.68415 2.62563 1.54692 1.37619 1.23563 0.17611
threshold=0.93469109537144635 0.26866988313759588 497.35000000000008 -0.81241147629689003 -0.9575230291762723 0.99761913169647187 -0.96687281075841669 -0.79382744783423187 34.95000000000001 202.50544034251308 0.031174179426909168 0.3504237462291826 3.193750000000001 0.25206111083856975 -0.72947329433276231
decision_type=2 2 2 2 2 2 2 2 2 2 2 2 2 2 2
left_child=2 9 6 5 -5 -4 8 -8 -1 10 -2 14 -13 -11 -3
right_child=1 11 3 4 -6 -7 7 -9 -10 13 -12 12 -14 -15 -16
leaf_value=-0.0038296035691741171 -0.0010459156032812389 -0.012661495946504868 -1.6137405000275536e-06 0.00011811163234474252 -0.00038934321227172884 0.00045822285589354976 0.00068108072193038204 9.6849643314031258e-06 -0.00016769795284881332 -0.0033478926708512382 0.00086552671481453377 0.010807290469138163 -0.0018922450380875603 0.00029033334748536897 -0.0052897730369847185
leaf_weight=1418 3269 43 8206 1463 6409 332 11210 47592 5488 298 1776 40 128 45 755
leaf_count=1418 3269 43 8206 1463 6409 332 11210 47592 5488 298 1776 40 128 45 755
internal_value=-0.000105797 -0.000939567 -4.12832e-05 -0.000542353 -0.00134146 0.000194424 8.38547e-05 0.000192849 -0.000844195 -0.00044358 -0.000213083 -0.00370601 0.000654761 -0.00383382 -0.00462406
internal_weight=88472 6354 82118 16410 7872 8538 65708 58802 6906 5388 5045 966 168 343 798
internal_count=88472 6354 82118 16410 7872 8538 65708 58802 6906 5388 5045 966 168 343 798
is_linear=0
shrinkage=0.05


Tree=188
num_leaves=12
num_cat=0
split_feature=6 19 21 3 5 19 18 17 3 0 4
split_gain=1.51672 1.78177 1.54668 2.62163 4.45184 3.08523 2.54885 3.52735 3.357 0.846815 0.431122
threshold=0.99958851518450398 3.193750000000001 0.8391819921784468 0.58216583101416142 -0.61237985104942771 19.018750000000008 69.562500000000014 20.500000000000004 1.0000000180025095e-35 30.014085031546287 -0.99465189230620676
decision_type=2 2 2 2 2 2 2 2 2 2 2
left_child=2 9 6 5 -5 -4 8 -8 -1 -2 -11
right_child=1 -3 3 4 -6 -7 7 -9 -10 10 -12
leaf_value=0.00094025940617289191 0.0023973268261749643 0.0020838104203907801 0.00018670919678466397 -0.0013384018682477017 -7.3960705048906387e-05 -7.8874249563268655e-05 -0.0031935008955153951 -4.214477225837666e-05 -4.0818607447873545e-05 -0.0011634396821242384 -0.0068658205894015908
leaf_weight=5889 44 41 8358 2790 7026 8663 2689 44951 7691 49 392
leaf_count=5889 44 41 8358 2790 7026 8663 2689 44951 7691 49 392
internal_value=-0.000136766 -0.00281369 -0.000120775 -0.000437271 -0.00108802 -6.19834e-05 1.79668e-05 -0.000154283 0.000622237 -0.0036598 -0.00431973
internal_weight=88583 526 88057 26837 9816 17021 61220 47640 13580 485 441
internal_count=88583 526 88057 26837 9816 17021 61220 47640 13580 485 441
is_linear=0
shrinkage=0.05


Tree=189
num_leaves=16
num_cat=0
split_feature=16 21 17 3 19 3 22 17 6 6 6 7 3 18 17
split_gain=1.71695 2.79619 3.70625 3.71649 1.56287 2.41489 2.33369 2.28598 2.00832 7.8244 4.25838 1.14543 0.944642 0.325483 0.159023
threshold=859.20000000000016 1.0223828662151904 111.50000000000001 0.032701564615071628 22.968750000000004 -0.9103761370219875 0.95844462698335453 16.500000000000004 -0.25206183926700709 -0.16799793862756093 -0.34234976856068178 16.875000000000004 0.2269546835593246 2.0625000000000004 97.500000000000014
decision_type=2 2 2 2 2 2 2 2 2 2 2 2 2 2 2
left_child=4 2 3 -2 8 7 -7 -6 10 -10 -1 14 -13 -4 -3
right_child=1 11 13 -5 5 6 -8 -9 9 -11 -12 12 -14 -15 -16
leaf_value=3.3741056679502062e-05 8.2381162927093959e-05 -7.2221418432161233e-05 -0.00024909756695844638 0.00029332167478241607 0.006933146415575353 -0.00015652928905613586 5.7243863929945202e-05 -0.0017491694017420902 -0.0021666311052298925 -5.64693299254466e-05 0.0011351230246109635 -0.00013438568183209932 0.00020420205652540405 -1.1836019704058084e-05 -0.0003126021142713717
leaf_weight=31840 143 43 66 214 70 5961 1584 1677 2298 41241 2849 55 54 72 136
leaf_count=31840 143 43 66 214 70 5961 1584 1677 2298 41241 2849 55 54 72 136
internal_value=-0.000115116 0.00221584 0.00449495 0.00718487 -0.00013597 -0.000749033 -0.000361168 -0.00242416 -6.31499e-05 -0.000289282 0.000220674 -0.00170139 0.00233945 -0.00246377 -0.00416201
internal_weight=88303 783 495 357 87520 9292 7545 1747 78228 43539 34689 288 109 138 179
internal_count=88303 783 495 357 87520 9292 7545 1747 78228 43539 34689 288 109 138 179
is_linear=0
shrinkage=0.05


Tree=190
num_leaves=16
num_cat=0
split_feature=6 5 18 13 6 6 19 18 3 13 22 9 5 12 13
split_gain=1.65926 4.38617 2.40285 2.75032 1.82186 6.54095 7.28346 3.48459 1.67295 1.96287 1.53116 1.44582 0.965659 0.724934 0.117714
threshold=0.93469109537144635 0.26866988313759588 91.062500000000014 0.51615808870840063 0.86869874770991873 0.87709077819680659 4.0937500000000009 93.312500000000014 0.99892946161930185 0.82128278517973952 0.8235609847498907 0.24518814705566372 0.3504237462291826 32.250000000000007 0.61847387027231548
decision_type=2 2 2 2 2 2 2 2 2 2 2 2 2 2 2
left_child=4 2 3 -2 8 6 -6 -7 11 -10 -4 -1 14 -14 -3
right_child=1 12 10 -5 5 7 -8 -9 9 -11 -12 -13 13 -15 -16
leaf_value=-0.00098791404792423977 -0.000157982704888722 -0.0051381558374652969 -0.0023528007828336698 0.0016950636535598186 0.0075493641625529601 -0.0014761239384301357 -0.0019585309587094759 0.0026778308569331611 -0.0016145389845677956 0.0079150629368054289 0.0069341059588586551 -1.6436161778786378e-05 0.0013811860473868052 -0.0043657549003809507 -0.0034099504525215239
leaf_weight=5481 2938 759 1468 875 187 1312 136 1211 1017 40 118 72555 109 59 63
leaf_count=5481 2938 759 1468 875 187 1312 136 1211 1017 40 118 72555 109 59 63
internal_value=-0.000154426 -0.000930507 -0.000369514 0.000310778 -9.39125e-05 0.00114898 0.0078483 0.000291319 -0.000138635 -0.00211448 -0.00200505 -0.000111873 -0.0039899 -0.000535715 -0.00469586
internal_weight=88328 6389 5399 3813 81939 2846 323 2523 79093 1057 1586 78036 990 168 822
internal_count=88328 6389 5399 3813 81939 2846 323 2523 79093 1057 1586 78036 990 168 822
is_linear=0
shrinkage=0.05


Tree=191
num_leaves=15
num_cat=0
split_feature=9 20 2 5 17 14 19 4 6 6 6 5 5 21
split_gain=2.00195 1.9572 2.98447 8.52036 1.74129 2.05315 1.56736 2.23672 3.58813 2.01788 3.31873 3.18007 1.64955 0.758504
threshold=0.21510594599392183 3.5543750000000007 0.32172948883651126 0.61915405168109316 290.50000000000006 1.0000000180025095e-35 22.968750000000004 -0.38268343236508956 -0.99761278905001471 -0.71502926860092908 -0.69676771491221523 -0.62588817255938378 0.86548282553247169 0.80546688646185938
decision_type=2 2 2 2 2 2 2 2 2 2 2 2 2 2
left_child=1 4 3 -3 5 -1 9 8 -8 11 -11 -2 -9 -4
right_child=6 2 13 -5 -6 -7 7 12 -10 10 -12 -13 -14 -15
leaf_value=-0.00012948721024118453 -0.0015294249773787801 0.00066140365434773612 -0.0023991817062758518 0.0086773720954843245 0.0020681041770399646 -0.0019743677144405778 0.00016416323605358143 -0.0014120411664624891 -7.0094871620957075e-05 -0.0010961758023426797 -2.8658052297147975e-05 0.00030818642051067685 0.0019937614363179862 0.0020628112841062532
leaf_weight=1448 423 747 620 84 79 2536 700 1786 6974 646 53106 19201 59 42
leaf_count=1448 423 747 620 84 79 2536 700 1786 6974 646 53106 19201 59 42
internal_value=-0.000103505 -0.00102232 0.000525786 0.00252106 -0.00159119 -0.00173695 -4.19217e-05 -0.000645552 -0.000269743 3.63867e-05 -0.000122043 0.000470341 -0.00220867 -0.00197885
internal_weight=88451 5556 1493 831 4063 3984 82895 9519 7674 73376 53752 19624 1845 662
internal_count=88451 5556 1493 831 4063 3984 82895 9519 7674 73376 53752 19624 1845 662
is_linear=0
shrinkage=0.05


Tree=192
num_leaves=13
num_cat=0
split_feature=6 21 22 6 6 20 13 15 3 16 4 21
split_gain=1.73463 1.28 2.8261 3.0123 2.58928 2.50087 3.22603 3.09891 0.885068 0.693817 0.476649 0.0862615
threshold=0.99958851518450398 0.8391819921784468 0.75969313286720908 0.97461712852231652 -0.99628250747696534 1.2731250000000005 0.4376655710152581 23.500000000000004 -0.41248606129204529 7.1500000000000012 -0.99465189230620676 0.55734421939463286
decision_type=2 2 2 2 2 2 2 2 2 2 2 2
left_child=1 2 4 -4 -1 7 -7 -3 9 -2 -10 -12
right_child=8 5 3 -5 -6 6 -8 -9 10 -11 11 -13
leaf_value=-0.0022750976805340451 0.0013389861839637654 0.0041827728522967128 0.00032304030326039132 0.0050180842379873251 -5.0662527014602894e-05 0.00037991570708968973 -4.6375117188121629e-05 -0.00035463468724215001 0.00035619501126655378 -0.0212901678241934 -0.0069793897252453585 -0.0051860076257415726
leaf_weight=1538 64 318 11802 257 47550 4275 13460 8717 58 43 313 41
leaf_count=1538 64 318 11802 257 47550 4275 13460 8717 58 43 313 41
internal_value=-9.4759e-05 -7.7745e-05 4.84885e-05 0.000734305 -0.00011999 -0.000366083 -2.11458e-05 -0.00104317 -0.00297688 0.00107477 -0.00402913 -0.00471752
internal_weight=88436 87917 61147 12059 49088 26770 17735 9035 519 107 412 354
internal_count=88436 87917 61147 12059 49088 26770 17735 9035 519 107 412 354
is_linear=0
shrinkage=0.05


Tree=193
num_leaves=12
num_cat=0
split_feature=12 5 5 3 21 21 18 12 15 0 5
split_gain=1.59816 1.61802 3.8209 3.1418 3.29924 2.80675 2.21747 1.13799 0.250223 0.165742 0.295534
threshold=1.0000000180025095e-35 -0.8781231054254196 -0.65234524191686594 0.95642797789208711 1.0779155600281622 0.095831333234125987 28.937500000000004 75.450000000000003 15.500000000000002 113.41188530144682 0.30164402523644185
decision_type=2 2 2 2 2 2 2 2 2 2 2
left_child=8 3 5 4 -2 -3 -4 -5 9 10 -1
right_child=1 2 6 7 -6 -7 -8 -9 -10 -11 -12
leaf_value=0.0014651559875350985 0.00037826719419900741 0.00059312844578816035 -7.6799837005509493e-05 -0.0018711549734004491 0.0028898599353635946 -0.00056295232516621614 5.0881880894467738e-05 0.0062480795345256504 -0.0086544951689491532 -0.0038903638280074165 -0.011708447480264554
leaf_weight=82 12776 2004 12932 1501 217 9086 49557 165 157 43 59
leaf_count=82 12776 2004 12932 1501 217 9086 49557 165 157 43 59
internal_value=-0.000117354 -0.000104151 -0.000199719 0.000375536 0.00063765 -0.00105501 -4.79296e-05 -0.00166867 -0.00353373 -0.00228261 -0.0014539
internal_weight=88579 88238 73579 14659 12993 11090 62489 1666 341 184 141
internal_count=88579 88238 73579 14659 12993 11090 62489 1666 341 184 141
is_linear=0
shrinkage=0.05


Tree=194
num_leaves=16
num_cat=0
split_feature=16 5 4 21 13 4 19 5 18 16 2 22 9 13 3
split_gain=1.94977 4.66201 3.07732 3.1956 2.50973 3.33387 1.79671 2.70983 3.2301 1.67281 2.38619 2.29748 1.52842 1.45593 0.72989
threshold=792.40000000000009 -0.72696319516528884 -0.88144907265856332 0.9809738763063528 0.89022168039656369 -0.88144907265856332 22.968750000000004 -0.29343379936893921 1.0000000180025095e-35 649.75000000000011 0.60382395614917261 0.75969313286720908 0.70124321613992191 0.41840907693660395 0.16280825711808991
decision_type=2 2 2 2 2 2 2 2 2 2 2 2 2 2 2
left_child=6 4 12 -4 5 -2 9 13 -9 11 -11 -1 -3 -8 -6
right_child=1 2 3 -5 14 -7 7 8 -10 10 -12 -13 -14 -15 -16
leaf_value=-0.00017080649710643188 0.00050969460485880463 -0.00021681245856767736 -0.00026465320312579169 0.00019913477362289167 -0.00049224403780076195 -0.00012136208930409866 0.00010857547372958586 0.00011955429439932096 -2.2488454786925738e-05 -0.00030822083850811093 5.4711893756755052e-05 0.00018695528762920335 1.96634721614532e-05 -0.00058892421546863285 0.00015586788098134789
leaf_weight=48788 175 549 153 741 41 48 726 145 3966 2063 1562 24808 1203 3402 50
leaf_count=48788 175 549 153 741 41 48 726 145 3966 2063 1562 24808 1203 3402 50
internal_value=-7.91688e-05 0.00118243 0.000498865 0.0028859 0.00694267 0.00979821 -0.000122866 -0.000824737 8.392e-05 -4.79804e-05 -0.00109655 3.66749e-06 -0.000719179 -0.00172965 -5.49462e-05
internal_weight=88420 2960 2646 894 314 223 85460 8239 4111 77221 3625 73596 1752 4128 91
internal_count=88420 2960 2646 894 314 223 85460 8239 4111 77221 3625 73596 1752 4128 91
is_linear=0
shrinkage=0.05


Tree=195
num_leaves=14
num_cat=0
split_feature=6 6 9 12 6 5 6 12 1 20 12 3 0
split_gain=1.48793 1.68136 3.78308 3.06358 1.93509 2.7949 1.73701 1.55324 1.39161 1.30499 0.469822 0.769161 0.0220326
threshold=0.99958851518450398 0.99681593486783593 0.58690526621778438 99.750000000000014 0.93469109537144635 0.26866988313759588 0.91511078773075516 9.7500000000000018 237.8407260408529 1.0818750000000004 52.650000000000006 0.032701564615071628 67.203922896230281
decision_type=2 2 2 2 2 2 2 2 2 2 2 2 2
left_child=1 4 3 -3 6 -6 -1 9 -4 -2 12 -12 -9
right_child=7 2 8 -5 5 -7 -8 10 -10 -11 11 -13 -14
leaf_value=-2.6883244802644593e-05 -0.013249387290938048 0.0040280979157195362 -0.0033204108658886986 0.0068856930491748847 -0.00026055825683055252 -0.0039239755514346884 0.0019912581069030451 -0.015116503716833219 0.0027845849642170479 0.0046272320170515921 0.0064730657452163887 -0.0088673318121797341 -0.0059195511872491453
leaf_weight=81078 42 498 298 66 3998 960 938 40 45 40 45 53 297
leaf_count=81078 42 498 298 66 3998 960 938 40 45 40 45 53 297
internal_value=-0.000101135 -8.54008e-05 0.00205623 0.00457447 -0.000107735 -0.00106696 -4.97476e-05 -0.00277563 -0.00208455 0.00353658 -0.00396552 -0.000918369 -0.00485163
internal_weight=88398 87881 907 564 86974 4958 82016 517 343 82 435 98 337
internal_count=88398 87881 907 564 86974 4958 82016 517 343 82 435 98 337
is_linear=0
shrinkage=0.05


Tree=196
num_leaves=16
num_cat=0
split_feature=9 6 5 13 6 4 9 9 9 19 6 19 9 22 12
split_gain=1.81136 3.13388 3.55714 4.59795 3.51279 3.5495 3.44577 2.77802 3.32511 4.06511 2.56934 2.90159 2.4732 1.05748 0.726638
threshold=0.69931833206448257 -0.94703994556331683 0.30983042691905771 0.82128278517973952 -0.86974577485258975 0.13052619222005193 0.71199056465922095 0.56200434853822567 0.55914236612430879 8.1562500000000018 0.86869874770991873 24.568750000000005 0.39647989154135294 1.0293035629528646 25.050000000000001
decision_type=2 2 2 2 2 2 2 2 2 2 2 2 2 2 2
left_child=7 2 6 -4 14 -6 -2 8 12 -10 11 -9 -1 -12 -3
right_child=1 4 3 -5 5 -7 -8 10 9 -11 13 -13 -14 -15 -16
leaf_value=-0.00026760426262474488 0.0016395796532312286 0.0033439753906636728 0.0042815624558158799 -3.3742325996017212e-05 8.0763899082607097e-06 0.0063004538724165437 8.0102391624207726e-05 -0.00014748673349965213 0.0043778398019359479 0.0012762469059139456 -0.0032813239137424247 -0.00048097292563512663 0.00019261024865990778 0.00031314812676798371 -0.00068570785945027335
leaf_weight=24176 463 66 77 75 9710 418 3174 18165 53 670 989 1767 27284 153 1168
leaf_count=24176 463 66 77 75 9710 418 3174 18165 53 670 989 1767 27284 153 1168
internal_value=-9.20743e-05 0.000405583 0.00165083 0.00914474 -9.68259e-06 0.000297195 0.00133764 -0.000195 6.69524e-07 0.00336791 -0.000679511 -0.000547362 -4.66394e-05 -0.00298599 -0.00252836
internal_weight=88408 15151 3789 152 11362 10128 3637 73257 52183 723 21074 19932 51460 1142 1234
internal_count=88408 15151 3789 152 11362 10128 3637 73257 52183 723 21074 19932 51460 1142 1234
is_linear=0
shrinkage=0.05


Tree=197
num_leaves=16
num_cat=0
split_feature=16 5 6 6 1 16 20 6 6 21 13 19 9 9 0
split_gain=1.7579 3.06603 3.32392 3.51327 3.47177 2.56423 3.68968 6.4067 3.52694 2.5021 2.97084 2.31676 2.25856 2.00463 0.630945
threshold=769.55000000000007 -0.72696319516528884 -0.99628250747696534 0.45847758937963173 729.23864370759873 497.35000000000008 2.5531250000000005 0.28313308994381592 -0.9292178835113839 0.97558702407764564 0.89022168039656369 28.406250000000004 0.72841921524966591 0.6421780912199585 588.6704487576319
decision_type=2 2 2 2 2 2 2 2 2 2 2 2 2 2 2
left_child=5 9 4 -4 -3 11 8 -8 -7 14 -11 12 -1 -13 -2
right_child=1 2 3 -5 -6 6 7 -9 -10 10 -12 13 -14 -15 -16
leaf_value=-5.2840802442776135e-05 -0.00038476638914082821 0.00040515618359229029 -1.1962378772556758e-05 0.00032119597441349626 3.0492751123709562e-05 6.5902662189685132e-05 -9.9900751526866972e-05 0.0017140587959686854 -0.00049332384824156146 0.00053709872320791832 -0.00015792369905607106 0.0010877478764664435 0.00066283498444666216 -0.0011870419933389437 2.4316466251022873e-05
leaf_weight=66370 62 51 3019 63 212 1593 4799 736 5583 226 101 93 4597 684 45
leaf_count=66370 62 51 3019 63 212 1593 4799 736 5583 226 101 93 4597 684 45
internal_value=-0.000101096 0.000953955 0.000440955 -1.94691e-05 0.0058365 -0.000148305 -0.000802849 0.000167117 -0.001551 0.00490783 0.00707951 -3.23384e-05 -2.60804e-06 -0.00274775 -0.00172897
internal_weight=88234 3779 3345 3082 263 84455 12711 5535 7176 434 327 71744 70967 777 107
internal_count=88234 3779 3345 3082 263 84455 12711 5535 7176 434 327 71744 70967 777 107
is_linear=0
shrinkage=0.05


Tree=198
num_leaves=12
num_cat=0
split_feature=19 5 7 22 21 18 21 22 16 16 16
split_gain=1.49965 1.69535 1.35785 1.7194 4.64287 1.89655 1.24554 3.1798 1.51998 0.411872 0.431493
threshold=-1.1187499999999997 0.7210268013660811 18.125000000000004 0.75378224007178518 0.8391819921784468 69.562500000000014 0.64446656100762778 0.58209161818374422 757.6500000000002 374.05000000000007 36.350000000000001
decision_type=2 2 2 2 2 2 2 2 2 2 2
left_child=1 9 3 5 -5 -2 7 -4 -8 10 -1
right_child=2 -3 6 4 -6 -7 8 -9 -10 -11 -12
leaf_value=-0.0052408951788750291 0.00020365064114523672 0.0016107551000754058 0.00011254140808390538 0.0005630525878627669 -5.2797130674703266e-05 -0.00064005847416765316 -0.00010677950259757425 0.0014388929282438988 9.6191057379606167e-05 5.1955037611788419e-05 -0.0032918285695209023
leaf_weight=128 6977 73 10610 8408 17558 26743 13052 3094 1335 53 362
leaf_count=128 6977 73 10610 8408 17558 26743 13052 3094 1335 53 362
internal_value=-0.000106514 -0.00256494 -8.92615e-05 -0.000224174 8.1644e-05 -0.000459669 0.000197393 0.000538528 -0.000127547 -0.0035267 -0.00397959
internal_weight=88393 616 87777 59686 25966 33720 28091 13704 14387 543 490
internal_count=88393 616 87777 59686 25966 33720 28091 13704 14387 543 490
is_linear=0
shrinkage=0.05


Tree=199
num_leaves=12
num_cat=0
split_feature=6 3 12 6 20 13 0 19 4 0 12
split_gain=1.5403 2.19368 1.67918 1.67659 4.92932 1.64952 1.84388 1.55795 0.239505 0.199768 0.0222678
threshold=0.99958851518450398 -0.41248606129204529 9.7500000000000018 0.99932962452255414 2.3793750000000009 0.070928051086202856 14.761997088644963 22.968750000000004 -0.99465189230620676 127.1191484248062 8.8500000000000014
decision_type=2 2 2 2 2 2 2 2 2 2 2
left_child=3 2 -2 5 9 6 -1 -7 -3 -5 -10
right_child=1 8 -4 4 -6 7 -8 -9 10 -11 -12
leaf_value=0.0010944036170722233 0.0041201830526425799 -0.0042865549569769366 -0.00027517547297363222 -0.00053915145301485802 0.011203947484667852 9.0689447121988487e-06 -0.0028476258600263708 -9.0591436509085416e-05 -0.012778142500444262 -0.0037134249495137011 -0.0058812258789447064
leaf_weight=300 43 54 60 41 62 75884 1822 9575 40 43 326
leaf_count=300 43 54 60 41 62 75884 1822 9575 40 43 326
internal_value=-9.57519e-05 -0.00280115 0.00373786 -7.96232e-05 0.00527397 -8.85478e-05 -0.0014656 -5.43547e-05 -0.00440476 -0.00261905 -0.00486339
internal_weight=88250 523 103 87727 146 87581 2122 85459 420 84 366
internal_count=88250 523 103 87727 146 87581 2122 85459 420 84 366
is_linear=0
shrinkage=0.05


Tree=200
num_leaves=16
num_cat=0
split_feature=1 3 22 0 9 18 21 9 6 19 14 5 22 5 5
split_gain=2.11505 4.3939 3.958 5.32809 2.82604 7.22403 3.17687 2.67677 2.40988 2.34751 2.05459 8.10233 3.88564 1.86271 1.74138
threshold=317.99162802398888 0.97335555334614954 0.94201871025000095 271.4752928041292 0.56316546290582981 9.5625000000000018 1.1189241302968169 0.39408196235930854 0.99681593486783593 20.318750000000005 1.0000000180025095e-35 -0.96235977360714686 0.18267135557735961 -0.94139628442229062 0.94425825643485939
decision_type=2 2 2 2 2 2 2 2 2 2 2 2 2 2 2
left_child=4 10 9 -4 7 13 -7 14 -9 -3 11 -2 -12 -6 -1
right_child=1 2 3 -5 5 6 -8 8 -10 -11 12 -13 -14 -15 -16
leaf_value=-0.00080990414249794125 0.0038021556822787125 0.00040321760365329444 -0.00044905564759466503 0.0012127775113422127 0.00031372353823847513 -0.0004428816780528644 0.0012758060438717086 0.00026359161094024748 0.0038781785272543135 0.0047803898074635 -0.0037474113750893632 -6.0957615607150648e-06 1.6516776163245087e-05 -0.0022932766367731758 0.00097708656086635255
leaf_weight=12720 288 1236 68 185 200 9719 666 12240 405 136 1222 1102 45037 2297 896
leaf_count=12720 288 1236 68 185 200 9719 666 12240 405 136 1222 1102 45037 2297 896
internal_value=-8.23948e-05 0.000135567 0.00269231 0.00843873 -0.00035677 -0.000963361 -0.000382765 -5.92145e-05 0.000464609 0.00163265 4.83734e-05 0.00194244 -8.54007e-06 -0.00337805 -0.000545683
internal_weight=88417 49274 1625 253 39143 12882 10385 26261 12645 1372 47649 1390 46259 2497 13616
internal_count=88417 49274 1625 253 39143 12882 10385 26261 12645 1372 47649 1390 46259 2497 13616
is_linear=0
shrinkage=0.05


Tree=201
num_leaves=13
num_cat=0
split_feature=6 6 9 12 1 15 15 3 12 1 4 22
split_gain=2.20255 1.4144 3.45367 2.40248 1.55104 3.75733 3.64691 1.04494 0.952501 0.785514 0.130364 0.0221831
threshold=0.99958851518450398 0.99681593486783593 0.58690526621778438 91.350000000000009 480.89458432644409 38.500000000000007 405.50000000000006 -0.41248606129204529 9.7500000000000018 237.8407260408529 -0.99465189230620676 0.60497889451880793
decision_type=2 2 2 2 2 2 2 2 2 2 2 2
left_child=1 4 3 -3 6 -6 -1 8 -2 -4 -9 -12
right_child=7 2 9 -5 5 -7 -8 10 -10 -11 11 -13
leaf_value=-0.00010995381711397441 0.002837596072942782 0.0034613036080724533 -0.0029937385798952335 0.0063298750187496923 0.0044342780457601143 2.7366073565898102e-05 -0.00054384721421369406 -0.0053319106769917166 -0.0014323564838357847 0.0019977243065542718 -0.006020660793150669 -0.0064408027314717502
leaf_weight=52470 42 471 287 81 149 33132 1139 54 66 44 315 40
leaf_count=52470 42 471 287 81 149 33132 1139 54 66 44 315 40
internal_value=-0.000101938 -8.27715e-05 0.00190827 0.00432971 -0.000103005 0.000165108 -0.000269452 -0.0033559 0.00101852 -0.00212991 -0.004511 -0.00485916
internal_weight=88290 87773 883 552 86890 33281 53609 517 108 331 409 355
internal_count=88290 87773 883 552 86890 33281 53609 517 108 331 409 355
is_linear=0
shrinkage=0.05


Tree=202
num_leaves=13
num_cat=0
split_feature=6 9 22 21 16 19 9 12 3 16 4 12
split_gain=2.16223 1.61844 3.37993 3.45264 1.89386 2.63166 2.01633 1.53157 1.09774 0.797727 0.139879 0.0221831
threshold=0.99958851518450398 0.72841921524966591 0.98744854199646437 0.96732513451806834 859.20000000000016 15.768750000000002 0.71544931210153451 16.050000000000004 -0.41248606129204529 7.1500000000000012 -0.99465189230620676 9.7500000000000018
decision_type=2 2 2 2 2 2 2 2 2 2 2 2
left_child=1 4 3 -3 6 -6 -1 -4 9 -2 -10 -12
right_child=8 2 7 -5 5 -7 -8 -9 10 -11 11 -13
leaf_value=-5.4466115063022454e-05 0.0040942212997208292 0.00020241454941053501 0.0013583388764968299 0.00038598945447546138 0.00077939173819196409 3.5998424662649321e-05 -0.00045196783138834489 -8.6345510949147752e-05 -0.0058116127641632681 -0.020263067070714881 -0.01258293007090011 -0.0055568929507978518
leaf_weight=75609 60 5637 164 778 46 344 2546 2766 51 44 40 315
leaf_count=75609 60 5637 164 778 46 344 2546 2766 51 44 40 315
internal_value=-8.71053e-05 -6.82683e-05 0.000553771 0.00119641 -0.000142276 0.00333333 -0.00015962 -0.000853244 -0.00333333 0.00125 -0.00450739 -0.00485916
internal_weight=88400 87890 9345 6415 78545 390 78155 2930 510 104 406 355
internal_count=88400 87890 9345 6415 78545 390 78155 2930 510 104 406 355
is_linear=0
shrinkage=0.05


Tree=203
num_leaves=13
num_cat=0
split_feature=6 16 5 21 19 12 16 12 0 6 3 13
split_gain=2.11449 1.57974 3.85375 2.67882 2.13372 1.7472 1.6684 1.52942 1.00739 0.418958 0.615849 0.0208941
threshold=0.99958851518450398 792.40000000000009 -0.83377653105606597 0.99360037938833767 26.831250000000004 232.95000000000002 298.95000000000005 507.15000000000003 30.014085031546287 0.99999537620422141 0.032701564615071628 0.45174851344864103
decision_type=2 2 2 2 2 2 2 2 2 2 2 2
left_child=1 4 7 -4 6 -6 -1 -3 -2 11 -11 -10
right_child=8 2 3 -5 5 -7 -8 -9 9 10 -12 -13
leaf_value=9.2660956585270519e-05 0.0015599143453607185 0.00013696145856129471 -6.040162657071543e-05 9.2656841097453474e-05 -0.0012338834254843113 -5.1029515435022851e-05 -9.2706747464119533e-05 0.00061685583047200771 -0.00621126244654079 0.0046014523584327919 -0.0033738957158324897 -0.0024079940802365532
leaf_weight=54123 45 61 945 1920 974 1910 27903 51 301 52 77 42
leaf_count=54123 45 61 945 1920 974 1910 27903 51 301 52 77 42
internal_value=-7.09256e-05 -5.21705e-05 0.00107995 0.000724257 -9.18632e-05 -0.00142857 -4.4865e-05 0.0101786 -0.00325919 -0.00394068 -0.00151163 -0.00485423
internal_weight=88404 87887 2977 2865 84910 2884 82026 112 517 472 129 343
internal_count=88404 87887 2977 2865 84910 2884 82026 112 517 472 129 343
is_linear=0
shrinkage=0.05


Tree=204
num_leaves=13
num_cat=0
split_feature=6 6 18 5 9 20 9 12 20 22 20 7
split_gain=1.55357 1.2807 3.12079 3.78431 1.67176 2.36877 1.55714 1.00262 0.876623 0.498737 0.273969 0.389771
threshold=0.99958851518450398 0.99681593486783593 98.937500000000014 0.06553689391773225 0.21510594599392183 3.5543750000000007 0.22744884391036158 9.7500000000000018 1.0306250000000003 0.72372268475860291 0.39562500000000006 12.625000000000002
decision_type=2 2 2 2 2 2 2 2 2 2 2 2
left_child=1 4 3 -3 5 -1 -6 8 -2 -4 11 -9
right_child=7 2 9 -5 6 -7 -8 10 -10 -11 -12 -13
leaf_value=-0.0015252890236402861 -0.012265856195183961 0.0021283926153363554 -0.0096691375680403157 0.010042066343965305 0.0024670500453669512 0.0012691322415494402 -1.6953978756412525e-05 5.3736537626370833e-05 0.0041614823427246986 0.0010382187011337017 -0.0061431620523255993 -0.0038118224713373041
leaf_weight=3840 44 615 158 77 881 1379 80900 74 40 40 231 123
leaf_count=3840 44 615 158 77 881 1379 80900 74 40 40 231 123
internal_value=-0.000105316 -8.93174e-05 0.00179775 0.0033815 -0.000108622 -0.000976242 -5.32532e-05 -0.00285156 0.00214286 -0.00373737 -0.00383178 -0.00246193
internal_weight=88402 87890 890 692 87000 5219 81781 512 84 198 428 197
internal_count=88402 87890 890 692 87000 5219 81781 512 84 198 428 197
is_linear=0
shrinkage=0.05


Tree=205
num_leaves=12
num_cat=0
split_feature=6 19 13 19 13 12 12 12 5 20 4
split_gain=2.0333 1.51061 1.96364 1.53808 1.11773 0.793056 0.592593 0.462367 0.316509 0.265583 0.467497
threshold=0.99958851518450398 -1.1187499999999997 0.75024451953976723 30.293750000000006 0.070928051086202856 507.15000000000003 9.7500000000000018 5.2500000000000009 0.56369777965491019 0.39562500000000006 -0.98611507088852035
decision_type=2 2 2 2 2 2 2 2 2 2 2
left_child=1 2 8 4 -3 -5 7 -2 -1 10 -8
right_child=6 3 -4 5 -6 -7 9 -9 -10 -11 -12
leaf_value=-0.002834786543743046 -0.0079858002195569485 -0.0011326545651969885 0.0016485400647887477 -0.00034535377267666572 -5.1827115266078756e-09 -1.1340817580252072e-06 0.00027466114975558401 0.0028930812182854943 -0.00042680406442452889 -0.0054677138841666357 -0.0024533136843557994
leaf_weight=492 47 2146 43 756 84021 394 42 43 90 245 163
leaf_count=492 47 2146 43 756 84021 394 42 43 90 245 163
internal_value=-8.93979e-05 -7.06159e-05 -0.00252 -5.30836e-05 -2.88405e-05 -0.00186957 -0.00314815 0.000555554 -0.00328179 -0.00388889 -0.00256098
internal_weight=88482 87942 625 87317 86167 1150 540 90 582 450 205
internal_count=88482 87942 625 87317 86167 1150 540 90 582 450 205
is_linear=0
shrinkage=0.05


Tree=206
num_leaves=12
num_cat=0
split_feature=6 12 6 6 22 0 4 21 6 3 5
split_gain=1.69126 1.26267 1.10945 6.00971 2.71218 0.951084 0.478982 0.404241 0.377949 0.148439 0.0780488
threshold=0.99958851518450398 1.0000000180025095e-35 -0.99052477729077237 -0.98521978256641018 0.36447315286211562 30.014085031546287 -0.99465189230620676 1.0000000180025095e-35 0.81304046271159414 -0.41248606129204529 -0.71504373327588355
decision_type=2 2 2 2 2 2 2 2 2 2 2
left_child=1 7 4 -4 -3 -2 -7 8 -1 -8 -9
right_child=5 2 3 -5 -6 6 9 10 -10 -11 -12
leaf_value=-0.002904318498729313 0.0018010112545114407 -0.0078139344734649337 0.0014167496443004009 -1.5326404864501874e-05 -4.6684107578280515e-05 0.0095201463740817466 -0.00074748860382613464 -0.011731399401966448 0.0010806368650304976 -0.0047745711528780991 -0.005123075340638026
leaf_weight=65 54 635 1272 81420 4349 51 71 41 56 334 164
leaf_count=65 54 635 1272 81420 4349 51 71 41 56 334 164
internal_value=-7.01612e-05 -5.35227e-05 -4.19739e-05 1.69184e-06 -0.000766454 -0.00294118 -0.00368421 -0.00315951 -0.00086777 -0.00425926 -0.0045122
internal_weight=88512 88002 87676 82692 4984 510 456 326 121 405 205
internal_count=88512 88002 87676 82692 4984 510 456 326 121 405 205
is_linear=0
shrinkage=0.05


Tree=207
num_leaves=16
num_cat=0
split_feature=4 18 18 0 20 5 22 19 19 21 0 5 6 6 16
split_gain=1.50326 5.36904 3.89274 3.99367 4.27741 3.29465 2.96925 2.93796 2.90985 2.75328 4.11919 2.37886 2.26215 1.28408 0.726943
threshold=-0.58216583101416164 8.6875000000000018 76.062500000000014 37.172506674239081 1.9256250000000004 0.99761913169647187 0.14197931339152228 0.45625000000000004 26.556250000000006 0.9467953645701922 164.37909635928699 -0.96235977360714686 -0.99761278905001471 0.91511078773075516 444.85000000000008
decision_type=2 2 2 2 2 2 2 2 2 2 2 2 2 2 2
left_child=2 9 3 4 -1 -5 13 -8 11 10 -2 -3 -11 -4 -10
right_child=1 8 6 5 -6 -7 7 -9 14 12 -12 -13 -14 -15 -16
leaf_value=0.0035442276616331654 -0.0014716899841477303 -0.0018117048234463319 -0.0050353824958403546 7.4575060891174383e-05 0.0075957486851533423 0.00065307209289978746 -0.0035801722669739668 -7.7832706492664145e-05 -0.0017356238039733464 0.00022663643393016275 0.0013925970472164035 7.1344114373760815e-05 -0.00087471768634685598 0.00055622062641275669 -0.00021148288410208771
leaf_weight=487 1167 2330 810 23955 54 570 616 29225 678 111 373 24730 2561 167 320
leaf_count=487 1167 2330 810 23955 54 570 616 29225 678 111 373 24730 2561 167 320
internal_value=-7.22611e-05 -0.000343974 8.46384e-05 0.000547354 0.00479667 0.000453618 -0.000291714 -0.00020291 -9.4092e-05 -0.00200855 -0.000324677 3.6943e-06 -0.00297904 -0.0030041 -0.00274549
internal_weight=88154 32270 55884 25066 541 24525 30818 29841 28058 4212 1540 27060 2672 977 998
internal_count=88154 32270 55884 25066 541 24525 30818 29841 28058 4212 1540 27060 2672 977 998
is_linear=0
shrinkage=0.05


Tree=208
num_leaves=11
num_cat=0
split_feature=6 0 5 12 20 13 6 13 3 6
split_gain=1.59538 1.52497 1.31851 1.50866 1.61164 1.16462 1.82973 1.60363 0.467252 0.939301
threshold=0.99958851518450398 30.014085031546287 0.99939377080793557 15.150000000000002 5.4931250000000009 -1.0000000180025095e-35 0.78192542922038288 0.070928051086202856 0.032701564615071628 0.99999537620422141
decision_type=2 2 2 2 2 2 2 2 2 2
left_child=2 -2 5 -4 -5 6 -1 -7 9 -3
right_child=1 8 3 4 -6 7 -8 -9 -10 -11
leaf_value=0.0018639517145511487 0.0022528611115299794 -0.0030936506979297312 0.0033676387750509367 -0.00077715270790983115 0.00049442738515542467 -0.0021082543364954669 -0.0039175396075124408 -8.0177632414947431e-06 -0.0044447762716610549 0.0040832398761527109
leaf_weight=129 46 148 53 773 170 2066 42 84650 277 59
leaf_count=129 46 148 53 773 170 2066 42 84650 277 59
internal_value=-9.51795e-05 -0.00283019 -7.86854e-05 -0.00188755 -0.00234889 -5.795e-05 0.00406433 -6.6079e-05 -0.00365703 -0.0018599
internal_weight=88413 530 87883 996 943 86887 171 86716 484 207
internal_count=88413 530 87883 996 943 86887 171 86716 484 207
is_linear=0
shrinkage=0.05


Tree=209
num_leaves=14
num_cat=0
split_feature=6 6 20 16 4 20 3 16 5 0 6 20 20
split_gain=1.75779 1.54603 5.26174 1.185 3.08368 1.55981 0.59922 0.870547 0.496004 0.220225 0.0763209 0.107143 0.0151961
threshold=0.99958851518450398 0.99932962452255414 2.3793750000000009 497.35000000000008 -0.81241147629689003 3.7343750000000009 0.032701564615071628 6.7500000000000009 0.013976441590891219 127.1191484248062 0.99999537620422141 5.2806250000000015 3.928125000000001
decision_type=2 2 2 2 2 2 2 2 2 2 2 2 2
left_child=1 3 9 5 -5 -1 7 8 -2 -3 -8 -12 -9
right_child=6 2 -4 4 -6 -7 10 12 -10 -11 11 -13 -14
leaf_value=8.856310303418539e-05 0.0038091115270439606 -0.00031440741215398743 0.010437235627101547 1.9917297418516792e-05 -0.00017266067193810638 -0.00036796978149424074 -0.0058011151644188266 -0.0076875462404081552 -0.0050421042435389862 -0.0037874982055114076 -0.0002031850403475356 -0.0046908003418984533 -0.01064385338261392
leaf_weight=57015 84 40 61 8709 7954 14125 208 62 43 49 42 42 40
leaf_count=57015 84 40 61 8709 7954 14125 208 62 43 49 42 42 40
internal_value=-8.89539e-05 -7.18009e-05 0.005 -8.04654e-05 -0.000460002 8.43288e-06 -0.00298465 -0.00106987 0.00169291 -0.00275281 -0.0044863 -0.00321429 -0.00450981
internal_weight=88474 87953 150 87803 16663 71140 521 229 127 89 292 84 102
internal_count=88474 87953 150 87803 16663 71140 521 229 127 89 292 84 102
is_linear=0
shrinkage=0.05


Tree=210
num_leaves=13
num_cat=0
split_feature=6 19 16 9 2 5 5 20 0 6 3 3
split_gain=1.57174 1.53694 2.50881 3.97961 2.36899 1.52909 1.81877 1.64442 1.30854 0.389077 0.689473 0.0486841
threshold=0.99958851518450398 22.968750000000004 757.6500000000002 0.6572093291682527 0.85634169171603114 0.98802474685579866 0.98372640911059162 2.5206250000000008 30.014085031546287 0.99999537620422141 0.032701564615071628 -0.097964660725097089
decision_type=2 2 2 2 2 2 2 2 2 2 2 2
left_child=1 5 4 -4 -3 6 -1 -7 -2 11 -11 -10
right_child=8 2 3 -5 -6 7 -8 -9 9 10 -12 -13
leaf_value=2.2330390894265142e-05 0.0016556312559302085 -0.00032096660343287122 -0.0002715002666546782 5.7357617153458898e-05 0.00048757396179707584 -0.00052932176332996415 0.002539643273279928 -1.748801744859785e-05 -0.002141770461073928 0.0035253682368768581 -0.0027438239777050257 -0.0054865336856127558
leaf_weight=73125 51 6940 351 1580 739 1500 720 2959 119 58 81 215
leaf_count=73125 51 6940 351 1580 739 1500 720 2959 119 58 81 215
internal_value=-7.5082e-05 -5.88087e-05 -0.000655568 0.000955462 -0.00106069 1.44297e-05 6.87238e-05 -0.000884729 -0.00280534 -0.00362579 -0.00140288 -0.0045509
internal_weight=88438 87914 9610 1931 7679 78304 73845 4459 524 473 139 334
internal_count=88438 87914 9610 1931 7679 78304 73845 4459 524 473 139 334
is_linear=0
shrinkage=0.05


Tree=211
num_leaves=13
num_cat=0
split_feature=5 16 5 3 18 5 20 3 17 18 20 16
split_gain=1.3144 3.71782 3.12392 2.94159 4.39248 2.8018 4.03107 3.31484 2.61945 1.94626 4.04754 2.15295
threshold=-0.8781231054254196 778.55000000000007 -0.65234524191686594 0.63405362205439464 63.062500000000007 -0.90893996196865023 1.6156250000000003 0.47114434510950071 251.50000000000003 28.062500000000004 4.8018750000000017 1.7500000000000002
decision_type=2 2 2 2 2 2 2 2 2 2 2 2
left_child=1 5 3 4 -2 7 -7 -1 -5 10 -4 -11
right_child=2 -3 9 8 -6 6 -8 -9 -10 11 -12 -13
leaf_value=0.00037323336207056764 0.00017493695755843355 0.00028380399897369728 -7.9313010650140632e-05 -0.0014478180974528169 -0.00095562266658462337 -0.00067498874682197509 0.0025629156216094092 -0.00084341509707016303 0.0012849024929391601 -0.0016013536743495317 0.00057791877764444446 0.00010114526284063055
leaf_weight=7592 3456 63 12630 3464 4115 942 1199 4923 43 4368 182 45397
leaf_count=7592 3456 63 12630 3464 4115 942 1199 4923 43 4368 182 45397
internal_value=-9.13176e-05 0.000340035 -0.000177518 -0.000951436 -0.00039691 0.000287935 0.00195936 1.99641e-06 -0.00214856 -4.05113e-05 -0.000590073 0.000100973
internal_weight=88374 14719 73655 11078 7571 14656 2141 12515 3507 62577 12812 49765
internal_count=88374 14719 73655 11078 7571 14656 2141 12515 3507 62577 12812 49765
is_linear=0
shrinkage=0.05


Tree=212
num_leaves=13
num_cat=0
split_feature=6 19 21 16 2 15 20 3 0 6 3 3
split_gain=1.82491 1.25387 2.97961 6.34353 2.74757 1.66115 1.96758 1.65225 1.23928 0.282788 0.405564 0.0474547
threshold=0.99958851518450398 19.606250000000006 0.31635200896322335 8.4500000000000011 0.38137531906896349 586.50000000000011 3.5131250000000009 -0.98611507088852024 30.014085031546287 0.99999537620422141 0.032701564615071628 -0.097964660725097089
decision_type=2 2 2 2 2 2 2 2 2 2 2 2
left_child=1 5 3 -3 -4 7 -7 -1 -2 11 -11 -10
right_child=8 2 4 -5 -6 6 -8 -9 9 10 -12 -13
leaf_value=0.0012440303535239338 0.001300637779279153 -0.0026507311108078728 -0.0013848704410667234 0.0059017782762931072 -3.5020046734987401e-05 4.6690417737271968e-05 0.00054302245908712714 -2.0005438805514866e-05 -0.0019328114428622083 0.0031979474992455017 -0.0020727281410213888 -0.0051544768930043778
leaf_weight=1664 46 366 3518 406 15559 2049 1014 63338 122 54 70 220
leaf_count=1664 46 366 3518 406 15559 2049 1014 63338 122 54 70 220
internal_value=-7.04556e-05 -5.31213e-05 -0.000402792 0.00264249 -0.000526027 4.88492e-05 0.00118674 -4.77028e-06 -0.00304688 -0.00381974 -0.00177419 -0.0045614
internal_weight=88426 87914 19849 772 19077 68065 3063 65002 512 466 124 342
internal_count=88426 87914 19849 772 19077 68065 3063 65002 512 466 124 342
is_linear=0
shrinkage=0.05


Tree=213
num_leaves=14
num_cat=0
split_feature=6 19 4 6 5 5 6 3 6 13 15 4 4
split_gain=1.18793 1.19944 2.47082 4.17879 1.56378 1.44743 3.04068 1.47315 0.803873 0.956562 0.668633 0.603181 0.0565432
threshold=0.99958851518450398 22.968750000000004 -0.4124860612920454 -0.99761278905001471 0.86548282553247169 0.96465729447553372 -0.20180761162458913 0.99892946161930185 0.99999537620422141 0.58843350185811083 80.500000000000014 -0.84874750804349175 -0.98611507088852035
decision_type=2 2 2 2 2 2 2 2 2 2 2 2 2
left_child=1 5 3 -3 -4 7 -7 -1 9 12 11 -10 -2
right_child=8 2 4 -5 -6 6 -8 -9 10 -11 -12 -13 -14
leaf_value=4.409977783132665e-05 -0.0033564413420622604 0.00020138274731670294 -0.0011347488181446784 -7.1153343028744517e-05 0.0019153027060830553 -0.0050157212507511558 -7.24124589073172e-05 -0.001349721021264111 0.0034325242029042361 0.00091488864755699835 -0.005343745368220661 -0.00088031993607334998 -0.0050157585460058347
leaf_weight=69815 58 672 1846 6978 61 790 6877 878 59 42 40 54 264
leaf_count=69815 58 672 1846 6978 61 790 6877 878 59 42 40 54 264
internal_value=-9.57788e-05 -8.1726e-05 -0.000610548 -0.000209152 -0.00222077 -1.72294e-05 -0.000669755 5.35402e-05 -0.00248549 -0.00376374 0.000555554 0.00252212 -0.00468944
internal_weight=88434 87917 9557 7650 1907 78360 7667 70693 517 364 153 113 322
internal_count=88434 87917 9557 7650 1907 78360 7667 70693 517 364 153 113 322
is_linear=0
shrinkage=0.05


Tree=214
num_leaves=14
num_cat=0
split_feature=6 3 12 18 22 9 9 6 3 16 6 13 19
split_gain=1.51539 1.38886 4.07318 2.55481 2.11709 1.83474 2.6273 2.35971 1.32082 0.924038 0.19868 0.538559 0.0160867
threshold=0.99958851518450398 -0.9103761370219875 42.750000000000007 32.812500000000007 0.89799317462015704 0.68978564661902164 0.56200434853822567 -0.94703994556331683 -0.41248606129204529 7.1500000000000012 0.99999537620422141 0.17597566537681111 1.2312500000000004
decision_type=2 2 2 2 2 2 2 2 2 2 2 2 2
left_child=1 2 3 -1 -4 6 -3 -7 9 -2 12 -12 -10
right_child=8 5 4 -5 -6 7 -8 -9 10 -11 11 -13 -14
leaf_value=-0.0032680508131223045 0.0024195910634280857 5.215905482841736e-05 -0.00076023043301223228 0.0015708762175199896 -0.001919767285674806 0.00027688705774405028 -0.00023613080935072549 2.4425745609214219e-05 -0.0047233254436649585 -0.017939352737043678 -0.0039080850517436583 0.0014560726746183686 -0.0043890429624577959
leaf_weight=785 64 47987 3001 3129 1106 3247 17459 11116 233 40 71 42 51
leaf_count=785 64 47987 3001 3129 1106 3247 17459 11116 233 40 71 42 51
internal_value=-6.23236e-05 -4.66823e-05 -0.000673857 0.000480326 -0.0017738 1.63503e-05 -9.59582e-05 0.000528092 -0.00280439 0.00221154 -0.00411839 -0.00234513 -0.00482394
internal_weight=88331 87830 8021 3914 4107 79809 65446 14363 501 104 397 113 284
internal_count=88331 87830 8021 3914 4107 79809 65446 14363 501 104 397 113 284
is_linear=0
shrinkage=0.05


Tree=215
num_leaves=12
num_cat=0
split_feature=6 19 15 16 0 15 1 6 16 12 3
split_gain=1.40209 1.29474 1.40855 2.06293 1.01517 0.704887 0.502345 0.49376 0.682564 0.430969 0.0900268
threshold=0.99958851518450398 31.018750000000008 844.50000000000011 769.55000000000007 30.014085031546287 844.50000000000011 896.4393850652732 0.99999537620422141 12.850000000000003 148.65000000000003 -0.097964660725097089
decision_type=2 2 2 2 2 2 2 2 2 2 2
left_child=1 2 3 -1 -2 9 -4 10 -9 -3 -6
right_child=4 5 6 -5 7 -7 -8 8 -10 -11 -12
leaf_value=-2.6987424042548488e-05 0.00095122660124516813 -0.0024094271166781246 -0.00023212885005653995 6.4576053657000758e-05 -0.0020321336777251969 0.00011103322027670305 2.50670205087594e-05 0.0029066987936250399 -0.004511646776893829 -9.9759590080861227e-05 -0.0048064922036735571
leaf_weight=83346 49 129 346 3215 116 52 66 75 55 665 218
leaf_count=83346 49 129 346 3215 116 52 66 75 55 665 218
internal_value=-5.44548e-05 -3.92296e-05 -2.02948e-05 -6.41286e-06 -0.00266082 -0.00198582 -0.00293689 -0.00338362 -0.000769232 -0.00235516 -0.0044012
internal_weight=88332 87819 86973 86561 513 846 412 464 130 794 334
internal_count=88332 87819 86973 86561 513 846 412 464 130 794 334
is_linear=0
shrinkage=0.05


Tree=216
num_leaves=13
num_cat=0
split_feature=6 3 0 22 19 6 6 16 12 19 20 4
split_gain=1.38381 1.43364 4.15339 2.57019 1.72533 3.33357 1.94588 1.69901 1.05773 0.748961 0.42837 0.738981
threshold=0.99958851518450398 0.98611507088852057 271.4752928041292 0.94419069529324939 19.206250000000008 -0.21022037796396451 -0.99864786094873803 298.95000000000005 9.7500000000000018 1.0000000180025095e-35 0.39562500000000006 -0.98611507088852035
decision_type=2 2 2 2 2 2 2 2 2 2 2 2
left_child=1 4 7 -4 6 -6 -1 -3 9 -2 11 -10
right_child=8 2 3 -5 5 -7 -8 -9 10 -11 -12 -13
leaf_value=-0.0024571046038244834 -0.0079608593572677178 -0.00079726146282384127 0.00087571657352286897 0.0012183382777613914 -4.2092317990809705e-05 -0.00044304123214424526 0.00010332740470113677 -0.0014353201411329934 0.0083085362398338421 0.0027613638539437883 -0.0037311322198325977 -0.0018765356445409596
leaf_weight=745 47 3286 619 76 19770 1026 60944 1246 46 40 239 164
leaf_count=745 47 3286 619 76 19770 1026 60944 1246 46 40 239 164
internal_value=-4.18152e-05 -2.63374e-05 -0.000829349 0.00276978 2.45487e-05 -0.000369303 0.00015732 -0.00138129 -0.00257463 0.00247126 -0.00355234 -0.00190476
internal_weight=88248 87712 5227 695 82485 20796 61689 4532 536 87 449 210
internal_count=88248 87712 5227 695 82485 20796 61689 4532 536 87 449 210
is_linear=0
shrinkage=0.05


Tree=217
num_leaves=11
num_cat=0
split_feature=9 12 16 2 4 6 1 13 5 15
split_gain=1.47382 1.46598 2.2028 3.2556 1.83844 1.5819 1.33264 1.28809 1.13939 1.01452
threshold=0.8216092256955948 553.65000000000009 792.40000000000009 0.62026962420255793 -0.93540483100319616 -0.78324956448884031 778.83188033478575 0.83599561308587444 -0.39036798905311365 558.50000000000011
decision_type=2 2 2 2 2 2 2 2 2 2
left_child=1 2 5 -4 6 -1 -3 -2 -6 -9
right_child=7 4 3 -5 8 -7 -8 9 -10 -11
leaf_value=0.00012136240098062724 -0.00020092090426379589 0.0015070231931691013 -0.00016510513688601394 0.00011430844959135368 0.00067690506201424985 -0.00010264347957781852 -5.6258151303679379e-05 0.006936792784253085 -0.00059203930114144548 0.00041802218897670586
leaf_weight=21072 52 88 361 1778 170 61460 2201 41 1073 46
leaf_count=21072 52 88 361 1778 170 61460 2201 41 1073 46
internal_value=-7.25601e-05 -8.06674e-05 -3.90346e-05 0.00154511 -0.00107871 -8.00913e-05 -0.000238096 0.00507194 -0.00262671 0.0087931
internal_weight=88342 88203 84671 2139 3532 82532 2289 139 1243 87
internal_count=88342 88203 84671 2139 3532 82532 2289 139 1243 87
is_linear=0
shrinkage=0.05


Tree=218
num_leaves=14
num_cat=0
split_feature=6 3 1 13 6 19 16 3 16 15 6 20 19
split_gain=1.47319 1.49463 2.12539 2.38874 1.58216 1.34388 1.08796 0.822021 0.664866 0.51321 0.354879 0.555701 0.0555427
threshold=0.99958851518450398 0.9946518923062071 264.94500514613395 0.91351480394684714 -0.96687281075841669 31.018750000000008 792.40000000000009 -0.41248606129204529 7.1500000000000012 268.50000000000006 0.99999537620422141 5.2806250000000015 1.2312500000000004
decision_type=2 2 2 2 2 2 2 2 2 2 2 2 2
left_child=1 5 3 -3 -4 6 -1 8 -2 -7 12 -12 -9
right_child=7 2 4 -5 -6 9 -8 10 -10 -11 11 -13 -14
leaf_value=-1.6455844541133568e-05 0.0018570883758866109 -0.0017203611710623326 -0.00042444878762154482 0.0078531511263976294 0.0013629531707348823 -0.0016885873060411673 4.6651432358289779e-05 -0.0036984215843698515 -0.015667317782989285 -4.6087113511966707e-05 0.00089113041624987231 -0.0048590595424954797 -0.0032495621492168872
leaf_weight=81266 64 1993 394 40 739 123 2809 240 41 715 56 53 58
leaf_count=81266 64 1993 394 40 739 123 2809 240 41 715 56 53 58
internal_value=-7.96368e-05 -6.40914e-05 -0.00113077 -0.00209789 0.000604588 -2.43202e-05 -4.4615e-06 -0.00275391 0.00119047 -0.00201671 -0.0037715 -0.00133028 -0.00466443
internal_weight=88591 88079 3166 2033 1133 84913 84075 512 105 838 407 109 298
internal_count=88591 88079 3166 2033 1133 84913 84075 512 105 838 407 109 298
is_linear=0
shrinkage=0.05


Tree=219
num_leaves=11
num_cat=0
split_feature=13 6 19 19 5 5 20 3 2 0
split_gain=1.4025 1.56002 1.36398 1.26077 1.29357 1.07652 0.649601 0.571532 0.837249 0.019186
threshold=-1.0000000180025095e-35 -0.099822328936730861 31.018750000000008 -1.1187499999999997 0.7210268013660811 -0.8781231054254196 2.1643750000000006 -0.8814490726585632 0.52738392138519818 279.04044979158158
decision_type=2 2 2 2 2 2 2 2 2 2
left_child=1 -1 3 4 -2 -5 -3 9 -9 -4
right_child=2 6 7 5 -6 -7 -8 8 -10 -11
leaf_value=0.0019722971112996371 -0.0023913586236126456 -0.0013128481993277593 -0.0020534513173585934 0.00021814216481342853 0.0014466800318153315 -5.8681627222811323e-05 0.0019822858390939383 0.00052095183362625783 -6.1692918900629895e-05 -0.00067926380130911741
leaf_weight=55 523 67 132 14672 74 72212 41 52 615 40
leaf_count=55 523 67 132 14672 74 72212 41 52 615 40
internal_value=-0.000124488 0.0045092 -0.00013304 -0.000113797 -0.00240369 -9.8063e-05 0.00101852 -0.00213945 -0.00147676 -0.0047093
internal_weight=88483 163 88320 87481 597 86884 108 839 667 172
internal_count=88483 163 88320 87481 597 86884 108 839 667 172
is_linear=0
shrinkage=0.05


Tree=220
num_leaves=14
num_cat=0
split_feature=6 3 19 19 19 9 16 6 20 13 12 0 19
split_gain=1.46674 1.22374 2.44605 3.32744 1.21334 1.42258 1.23602 0.8235 0.722167 0.720606 0.688852 0.598551 0.058306
threshold=0.99958851518450398 0.99892946161930185 7.3687500000000012 5.543750000000002 29.756250000000005 0.70297416100333832 366.50000000000006 0.99999537620422141 1.6343750000000006 0.59463236917165518 11.550000000000002 177.03635878648956 1.2312500000000004
decision_type=2 2 2 2 2 2 2 2 2 2 2 2 2
left_child=1 4 3 -3 5 -1 -6 9 -4 12 -9 -12 -2
right_child=7 2 8 -5 6 -7 -8 10 -10 -11 11 -13 -14
leaf_value=-4.9548727612429299e-05 -0.0038123053525805891 -0.00084413746772020275 -0.00084356507616716871 0.0091941963248151123 -0.0017068603105991186 7.9267244718806036e-05 -3.0429841038087436e-05 0.0025385069851804206 -0.0027237048984969066 0.0010674205685233865 -0.0041952778785800619 0.00070359198804937706 -0.0031040142423797903
leaf_weight=72069 280 86 593 51 258 13182 1176 41 330 41 59 46 57
leaf_count=72069 280 86 593 51 258 13182 1176 41 330 41 59 46 57
internal_value=-7.24502e-05 -5.66996e-05 -0.00174528 0.00448905 -3.60513e-05 -1.17899e-05 -0.00147838 -0.00270992 -0.00267064 -0.0039418 0.000479451 -0.00166667 -0.00470327
internal_weight=88269 87745 1060 137 86685 85251 1434 524 923 378 146 105 337
internal_count=88269 87745 1060 137 86685 85251 1434 524 923 378 146 105 337
is_linear=0
shrinkage=0.05


Tree=221
num_leaves=13
num_cat=0
split_feature=6 12 4 16 5 9 16 12 19 5 20 0
split_gain=1.19733 1.08841 3.32326 2.24186 3.40338 1.46804 1.33893 0.967849 0.784797 0.632003 0.493355 0.689241
threshold=0.99958851518450398 553.65000000000009 -0.93540483100319616 792.40000000000009 -0.83377653105606597 0.80498614744947117 497.35000000000008 9.7500000000000018 1.0000000180025095e-35 1.0000000180025095e-35 0.58062500000000017 178.71901124708799
decision_type=2 2 2 2 2 2 2 2 2 2 2 2
left_child=1 3 5 6 -5 -3 -1 8 -2 -4 11 -9
right_child=7 2 9 4 -6 -7 -8 10 -10 -11 -12 -13
leaf_value=9.0449481875999695e-06 -0.0074913079871604671 -3.145358359242021e-05 -0.0004051987702228877 0.00032125900943091927 5.0492053636952421e-05 0.00087899839551310803 -7.2748789332516506e-05 -0.0017251424097565931 0.0024349038962743373 -0.00053520602772355044 -0.0038152302940522957 0.0014561763018114645
leaf_weight=69964 49 2155 444 104 2045 178 12477 143 40 793 232 66
leaf_count=69964 49 2155 444 104 2045 178 12477 143 40 793 232 66
internal_value=-8.34379e-05 -6.91936e-05 -0.000924371 -3.3102e-05 0.00156119 0.000186454 -7.46606e-05 -0.00245283 0.00230337 -0.0030194 -0.0034127 -0.00165072
internal_weight=88690 88160 3570 84590 2149 2333 82441 530 89 1237 441 209
internal_count=88690 88160 3570 84590 2149 2333 82441 530 89 1237 441 209
is_linear=0
shrinkage=0.05


Tree=222
num_leaves=13
num_cat=0
split_feature=12 16 5 17 4 6 1 19 5 12 18 6
split_gain=1.3097 2.65708 3.06575 3.53541 2.56035 1.86578 1.76605 1.64579 2.02152 1.82829 1.14301 0.703284
threshold=553.65000000000009 792.40000000000009 -0.73866753694953124 112.50000000000001 -0.88144907265856332 -0.35042475891464198 840.93567534877741 22.968750000000004 -0.26866367175705824 547.95000000000016 2.0625000000000004 -0.99938741687870725
decision_type=2 2 2 2 2 2 2 2 2 2 2 2
left_child=1 7 3 -3 -4 6 11 9 -9 -1 -8 -2
right_child=5 2 4 -5 -6 -7 10 8 -10 -11 -12 -13
leaf_value=7.5184820122636505e-06 0.00042541606961471088 7.1210951967770622e-05 -3.5085422859182376e-05 0.00093661106216433017 0.00017480076730649332 0.0033939602412362763 -0.0002024845769848224 -0.00045020196565172265 1.163342697999936e-05 0.001855664733988324 2.0553319257349267e-05 -0.00029651771428365761
leaf_weight=75302 45 158 1076 110 757 41 145 3977 3137 146 1742 1626
leaf_count=75302 45 158 1076 110 757 41 145 3977 3137 146 1742 1626
internal_value=-3.69367e-05 2.77452e-06 0.00175869 0.00675373 0.00102837 -0.000971104 -0.00109331 -4.19091e-05 -0.000768908 2.66397e-05 -4.50462e-05 -0.00227708
internal_weight=88262 84663 2101 268 1833 3599 3558 82562 7114 75448 1887 1671
internal_count=88262 84663 2101 268 1833 3599 3558 82562 7114 75448 1887 1671
is_linear=0
shrinkage=0.05


Tree=223
num_leaves=12
num_cat=0
split_feature=6 19 5 6 19 9 12 20 3 20 3
split_gain=1.39347 1.08237 1.33247 1.57147 1.07637 1.3497 0.873059 0.912538 0.627871 0.458443 0.6383
threshold=0.99958851518450398 -1.0062499999999999 0.7210268013660811 0.97461712852231652 31.018750000000008 0.79378270001952722 9.7500000000000018 1.0993750000000004 -0.8814490726585632 0.39562500000000006 0.032701564615071628
decision_type=2 2 2 2 2 2 2 2 2 2 2
left_child=1 2 3 -1 5 -3 7 -2 -6 10 -8
right_child=6 4 -4 -5 8 -7 9 -9 -10 -11 -12
leaf_value=-0.0053049085135740632 -0.010485189200483004 -1.9280743341326591e-05 0.0012764233444856243 0.0004417521398649548 -0.0010506165262455273 0.00035126956918052647 0.00066270410093184813 0.002312782777360006 -3.6651511707624636e-05 -0.003101549001938239 -0.0025853067789931542
leaf_weight=445 46 85080 77 130 178 1396 98 40 694 241 103
leaf_count=445 46 85080 77 130 178 1396 98 40 694 241 103
internal_value=-7.1617e-05 -5.62512e-05 -0.00208589 -0.00291304 -4.11012e-05 -2.34759e-05 -0.00263258 0.00197674 -0.00178899 -0.00352941 -0.00176617
internal_weight=88528 88000 652 575 87348 86476 528 86 872 442 201
internal_count=88528 88000 652 575 87348 86476 528 86 872 442 201
is_linear=0
shrinkage=0.05


Tree=224
num_leaves=16
num_cat=0
split_feature=6 5 6 6 0 9 6 20 9 22 5 13 5 20 13
split_gain=1.40326 3.16312 1.88 7.98371 4.35627 4.284 2.74825 2.60156 1.82295 1.61174 6.21377 1.58217 1.5535 0.646685 0.321185
threshold=0.93469109537144635 0.26866988313759588 0.7487283477006671 0.76002003530985496 217.21016039746016 0.22193555147069652 0.70138038092733435 1.0306250000000003 0.24518814705566372 1.1026948689743536 0.20180702842483325 0.090856565445778692 0.3504237462291826 0.84562500000000018 0.61847387027231548
decision_type=2 2 2 2 2 2 2 2 2 2 2 2 2 2 2
left_child=2 9 6 4 -4 -5 8 -8 -1 11 -11 -2 14 -14 -3
right_child=1 12 3 5 -6 -7 7 -9 -10 10 -12 -13 13 -15 -16
leaf_value=-0.0010904962061719647 0.0023295900575248225 -0.0042713567455648456 0.0027406976601052528 0.0030496479009846783 0.0089059371565451718 -0.00011905559448768392 0.0021063515680277249 -0.0034250234807453417 1.2471669032485977e-05 -0.0017809858131292379 0.0029323009309267459 -0.00052941770531688141 0.010652082017152556 -0.0039521101765897125 -0.0031503849330782722
leaf_weight=3965 282 742 204 1029 151 5464 420 1228 69540 161 88 4845 45 122 59
leaf_count=3965 282 742 204 1029 151 5464 420 1228 69540 161 88 4845 45 122 59
internal_value=-5.12208e-05 -0.000767656 4.20607e-06 0.000797312 0.00809859 0.00039812 -6.80623e-05 -0.00208738 -2.27888e-05 -0.0002939 0.00363454 -0.00048469 -0.00339876 0.000988023 -0.00431336
internal_weight=88345 6344 82001 6848 355 6493 75153 1648 73505 5376 249 5127 968 167 801
internal_count=88345 6344 82001 6848 355 6493 75153 1648 73505 5376 249 5127 968 167 801
is_linear=0
shrinkage=0.05


Tree=225
num_leaves=15
num_cat=0
split_feature=1 3 19 9 9 9 22 2 3 6 18 6 4 13
split_gain=1.48379 3.41153 3.00947 3.26026 4.69784 2.58398 2.36583 3.17774 1.73457 3.98353 3.26876 1.4326 0.478684 0.411775
threshold=317.99162802398888 0.97335555334614954 26.081250000000004 0.79378270001952722 0.80498614744947117 0.75296188528120822 0.9317263371893949 0.39619539964987371 0.58216583101416142 -0.25206183926700709 0.93750000000000011 -0.99864786094873803 0.16280825711809024 0.48648035596724665
decision_type=2 2 2 2 2 2 2 2 2 2 2 2 2 2
left_child=2 8 3 5 -5 -1 11 -8 10 -10 -2 -3 13 -4
right_child=1 6 12 4 -6 -7 7 -9 9 -11 -12 -13 -14 -15
leaf_value=-0.00016264316322094693 0.00015868640606216957 -0.0022251635730321097 -0.0019757998214240615 0.0057563222698059809 0.00070889465347470767 -0.0015685067481712304 -0.00018430720231979832 0.0012226227511100115 3.2006169293291406e-05 -0.00099665883524003196 2.7362888850568482e-05 0.00066831783138179769 0.0066447296644163616 -0.0020826138552572817
leaf_weight=37385 2591 82 325 102 234 715 93 245 8498 3424 33232 1208 60 356
leaf_count=37385 2591 82 325 102 234 715 93 245 8498 3424 33232 1208 60 356
internal_value=-6.2113e-05 0.000120206 -0.000291882 -0.000231035 0.00467262 -0.000274279 0.00237101 0.00609467 4.34589e-05 -0.000478948 0.000217317 0.00139535 -0.00344804 -0.00382526
internal_weight=88550 49373 39177 38436 336 38100 1628 338 47745 11922 35823 1290 741 681
internal_count=88550 49373 39177 38436 336 38100 1628 338 47745 11922 35823 1290 741 681
is_linear=0
shrinkage=0.05


Tree=226
num_leaves=16
num_cat=0
split_feature=6 5 19 5 18 0 6 3 13 18 22 20 21 13 3
split_gain=1.38792 3.07575 2.22199 2.13854 4.12074 2.5803 1.40246 4.88875 5.61069 2.64817 1.25186 4.81985 3.58499 1.10686 0.53677
threshold=0.92843842216862604 0.26866988313759588 4.3187500000000014 0.25206111083856975 11.312500000000002 202.50544034251308 0.91511078773075516 0.72947329433276253 0.61157768489581377 95.812500000000014 0.44197181594566609 1.8356250000000005 0.33806339143565189 0.16495198666872424 0.58216583101416142
decision_type=2 2 2 2 2 2 2 2 2 2 2 2 2 2 2
left_child=6 3 14 5 -5 -2 10 9 -9 -8 11 -1 -12 -4 -3
right_child=1 2 13 4 -6 -7 7 8 -10 -11 12 -13 -14 -15 -16
leaf_value=0.00039003759916566574 -0.00012189130667943922 -0.0043907295617231223 0.0023081766435255123 0.0027724607254440152 -0.0012196026348716242 -0.0030435620018477052 -0.0057027122667214492 0.0040403333864528846 0.014846591584382746 0.002509532602174628 0.0021323976085730746 -0.0015307334569566117 6.0498271980085354e-06 -0.0050958816304942228 -0.0014965114215570174
leaf_weight=9111 5109 707 127 83 68 293 213 59 41 280 1619 10442 59791 41 236
leaf_count=9111 5109 707 127 83 68 293 213 59 41 280 1619 10442 59791 41 236
internal_value=-5.95115e-05 -0.000753303 -0.00315482 -0.000272827 0.00559603 -0.000436876 -2.82134e-06 0.0024199 0.0125 0.000375252 -2.05661e-05 -0.000368998 9.0375e-05 0.00214286 -0.00409862
internal_weight=88220 6664 1111 5553 151 5402 81556 593 100 493 80963 19553 61410 168 943
internal_count=88220 6664 1111 5553 151 5402 81556 593 100 493 80963 19553 61410 168 943
is_linear=0
shrinkage=0.05


Tree=227
num_leaves=13
num_cat=0
split_feature=19 6 0 9 22 9 16 5 9 15 6 21
split_gain=1.42293 1.30211 1.23719 1.12471 3.24837 1.79537 1.04279 0.935447 1.8333 0.514209 0.412467 0.0577475
threshold=29.756250000000005 0.99958851518450398 30.014085031546287 0.72841921524966591 0.98744854199646437 0.71677407001521076 340.85000000000008 0.031174179426909168 0.71199056465922095 377.50000000000006 0.99999537620422141 0.66505698030091831
decision_type=2 2 2 2 2 2 2 2 2 2 2 2
left_child=1 3 -3 5 -5 -1 11 9 -9 -8 -4 -2
right_child=6 2 10 4 -6 -7 7 8 -10 -11 -12 -13
leaf_value=-2.190792856825784e-05 -0.0006791833971314977 0.0020864162332141774 -0.0027460718834152829 0.00031578050807419046 -7.7200257594602908e-05 -0.00025106487264104363 6.8788261798375221e-05 0.00023818588390708828 -2.871785567008446e-05 -0.00012219362097416292 -0.0011602131413479334 -0.0017304727419567836
leaf_weight=75676 54 50 354 5726 2890 2160 122 60 267 755 134 191
leaf_count=75676 54 50 354 5726 2890 2160 122 60 267 755 134 191
internal_value=-6.43959e-05 -3.85114e-05 -0.00249071 -2.32511e-05 0.000518801 -8.32532e-05 -0.00161836 -0.00101329 0.00126911 -0.00186431 -0.0032582 -0.00459184
internal_weight=88439 86990 538 86452 8616 77836 1449 1204 327 877 488 245
internal_count=88439 86990 538 86452 8616 77836 1449 1204 327 877 488 245
is_linear=0
shrinkage=0.05


Tree=228
num_leaves=14
num_cat=0
split_feature=6 19 6 21 3 3 1 22 3 16 5 6 0
split_gain=1.43558 1.20765 3.04482 3.04724 2.38313 1.60722 3.5063 1.64952 0.676687 1.10918 0.384962 0.087787 0.015991
threshold=0.99958851518450398 19.606250000000006 -0.77243990499604276 0.40804860806521709 0.63405362205439464 0.98611507088852057 264.94500514613395 0.75633939849741438 0.097964660725097366 6.7500000000000009 0.013976441590891219 0.99999537620422141 108.90863308610993
decision_type=2 2 2 2 2 2 2 2 2 2 2 2 2
left_child=1 5 3 -3 -4 7 -7 -1 9 10 -2 -10 -11
right_child=8 2 4 -5 -6 6 -8 -9 11 12 -12 -13 -14
leaf_value=-4.247635297883162e-05 0.0023627994143996969 0.0030933339278435344 -0.00014433677340289512 -2.1787612584970265e-05 -0.0012187514812139521 -0.001416789228203963 0.00060466861200679132 0.00014971571549032283 -0.0033530685362710209 -0.01548986495166281 -0.0021034768417991165 -0.0011119888935622879 -0.0045108283021463719
leaf_weight=41222 95 974 6967 11013 903 3401 1598 21752 192 40 45 74 71
leaf_count=41222 95 974 6967 11013 903 3401 1598 21752 192 40 45 74 71
internal_value=-5.18988e-05 -3.64352e-05 -0.000379464 0.000122215 -0.00114358 6.37741e-05 -0.000799161 0.000132276 -0.00267892 -0.000816734 0.00214286 -0.00443609 -0.00454955
internal_weight=88347 87830 19857 11987 7870 67973 4999 62974 517 251 140 266 111
internal_count=88347 87830 19857 11987 7870 67973 4999 62974 517 251 140 266 111
is_linear=0
shrinkage=0.05


Tree=229
num_leaves=15
num_cat=0
split_feature=6 0 6 18 3 13 5 5 19 20 16 6 20 3
split_gain=1.13559 4.36468 1.79052 5.04963 5.51651 2.70554 1.41633 2.09265 1.72864 1.30486 3.70379 1.92113 0.975513 0.0304455
threshold=0.92843842216862604 202.50544034251308 0.91511078773075516 98.812500000000014 0.58216583101416142 0.51615808870840063 0.26866988313759588 0.13398903995667991 4.3187500000000014 4.0356250000000014 1.7500000000000002 0.7487283477006671 4.889375000000002 1.0000000180025095e-35
decision_type=2 2 2 2 2 2 2 2 2 2 2 2 2 2
left_child=2 6 9 5 -5 -4 7 -2 -8 11 -11 -1 13 -3
right_child=1 12 3 4 -6 -7 8 -9 -10 10 -12 -13 -14 -15
leaf_value=-5.614713168006214e-06 -0.00048550114319086406 -0.0024874655350728692 -0.0032058620864006296 0.0018522939263327489 0.014107479854311806 0.0031196891410631812 -0.0024543519346309339 0.00067347064977370664 0.002357285365156371 -0.0049121382790701558 -7.7353083372340827e-05 0.00087097947488419124 0.00054362113492904807 -0.0031866817347194656
leaf_weight=64796 4271 176 306 190 61 70 623 946 113 1207 10698 4473 44 533
leaf_count=64796 4271 176 306 190 61 70 623 946 113 1207 10698 4473 44 533
internal_value=-5.74543e-05 -0.000682972 -6.17471e-06 0.0026555 0.00814741 -0.00101064 -0.000229297 6.03783e-05 -0.00228261 -2.67339e-05 -0.000510291 5.63732e-05 -0.00426959 -0.00471791
internal_weight=88507 6706 81801 627 251 376 5953 5217 736 81174 11905 69269 753 709
internal_count=88507 6706 81801 627 251 376 5953 5217 736 81174 11905 69269 753 709
is_linear=0
shrinkage=0.05


Tree=230
num_leaves=12
num_cat=0
split_feature=21 18 22 16 15 18 21 18 16 17 13
split_gain=1.3912 5.24783 2.10394 2.22963 2.45311 2.0478 1.90577 3.83184 2.39202 1.63472 1.2142
threshold=1.1189241302968169 1.0000000180025095e-35 1.0584182042756576 330.95000000000005 96.500000000000014 1.5625000000000002 0.98708083015086967 99.562500000000014 555.95000000000016 36.500000000000007 0.41497777899986832
decision_type=2 2 2 2 2 2 2 2 2 2 2
left_child=2 -2 6 4 -4 -3 8 -8 -1 -7 -5
right_child=1 5 3 10 -6 9 7 -9 -10 -11 -12
leaf_value=-1.2838058524516432e-05 -0.0046777717123990484 0.0055441092883809591 -0.00089178392355769532 8.9145802109227346e-05 0.0019107213634595834 0.00028471575414568687 6.2407422457813917e-05 0.0058699859754080905 -9.346601206657711e-05 0.0019335001052622038 -0.00059053940087196372
leaf_weight=69406 294 62 1370 181 147 1219 5673 40 8583 546 912
leaf_count=69406 294 62 1370 181 147 1219 5673 40 8583 546 912
internal_value=-6.51918e-05 0.0011999 -9.62798e-05 -0.00149425 -0.000253792 0.00219759 -5.26881e-05 0.00082881 -0.000117261 0.00188385 -0.00321592
internal_weight=88433 2121 86312 2610 1517 1827 83702 5713 77989 1765 1093
internal_count=88433 2121 86312 2610 1517 1827 83702 5713 77989 1765 1093
is_linear=0
shrinkage=0.05


Tree=231
num_leaves=16
num_cat=0
split_feature=6 5 6 3 20 17 19 3 4 13 21 16 7 9 4
split_gain=1.32784 2.87517 2.23822 5.29256 3.76799 3.62382 1.96572 1.84556 1.83911 1.63602 1.78954 1.3502 1.16159 0.739393 0.588167
threshold=0.92843842216862604 0.26866988313759588 0.91511078773075516 0.77259657388510639 3.2231250000000009 20.500000000000004 4.3187500000000014 0.68322629814330826 -0.99465189230620676 -1.0000000180025095e-35 0.8268335239829111 39.250000000000007 18.125000000000004 0.19076772817798063 -0.81241147629689003
decision_type=2 2 2 2 2 2 2 2 2 2 2 2 2 2 2
left_child=2 7 9 5 -5 -4 14 8 -2 10 -1 -8 -11 -9 -3
right_child=1 6 3 4 -6 -7 11 13 -10 12 -12 -13 -14 -15 -16
leaf_value=0.0037717858498608988 -0.0020034343966676919 -0.0038914418060675194 -0.0093510468771978352 0.010036607268649462 0.0083791987573164899 0.0015908769346766145 -0.002903230012015983 0.0017450820327208534 0.00019275158780528468 -5.2518383778122597e-05 -0.00018569292806059151 0.0082838982557922464 8.0966837969036917e-05 -0.0025878379722203025 -0.0032148430900659506
leaf_weight=68 565 580 166 41 43 378 124 115 3981 55069 85 40 25811 865 383
leaf_count=68 565 580 166 41 43 378 124 115 3981 55069 85 40 25811 865 383
internal_value=-6.70347e-05 -0.000746281 -1.16959e-05 0.00296178 0.0146429 0.00115809 -0.00304792 -0.000276874 0.000147381 -3.47401e-05 0.00513072 0.00201219 -4.45116e-05 -0.0022449 -0.00390966
internal_weight=88314 6653 81661 628 84 544 1127 5526 4546 81033 153 164 80880 980 963
internal_count=88314 6653 81661 628 84 544 1127 5526 4546 81033 153 164 80880 980 963
is_linear=0
shrinkage=0.05


Tree=232
num_leaves=16
num_cat=0
split_feature=6 5 5 18 0 19 22 20 5 0 5 16 5 12 5
split_gain=1.43831 3.44766 1.86697 3.86813 1.89148 1.65332 3.1841 2.89283 2.53111 4.03782 2.83236 1.5142 0.740104 0.739167 0.370942
threshold=0.93469109537144635 0.26866988313759588 0.25206111083856975 11.312500000000002 202.50544034251308 8.3812500000000032 0.18267135557735961 1.2931250000000005 -0.94139628442229062 330.40540648531902 0.36648264796514479 9.0500000000000025 0.3504237462291826 32.250000000000007 0.30164402523644185
decision_type=2 2 2 2 2 2 2 2 2 2 2 2 2 2 2
left_child=5 2 4 -4 -2 8 11 -8 9 -1 -10 -7 14 -14 -3
right_child=1 12 3 -5 -6 6 7 -9 10 -11 -12 -13 13 -15 -16
leaf_value=0.00043889194575002306 -8.2243301079654174e-05 -0.0021624847207577279 0.0026383943798037818 -0.0010628480541680649 -0.002277044671206241 -0.0029017440725530811 -0.00023226031646532229 4.5195838476914287e-05 -0.00052096478966474782 0.0035695714601448451 0.00057523226245487225 0.0015643547493868265 0.0020694878251337049 -0.0036809238854124192 -0.0043597705546751927
leaf_weight=910 4886 319 83 69 294 2169 14006 48268 7028 343 8784 444 107 58 486
leaf_count=910 4886 319 83 69 294 2169 14006 48268 7028 343 8784 444 107 58 486
internal_value=-3.53537e-05 -0.000763251 -0.000264442 0.00519737 -0.000424712 2.06206e-05 -9.45502e-05 -2.28036e-05 0.00045854 0.00262171 0.000287123 -0.00180444 -0.00350516 -0.000454547 -0.00413044
internal_weight=88254 6302 5332 152 5180 81952 64887 62274 17065 1253 15812 2613 970 165 805
internal_count=88254 6302 5332 152 5180 81952 64887 62274 17065 1253 15812 2613 970 165 805
is_linear=0
shrinkage=0.05


Tree=233
num_leaves=14
num_cat=0
split_feature=6 6 3 0 17 6 12 4 16 15 4 13 4
split_gain=1.10935 1.16648 1.12216 2.8114 1.99752 1.96984 1.11298 1.96347 1.79371 0.90526 0.881109 0.462191 0.127395
threshold=0.99958851518450398 0.99999537620422141 0.98611507088852057 291.28135468900172 164.50000000000003 -0.96687281075841669 553.65000000000009 -0.93540483100319616 792.40000000000009 80.500000000000014 -0.84874750804349175 0.58843350185811083 -0.98611507088852035
decision_type=2 2 2 2 2 2 2 2 2 2 2 2 2
left_child=2 11 6 4 -4 -5 8 -8 -1 10 -3 12 -2
right_child=1 9 3 5 -6 -7 7 -9 -10 -11 -12 -13 -14
leaf_value=-4.6376816263736734e-06 -0.0015168507326182492 0.0047101351845689563 -0.00066729804171800436 -0.00012144619300783317 0.0046294888665090661 0.001882558665298583 -5.2526694098220531e-06 -0.00042833296790494312 7.9043207274364063e-05 -0.0025655397322925117 -0.0016163564805056431 7.335390039601682e-05 -0.0029985772764438432
leaf_weight=76722 58 58 4723 203 40 271 2312 1259 2118 41 51 41 266
leaf_count=76722 58 58 4723 203 40 271 2312 1259 2118 41 51 41 266
internal_value=-6.48243e-05 -0.00237864 -5.12288e-05 -0.000760933 -0.00112639 0.00291139 -6.12901e-06 -0.000869506 3.2977e-05 0.00133333 0.0037156 -0.00390411 -0.00453704
internal_weight=88163 515 87648 5237 4763 474 82411 3571 78840 150 109 365 324
internal_count=88163 515 87648 5237 4763 474 82411 3571 78840 150 109 365 324
is_linear=0
shrinkage=0.05


Tree=234
num_leaves=14
num_cat=0
split_feature=19 3 13 1 9 3 13 16 6 19 13 3 5
split_gain=1.14805 1.17004 2.37346 1.72887 1.18839 1.96476 1.15683 1.09998 2.98534 2.52441 0.735256 0.660619 0.748274
threshold=29.756250000000005 0.9946518923062071 0.91351480394684714 340.48295366882985 0.13322324326320628 0.77259657388510639 0.15288040019779328 707.80000000000007 -0.99761278905001471 32.237500000000004 0.82128278517973952 0.032701564615071628 -0.67803021058859214
decision_type=2 2 2 2 2 2 2 2 2 2 2 2 2
left_child=1 4 3 -3 5 -1 -6 11 9 -9 -10 12 -2
right_child=7 2 -4 -5 6 -7 -8 8 10 -11 -12 -13 -14
leaf_value=-0.0021295049760185433 0.00027842840226462612 -0.0010373357742643945 0.00609782141295613 0.00044593991109617958 0.000405213544274536 0.0013328074191992748 -1.5837319079854851e-05 0.00023291798869425878 -0.00035463514250851487 2.455464428986939e-05 -4.9445104209122629e-06 7.429579651549445e-05 -0.00055053881554047808
leaf_weight=1400 124 2839 51 267 6273 299 75757 41 153 103 229 60 699
leaf_count=1400 124 2839 51 267 6273 299 75757 41 153 103 229 60 699
internal_value=-7.10698e-05 -4.81102e-05 -0.000993033 -0.00116871 -1.24819e-05 -0.00132137 1.46276e-05 -0.00148687 0.000323193 0.00645833 -0.00198953 -0.00256512 -0.00293439
internal_weight=88295 86886 3157 3106 83729 1699 82030 1409 526 144 382 883 823
internal_count=88295 86886 3157 3106 83729 1699 82030 1409 526 144 382 883 823
is_linear=0
shrinkage=0.05


Tree=235
num_leaves=14
num_cat=0
split_feature=6 0 1 5 13 9 5 21 4 12 5 20 3
split_gain=1.27178 2.76216 1.99107 1.27196 1.2224 4.20274 4.82267 2.61137 2.17856 2.15492 2.10116 1.07305 0.323357
threshold=0.92843842216862604 202.50544034251308 251.34323083502986 0.26866988313759588 0.41497777899986832 0.66449569907987238 0.76696112484652035 0.97134209858031406 -0.98611507088852035 393.75000000000006 0.69676570133721638 4.889375000000002 1.0000000180025095e-35
decision_type=2 2 2 2 2 2 2 2 2 2 2 2 2
left_child=4 2 3 -2 5 7 -7 -1 9 -6 -10 12 -3
right_child=1 11 -4 -5 8 6 -8 -9 10 -11 -12 -13 -14
leaf_value=-4.67138629930365e-05 -7.9119777972462831e-05 -0.0018947604354646566 0.0014796195231379966 -0.0016957646846759362 0.00066955935782299543 0.00054667412623979111 0.0033271690168087606 0.0011338230530663434 -1.7194461075968436e-05 -3.0310530481074747e-05 -0.00019770301608332608 0.00091771735237078378 -0.0028103322184715286
leaf_weight=26005 5147 183 42 731 2766 1807 425 1979 32724 2834 13229 45 520
leaf_count=26005 5147 183 42 731 2766 1807 425 1979 32724 2834 13229 45 520
internal_value=-6.93726e-05 -0.000733355 -0.000371623 -0.000449134 -1.5227e-05 0.00023729 0.00232527 7.07535e-05 -0.000163231 0.000767856 -0.000276697 -0.00359626 -0.00407539
internal_weight=88437 6668 5920 5878 81769 30216 2232 27984 51553 5600 45953 748 703
internal_count=88437 6668 5920 5878 81769 30216 2232 27984 51553 5600 45953 748 703
is_linear=0
shrinkage=0.05


Tree=236
num_leaves=15
num_cat=0
split_feature=6 3 2 19 16 19 5 9 3 16 13 20 6 13
split_gain=1.41758 1.3265 3.55756 1.85634 1.84955 1.30317 3.73798 1.69125 0.613478 1.10273 0.50911 0.170684 0.0207082 0.0160714
threshold=0.99958851518450398 0.98611507088852057 0.37351609027245453 19.406250000000004 298.95000000000005 19.918750000000006 -0.63921128368950708 0.66572253421102823 0.097964660725097366 6.7500000000000009 0.2201893660257018 3.5943750000000008 0.99999537620422141 0.1478289971107439
decision_type=2 2 2 2 2 2 2 2 2 2 2 2 2 2
left_child=1 5 4 -4 -3 7 -7 -1 9 10 -2 12 -10 -11
right_child=8 2 3 -5 -6 6 -8 -9 11 13 -12 -13 -14 -15
leaf_value=1.3844605273808474e-05 0.0016715168553821322 -0.00073147051408174355 0.00031025945819010973 0.0066386891526904971 -0.0019223368814352147 -0.00028133489277203555 1.0740374419510035e-05 0.00020158732212056122 -0.0030320215015717791 -0.0039978252999142193 -6.0860767746904696e-05 -0.00055391748762972481 -0.0013191893212719059 -0.006959509805621553
leaf_weight=54226 43 3057 896 145 1109 5138 13445 9697 193 40 98 40 40 72
leaf_count=54226 43 3057 896 145 1109 5138 13445 9697 193 40 98 40 40 72
internal_value=-3.5643e-05 -2.01236e-05 -0.000794124 0.00182036 -0.00144743 2.8724e-05 -0.000339828 0.000135865 -0.00262358 -0.000849804 0.0020922 -0.0042674 -0.00478541 -0.00455357
internal_weight=88239 87713 5207 1041 4166 82506 18583 63923 526 253 141 273 233 112
internal_count=88239 87713 5207 1041 4166 82506 18583 63923 526 253 141 273 233 112
is_linear=0
shrinkage=0.05


Tree=237
num_leaves=16
num_cat=0
split_feature=6 6 9 0 19 19 6 22 20 16 20 4 16 6 6
split_gain=0.960591 3.25344 3.04951 3.05597 2.7519 3.80538 2.79798 2.74647 3.83727 2.42514 2.39249 1.84729 1.64434 3.81473 1.76636
threshold=-0.79382744783423187 -0.8142754349318998 0.40639013352563275 221.05321387074073 19.493750000000006 17.893750000000008 -0.19337245081799007 0.96842285586318577 0.54187500000000011 630.75000000000011 2.0606250000000004 -0.065403129230143256 166.55000000000004 -0.96687281075841669 -0.9575230291762723
decision_type=2 2 2 2 2 2 2 2 2 2 2 2 2 2 2
left_child=1 12 3 -3 5 11 -7 10 -9 -4 -6 -2 13 -1 -14
right_child=4 2 9 -5 7 6 -8 8 -10 -11 -12 -13 14 -15 -16
leaf_value=-0.0011525187628151712 -4.0989926523455949e-05 0.009098077960853523 0.00028110295515138662 0.0031753289981676642 -0.00098562381890894774 0.00081233801260768238 -0.00045590499273548971 0.00037572530181026318 4.6784774881024264e-06 0.001972245223932878 -0.00019940641355414173 -0.00090915484672087767 2.7549100114106051e-05 0.0016538897763626057 -0.00033326128799277075
leaf_weight=2874 50202 40 890 109 2061 2286 457 58 2331 129 4042 3642 7247 5088 6784
leaf_count=2874 50202 40 890 109 2061 2286 457 58 2331 129 4042 3642 7247 5088 6784
internal_value=-9.97292e-05 0.000176805 0.00274829 0.00942953 -0.000198145 -7.21909e-05 0.00174444 -0.00103745 0.000399748 0.00177134 -0.00160003 -0.000164736 4.02389e-05 0.000614166 -0.000285441
internal_weight=88240 23161 1168 149 65079 56587 2743 8492 2389 1019 6103 53844 21993 7962 14031
internal_count=88240 23161 1168 149 65079 56587 2743 8492 2389 1019 6103 53844 21993 7962 14031
is_linear=0
shrinkage=0.05


Tree=238
num_leaves=16
num_cat=0
split_feature=16 6 21 15 6 6 22 18 3 21 6 18 9 17 22
split_gain=1.17361 3.6409 5.14825 4.08464 3.37491 9.24486 1.85563 6.5736 2.54845 2.49392 2.17939 2.17082 0.647364 0.639883 0.540645
threshold=497.35000000000008 -0.99761278905001471 0.93879657506333369 792.50000000000011 -0.99052477729077237 -0.98521978256641018 0.75969313286720908 1.0000000180025095e-35 0.2269546835593246 0.60378487836367911 -0.99628250747696534 69.562500000000014 0.77125644190261267 259.50000000000006 0.91309076662476163
decision_type=2 2 2 2 2 2 2 2 2 2 2 2 2 2 2
left_child=6 2 14 -4 13 -6 9 12 -9 10 -1 -11 -8 -3 -2
right_child=1 4 3 -5 5 -7 7 8 -10 11 -12 -13 -14 -15 -16
leaf_value=-0.0033403770646954602 -2.1033482115199217e-05 -0.0010975717152870502 0.00034207581251652304 2.7338684543336381e-06 0.0014983233777012071 -6.3901792140017572e-05 -0.0037958405705447069 0.00052999026972529487 -1.1731532178723798e-05 0.00070002709521976934 0.00011735198585530738 -0.00085009215803698323 0.0019602967526586197 0.00058465374843417648 -0.00041382412281581711
leaf_weight=1120 181 613 294 181 258 14863 647 11769 9387 1738 37098 9904 48 45 112
leaf_count=1120 181 613 294 181 258 14863 647 11769 9387 1738 37098 9904 48 45 112
internal_value=-3.95443e-05 -0.00041911 0.00294271 0.00615789 -0.000582738 -0.000430198 4.80389e-05 0.000432244 0.00058943 -0.000120338 7.48327e-05 -0.000761039 -0.00435252 -0.00408815 -0.00226963
internal_weight=88258 16547 768 475 15779 15121 71711 21851 21156 49860 38218 11642 695 658 293
internal_count=88258 16547 768 475 15779 15121 71711 21851 21156 49860 38218 11642 695 658 293
is_linear=0
shrinkage=0.05


Tree=239
num_leaves=13
num_cat=0
split_feature=3 6 21 22 6 3 5 12 21 18 0 18
split_gain=1.19697 1.65689 1.09087 2.47572 3.14406 2.29762 4.02526 2.1074 1.80289 0.622427 1.35608 0.306393
threshold=0.99892946161930185 0.080547328232315238 0.8391819921784468 0.75969313286720908 0.97461712852231652 0.58216583101416142 -0.61237985104942771 34.650000000000006 0.60378487836367911 96.562500000000014 256.89751355328764 83.687500000000014
decision_type=2 2 2 2 2 2 2 2 2 2 2 2
left_child=2 9 3 8 -5 7 -7 -4 -1 11 -11 -2
right_child=1 -3 5 4 -6 6 -8 -9 -10 10 -12 -13
leaf_value=5.6740412776135066e-05 -0.0013983697373740446 0.0043922221126011258 0.0011555024388753888 0.00028698515401326874 0.0039365009013701104 -0.00095568909823688533 -3.7623449315912949e-05 -2.2515395291815479e-05 -0.00047006813577335168 -0.00085751440701307155 0.0076161986926752637 -0.0032594471627597019
leaf_weight=38140 483 63 2602 11610 260 2685 6775 14278 11080 290 43 167
leaf_count=38140 483 63 2602 11610 260 2685 6775 14278 11080 290 43 167
internal_value=-6.81553e-05 -0.00174952 -4.80396e-05 6.79314e-05 0.00071609 -0.00031701 -0.000940805 3.25817e-05 -8.83799e-05 -0.00225331 -0.000495497 -0.00315385
internal_weight=88476 1046 87430 61090 11870 26340 9460 16880 49220 983 333 650
internal_count=88476 1046 87430 61090 11870 26340 9460 16880 49220 983 333 650
is_linear=0
shrinkage=0.05


Tree=240
num_leaves=13
num_cat=0
split_feature=9 17 9 19 18 19 2 20 3 22 6 18
split_gain=1.14806 2.21968 3.45032 1.8146 1.41624 1.3558 3.43359 4.64128 3.7051 1.37452 5.18801 4.10676
threshold=0.79378270001952722 44.500000000000007 0.80498614744947117 11.081250000000002 79.937500000000014 19.606250000000006 0.38137531906896349 4.3618750000000013 -0.84874750804349153 0.38134479418824602 0.14888728888808328 1.0000000180025095e-35
decision_type=2 2 2 2 2 2 2 2 2 2 2 2
left_child=5 2 -2 -3 -5 9 7 -7 -8 10 -1 -11
right_child=1 3 -4 4 -6 6 8 -9 -10 11 -12 -13
leaf_value=-0.001790976608411525 0.0085839767854028366 0.0069137888990214048 8.6298433866610627e-05 -0.00011307786284530664 0.0007425498408018831 -0.0014842320904828567 0.00047262999110130879 0.0075263302958415773 -4.1989726455840945e-05 -0.00027722293891826636 0.00015436830890109367 0.00014459399673158425
leaf_weight=6612 47 40 74 882 486 3607 1141 44 14091 1971 13338 46177
leaf_count=6612 47 40 74 882 486 3607 1141 44 14091 1971 13338 46177
internal_value=-4.68885e-05 0.00131131 0.00780992 0.00075284 0.000445905 -7.07638e-05 -0.00044564 -0.00182279 -0.000115547 3.31863e-05 -0.000315791 0.000177784
internal_weight=88510 1529 121 1408 1368 86981 18883 3651 15232 68098 19950 48148
internal_count=88510 1529 121 1408 1368 86981 18883 3651 15232 68098 19950 48148
is_linear=0
shrinkage=0.05


Tree=241
num_leaves=12
num_cat=0
split_feature=19 6 5 6 5 6 6 17 0 13 16
split_gain=1.47912 1.39871 1.37239 2.51898 1.25833 1.19355 0.798084 1.033 0.645374 0.523727 0.249685
threshold=-1.1187499999999997 0.99958851518450398 0.96687895796550427 -0.082691941062253513 0.7210268013660811 0.99932962452255414 0.97461712852231652 79.500000000000014 30.014085031546287 0.13485353348993515 36.350000000000001
decision_type=2 2 2 2 2 2 2 2 2 2 2
left_child=4 2 5 -4 6 -2 10 -8 -3 -10 -1
right_child=1 8 3 -5 -6 -7 7 -9 9 -11 -12
leaf_value=-0.0052186377856105514 2.0400962372191453e-05 0.0016913528807564378 -0.0006144902838880875 6.583562308059012e-06 0.001381510713812916 0.0033091914113823361 -0.00087626021068506587 0.001386689694707795 -4.9081956420896582e-05 -0.0023924637381684119 -0.00368265532665718
leaf_weight=136 79767 52 2593 4867 75 146 70 51 83 384 307
leaf_count=136 79767 52 2593 4867 75 146 70 51 83 384 307
internal_value=-2.09543e-05 -3.52825e-06 1.18446e-05 -0.00063673 -0.00241784 7.239e-05 -0.00322695 0.0003719 -0.00259152 -0.00317987 -0.00420993
internal_weight=88531 87892 87373 7460 639 79913 564 121 519 467 443
internal_count=88531 87892 87373 7460 639 79913 564 121 519 467 443
is_linear=0
shrinkage=0.05


Tree=242
num_leaves=16
num_cat=0
split_feature=15 5 22 19 17 19 3 17 19 5 15 16 9 22 16
split_gain=1.12612 3.39236 3.47151 3.96084 2.92092 2.18646 3.15322 2.13798 2.09469 3.17471 2.79497 1.90666 4.8006 1.45823 0.539581
threshold=597.50000000000011 -0.78326540922535159 0.95844462698335453 20.531250000000004 125.50000000000001 15.768750000000002 0.032701564615071628 104.50000000000001 26.556250000000006 0.048362692321690152 342.50000000000006 466.55000000000007 0.32277946608445329 0.75633939849741438 330.95000000000005
decision_type=2 2 2 2 2 2 2 2 2 2 2 2 2 2 2
left_child=8 2 3 -2 -4 6 -3 -7 11 14 -11 13 -13 -1 -10
right_child=1 5 4 -5 -6 7 -8 -9 9 10 -12 12 -14 -15 -16
leaf_value=-0.00011957326885435188 0.0023432991872878658 -0.00053182730471582648 0.00015255724818330485 -0.00027110384925628175 0.00092729471604894361 7.6524478934295205e-05 0.00056945096583458992 -3.0679155885122209e-05 -0.0019607816993375323 -0.0012224295834831261 0.00049297913621068601 0.0017165151085571158 -0.00021216483632402938 0.00020601576204517288 -0.00045874390446487556
leaf_weight=48816 99 228 226 292 117 593 777 6808 522 253 311 727 9293 18560 938
leaf_count=48816 99 228 226 292 117 593 777 6808 522 253 311 727 9293 18560 938
internal_value=-6.60581e-05 0.000459517 0.00371934 0.00049872 0.00739067 0.000174874 0.00236318 -0.000122282 -0.000126544 -0.00171443 0.00147163 -8.50185e-05 -0.000728544 1.06851e-05 -0.00294521
internal_weight=88560 9140 734 391 343 8406 1005 7401 79420 2024 564 77396 10020 67376 1460
internal_count=88560 9140 734 391 343 8406 1005 7401 79420 2024 564 77396 10020 67376 1460
is_linear=0
shrinkage=0.05


Tree=243
num_leaves=16
num_cat=0
split_feature=6 6 5 19 13 3 16 21 19 22 3 16 15 19 5
split_gain=1.11039 3.45107 2.16273 3.85174 1.98732 7.59278 2.85032 1.93312 1.87873 2.91978 3.82757 2.41035 2.01874 4.40709 2.35834
threshold=-0.79382744783423187 -0.8142754349318998 -0.01397611846945947 26.831250000000004 0.4576877158022416 -0.9733555533461492 699.95000000000016 0.32709824547141314 19.918750000000006 0.96842285586318577 -0.097964660725097089 455.35000000000008 519.50000000000011 11.893750000000002 -0.861146256326485
decision_type=2 2 2 2 2 2 2 2 2 2 2 2 2 2 2
left_child=1 2 3 -1 5 -3 -6 -4 12 11 -11 -10 14 -14 -2
right_child=8 4 7 -5 6 -7 -8 -9 9 10 -12 -13 13 -15 -16
leaf_value=0.0004398963209695811 0.00035237748481288972 0.0076392104142508346 0.0012225867019023352 -0.00079577463497730984 0.00011034204298897425 0.0017030326675810687 0.0024147831457814574 -0.00010444499781233793 -0.00019734546523648332 -8.2905534377576619e-05 0.00015233452439566045 -0.00045640768691340093 0.0007403399358414174 3.2640054293251562e-05 -0.00019418510765464465
leaf_weight=10039 13685 45 1727 564 667 391 93 9721 2720 1368 843 2895 735 3220 39704
leaf_count=10039 13685 45 1727 564 667 391 93 9721 2720 1368 843 2895 735 3220 39704
internal_value=-5.29887e-05 0.000243686 0.000101808 0.000616334 0.00285953 0.00555046 0.00131579 -0.000374739 -0.000158817 -0.000885511 0.000653549 -0.00149154 -5.96413e-05 0.00103034 -0.000140386
internal_weight=88417 23247 22051 10603 1196 436 760 11448 65170 7826 2211 5615 57344 3955 53389
internal_count=88417 23247 22051 10603 1196 436 760 11448 65170 7826 2211 5615 57344 3955 53389
is_linear=0
shrinkage=0.05


Tree=244
num_leaves=15
num_cat=0
split_feature=21 6 6 6 21 22 16 5 6 20 17 5 6 3
split_gain=1.04226 2.81831 4.76322 5.18596 4.01113 4.40767 2.69798 3.6874 2.47647 2.19162 2.29605 2.07988 2.07382 0.50964
threshold=0.8391819921784468 -0.99628250747696534 -0.99052477729077237 -0.98521978256641018 0.93879657506333369 0.93601588666344282 412.75000000000006 0.99907018497641664 -0.96687281075841669 3.7131250000000007 19.500000000000004 0.99274428880883148 -0.99761278905001471 -0.99465189230620676
decision_type=2 2 2 2 2 2 2 2 2 2 2 2 2 2
left_child=6 4 13 -4 12 -6 9 8 -8 11 -11 -1 -2 -3
right_child=1 2 3 -5 5 -7 7 -9 -10 10 -12 -13 -14 -15
leaf_value=0.00013286502679982771 -0.00034073963498788552 8.785621769446908e-05 0.0016988518025094078 -6.0788544211335543e-05 0.0030951758600975339 0.00014250796115713389 -0.00032029905624992921 0.0009763329033414263 0.00060418215834887046 -0.0054543659943080223 -0.00047102960802548595 -0.0017121205139255817 0.001134336335691594 -0.0012187246042722486
leaf_weight=43665 372 52 394 24418 155 474 887 51 3606 787 11944 751 84 826
leaf_count=43665 372 52 394 24418 155 474 887 51 3606 787 11944 751 84 826
internal_value=-4.66858e-05 -0.000307191 -0.000412613 -0.000284541 0.00218894 0.00477742 6.6378e-05 0.001239 0.00108725 -2.68617e-05 -0.000605217 0.000138913 -0.00138158 -0.00403189
internal_weight=88466 26775 25690 24812 1085 629 61691 4544 4493 57147 12731 44416 456 878
internal_count=88466 26775 25690 24812 1085 629 61691 4544 4493 57147 12731 44416 456 878
is_linear=0
shrinkage=0.05


Tree=245
num_leaves=13
num_cat=0
split_feature=19 13 18 4 12 16 21 12 12 6 22 5
split_gain=1.287 1.52562 1.02678 5.25594 2.95798 2.66274 3.89165 2.33423 1.84462 0.907936 0.833699 0.344041
threshold=-1.1187499999999997 0.75024451953976723 38.437500000000007 -0.4124860612920454 8.8500000000000014 1.7500000000000002 0.2147305656679136 36.45000000000001 553.65000000000009 0.97461712852231652 1.0383239818484784 0.56369777965491019
decision_type=2 2 2 2 2 2 2 2 2 2 2 2
left_child=1 9 3 8 -5 7 -7 -4 -2 11 -11 -1
right_child=2 -3 5 4 -6 6 -8 -9 -10 10 -12 -13
leaf_value=-0.0041167296952646492 3.6284933026460997e-05 0.0017027047162995479 0.00019336357956316921 0.0016959979077946327 -0.00073926866312177273 0.0015453244810272222 3.240971520105461e-05 -0.0020993902890164701 -0.00011078441131213702 0.0046098968307284041 -0.00083043938608121602 -0.00077554752382271233
leaf_weight=379 14861 42 2792 370 4718 3116 57539 3361 1053 51 66 92
leaf_count=379 14861 42 2792 370 4718 3116 57539 3361 1053 51 66 92
internal_value=-4.97524e-05 -0.00230159 -3.35965e-05 -0.00033854 -0.00173742 6.22668e-05 0.000162805 -0.000928816 0.000108708 -0.00295918 0.000982905 -0.00393843
internal_weight=88440 630 87810 21002 5088 66808 60655 6153 15914 588 117 471
internal_count=88440 630 87810 21002 5088 66808 60655 6153 15914 588 117 471
is_linear=0
shrinkage=0.05


Tree=246
num_leaves=15
num_cat=0
split_feature=9 5 2 20 17 18 20 17 16 9 22 1 22 3
split_gain=1.3289 2.24676 4.55916 2.72989 2.65986 1.73187 1.59284 3.32206 2.40854 3.86735 1.84265 1.80064 1.19692 0.297877
threshold=0.21510594599392183 0.3504237462291826 0.35037775440823676 3.4418750000000005 290.50000000000006 93.312500000000014 3.7343750000000009 20.500000000000004 242.75000000000003 0.23088812177986287 0.64322102839350315 875.72493372615816 0.89184736771066409 -0.9733555533461492
decision_type=2 2 2 2 2 2 2 2 2 2 2 2 2 2
left_child=1 4 3 -3 5 -1 8 13 11 -10 -9 -2 -4 -8
right_child=6 2 12 -5 -6 -7 7 10 9 -11 -12 -13 -14 -15
leaf_value=-0.00081337181638278734 0.00020253798950994404 -0.00077892892190553717 -0.002711094696903798 0.0051179093785206509 0.0027321906240450056 -0.0034163715438591462 -0.0002079517557523851 -0.0011952596777414116 0.0039212740635130965 -6.3246949449349027e-05 6.62216747407185e-05 0.0017961820710327106 0.00026029806032727492 -0.0058758929590865799
leaf_weight=2669 36359 292 707 455 50 1379 51 7479 132 30508 7124 384 46 690
leaf_count=2669 36359 292 707 455 50 1379 51 7479 132 30508 7124 384 46 690
internal_value=-0.000110106 -0.000855664 0.000799999 0.0035676 -0.00146169 -0.00160326 -5.96552e-05 -0.000519422 4.50398e-05 -0.000282312 -0.000353696 0.000318019 -0.00194555 -0.00378543
internal_weight=88325 5598 1500 747 4098 4048 82727 15344 67383 30640 14603 36743 753 741
internal_count=88325 5598 1500 747 4098 4048 82727 15344 67383 30640 14603 36743 753 741
is_linear=0
shrinkage=0.05


Tree=247
num_leaves=16
num_cat=0
split_feature=6 5 6 18 3 5 19 13 12 12 19 3 13 19 3
split_gain=1.17016 2.88706 2.07862 5.82619 4.0081 2.877 1.97133 1.78299 1.99772 1.77519 1.6843 1.14329 1.81143 1.34796 0.735445
threshold=0.92843842216862604 0.26866988313759588 0.91511078773075516 99.062500000000014 -0.52778511650980109 0.39827038710620805 4.3187500000000014 0.090856565445778692 9.7500000000000018 20.550000000000001 5.7562500000000005 0.9946518923062071 0.91351480394684714 19.206250000000008 0.58216583101416142
decision_type=2 2 2 2 2 2 2 2 2 2 2 2 2 2 2
left_child=2 7 11 5 -5 -4 14 8 -2 -9 -8 13 -13 -1 -3
right_child=1 6 3 4 -6 -7 10 9 -10 -11 -12 12 -14 -15 -16
leaf_value=6.6606167129890296e-05 0.003322639021968562 -0.0033718155402177375 -0.0045185235227477921 -0.0092713994468436745 0.0068876871624570851 0.0015123691117482655 0.0029879134726642671 -0.0022416239009700046 -0.00289884563172987 2.7161482807889605e-05 -0.00015741244941330356 -0.00066884036323607997 0.0043758673752490786 -4.6258835181659931e-05 -0.00061539360839247832
leaf_weight=56886 225 739 336 53 186 54 41 1195 73 4076 130 3051 53 20966 256
leaf_count=56886 225 739 336 53 186 54 41 1195 73 4076 130 3051 53 20966 256
internal_value=-4.58572e-05 -0.000679288 6.43381e-06 0.00286963 0.00901674 -0.000897437 -0.00294168 -0.000205604 0.00355705 -0.000418328 0.00201754 -1.58122e-05 -0.000956831 2.17067e-05 -0.00379397
internal_weight=88320 6735 81585 629 239 390 1166 5569 298 5271 171 80956 3104 77852 995
internal_count=88320 6735 81585 629 239 390 1166 5569 298 5271 171 80956 3104 77852 995
is_linear=0
shrinkage=0.05


Tree=248
num_leaves=13
num_cat=0
split_feature=9 9 18 0 17 5 2 14 18 18 4 21
split_gain=1.01073 3.56954 14.5464 6.91619 2.2028 1.8151 4.70402 2.41727 1.46104 1.22124 3.48067 2.55482
threshold=0.22193555147069652 0.22744884391036158 87.937500000000014 108.90863308610993 310.50000000000006 0.3504237462291826 0.35037775440823676 1.0000000180025095e-35 95.312500000000014 31.812500000000004 -0.4124860612920454 0.95401363414804796
decision_type=2 2 2 2 2 2 2 2 2 2 2 2
left_child=4 2 3 -2 5 7 -7 -1 -4 10 -3 -11
right_child=1 9 8 -5 -6 6 -8 -9 -10 11 -12 -13
leaf_value=0.0002012244744067181 0.0045193443882435872 -9.2306835064076736e-07 0.0041955396425788416 0.013292271945305592 0.002592250784486261 0.0025727019945324323 -0.0013960715473683358 -0.0016003854283159814 -0.0051068747073151344 -2.4552404555971966e-05 -0.00062620826722049612 0.00035797993293431766
leaf_weight=1548 47 13030 56 90 41 782 814 2880 252 59061 4427 5385
leaf_count=1548 47 13030 56 90 41 782 814 2880 252 59061 4427 5385
internal_value=-7.36895e-05 -2.781e-05 0.0044382 0.0179927 -0.000696621 -0.000775234 0.000670425 -0.0012963 -0.00159091 -5.2075e-05 -0.000423041 4.84114e-05
internal_weight=88413 82348 445 137 6065 6024 1596 4428 308 81903 17457 64446
internal_count=88413 82348 445 137 6065 6024 1596 4428 308 81903 17457 64446
is_linear=0
shrinkage=0.05


Tree=249
num_leaves=16
num_cat=0
split_feature=6 0 19 5 0 16 20 5 19 5 5 20 22 5 12
split_gain=1.16644 2.58631 1.99351 2.9491 4.9364 2.71606 2.52559 2.36559 2.17839 1.15489 2.64994 1.7533 0.485753 0.878442 0.0893333
threshold=0.92843842216862604 202.50544034251308 8.3812500000000032 -0.94139628442229062 330.40540648531902 1.0000000180025095e-35 1.3306250000000002 -0.91597725483594616 14.443750000000003 -0.32614396506100213 -0.30983472475487867 4.2031250000000009 0.37548407383964755 0.23537774960157334 116.25000000000001
decision_type=2 2 2 2 2 2 2 2 2 2 2 2 2 2 2
left_child=2 9 3 4 -1 8 -7 -5 -4 11 -11 -2 13 -3 -14
right_child=1 12 5 7 -6 6 -8 -9 -10 10 -12 -13 14 -15 -16
leaf_value=0.00039574263795849737 -0.010529607017173476 -0.0033467452661070543 -0.0037390611181817822 -0.0048619126077650565 0.0033163475178776161 -0.00022513563736794031 3.7955783970143982e-05 0.00027711397750034651 -0.00016953352093843633 0.0061515391399277666 -0.00012715184599685071 0.0040283018024099377 -0.003136901804190519 -3.6649495529555459e-05 -0.00032001960125916941
leaf_weight=905 255 159 2526 471 334 13903 46335 15028 1886 143 5491 48 335 214 40
leaf_count=905 255 159 2526 471 334 13903 46335 15028 1886 143 5491 48 335 214 40
internal_value=-5.69426e-05 -0.000691849 -4.79305e-06 0.000481538 0.00282889 -0.000130705 -4.29973e-05 0.000293889 -0.0013282 -0.000342767 -0.000181045 -0.00334984 -0.00346257 -0.00218499 -0.00473333
internal_weight=88073 6685 81388 16738 1239 64650 60238 15499 4412 5937 5634 303 748 373 375
internal_count=88073 6685 81388 16738 1239 64650 60238 15499 4412 5937 5634 303 748 373 375
is_linear=0
shrinkage=0.05


Tree=250
num_leaves=12
num_cat=0
split_feature=16 5 20 17 19 5 13 5 6 22 19
split_gain=1.19824 7.36739 2.94664 1.77636 1.45762 2.00311 1.84952 1.48211 1.30057 2.87385 1.92352
threshold=817.35000000000002 -0.83377653105606597 0.61437500000000012 111.50000000000001 22.968750000000004 -0.29343379936893921 0.5400515653825414 -0.57078386445773377 -0.64580103137750788 0.37548407383964755 19.918750000000006
decision_type=2 2 2 2 2 2 2 2 2 2 2
left_child=4 -2 -3 -4 8 7 -7 -6 9 -1 -10
right_child=1 2 3 -5 5 6 -8 -9 10 -11 -12
leaf_value=-0.0012656569188401723 0.00024355673616478844 0.00019276533322310724 6.2188008204218129e-05 -7.580490060271249e-05 -0.0002228119011020394 -0.00042049520352013077 5.3593197151604321e-05 -0.0011506562767522363 -4.5676488269243655e-05 0.00025407566925151931 -0.00053071363973752981
leaf_weight=3380 53 43 1212 833 3344 1059 3230 997 52597 19223 2379
leaf_count=3380 53 43 1212 833 3344 1059 3230 997 52597 19223 2379
internal_value=-4.98031e-05 0.00111863 0.00065134 0.000378972 -7.88213e-05 -0.00069525 7.1111e-05 -0.00145243 -1.02488e-05 0.000309029 -0.000141517
internal_weight=88350 2141 2088 2045 86209 8630 4289 4341 77579 22603 54976
internal_count=88350 2141 2088 2045 86209 8630 4289 4341 77579 22603 54976
is_linear=0
shrinkage=0.05


Tree=251
num_leaves=15
num_cat=0
split_feature=3 1 6 19 13 9 13 22 5 20 13 17 18 5
split_gain=1.23758 1.8005 1.54698 2.00514 1.43382 1.15253 2.26831 3.93593 1.96455 5.2122 1.87788 1.64864 0.980711 0.724435
threshold=0.9946518923062071 264.94500514613395 -0.96687281075841669 19.493750000000006 0.8669107597602097 0.39647989154135294 0.40289140696879339 0.98744854199646437 -0.99940763397299126 2.0281250000000006 0.51109823018829248 307.50000000000006 19.687500000000004 -0.01397611846945947
decision_type=2 2 2 2 2 2 2 2 2 2 2 2 2 2
left_child=5 4 13 -4 12 8 7 -7 9 -1 -8 -10 -2 -3
right_child=1 2 3 -5 -6 6 10 -9 11 -11 -12 -13 -14 -15
leaf_value=0.0060322587428260771 -0.0020805424260050176 3.6488119343786041e-05 0.00078128661763512519 0.0098375273726630536 0.0057616874756855974 0.00025668846406174951 -0.00030740254696882133 0.0014033530825537008 -0.00027435356900862312 -0.0037605888944583169 1.7991614247907496e-05 0.0017691970194454053 -0.0011110154147343247 -0.00082366888713240817
leaf_weight=45 259 156 674 43 47 14861 9506 1164 23246 65 35933 307 1679 247
leaf_count=45 259 156 674 43 47 14861 9506 1164 23246 65 35933 307 1679 247
internal_value=-4.20494e-05 -0.00102255 0.000580356 0.0019735 -0.00192695 -6.28592e-06 0.000107867 0.000619344 -0.000302795 0.00636364 -7.2516e-05 -0.000333929 -0.00213622 -0.00189826
internal_weight=88232 3105 1120 717 1985 85127 61464 16025 23663 110 45439 23553 1938 403
internal_count=88232 3105 1120 717 1985 85127 61464 16025 23663 110 45439 23553 1938 403
is_linear=0
shrinkage=0.05


Tree=252
num_leaves=12
num_cat=0
split_feature=19 13 9 18 12 2 20 12 20 16 16
split_gain=1.29162 1.70742 0.95206 1.74135 2.11572 1.21924 2.14017 1.46555 1.13722 0.741517 0.225364
threshold=-1.1187499999999997 0.67132394796318995 0.79378270001952722 69.562500000000014 33.150000000000006 0.87672734215083803 2.2293750000000006 553.65000000000009 1.6343750000000006 374.05000000000007 36.350000000000001
decision_type=2 2 2 2 2 2 2 2 2 2 2
left_child=1 9 5 8 -5 7 -7 -2 -4 10 -1
right_child=2 -3 3 4 -6 6 -8 -9 -10 -11 -12
leaf_value=-0.0045685250519234997 -2.7877082254462726e-05 0.0012125674525967712 0.00032398891919507291 0.010328629414469617 0.00066926064640404626 0.00056445492325656792 1.2347021327141856e-05 -0.00018038954900237658 -0.0001759589346663207 0.00044929204848717896 -0.002070154248300145
leaf_weight=120 82095 62 289 50 603 417 1168 2613 583 68 361
leaf_count=120 82095 62 289 50 603 417 1168 2613 583 68 361
internal_value=-9.04127e-05 -0.00238134 -7.44734e-05 0.00116393 0.00311638 -9.63589e-05 0.0012776 -0.000122068 -0.000298166 -0.00326958 -0.0039605
internal_weight=88429 611 87818 1525 653 86293 1585 84708 872 549 481
internal_count=88429 611 87818 1525 653 86293 1585 84708 872 549 481
is_linear=0
shrinkage=0.05


Tree=253
num_leaves=16
num_cat=0
split_feature=2 15 19 0 21 15 17 5 22 1 12 18 12 5 5
split_gain=1.12146 5.29453 4.60463 4.47423 3.85901 3.55869 3.39983 2.74545 2.7006 2.22438 2.03563 3.77286 1.96161 1.80842 1.62842
threshold=0.6073837691314955 416.50000000000006 9.2562500000000032 403.18442284110819 0.97911630744217204 637.50000000000011 141.50000000000003 -0.76141707087277943 1.0439717433682956 586.4416105564228 232.95000000000002 1.0000000180025095e-35 380.55000000000001 -0.97876850416056738 0.99865421017599998
decision_type=2 2 2 2 2 2 2 2 2 2 2 2 2 2 2
left_child=1 10 3 -3 9 6 -6 -7 -4 12 14 -12 -2 -11 -1
right_child=4 2 8 -5 5 7 -8 -9 -10 13 11 -13 -14 -15 -16
leaf_value=-5.8018546699344716e-05 0.0043148670411628674 -0.00033416717904421583 -0.00049569016379106829 0.00086835955444748085 0.0001951408298882883 0.00026942433693080464 0.0015543325866837852 3.1729924264936803e-05 0.00044612756231116046 -0.0011712626171249824 0.0015766120346510926 0.00030350137257410066 -0.00071516300168776472 4.3904090478552083e-06 -0.001003105017512323
leaf_weight=54545 152 251 3485 302 327 203 45 2035 70 532 275 4177 68 21309 749
leaf_count=54545 152 251 3485 302 327 203 45 2035 70 532 275 4177 68 21309 749
internal_value=-7.37092e-05 -0.000184328 -0.00192064 0.00232369 0.000212597 0.00203065 0.00655914 0.00127793 -0.00258087 -2.49428e-06 -6.49428e-05 0.000963611 0.005 -5.28834e-05 -0.000147757
internal_weight=88525 63854 4108 553 24671 2610 372 2238 3555 22061 59746 4452 220 21841 55294
internal_count=88525 63854 4108 553 24671 2610 372 2238 3555 22061 59746 4452 220 21841 55294
is_linear=0
shrinkage=0.05


Tree=254
num_leaves=16
num_cat=0
split_feature=6 6 6 0 16 22 9 18 3 0 13 9 9 9 9
split_gain=1.04274 7.48973 5.40199 2.50208 5.31016 3.27393 2.44375 3.24615 2.37589 3.09011 2.84295 1.27873 2.69657 2.50483 0.974323
threshold=-0.25206183926700709 -0.16799793862756093 -0.32613736746952143 256.89751355328764 313.7000000000001 0.97254169820241654 0.70690155854087011 79.187500000000014 0.097964660725097366 52.002314281122878 0.55554438752339197 0.56200434853822567 0.57713002916505951 0.42314055428310898 0.33924765957388997
decision_type=2 2 2 2 2 2 2 2 2 2 2 2 2 2 2
left_child=2 6 3 4 -1 -5 14 -8 9 -4 -10 13 -13 -3 -2
right_child=1 11 8 5 -6 -7 7 -9 10 -11 -12 12 -14 -15 -16
leaf_value=-5.6217274821424028e-05 -0.00016001387352281238 -0.00018987902697826869 0.0025366801575194067 1.0620595942250348e-05 -0.0014436014335583781 0.00010006814993288038 0.0012580297831097432 -0.001855907495398343 0.0009544146776974317 0.00018656082467649523 0.0057386032339305972 -0.0028328800388791094 -6.2956949337655835e-05 0.00040847538396298179 -0.002025195065249247
leaf_weight=9315 246 18715 83 27122 2969 2664 117 196 726 1024 475 1038 9802 12095 1944
leaf_count=9315 246 18715 83 27122 2969 2664 117 196 726 1024 475 1038 9802 12095 1944
internal_value=-7.40431e-05 -0.000246077 9.7119e-05 -3.20906e-05 -0.000632531 0.000215536 -0.00290252 0.00123003 0.00245234 0.00078139 0.00399251 -8.64358e-05 -0.000553507 7.78956e-05 -0.00349315
internal_weight=88531 44153 44378 42070 12284 29786 2503 313 2308 1107 1201 41650 10840 30810 2190
internal_count=88531 44153 44378 42070 12284 29786 2503 313 2308 1107 1201 41650 10840 30810 2190
is_linear=0
shrinkage=0.05


Tree=255
num_leaves=15
num_cat=0
split_feature=5 6 13 9 0 3 0 20 5 16 5 6 19 1
split_gain=1.35888 2.47578 1.86763 4.18566 1.49452 1.22834 2.72036 2.23808 1.24605 4.70695 2.41267 0.967902 0.957481 0.408029
threshold=0.96687895796550427 -0.20180761162458913 0.42150222854269442 0.69931833206448257 47.530461158288169 0.98611507088852057 208.93586573424793 0.7043750000000002 -0.8781231054254196 744.25000000000011 -0.65234524191686594 -0.98521978256641018 12.481250000000003 513.18546591979714
decision_type=2 2 2 2 2 2 2 2 2 2 2 2 2 2
left_child=5 4 3 -3 -2 8 11 -8 9 -1 -10 -7 -4 -6
right_child=1 2 12 -5 13 6 7 -9 10 -11 -12 -13 -14 -15
leaf_value=0.00028057307914884015 0.013300013559550678 7.2398519971768706e-05 -4.9444869115097839e-05 0.0018993834237126515 -0.0032780543413268529 0.0037958570778611313 0.0019220734437375765 -8.4788583891604041e-05 -0.00026455663941202413 0.00039191486129249044 1.9221248743887238e-05 -0.0014861029489501769 -0.00024680760865037845 -0.0053986190178858815
leaf_weight=13616 50 1906 2118 152 341 118 475 1347 10533 136 52173 2667 2427 406
leaf_count=13616 50 1906 2118 152 341 118 475 1347 10533 136 52173 2667 2427 406
internal_value=-8.78891e-05 -0.000736488 -0.00041875 0.000830903 -0.00336888 -2.86819e-05 -0.000821577 0.00068057 1.90943e-05 0.000450115 -7.54326e-05 -0.00180431 -0.0009846 -0.00392905
internal_weight=88465 7400 6603 2058 797 81065 4607 1822 76458 13752 62706 2785 4545 747
internal_count=88465 7400 6603 2058 797 81065 4607 1822 76458 13752 62706 2785 4545 747
is_linear=0
shrinkage=0.05


Tree=256
num_leaves=15
num_cat=0
split_feature=2 12 19 9 4 16 22 6 13 6 13 3 3 5
split_gain=1.03243 1.66293 1.71884 3.7407 2.3803 1.58844 3.43822 1.76701 1.37168 2.29849 1.36584 2.82963 1.43364 1.10576
threshold=0.087562278688885817 9.7500000000000018 12.918750000000003 0.33924765957388997 -0.68322629814330815 9.7500000000000018 0.61952512288926587 -0.99628250747696534 0.070928051086202856 0.99932962452255414 0.16495198666872424 -0.3520614488341251 -0.9103761370219875 0.3504237462291826
decision_type=2 2 2 2 2 2 2 2 2 2 2 2 2 2
left_child=1 2 4 -4 -1 6 -3 -7 9 13 11 -10 -12 -2
right_child=8 5 3 -5 -6 7 -8 -9 10 -11 12 -13 -14 -15
leaf_value=0.0017551921769561108 -0.0034761663894291236 0.0033013577638853044 0.0050927094098444873 0.00018284164493823484 -0.00098697093893698328 0.0055819545788311168 0.0056524303243941261 0.00062182430617591187 0.0020663207647273365 0.013237645201085483 -0.00066101828930386632 -7.5549678096048352e-05 -2.8974656815998994e-05 -9.9357957319371349e-08
leaf_weight=177 1149 549 78 434 1333 41 127 1089 1873 44 6436 4453 69938 570
leaf_count=177 1149 549 78 434 1333 41 127 1089 1873 44 6436 4453 69938 570
internal_value=-9.51978e-05 0.00070794 -0.000276955 0.00222656 -0.00112583 0.00181063 0.00372781 0.000663716 -0.000131597 -0.00151163 -0.000102178 0.000603856 -0.000160658 -0.00180047
internal_weight=88291 3828 2022 512 1510 1806 676 1130 84463 1763 82700 6326 76374 1719
internal_count=88291 3828 2022 512 1510 1806 676 1130 84463 1763 82700 6326 76374 1719
is_linear=0
shrinkage=0.05


Tree=257
num_leaves=11
num_cat=0
split_feature=9 22 18 12 15 16 22 21 17 21
split_gain=1.2362 1.23688 4.10917 3.13603 1.19891 1.7209 0.936228 0.68226 0.597561 0.234721
threshold=0.8216092256955948 1.0584182042756576 1.0000000180025095e-35 80.550000000000026 825.50000000000011 817.35000000000002 0.95630427941842078 0.92199267636993565 265.50000000000006 1.0392045756306625
decision_type=2 2 2 2 2 2 2 2 2 2
left_child=1 4 9 -4 5 -1 -6 8 -2 -3
right_child=7 2 3 -5 6 -7 -8 -9 -10 -11
leaf_value=-1.2129500580121942e-05 -0.0012078442703308582 -0.00015560289084354251 0.00014410225872787439 -0.00068665292997557056 -0.00045288490504584813 6.2347718000233383e-05 -3.6946067974804098e-05 0.00067462249765526394 0.0047734886769951962 -0.0019894582264167624
leaf_weight=81246 41 132 3488 312 235 1608 603 58 41 612
leaf_count=81246 41 132 3488 312 235 1608 603 58 41 612
internal_value=-5.18252e-05 -5.92741e-05 -0.000862677 -0.00019737 -1.56538e-05 3.37825e-06 -0.00189738 0.00464286 0.00170732 -0.00426075
internal_weight=88376 88236 4544 3800 83692 82854 838 140 82 744
internal_count=88376 88236 4544 3800 83692 82854 838 140 82 744
is_linear=0
shrinkage=0.05


Tree=258
num_leaves=12
num_cat=0
split_feature=19 13 5 1 5 20 19 5 17 16 6
split_gain=0.966195 1.80772 0.992562 2.0657 1.85019 4.80504 1.64731 1.39112 1.34836 0.932227 0.294082
threshold=-1.1187499999999997 0.67132394796318995 0.91248814248966237 34.220619963937658 0.9053161325100999 2.7168750000000008 9.8687500000000039 0.3504237462291826 21.500000000000004 374.05000000000007 0.97832380634958016
decision_type=2 2 2 2 2 2 2 2 2 2 2
left_child=1 9 4 6 7 -6 -4 -2 -5 10 -1
right_child=2 -3 3 8 5 -7 -8 -9 -10 -11 -12
leaf_value=-0.002363245169599828 -3.9142991966590574e-05 0.00093961559232050035 0.0034245005318737131 -0.0045221229892809522 -7.2838413733328436e-05 0.003227130061564869 -0.00035011344067296181 0.0001225076284272685 -0.00015959755880521053 0.00093164405893519486 -0.00051597119826610497
leaf_weight=423 53623 64 306 193 300 188 187 21573 11423 65 69
leaf_count=423 53623 64 306 193 300 188 187 21573 11423 65 69
internal_value=-5.56485e-05 -0.00202094 -4.17471e-05 -0.000462054 2.54996e-05 0.00309426 0.00270791 5.58421e-06 -0.000596592 -0.00293537 -0.00367886
internal_weight=88414 621 87793 12109 75684 488 493 75196 11616 557 492
internal_count=88414 621 87793 12109 75684 488 493 75196 11616 557 492
is_linear=0
shrinkage=0.05


Tree=259
num_leaves=14
num_cat=0
split_feature=9 9 18 15 17 17 5 5 2 18 6 16 18
split_gain=1.15615 2.62985 13.6097 7.50388 1.63307 1.95919 3.02817 2.02869 1.89622 1.3654 3.08393 2.30267 0.857026
threshold=0.22193555147069652 0.22744884391036158 87.937500000000014 96.500000000000014 283.50000000000006 49.500000000000007 0.61915405168109316 -0.99467753128998015 0.79883948922554626 31.812500000000004 -0.99761278905001471 1.7500000000000002 95.312500000000014
decision_type=2 2 2 2 2 2 2 2 2 2 2 2 2
left_child=4 2 3 -2 5 6 -1 -7 -6 10 -3 -11 -4
right_child=1 9 12 -5 8 7 -8 -9 -10 11 -12 -13 -14
leaf_value=-0.0003205995067720813 0.0066888940065645292 0.00010805163015684752 0.0028216054788567542 0.012206988039029294 -0.0023555217510284991 0.0024554361327031927 0.0042593013708389941 -0.0013248294947566738 0.0024651342818697132 -0.0011607313482688674 -8.1486394783404669e-05 8.8279196512830937e-05 -0.0044193808401274811
leaf_weight=2605 86 542 50 43 62 249 205 2855 57 5392 16964 59086 247
leaf_count=2605 86 542 50 43 62 249 205 2855 57 5392 16964 59086 247
internal_value=-4.70937e-05 1.81898e-06 0.00392019 0.0174806 -0.000715234 -0.000831925 0.000124554 -0.00169781 0.00508403 -1.85414e-05 -0.000410146 8.77807e-05 -0.0019697
internal_weight=88443 82410 426 129 6033 5914 2810 3104 119 81984 17506 64478 297
internal_count=88443 82410 426 129 6033 5914 2810 3104 119 81984 17506 64478 297
is_linear=0
shrinkage=0.05


Tree=260
num_leaves=14
num_cat=0
split_feature=22 18 12 13 9 5 13 9 5 5 12 12 5
split_gain=0.998167 4.02227 3.04752 2.42058 1.64035 2.47265 3.86862 2.40806 2.12411 1.80456 0.249085 0.338212 0.0218254
threshold=1.0584182042756576 1.0000000180025095e-35 80.550000000000026 0.59463236917165518 0.69931833206448257 0.9962888416657264 0.30429598489671084 0.69767651686618293 0.89787622492179153 0.9893236546938301 41.850000000000009 48.150000000000006 0.82899317702918729
decision_type=2 2 2 2 2 2 2 2 2 2 2 2 2
left_child=4 10 3 -3 7 8 -7 9 -6 -1 -2 -12 -4
right_child=1 2 12 -5 5 6 -8 -9 -10 -11 11 -13 -14
leaf_value=-2.4391676652790389e-05 -0.0033634991569139183 -0.000579759143651365 -0.00071764668937341811 0.0019085376450134973 7.0267241677779538e-05 0.0017786517602985019 0.00019413066163591363 -0.0018132815273507593 -0.00019200446909442906 -0.00048025924349723981 0.0003364153088767045 -0.00035324671823431066 -0.0003668175934372701
leaf_weight=67255 393 2228 275 1316 11330 41 731 252 1639 2642 41 315 40
leaf_count=67255 393 2228 275 1316 11330 41 731 252 1639 2642 41 315 40
internal_value=-6.26015e-05 -0.000779081 -0.000128273 0.000290631 -2.32459e-05 0.000476311 0.00322539 -0.000121101 0.000312667 -0.000103511 -0.00413218 -0.00317416 -0.00484127
internal_weight=88498 4608 3859 3544 83890 13741 772 70149 12969 69897 749 356 315
internal_count=88498 4608 3859 3544 83890 13741 772 70149 12969 69897 749 356 315
is_linear=0
shrinkage=0.05


Tree=261
num_leaves=14
num_cat=0
split_feature=9 9 17 16 9 3 20 16 5 9 6 19 20
split_gain=1.04835 1.7888 3.21612 2.36005 2.23234 1.92119 1.60039 2.83471 2.1125 1.80237 1.46001 0.86993 0.101372
threshold=0.21510594599392183 0.18276329663276905 285.50000000000006 493.95000000000005 0.14448820788155367 -0.097964660725097089 3.7343750000000009 1.7500000000000002 0.99939377080793557 0.22744884391036158 -0.99465740988130902 14.668750000000003 3.2606250000000006
decision_type=2 2 2 2 2 2 2 2 2 2 2 2 2
left_child=1 3 5 4 -1 -3 8 11 9 -2 -9 -8 -10
right_child=6 2 -4 -5 -6 -7 7 10 12 -11 -12 -13 -14
leaf_value=-0.0014704863466049498 0.0032061630622518553 -0.00014280544511215639 0.0023125381402029905 0.0038023492538734141 0.0013901559766935957 -0.0029752126738098426 -0.0045394475240969475 -0.0015463747906580023 -0.0014940227126478949 2.3106068711492766e-05 -5.0369596105805734e-05 0.00027299802966140597 -0.00042542933145583322
leaf_weight=2087 592 729 64 72 1495 1130 1249 367 205 66655 13548 240 88
leaf_count=2087 592 729 64 72 1495 1130 1249 367 205 66655 13548 240 88
internal_value=-5.99305e-05 -0.000723508 -0.00195788 -7.38928e-05 -0.000254049 -0.00233728 -1.53127e-05 -0.000475202 8.95754e-05 0.000108033 -0.000253325 -0.00254869 -0.00414676
internal_weight=88521 5577 1923 3654 3582 1859 82944 15404 67540 67247 13915 1489 293
internal_count=88521 5577 1923 3654 3582 1859 82944 15404 67540 67247 13915 1489 293
is_linear=0
shrinkage=0.05


Tree=262
num_leaves=14
num_cat=0
split_feature=15 16 22 20 5 5 2 22 21 5 19 20 20
split_gain=1.05117 1.78495 2.50881 3.6173 2.77818 1.27771 1.00878 0.887267 1.28662 1.05116 0.46138 0.460276 0.0391248
threshold=825.50000000000011 859.20000000000016 1.0185356811665678 1.5206250000000006 0.99865421017599998 0.99983759474438971 0.86840007536802266 0.95630427941842078 0.97343126660191637 0.24372619187392155 22.068750000000005 5.4931250000000009 2.6356250000000006
decision_type=2 2 2 2 2 2 2 2 2 2 2 2 2
left_child=1 5 3 -3 -4 6 -1 12 9 -9 -10 -7 -2
right_child=7 2 4 -5 -6 11 -8 8 10 -11 -12 -13 -14
leaf_value=-2.8680548310900186e-05 -0.00054010849785112174 0.00037195575832651648 -8.6912159434764623e-05 0.00033614012460562591 7.3914211062938486e-05 -0.0015983445950301667 0.00037420888252014199 -5.1637406988873443e-06 3.0435223438921968e-06 0.00047972919948532732 -0.00015235399954664308 -3.5023235898781333e-06 -0.00012031530301935131
leaf_weight=84476 152 42 265 193 68 319 1997 63 164 48 314 138 70
leaf_count=84476 152 42 265 193 68 319 1997 63 164 48 314 138 70
internal_value=-6.39245e-05 -4.73166e-05 0.00274648 0.00670213 -4.50462e-05 -6.55712e-05 -5.16358e-05 -0.00185573 -0.000840409 0.00400901 -0.00196653 -0.00270241 -0.00454955
internal_weight=88309 87498 568 235 333 86930 86473 811 589 111 478 457 222
internal_count=88309 87498 568 235 333 86930 86473 811 589 111 478 457 222
is_linear=0
shrinkage=0.05


Tree=263
num_leaves=15
num_cat=0
split_feature=6 0 6 22 20 9 5 5 20 22 18 13 20 22
split_gain=0.954695 2.97572 1.44125 5.77844 2.8125 2.64545 1.42246 2.77468 1.34549 1.29875 3.78903 2.03352 0.647471 0.27668
threshold=0.92843842216862604 202.50544034251308 0.86869874770991873 1.0185356811665678 0.87687500000000018 0.57713002916505951 -0.32614396506100213 -0.30983472475487867 4.2031250000000009 1.0584182042756576 1.0000000180025095e-35 -1.0000000180025095e-35 4.889375000000002 0.37548407383964755
decision_type=2 2 2 2 2 2 2 2 2 2 2 2 2 2
left_child=2 6 9 5 -5 -4 8 -8 -2 11 -11 -1 13 -3
right_child=1 12 3 4 -6 -7 7 -9 -10 10 -12 -13 -14 -15
leaf_value=0.0026002223082878893 -0.010080977940541816 -0.0023772284200973739 0.0010099988041864358 0.016551479578110994 0.0056800899387798977 -0.00271975390817915 0.0056118302469733011 -0.00012440609123249855 0.0038070106813009579 -0.00090047896135135954 -0.00027503793197611873 -6.461833716702627e-06 0.0001210748795608257 -0.00294709641637626
leaf_weight=76 256 322 2043 40 40 388 145 5491 41 735 3324 74995 40 359
leaf_count=76 256 322 2043 40 40 388 145 5491 41 735 3324 74995 40 359
internal_value=-7.33349e-05 -0.000649235 -2.63972e-05 0.00115293 0.014375 0.00071781 -0.000280635 -0.000102911 -0.0036532 -6.38202e-05 -0.000934961 -1.67187e-05 -0.00368239 -0.00404552
internal_weight=88295 6654 81641 2511 80 2431 5933 5636 297 79130 4059 75071 721 681
internal_count=88295 6654 81641 2511 80 2431 5933 5636 297 79130 4059 75071 721 681
is_linear=0
shrinkage=0.05


Tree=264
num_leaves=11
num_cat=0
split_feature=12 5 12 20 16 5 16 15 17 3
split_gain=0.961646 0.946667 1.60755 1.77318 0.994147 4.91654 2.40777 0.517313 0.454585 0.250459
threshold=1.0000000180025095e-35 0.99966190462023474 16.950000000000006 5.4931250000000009 769.55000000000007 -0.83377653105606597 663.6500000000002 15.500000000000002 6.5000000000000009 0.81241147629689026
decision_type=2 2 2 2 2 2 2 2 2 2
left_child=7 4 -3 -4 6 -6 -2 8 9 -1
right_child=1 2 3 -5 5 -7 -8 -9 -10 -11
leaf_value=-0.0047905082863765065 1.1024603782331666e-05 0.0025668427121303462 -0.0014041677971425635 0.00057508899827679594 0.00019760789281840767 1.4610526599821282e-05 -0.00012390331331738614 -0.0059824328235545997 0.00050038277493912194 -0.00016790679322643595
leaf_weight=60 79504 51 510 173 165 3547 4150 143 59 53
leaf_count=60 79504 51 510 173 165 3547 4150 143 59 53
internal_value=-2.0077e-05 -1.02169e-05 -0.00179837 -0.00243778 4.80617e-06 0.000805494 -3.0723e-05 -0.00277778 -0.000930234 -0.00278761
internal_weight=88415 88100 734 683 87366 3712 83654 315 172 113
internal_count=88415 88100 734 683 87366 3712 83654 315 172 113
is_linear=0
shrinkage=0.05


Tree=265
num_leaves=16
num_cat=0
split_feature=12 4 16 5 12 21 0 6 16 9 15 5 5 0 2
split_gain=1.03823 2.23273 1.85114 3.39811 2.98256 2.54926 1.61671 1.52468 1.47027 2.97467 1.89532 1.32056 0.570738 1.23737 0.828442
threshold=553.65000000000009 -0.93540483100319616 792.40000000000009 -0.83377653105606597 507.15000000000003 0.97911630744217204 629.15997960794618 -0.67801649466304881 497.35000000000008 0.33458151202740682 622.50000000000011 -0.73866753694953124 -0.39036798905311365 605.97093981368846 0.84462076945066145
decision_type=2 2 2 2 2 2 2 2 2 2 2 2 2 2 2
left_child=2 6 8 4 -4 -5 11 -8 10 -10 -1 -2 13 -3 -14
right_child=1 12 3 5 -6 -7 7 -9 9 -11 -12 -13 14 -15 -16
leaf_value=-6.6752459358677433e-06 0.00081220162271414839 0.0028860261788562509 4.2369330282401316e-05 -0.00013053489393364585 0.00059598310556324057 8.1768928812886121e-05 2.2261928100131279e-05 -0.00031662106334963695 0.00078864400145919444 -0.00011950202195326091 0.00056876566993063066 0.0032877579586270823 -0.00054041399991591526 -0.00016283841385873198 -0.00012559026189127364
leaf_weight=69454 74 45 68 286 47 1724 1831 352 817 11616 889 42 752 120 349
leaf_count=69454 74 45 68 286 47 1724 1831 352 817 11616 889 42 752 120 349
internal_value=-6.87282e-05 -0.00090463 -3.36286e-05 0.00142353 0.00978261 0.000945272 2.39223e-05 -0.000281724 -7.10363e-05 -0.000572269 1.75556e-05 0.00577586 -0.00259084 0.000151514 -0.00300182
internal_weight=88466 3565 84901 2125 115 2010 2299 2183 82776 12433 70343 116 1266 165 1101
internal_count=88466 3565 84901 2125 115 2010 2299 2183 82776 12433 70343 116 1266 165 1101
is_linear=0
shrinkage=0.05


Tree=266
num_leaves=16
num_cat=0
split_feature=6 6 17 19 12 9 17 5 20 16 3 16 21 9 18
split_gain=0.938838 2.41675 3.6347 4.78682 2.26591 2.09717 3.55832 3.46871 4.81174 3.45304 3.23007 1.71128 3.20848 1.42265 0.733582
threshold=-0.64580103137750788 -0.56369940867848845 234.50000000000003 15.168750000000003 105.75000000000001 0.25704403896072697 283.50000000000006 0.63920241694561786 1.2006250000000003 166.55000000000004 -0.097964660725097089 859.20000000000016 1.0307114959554131 0.56316546290582981 98.437500000000014
decision_type=2 2 2 2 2 2 2 2 2 2 2 2 2 2 2
left_child=5 2 4 -4 -2 6 14 9 -9 -7 -8 13 -13 -3 -1
right_child=1 11 3 -5 -6 7 10 8 -10 -11 -12 12 -14 -15 -16
leaf_value=-0.00079787894725700127 -0.003077623365264388 4.2767138399234339e-05 0.0046047420458515701 0.00023984548309540182 -0.00012260418580529406 0.00096439787157661663 0.0060857894448576866 -0.0011673681246389678 0.00086326407779764287 -4.4649314992467608e-05 -0.00053701084479098845 0.00018348897915962056 -0.00020689110438128525 -0.00015273621871909996 -0.0049391030029878108
leaf_weight=496 1010 38710 48 332 1974 9351 43 415 2037 17511 79 318 124 15448 456
leaf_count=496 1010 38710 48 332 1974 9351 43 415 2037 17511 79 318 124 15448 456
internal_value=-2.89762e-05 -0.000146989 -0.00144768 0.00315789 -0.00203418 0.000196129 -0.00197393 0.000275635 0.00207586 0.000111308 0.00606557 -6.6851e-05 0.00303167 -9.2139e-05 -0.0030042
internal_weight=88352 57964 3364 380 2984 30388 1074 29314 2452 26862 122 54600 442 54158 952
internal_count=88352 57964 3364 380 2984 30388 1074 29314 2452 26862 122 54600 442 54158 952
is_linear=0
shrinkage=0.05


Tree=267
num_leaves=16
num_cat=0
split_feature=19 3 3 18 21 20 20 6 9 5 6 20 17 6 16
split_gain=0.963668 1.81906 4.41293 5.1817 2.52676 2.06196 2.31472 1.05739 3.63649 3.8587 2.59017 6.76834 2.17677 1.41279 0.372864
threshold=22.968750000000004 -0.8814490726585632 -0.84874750804349153 35.312500000000007 0.97558702407764564 1.1856250000000002 1.2556250000000004 -0.96687281075841669 0.63207661403669546 -0.13398594226331254 -0.9575230291762723 0.50187500000000018 145.50000000000003 -0.25206183926700709 37.550000000000004
decision_type=2 2 2 2 2 2 2 2 2 2 2 2 2 2 2
left_child=7 5 3 -3 -4 14 -7 8 12 -10 11 -9 -1 -12 -2
right_child=1 2 4 -5 -6 6 -8 10 9 -11 13 -13 -14 -15 -16
leaf_value=-0.0021491535824568952 -0.0010579573923420686 0.00057817673503986482 -0.00012317337410762687 0.00024100800258586533 6.4191435483388549e-05 0.0049341009193974552 -0.00049748589176334403 0.006429268150230337 0.0031254680911740802 -0.00010800502803730796 0.00011746249039231161 0.00039323590031764446 -0.0002575197570764387 -7.2209673383252288e-05 -0.0018468396066124383
leaf_weight=1801 74 67 6159 204 1135 46 1326 100 740 1788 27918 748 1870 43933 549
leaf_count=1801 74 67 6159 204 1135 46 1326 100 740 1788 27918 748 1870 43933 549
internal_value=-7.50651e-05 -0.000549164 -0.000194978 0.00607011 -0.00042775 -0.00189223 -0.000809039 -1.76189e-05 -0.00064446 0.000814872 3.58315e-05 0.00278302 -0.00164942 3.40864e-06 -0.00427769
internal_weight=88458 9560 7565 271 7294 1995 1372 78898 6199 2528 72699 848 3671 71851 623
internal_count=88458 9560 7565 271 7294 1995 1372 78898 6199 2528 72699 848 3671 71851 623
is_linear=0
shrinkage=0.05


Tree=268
num_leaves=10
num_cat=0
split_feature=9 20 3 13 17 5 6 5 4
split_gain=1.18647 1.305 1.06116 1.30699 1.3206 0.92351 1.57899 1.50968 0.4864
threshold=0.8216092256955948 1.8031250000000003 0.9946518923062071 0.91351480394684714 162.50000000000003 0.95998215779580554 -0.16799793862756093 0.94425825643485939 -0.68322629814330815
decision_type=2 2 2 2 2 2 2 2 2
left_child=2 -2 5 4 -4 7 -7 -1 -3
right_child=1 8 3 -5 -6 6 -8 -9 -10
leaf_value=-1.6545361600339703e-06 0.0037910784487295464 0.00070444808245917912 -0.00063241837215588395 0.0033438165547411344 0.0064804179992147513 -0.0023915559238327339 -3.0453569155268621e-05 0.00059933475615704061 -0.00032996250882107999
leaf_weight=75926 41 52 3046 56 44 1502 6248 1441 42
leaf_count=75926 41 52 3046 56 44 1502 6248 1441 42
internal_value=-5.41879e-05 0.00462963 -6.13519e-05 -0.000963129 -0.00110032 -2.80214e-05 -0.000548388 2.41047e-05 0.00138298
internal_weight=88398 135 88263 3146 3090 85117 7750 77367 94
internal_count=88398 135 88263 3146 3090 85117 7750 77367 94
is_linear=0
shrinkage=0.05


Tree=269
num_leaves=13
num_cat=0
split_feature=19 13 6 17 12 3 3 22 5 5 22 5
split_gain=0.969397 1.44927 0.820871 1.06935 0.781053 3.06358 3.0248 2.54389 2.25104 1.96404 1.86777 0.660151
threshold=-1.1187499999999997 0.75024451953976723 0.97461712852231652 79.500000000000014 35.550000000000004 -0.93540483100319605 -0.41248606129204529 0.88266585168366529 -0.99940763397299126 0.3504237462291826 1.0584182042756576 0.56369777965491019
decision_type=2 2 2 2 2 2 2 2 2 2 2 2
left_child=1 2 11 -4 6 7 8 -6 -2 -8 -7 -1
right_child=4 -3 3 -5 5 10 9 -9 -10 -11 -12 -13
leaf_value=-0.0035343484168140317 0.021502451375887945 0.00098052957566978696 -0.00061414604392615914 0.0013457387037816334 -0.00038452643369718412 -5.9522679907155877e-06 -0.00079532070315241517 -0.0019067345101561252 0.00097680825865940186 0.00069203026917767922 -0.00031699075662058374 -0.00013469709728982184
leaf_weight=369 61 42 70 46 2536 65233 7054 1220 7295 3051 1378 85
leaf_count=369 61 42 70 46 2536 65233 7054 1220 7295 3051 1378 85
internal_value=-7.57588e-05 -0.00205882 -0.0027193 0.00103448 -6.19404e-05 -0.000136216 0.000237385 -0.00152556 0.0010087 -0.000324098 -5.78745e-05 -0.00367842
internal_weight=88440 612 570 116 87828 70367 17461 3756 7356 10105 66611 454
internal_count=88440 612 570 116 87828 70367 17461 3756 7356 10105 66611 454
is_linear=0
shrinkage=0.05


Tree=270
num_leaves=15
num_cat=0
split_feature=3 12 19 18 9 9 20 3 18 5 18 22 0 20
split_gain=1.09705 3.22909 2.46654 2.19712 1.89598 4.16413 2.9512 2.23358 4.22488 2.09625 2.00141 1.83311 1.53657 0.941222
threshold=-0.9103761370219875 42.750000000000007 6.9312500000000012 0.43750000000000006 0.70297416100333832 0.71102525101217362 0.72062500000000018 -0.22695468355932411 80.937500000000014 -0.97876850416056738 82.437500000000014 0.91749624877584324 281.77256852599641 0.89312500000000017
decision_type=2 2 2 2 2 2 2 2 2 2 2 2 2 2
left_child=1 2 -1 -4 7 6 -6 8 -2 -9 -7 13 -13 -3
right_child=4 11 3 -5 5 10 -8 9 -10 -11 -12 12 -14 -15
leaf_value=0.011529500898546173 0.00044593113436360856 -0.0017930431635931798 -0.0048283401686254101 0.00024152800567311949 0.002584764752382401 -1.634302996716031e-05 0.00030237484944005676 -0.00099210227160370125 -0.00025515165257416133 -7.6183117400241993e-05 0.00051183023795874799 -0.0020993333203456798 0.00032004887300967922 -0.00052067396357708404
leaf_weight=72 9602 300 190 3691 296 7311 1232 3401 11501 43434 3662 923 41 2840
leaf_count=72 9602 300 190 3691 296 7311 1232 3401 11501 43434 3662 923 41 2840
internal_value=-5.006e-05 -0.000606306 0.000413609 0.000243493 5.65527e-06 0.000571553 0.00301701 -9.84733e-05 0.000328625 -0.000290916 0.00023102 -0.0015887 -0.00349585 -0.00100319
internal_weight=88496 8057 3953 3881 80439 12501 1528 67938 21103 46835 10973 4104 964 3140
internal_count=88496 8057 3953 3881 80439 12501 1528 67938 21103 46835 10973 4104 964 3140
is_linear=0
shrinkage=0.05


Tree=271
num_leaves=13
num_cat=0
split_feature=19 5 19 2 17 20 22 18 9 6 7 16
split_gain=0.894335 1.71504 0.935109 2.76024 5.01674 3.51495 1.29251 3.93644 2.02944 0.894571 0.668006 0.377982
threshold=-1.1187499999999997 0.7210268013660811 19.206250000000008 0.38137531906896349 77.500000000000014 4.3618750000000013 0.75969313286720908 1.0000000180025095e-35 0.66737110467830496 0.97461712852231652 14.875000000000002 36.350000000000001
decision_type=2 2 2 2 2 2 2 2 2 2 2 2
left_child=1 9 6 5 -5 -4 8 -8 -2 11 -11 -1
right_child=2 -3 3 4 -6 -7 7 -9 -10 10 -12 -13
leaf_value=-0.004211984279830272 -0.0002369712229717191 0.0010151879083270562 -0.0011221086544590784 0.0047419069955504769 -2.3489580692120926e-05 0.0072605276906123842 -0.00019800498490882019 0.00016615120962273358 0.001053630984817161 -0.00089793708211066746 0.00064469200871606562 -0.0027678370449251109
leaf_weight=121 39892 74 4157 150 16883 42 1905 20928 3890 64 56 303
leaf_count=121 39892 74 4157 150 16883 42 1905 20928 3890 64 56 303
internal_value=-0.000111062 -0.00200647 -9.77279e-05 -0.000386682 -0.000103624 -0.00153489 -5.63055e-06 0.000299346 -0.000164681 -0.00297794 0.000833332 -0.0040566
internal_weight=88465 618 87847 21232 17033 4199 66615 22833 43782 544 120 424
internal_count=88465 618 87847 21232 17033 4199 66615 22833 43782 544 120 424
is_linear=0
shrinkage=0.05


Tree=272
num_leaves=14
num_cat=0
split_feature=5 20 19 12 7 18 22 9 20 0 9 3 13
split_gain=1.06735 0.993811 2.33491 0.90724 0.812402 1.38527 3.20765 1.47412 0.899391 1.63559 1.16031 0.236398 0.0159085
threshold=0.99983759474438971 5.4931250000000009 15.093750000000004 24.450000000000006 18.125000000000004 99.812500000000014 0.5460775683732545 0.54421630390580811 1.0468750000000002 487.05007652727755 0.39166652857036116 0.16280825711808991 0.39024837853458977
decision_type=2 2 2 2 2 2 2 2 2 2 2 2 2
left_child=4 3 11 -2 5 7 -7 -1 9 -6 -10 -3 -5
right_child=1 2 -4 12 8 6 -8 -9 10 -11 -12 -13 -14
leaf_value=0.00013423751062190557 0.0013580791855689568 -0.00077203897404026528 0.0008489902772946215 -0.0048795361469359377 -0.00028437647868165419 -0.001254326675502313 0.0002444146480429956 -5.4120590447057624e-05 -0.00023097465616315075 0.00041051754032375503 0.000201523730768059 -0.00056607457382942827 -0.0012690805914623124
leaf_weight=25874 45 41 45 52 6958 8022 4194 21730 4899 511 15741 63 249
leaf_count=25874 45 41 45 52 6958 8022 4194 21730 4899 511 15741 63 249
internal_value=-5.84695e-05 -0.00237374 0.00104027 -0.00384393 -4.54356e-05 -0.000149617 -0.000624592 -2.773e-05 0.000176277 -0.000293883 0.000346414 -0.00307692 -0.00483389
internal_weight=88424 495 149 346 87929 59820 12216 47604 28109 7469 20640 104 301
internal_count=88424 495 149 346 87929 59820 12216 47604 28109 7469 20640 104 301
is_linear=0
shrinkage=0.05


Tree=273
num_leaves=16
num_cat=0
split_feature=2 20 4 20 6 22 18 21 13 6 13 5 12 21 9
split_gain=0.929432 1.6075 1.69875 3.53892 2.16409 1.31966 2.57364 2.29181 1.19162 2.728 1.30734 1.17924 1.8284 1.11777 0.821436
threshold=0.10468406351657465 3.2943750000000009 -0.68322629814330815 1.9606250000000005 0.92843842216862604 1.0584182042756576 17.437500000000004 1.0654929248254059 0.070928051086202856 0.99024581825578073 0.15288040019779328 0.85673801594079257 9.7500000000000018 0.081590484291179904 0.47616950186653245
decision_type=2 2 2 2 2 2 2 2 2 2 2 2 2 2 2
left_child=1 2 3 -1 -4 8 14 -8 9 -2 -10 13 -13 -3 -7
right_child=5 11 4 -5 -6 6 7 -9 10 -11 -12 12 -14 -15 -16
leaf_value=0.0029552754572374092 -0.0024134856856545747 0.0011187240111766531 0.00085136967239862749 0.0081104195815052908 -0.0031179653263757622 -2.4905490353333888e-05 -0.00044898905390567019 0.001289471738621453 0.0004611830595414545 0.0078136423480894505 -2.747508540094292e-05 -0.01829303938262224 0.014688098383398261 -0.0050717494005329492 -0.00081410655748676312
leaf_weight=361 1570 96 4009 52 415 257 912 816 5103 55 73108 44 69 473 1000
leaf_count=361 1570 96 4009 52 415 257 912 816 5103 55 73108 44 69 473 1000
internal_value=-5.66007e-05 0.00057166 0.000892081 0.00395884 0.000605785 -9.84666e-05 -0.00113065 0.000121527 -5.98739e-05 -0.0014 -3.20299e-05 -0.00170088 0.0029646 -0.00262742 -0.00285203
internal_weight=88340 5519 4837 413 4424 82821 2985 1728 79836 1625 78211 682 113 569 1257
internal_count=88340 5519 4837 413 4424 82821 2985 1728 79836 1625 78211 682 113 569 1257
is_linear=0
shrinkage=0.05


Tree=274
num_leaves=16
num_cat=0
split_feature=5 5 20 19 5 15 17 5 5 21 13 5 4 20 20
split_gain=1.30725 2.98999 4.19632 5.82316 2.51354 5.7613 4.06169 3.22585 2.29267 4.49445 2.16937 2.11099 1.95414 3.74433 2.34827
threshold=-0.8781231054254196 -0.91597725483594616 1.5568750000000005 11.593750000000002 -0.78326540922535159 666.50000000000011 6.5000000000000009 -0.85227431625818906 -0.76141707087277943 0.84984004707759697 0.74130291629139278 -0.65234524191686594 -0.88144907265856332 1.6518750000000002 0.75312500000000016
decision_type=2 2 2 2 2 2 2 2 2 2 2 2 2 2 2
left_child=1 12 10 -4 5 6 -2 -7 9 -6 -3 -10 13 -1 -14
right_child=4 2 3 -5 8 7 -8 -9 11 -11 -12 -13 14 -15 -16
leaf_value=0.0015279563708650691 0.0016855949297164214 -0.0016864565922042368 0.0053387430307018915 0.00075972322736807133 0.0025790940042266803 -0.00029241538496090292 -0.0011463518407098079 0.00058793082573054272 -0.00043334482732424465 -0.0013531493591955321 0.0032539048478480784 -8.0871468832732781e-08 -0.0018660091365043372 -1.6069053168676525e-06 2.7741697591855877e-05
leaf_weight=1141 923 968 313 1226 708 64 4049 277 4658 327 189 62461 1661 3034 6111
leaf_count=1141 923 968 313 1226 708 64 4049 277 4658 327 189 62461 1661 3034 6111
internal_value=-3.63194e-05 0.000395068 0.00189911 0.00360949 -0.000122301 -0.00116977 -0.00160097 0.0051173 -4.06444e-05 0.00229468 -0.000375974 -7.66561e-05 5.56613e-05 0.000928143 -0.000413022
internal_weight=88110 14643 2696 1539 73467 5313 4972 341 68154 1035 1157 67119 11947 4175 7772
internal_count=88110 14643 2696 1539 73467 5313 4972 341 68154 1035 1157 67119 11947 4175 7772
is_linear=0
shrinkage=0.05


Tree=275
num_leaves=16
num_cat=0
split_feature=20 22 16 13 5 5 19 5 19 13 7 5 21 9 21
split_gain=1.05768 3.1515 2.98804 5.05686 4.83122 5.46791 5.46543 3.46312 2.19801 3.66668 2.38875 2.10791 4.5674 2.81902 1.34816
threshold=1.3693750000000005 0.37548407383964755 191.45000000000002 0.26483596453114006 -0.99940763397299126 -0.29343379936893921 13.181250000000004 0.3744682635859638 19.806250000000006 0.30111756353560176 18.875000000000004 -0.35846811432664222 0.99844067352880794 0.59717010861829845 0.35386386934476394
decision_type=2 2 2 2 2 2 2 2 2 2 2 2 2 2 2
left_child=2 8 3 14 6 -6 -4 -5 10 -10 -2 12 -3 -13 -1
right_child=1 11 4 7 5 -7 -8 -9 9 -11 -12 13 -14 -15 -16
leaf_value=-0.0010313694394227858 -0.0016679072384198964 0.00020674375656239746 5.3767698642008404e-05 0.00010424874661130199 -0.00098712468927910041 -1.3472222042143619e-05 0.0030264319860061582 0.0024122513922757993 0.0089274270989053439 0.00043366966212083952 0.00051874363288031044 -0.00018901517463989153 0.00099254646426431121 7.1702772415826476e-05 -0.0022860183377500444
leaf_weight=3801 6965 16412 77 9868 4575 6331 45 2789 47 255 2654 19171 1113 12622 1700
leaf_count=3801 6965 16412 77 9868 4575 6331 45 2789 47 255 2654 19171 1113 12622 1700
internal_value=-6.47453e-05 5.66338e-05 -0.000311109 8.31577e-05 -0.000960284 -0.00107097 0.00893443 0.000633245 -0.000756477 0.00344371 -0.000888347 0.000220202 0.000660484 -2.24904e-05 -0.00118251
internal_weight=88425 59239 29186 18158 11028 10906 122 12657 9921 302 9619 49318 17525 31793 5501
internal_count=88425 59239 29186 18158 11028 10906 122 12657 9921 302 9619 49318 17525 31793 5501
is_linear=0
shrinkage=0.05


Tree=276
num_leaves=15
num_cat=0
split_feature=21 3 5 19 5 18 21 12 18 22 13 22 12 9
split_gain=1.07672 2.43676 3.25349 2.36487 3.52702 2.29146 1.67378 2.64401 2.98169 1.84792 1.39135 1.469 1.35682 1.31533
threshold=0.8391819921784468 0.58216583101416142 -0.75015329512557205 19.018750000000008 -0.074117382312902977 78.062500000000014 0.80203995304786513 517.65000000000009 93.937500000000014 0.86580079832417756 -1.0000000180025095e-35 0.97970658388645304 16.950000000000006 0.73391123461675944
decision_type=2 2 2 2 2 2 2 2 2 2 2 2 2 2
left_child=6 3 13 4 -2 -4 10 8 -8 -9 -1 -12 -5 -3
right_child=1 2 5 12 -6 -7 7 9 -10 -11 11 -13 -14 -15
leaf_value=0.0018123174274838666 0.0010959567889871958 -0.0014934116185350396 -0.0001393758341987665 0.0010598682747442135 -1.0583401971334118e-05 0.0015127776971128246 0.00065680042427733801 0.00016148264387305284 -0.00096674898089435567 0.0011357260315948054 -9.090088837413887e-06 -0.0017335545691427937 -6.3971938490936563e-05 0.001314499818441342
leaf_weight=71 2608 1764 6698 231 5708 1289 2768 130 742 119 57677 302 8363 49
leaf_count=71 2608 1764 6698 231 5708 1289 2768 130 742 119 57677 302 8363 49
internal_value=-7.16807e-05 -0.000336954 -0.000964287 2.66103e-05 0.000627704 -0.000530238 4.29537e-05 0.00106544 0.00071225 0.00604418 -2.3257e-05 -3.18231e-05 -0.00055504 -0.00287645
internal_weight=88519 26710 9800 16910 8316 7987 61809 3759 3510 249 58050 57979 8594 1813
internal_count=88519 26710 9800 16910 8316 7987 61809 3759 3510 249 58050 57979 8594 1813
is_linear=0
shrinkage=0.05


Tree=277
num_leaves=16
num_cat=0
split_feature=21 6 6 6 21 15 12 13 15 22 22 22 5 21 21
split_gain=1.22746 2.04726 3.81916 3.15614 2.3723 2.41393 1.62504 1.69808 2.50624 1.70708 1.60846 1.34607 1.89176 1.57061 0.672864
threshold=0.8391819921784468 -0.99628250747696534 -0.99052477729077237 -0.98521978256641018 0.93879657506333369 802.50000000000011 7.9500000000000002 0.017969622870310908 484.50000000000006 0.99284573533404452 0.88879006439691077 0.1302709577525481 0.93237596376505805 0.78293180972806642 0.86399519858020557
decision_type=2 2 2 2 2 2 2 2 2 2 2 2 2 2 2
left_child=6 4 14 -4 10 -6 11 8 -8 -9 -2 12 -1 -13 -3
right_child=1 2 3 -5 5 -7 7 9 -10 -11 -12 13 -14 -15 -16
leaf_value=-0.00031179863118271369 0.00033469876509882173 6.1936710320717174e-05 0.00096251697897173935 -5.6031861261340857e-05 0.00039546770960702449 -1.7904732137785836e-05 0.0050046811146464906 7.5717457249895587e-05 -0.0027051880591703026 -0.0013560105882914071 -0.00029062434498505763 -0.0036035945071327515 0.0074016767391424827 0.0019193489673202447 -0.0012841743756690032
leaf_weight=1210 174 64 388 24423 467 175 40 58636 41 330 277 1319 47 121 811
leaf_count=1210 174 64 388 24423 467 175 40 58636 41 330 277 1319 47 121 811
internal_value=-6.62552e-05 -0.000348969 -0.000439151 -0.000324656 0.00177036 0.00372274 5.63606e-05 0.000111181 0.00734568 0.000101244 -0.00100887 -0.00114386 5.17092e-05 -0.0021875 -0.00368572
internal_weight=88523 26779 25686 24811 1093 642 61744 59047 81 58966 451 2697 1257 1440 875
internal_count=88523 26779 25686 24811 1093 642 61744 59047 81 58966 451 2697 1257 1440 875
is_linear=0
shrinkage=0.05


Tree=278
num_leaves=15
num_cat=0
split_feature=12 4 16 21 13 1 5 20 9 17 9 6 5 7
split_gain=1.12636 1.98264 1.49317 2.62692 2.64424 1.46806 1.37101 1.0779 2.05924 1.72176 0.938242 0.86648 0.83409 0.238636
threshold=553.65000000000009 -0.93540483100319616 859.20000000000016 1.0307114959554131 0.87764564947841051 778.83188033478575 0.7090011537757156 3.7343750000000009 0.22193555147069652 20.500000000000004 0.65284124607730154 -0.99938741687870725 -0.39036798905311365 16.875000000000004
decision_type=2 2 2 2 2 2 2 2 2 2 2 2 2 2
left_child=2 5 7 4 -4 10 -7 8 -1 -9 -2 -3 -13 -5
right_child=1 11 3 13 -6 6 -8 9 -10 -11 -12 12 -14 -15
leaf_value=-0.00092004134883787799 0.0031394636670675382 0.00044845963745055351 0.0001573792816570187 -0.0002694447019212565 -0.00017695478155468902 2.1434183083808763e-05 -0.00034021790871842096 -0.003931388576875583 3.3714986556870888e-05 -0.00012139505735877402 0.0008035210065595492 0.00011947476285458499 -0.00047623106447235652 -3.9047093723585107e-05
leaf_weight=4564 42 60 307 84 57 1823 396 867 64035 14891 47 164 1031 44
leaf_count=4564 42 60 307 84 57 1823 396 867 64035 14891 47 164 1031 44
internal_value=-5.94954e-05 -0.000930397 -2.29243e-05 0.00272358 0.00489011 -6.06598e-05 -0.000313205 -3.89428e-05 4.67196e-05 -0.000411855 0.00623595 -0.00252988 -0.00282427 -0.0034375
internal_weight=88412 3563 84849 492 364 2308 2219 84357 68599 15758 89 1255 1195 128
internal_count=88412 3563 84849 492 364 2308 2219 84357 68599 15758 89 1255 1195 128
is_linear=0
shrinkage=0.05


Tree=279
num_leaves=16
num_cat=0
split_feature=16 16 18 21 20 20 5 19 5 19 22 5 6 19 5
split_gain=1.14523 2.56337 2.62453 3.29879 2.38596 2.31458 7.05521 7.78118 3.75598 3.04839 3.74966 2.93931 2.02485 1.57855 1.29814
threshold=197.90000000000003 118.05000000000001 72.562500000000014 0.96732513451806834 5.2806250000000015 1.3881250000000003 -0.99940763397299126 13.693750000000003 -0.29343379936893921 12.481250000000003 0.8417715024145862 0.76696112484652035 -0.99938741687870725 7.3687500000000012 0.74443451080969758
decision_type=2 2 2 2 2 2 2 2 2 2 2 2 2 2 2
left_child=1 4 14 -4 12 6 7 -2 -8 10 -7 -11 -1 -6 -3
right_child=5 2 3 -5 13 9 8 -9 -10 11 -12 -13 -14 -15 -16
leaf_value=-0.0061211002903545832 0.0015064551907668926 -0.00010370766557581957 0.00087885476311944663 0.0072469717750412443 0.0014569750894707751 -0.00014562587911908241 -0.00087745296391816819 0.0063157973061139785 -3.6131355601439926e-05 -2.2550225918240935e-06 0.0004693705408580467 -0.0001869560230604627 4.5867365426312772e-05 -0.0031367630514813568 -0.0019259656648807121
leaf_weight=520 94 1014 6400 186 352 3707 4540 42 6297 19490 3423 5197 35383 1204 348
leaf_count=520 94 1014 6400 186 352 3707 4540 42 6297 19490 3423 5197 35383 1204 348
internal_value=-6.44592e-05 0.000110444 0.000926018 0.0013392 -6.2603e-05 -0.00025006 -0.000876243 0.0104412 -0.00101827 -3.41025e-05 0.000876577 -0.000297121 2.04706e-05 -0.00197944 -0.00107195
internal_weight=88197 45407 7948 6586 37459 42790 10973 136 10837 31817 7130 24687 35903 1556 1362
internal_count=88197 45407 7948 6586 37459 42790 10973 136 10837 31817 7130 24687 35903 1556 1362
is_linear=0
shrinkage=0.05


Tree=280
num_leaves=13
num_cat=0
split_feature=12 6 2 15 12 5 5 22 17 4 6 6
split_gain=0.957535 1.67849 1.46094 3.5233 4.22762 4.11593 2.66817 4.42739 2.21604 1.36715 1.54884 0.911799
threshold=553.65000000000009 -0.33426211444629356 0.65626222639857301 401.50000000000006 250.05000000000004 -0.16799356919963607 -0.75015329512557205 0.67570205389641325 64.500000000000014 -0.93540483100319616 -0.67801649466304881 -0.99938741687870725
decision_type=2 2 2 2 2 2 2 2 2 2 2 2
left_child=2 9 3 4 -1 -5 7 -4 -8 10 -2 -11
right_child=1 -3 6 5 -6 -7 8 -9 -10 11 -12 -13
leaf_value=-7.6601710155523858e-05 2.312098183433803e-05 0.00293854774555819 -0.0017656828348509542 -0.00062249095641291963 0.00077890984878462759 -3.0919782854238466e-05 0.0033362670505449445 0.00057957488387964929 2.1379441240896851e-05 0.00044183741865964172 -0.00027738586201607132 -0.00038121733635678243
leaf_weight=56306 1878 43 685 2828 4282 4487 72 1545 14533 65 409 1197
leaf_count=56306 1878 43 685 2828 4282 4487 72 1545 14533 65 409 1197
internal_value=-6.62301e-05 -0.000865814 -3.23362e-05 -0.000135709 -1.05643e-05 -0.00117225 0.000384614 0.00199551 0.00013865 -0.000984786 -0.000255795 -0.00230586
internal_weight=88330 3592 84738 67903 60588 7315 16835 2230 14605 3549 2287 1262
internal_count=88330 3592 84738 67903 60588 7315 16835 2230 14605 3549 2287 1262
is_linear=0
shrinkage=0.05


Tree=281
num_leaves=16
num_cat=0
split_feature=5 5 5 20 19 9 5 15 12 20 18 22 17 20 4
split_gain=1.19325 3.23895 2.78389 3.89976 5.82235 2.75535 4.90622 2.22576 2.022 1.68848 2.07266 1.74824 1.51168 2.92153 2.87409
threshold=-0.8781231054254196 -0.814291907305839 -0.91597725483594616 1.5568750000000005 12.193750000000003 0.41415128782999194 -0.861146256326485 693.50000000000011 339.4500000000001 5.144375000000001 38.437500000000007 0.86013503459021445 142.50000000000003 5.4931250000000009 -0.84874750804349175
decision_type=2 2 2 2 2 2 2 2 2 2 2 2 2 2 2
left_child=2 5 12 8 -5 6 -2 -7 -4 10 -3 -11 14 -14 -1
right_child=1 9 3 4 -6 7 -8 -9 -10 11 -12 -13 13 -15 -16
leaf_value=0.0011377374024126943 0.0041708890988663592 -7.1593263118930158e-05 -0.0011653069367245914 0.0056867935004242844 0.0006478987778877097 -0.0010525879581569568 -0.00088079230290789834 0.00013648795189141031 0.0028857141362467914 -0.0017514846233465898 7.8473077918635213e-05 0.00052573007739417849 -0.00071691705989320007 0.0037274041216564507 -6.8169732829910501e-05
leaf_weight=1924 269 17087 1096 394 1155 2362 971 121 53 2844 49807 321 3784 155 6097
leaf_count=1924 269 17087 1096 394 1155 2362 971 121 53 2844 49807 321 3784 155 6097
internal_value=-4.29682e-05 -0.000124828 0.000369081 0.00181987 0.00345707 -0.00156191 0.000362902 -0.00252316 -0.000387294 -4.84603e-05 4.93199e-06 -0.00117694 4.18048e-05 -0.000760346 0.00043573
internal_weight=88440 73782 14658 2698 1549 3723 1240 2483 1149 70059 66894 3165 11960 3939 8021
internal_count=88440 73782 14658 2698 1549 3723 1240 2483 1149 70059 66894 3165 11960 3939 8021
is_linear=0
shrinkage=0.05


Tree=282
num_leaves=16
num_cat=0
split_feature=19 5 13 19 9 1 5 5 3 19 19 6 6 5 20
split_gain=1.09624 2.64859 2.09393 3.89098 1.97965 1.33833 2.92822 2.69318 1.17107 1.2494 2.05545 1.02282 6.16411 3.8357 0.908779
threshold=20.943750000000005 -0.61237985104942771 0.8669107597602097 26.556250000000006 0.41201761572301859 366.42497646166561 0.77788564761185042 0.98522604642031408 0.99892946161930185 7.3687500000000012 5.543750000000002 -0.25206183926700709 -0.16799793862756093 -0.11692013674435776 1.6343750000000006
decision_type=2 2 2 2 2 2 2 2 2 2 2 2 2 2 2
left_child=8 2 4 -4 -2 7 -7 -3 11 10 -10 13 -13 -1 -11
right_child=1 5 3 -5 -6 6 -8 -9 9 14 -12 12 -14 -15 -16
leaf_value=0.00066207727946700245 0.0011037769628246708 -0.00087328893234084543 -7.2252989174071428e-05 0.00046596815581892046 -0.00032373037735228814 5.6672096401903938e-05 -0.00016431981201338013 0.0058785007281737297 -0.00048340829038157621 -0.0009078149597555017 0.0054561395793584332 -0.0020876211877967235 2.530828551519076e-05 -4.9343724844421815e-05 -0.0021121189012104501
leaf_weight=10203 305 2111 565 157 3791 7669 789 48 96 573 56 1969 41028 18850 311
leaf_count=10203 305 2111 565 157 3791 7669 789 48 96 573 56 1969 41028 18850 311
internal_value=-3.33831e-05 -0.000416263 -0.00138854 0.00109418 -0.00182617 2.49588e-05 0.000308582 -0.00108615 4.74771e-05 -0.00162162 0.00256579 7.14769e-05 -8.33791e-05 0.000300656 -0.00234163
internal_weight=88521 15435 4818 722 4096 10617 8458 2159 73086 1036 152 72050 42997 29053 884
internal_count=88521 15435 4818 722 4096 10617 8458 2159 73086 1036 152 72050 42997 29053 884
is_linear=0
shrinkage=0.05


Tree=283
num_leaves=16
num_cat=0
split_feature=5 9 22 17 6 18 5 20 19 3 3 22 5 6 5
split_gain=0.99569 1.71644 2.51916 1.89078 1.76217 1.9237 1.61763 2.45959 2.57677 1.67665 1.53442 2.65642 2.49467 1.47997 1.06278
threshold=0.91248814248966237 0.32277946608445329 0.79935383724692055 164.50000000000003 -0.16799793862756093 94.562500000000014 0.46800856592688472 5.2806250000000015 15.168750000000003 0.72947329433276253 -0.22695468355932411 0.91309076662476163 -0.23537230790205757 -0.15101602693478741 0.94425825643485939
decision_type=2 2 2 2 2 2 2 2 2 2 2 2 2 2 2
left_child=6 2 14 -4 5 -3 10 8 -8 -9 12 -12 -1 -6 -2
right_child=1 4 3 -5 13 -7 7 9 -10 -11 11 -13 -14 -15 -16
leaf_value=0.00034332635326054107 -0.00387505834659274 -0.00022243277694109802 0.0011394772655504469 0.0020943922923200727 0.0027059418845785401 -0.0044421616994433956 0.00058337677711345652 -0.0051324135194857033 -5.824359021806054e-05 0.0025163970821234141 -4.9514071762291951e-05 -0.00013732828025502913 -0.00014321503766825578 -8.8632016100869337e-05 0.00033261742224665827
leaf_weight=13468 283 1455 329 140 255 1509 11501 474 6839 44 28794 7813 7508 6800 1367
leaf_count=13468 283 1455 329 140 255 1509 11501 474 6839 44 28794 7813 7508 6800 1367
internal_value=-4.39732e-05 -0.000464658 0.00082822 0.00406183 -0.000738099 -0.00176113 2.28269e-05 0.000424752 0.000520719 -0.00297297 -0.000108801 -0.000304178 0.000232169 -0.000308293 -9.09103e-05
internal_weight=88579 12138 2119 469 10019 2964 76441 18858 18340 518 57583 36607 20976 7055 1650
internal_count=88579 12138 2119 469 10019 2964 76441 18858 18340 518 57583 36607 20976 7055 1650
is_linear=0
shrinkage=0.05


Tree=284
num_leaves=16
num_cat=0
split_feature=21 6 6 6 21 5 18 19 21 20 16 22 3 20 17
split_gain=0.830599 2.50586 3.2058 3.3578 2.99269 3.43311 2.0965 2.81073 2.80752 3.38538 2.31413 1.74786 1.66587 0.901149 0.67307
threshold=0.8391819921784468 -0.99628250747696534 -0.99052477729077237 -0.98521978256641018 0.93879657506333369 -0.031173458710879235 85.937500000000014 1.2312500000000004 0.82952496252932351 2.3631250000000006 263.05000000000007 0.83549863003069225 1.0000000180025095e-35 0.83062500000000017 192.50000000000003
decision_type=2 2 2 2 2 2 2 2 2 2 2 2 2 2 2
left_child=6 4 14 -4 11 -6 8 13 12 -10 -9 -2 -1 -8 -3
right_child=1 2 3 -5 5 -7 7 10 9 -11 -12 -13 -14 -15 -16
leaf_value=0.00049179580264560694 0.00064201000493854419 -0.0011315933726843922 0.0010283055903374538 -5.6513468588249643e-05 0.017425930924728213 8.0726254342400005e-05 -0.0013253585023806616 1.354372332717531e-05 0.00011009707748088072 0.0036092406074095321 -0.00060770385613718124 -0.00024108691332699016 -4.0703778617586387e-05 -0.0026825136021218243 5.1954224239950867e-06
leaf_weight=9937 104 752 379 24362 83 577 492 33023 337 282 4403 356 12790 484 102
leaf_count=9937 104 752 379 24362 83 577 492 33023 337 282 4403 356 12790 484 102
internal_value=-7.30826e-05 -0.000306009 -0.000407307 -0.000303344 0.00200893 0.00416667 2.7692e-05 -0.00019947 0.000401352 0.00372375 -0.000130392 -0.00108696 0.000310863 -0.00284836 -0.0034192
internal_weight=88463 26715 25595 24741 1120 660 61748 38402 23346 619 37426 460 22727 976 854
internal_count=88463 26715 25595 24741 1120 660 61748 38402 23346 619 37426 460 22727 976 854
is_linear=0
shrinkage=0.05


Tree=285
num_leaves=14
num_cat=0
split_feature=19 18 4 21 0 5 5 16 6 5 18 7 15
split_gain=1.00742 0.991757 3.639 2.85192 2.63167 2.57908 2.25888 1.98606 0.777669 1.01509 0.851315 0.468715 0.181685
threshold=-1.1187499999999997 31.812500000000004 -0.58216583101416164 0.95401363414804796 261.59656107843551 0.69676570133721638 -0.96689237009891416 1.7500000000000002 0.97461712852231652 0.56369777965491019 84.187500000000014 14.375000000000002 60.500000000000007
decision_type=2 2 2 2 2 2 2 2 2 2 2 2 2
left_child=8 2 6 7 -4 -5 -2 -3 9 12 -10 -11 -1
right_child=1 3 4 5 -6 -7 -8 -9 10 11 -12 -13 -14
leaf_value=-0.0040071490504428407 0.0011836877508089507 -0.0012146315734829439 -0.0011780166118264157 0.0008623386265685074 4.5523481471793083e-05 -6.4675674676401565e-05 -1.6302582062421857e-06 1.7747613145480123e-05 -0.00052028550256198389 -0.00066370331055738696 0.0062019361201691194 0.0018877834115004497 -0.0020521180812455714
leaf_weight=130 484 6066 4686 3277 1795 2196 12189 57038 73 69 40 44 248
leaf_count=130 484 6066 4686 3277 1795 2196 12189 57038 73 69 40 44 248
internal_value=-6.76414e-05 -5.3631e-05 -0.000371725 3.52147e-05 -0.00133544 0.00113009 0.000121122 -5.97438e-05 -0.00210265 -0.00296334 0.00163717 0.00119469 -0.00420635
internal_weight=88335 87731 19154 68577 6481 5473 12673 63104 604 491 113 113 378
internal_count=88335 87731 19154 68577 6481 5473 12673 63104 604 491 113 113 378
is_linear=0
shrinkage=0.05


Tree=286
num_leaves=13
num_cat=0
split_feature=19 16 16 13 20 1 5 20 12 12 16 12
split_gain=1.61051 1.40409 5.02026 2.28802 2.25275 1.98573 4.52146 2.71994 0.564624 1.08994 0.652976 0.0201456
threshold=-1.0062499999999999 141.85000000000005 118.05000000000001 0.47209225984105335 5.3468750000000016 607.64585566778669 0.99865421017599998 2.3456250000000005 14.250000000000002 19.650000000000002 305.45000000000005 10.650000000000002
decision_type=2 2 2 2 2 2 2 2 2 2 2 2
left_child=8 2 4 -4 -2 7 -7 -3 11 -10 -11 -1
right_child=1 5 3 -5 -6 6 -8 -9 9 10 -12 -13
leaf_value=-0.0098592516062871796 6.0569670235740174e-05 -0.00033175554840316417 0.00084440388975913798 0.0028906148598494413 -0.001819381207482291 6.8136382581638949e-06 0.00068298724040511967 1.5883511998329232e-05 0.00064259061655864535 -0.0015374927011438009 8.2966352082187289e-05 -0.0047763397819010076
leaf_weight=166 35743 17030 1471 1209 1500 17097 340 13487 55 278 89 40
leaf_count=166 35743 17030 1471 1209 1500 17097 340 13487 55 278 89 40
internal_value=-8.84143e-05 -7.03837e-05 0.00014866 0.0022388 -1.74649e-06 -0.000252743 0.000172907 -0.000495954 -0.00261147 -0.00156398 -0.00254769 -0.00475728
internal_weight=88505 87877 39923 2680 37243 47954 17437 30517 628 422 367 206
internal_count=88505 87877 39923 2680 37243 47954 17437 30517 628 422 367 206
is_linear=0
shrinkage=0.05


Tree=287
num_leaves=14
num_cat=0
split_feature=9 19 0 6 20 9 13 9 22 9 13 20 19
split_gain=0.944267 1.36609 3.12731 3.27585 2.73893 1.35017 4.29617 1.69958 1.14871 1.39613 4.87726 1.26677 0.060396
threshold=0.79378270001952722 19.406250000000004 256.89751355328764 -0.21022037796396451 4.3618750000000013 0.66572253421102823 0.33153339032924373 0.63591387350552975 0.40230420118749988 0.80498614744947117 0.5490972517350351 1.4431250000000004 18.556250000000006
decision_type=2 2 2 2 2 2 2 2 2 2 2 2 2
left_child=1 5 4 -4 -3 7 -7 -1 12 10 -10 -11 -2
right_child=8 2 3 -5 -6 6 -8 -9 9 11 -12 -13 -14
leaf_value=-2.0588260455209839e-05 -0.0087305413338454423 -0.0010719571925781879 -9.1039913214963803e-07 -0.0003938218885219447 0.0067957255854064541 0.0027170778277633926 4.8915682357170091e-05 -0.00076087620849025984 0.006414056561670916 -0.00082938530274341733 0.00021147797033243545 0.00014103769724135265 -0.0010428850791099685
leaf_weight=54705 61 3746 14871 747 40 886 9177 2609 58 237 348 794 40
leaf_count=54705 61 3746 14871 747 40 886 9177 2609 58 237 348 794 40
internal_value=-8.37318e-05 -0.000105497 -0.000475161 -0.000162634 -0.0017644 9.63529e-07 0.000535127 -9.28232e-05 0.00114434 0.00150661 0.00399015 0.000528612 -0.0040099
internal_weight=88319 86781 19404 15618 3786 67377 10063 57314 1538 1437 406 1031 101
internal_count=88319 86781 19404 15618 3786 67377 10063 57314 1538 1437 406 1031 101
is_linear=0
shrinkage=0.05


Tree=288
num_leaves=15
num_cat=0
split_feature=19 5 17 21 20 5 17 5 22 17 22 9 9 16
split_gain=1.40828 1.97282 2.07423 2.67353 1.99769 1.72934 1.11378 2.89812 4.03911 1.95967 5.58899 1.33103 1.09164 0.875838
threshold=22.968750000000004 0.15951094710994371 81.500000000000014 0.97558702407764564 0.61437500000000012 0.3261394409934788 251.50000000000003 -0.40614700388750385 0.55782073631580487 211.50000000000003 0.89184736771066409 0.31956936011003784 0.40639013352563275 298.95000000000005
decision_type=2 2 2 2 2 2 2 2 2 2 2 2 2 2
left_child=6 2 12 -4 -3 -6 9 8 -8 13 -11 -9 -2 -1
right_child=1 4 3 -5 5 -7 7 11 -10 10 -12 -13 -14 -15
leaf_value=7.5325474394630676e-05 0.0065709660568991626 0.00031813401032785671 -0.00016546969016345559 7.0870948208686093e-05 0.00020090407181581617 -0.00012031692296519043 -0.0036405662377990478 0.00033409637609819196 0.0013099403460881962 0.00029502582798712762 0.0007157613996945705 -0.00087748238312658185 -0.0015561502160407884 -5.5175579171597399e-05
leaf_weight=47255 41 47 5852 816 776 1143 230 738 571 4687 548 4132 886 20615
leaf_count=47255 41 47 5852 816 776 1143 230 738 571 4687 548 4132 886 20615
internal_value=-6.5489e-05 -0.000638533 -0.00100395 -0.000695862 0.000773142 0.000523709 4.06096e-06 -0.000670959 0.0021161 5.64245e-05 0.000988537 -0.00112936 -0.00322007 -1.54719e-05
internal_weight=88337 9561 7595 6668 1966 1919 78776 5671 801 73105 5235 4870 927 67870
internal_count=88337 9561 7595 6668 1966 1919 78776 5671 801 73105 5235 4870 927 67870
is_linear=0
shrinkage=0.05


Tree=289
num_leaves=13
num_cat=0
split_feature=15 16 2 19 19 5 6 3 12 15 22 19
split_gain=1.11735 4.64033 3.27498 3.513 4.36799 2.81241 3.05211 2.72062 2.56548 3.66102 2.32774 2.31383
threshold=401.50000000000006 729.80000000000007 0.62026962420255793 9.5687500000000032 7.6562500000000009 0.99865421017599998 0.029024409397335523 0.88144907265856365 239.55000000000004 50.500000000000007 1.0439717433682956 26.831250000000004
decision_type=2 2 2 2 2 2 2 2 2 2 2 2
left_child=1 8 3 4 -2 7 -7 -4 11 -10 -5 -1
right_child=2 -3 5 10 -6 6 -8 -9 9 -11 -12 -13
leaf_value=-3.8136796586707433e-05 -0.00029558076944440309 0.00064483289572283826 -2.2910559764005234e-05 -0.00042958168958310769 0.00053510625874973554 8.6051337031447381e-05 0.00093476342963291184 0.00092463427114996351 0.003411834087221865 0.00049032905946258846 0.00043867503482103513 -0.000765008122743348
leaf_weight=56507 412 53 16553 4606 360 256 61 99 222 8179 64 862
leaf_count=56507 412 53 16553 4606 360 256 61 99 222 8179 64 862
internal_value=-8.12624e-05 2.25593e-05 -0.000386195 -0.00145351 0.00167098 -4.39048e-05 0.00462145 -0.000132718 1.0642e-05 0.000826686 -0.00197002 -0.000108858
internal_weight=88234 65823 22411 5442 772 16969 317 16652 65770 8401 4670 57369
internal_count=88234 65823 22411 5442 772 16969 317 16652 65770 8401 4670 57369
is_linear=0
shrinkage=0.05


Tree=290
num_leaves=14
num_cat=0
split_feature=16 4 17 20 2 15 12 22 19 19 22 20 5
split_gain=0.850326 2.31047 4.08055 5.49732 3.47701 6.1577 3.70995 2.65931 1.93185 1.83918 2.23808 1.93819 0.101576
threshold=276.95000000000005 -0.58216583101416164 86.500000000000014 1.4081250000000003 0.38981207827759801 420.50000000000006 7.9500000000000002 0.70486741199481318 28.831250000000004 16.356250000000006 0.65467982461695107 5.2806250000000015 0.1169228398841501
decision_type=2 2 2 2 2 2 2 2 2 2 2 2 2
left_child=8 2 3 -2 6 -6 -3 -4 9 11 -11 -1 -10
right_child=1 4 7 -5 5 -7 -8 -9 12 10 -12 -13 -14
leaf_value=-4.0619820475928934e-06 -0.00046384376945272091 0.0078467703514070505 -0.0016502553793254758 0.00091577727498835587 0.00024489005300159519 -0.0003421882884801664 -0.00089914644008459341 7.8749689947204201e-06 -0.0019477956780244898 4.0952453577169927e-05 0.00081963301183876625 -0.0017914864380610977 -0.0010642000831521702
leaf_weight=38620 488 56 3219 948 2996 2103 5562 19843 179 7665 4588 1955 65
leaf_count=38620 488 56 3219 948 2996 2103 5562 19843 179 7665 4588 1955 65
internal_value=-7.28885e-05 -0.000263383 4.48897e-06 0.00259053 -0.000875713 6.96203e-05 -0.00173371 -0.000156536 5.3511e-05 7.40126e-05 0.00061087 -8.81096e-05 -0.00438525
internal_weight=88287 35215 24498 1436 10717 5099 5618 23062 53072 52828 12253 40575 244
internal_count=88287 35215 24498 1436 10717 5099 5618 23062 53072 52828 12253 40575 244
is_linear=0
shrinkage=0.05


Tree=291
num_leaves=16
num_cat=0
split_feature=22 18 21 22 9 2 13 20 9 20 9 0 21 22 19
split_gain=1.23432 3.44311 3.18036 1.63028 1.27517 2.39982 3.25376 2.12932 1.32238 3.1819 3.05653 1.24797 0.643271 0.853796 0.120983
threshold=1.0584182042756576 1.0000000180025095e-35 1.0779155600281622 1.2282916162032704 0.70690155854087011 0.14644742303890276 0.49970477577128436 0.63312500000000016 0.56200434853822567 1.5206250000000006 0.56036497957394082 11.984855870375581 1.0392045756306625 1.0776631653655271 5.7562500000000005
decision_type=2 2 2 2 2 2 2 2 2 2 2 2 2 2 2
left_child=4 12 3 -3 8 6 -6 -7 10 -10 -1 -4 13 -2 -14
right_child=1 2 11 -5 5 7 -8 -9 9 -11 -12 -13 14 -15 -16
leaf_value=-1.7139852404438209e-05 -0.00014534573868055811 -0.0006822828476405079 -0.00053205070297606457 0.0018675124748595642 0.013873051747299353 0.00045590473856592834 0.0045004076243052304 4.4584040481801586e-06 -0.0006938885872419348 -1.3583338318318151e-05 0.0027039131688484878 0.0010247708826339019 -0.00072471238875049292 0.0001733875962394158 -0.0024949100024744437
leaf_weight=49537 85 1662 232 128 66 1000 543 11128 6760 14289 367 1821 109 47 511
leaf_count=49537 85 1662 232 128 66 1000 543 11128 6760 14289 367 1821 109 47 511
internal_value=-0.000110722 -0.000908597 -0.00030315 -0.00184358 -6.69148e-05 0.000393734 0.00345648 0.000239939 -0.000149607 -0.000481972 -9.41927e-06 0.00103994 -0.00400266 -0.000833335 -0.00467742
internal_weight=88285 4595 3843 1790 83690 12737 609 12128 70953 21049 49904 2053 752 132 620
internal_count=88285 4595 3843 1790 83690 12737 609 12128 70953 21049 49904 2053 752 132 620
is_linear=0
shrinkage=0.05


Tree=292
num_leaves=14
num_cat=0
split_feature=19 5 0 12 17 5 3 22 22 3 6 15 22
split_gain=0.800733 1.73704 1.25 0.954141 3.81712 2.993 2.25246 2.2193 1.59165 1.29147 0.65101 0.99882 0.354059
threshold=-1.1187499999999997 0.7210268013660811 88.348505558241342 35.550000000000004 30.500000000000004 0.3504237462291826 -0.93540483100319605 0.8855071519242802 1.0584182042756576 0.97335555334614954 0.97461712852231652 130.50000000000003 0.89799317462015704
decision_type=2 2 2 2 2 2 2 2 2 2 2 2 2
left_child=1 10 -3 4 9 -6 7 -5 -8 -2 12 -12 -1
right_child=3 2 -4 6 5 -7 8 -9 -10 -11 11 -13 -14
leaf_value=-0.002136464601713059 -0.00026299782991116296 0.0010727950225261375 -0.0014192302717440646 -0.00028084862156427747 0.00012255197214009665 0.0018321115024727713 -1.5199909243715978e-05 -0.0015123372984635836 -0.00025977112106610967 -0.0013920180818633853 -0.00064932353344111197 0.00089254909539771628 -0.0026356487319727567
leaf_weight=138 7343 40 40 2570 5350 3684 65175 1202 1369 1081 70 52 285
leaf_count=138 7343 40 40 2570 5350 3684 65175 1202 1369 1081 70 52 285
internal_value=-9.66652e-05 -0.00188 0.005 -8.39668e-05 0.000246877 0.000960814 -0.000166108 -0.00135472 -9.87329e-05 -0.000518757 -0.00288991 0.000327868 -0.00381797
internal_weight=88399 625 80 87774 17458 9034 70316 3772 66544 8424 545 122 423
internal_count=88399 625 80 87774 17458 9034 70316 3772 66544 8424 545 122 423
is_linear=0
shrinkage=0.05


Tree=293
num_leaves=16
num_cat=0
split_feature=19 2 3 18 22 20 20 6 6 6 2 4 21 1 21
split_gain=0.896184 1.51101 2.59901 2.1306 1.89289 1.16294 1.13668 1.06545 7.01648 2.63777 2.68157 2.47435 2.19928 1.67658 0.487121
threshold=24.568750000000005 0.62026962420255793 -0.68322629814330804 55.187500000000007 0.96029977208633455 1.2006250000000003 1.2931250000000005 -0.25206183926700709 -0.16799793862756093 -0.32613736746952143 0.3618120687335914 -0.72947329433276242 0.96049329778957337 537.62838414756641 0.92456662682347757
decision_type=2 2 2 2 2 2 2 2 2 2 2 2 2 2 2
left_child=7 5 3 -3 -4 14 -7 9 12 10 -1 -11 -9 -10 -2
right_child=1 2 4 -5 -6 6 -8 8 13 11 -12 -13 -14 -15 -16
leaf_value=-0.0004962501605136338 -0.00055604072335523524 -4.5061615457967894e-06 -0.00011525539498014426 0.0015211018512994057 5.7354423753200566e-05 0.004900964713437957 -0.00022570932352198854 -0.0018564247496087119 -8.4983492851098551e-05 0.00012905532667873492 9.2364532383104085e-05 0.0022121050861393546 0.0001699860327877779 0.0002089633587345611 -0.0013354788702812309
leaf_weight=10592 334 80 2749 93 995 60 1874 2169 37197 1070 25217 1243 248 4260 336
leaf_count=10592 334 80 2749 93 995 60 1874 2169 37197 1070 25217 1243 248 4260 336
internal_value=-6.53559e-05 -0.000629506 -8.9366e-06 0.00598266 -0.000285792 -0.00156298 -0.000941056 -2.049e-05 -0.000188496 0.000172865 6.71607e-05 0.00180934 -0.0028072 -3.58214e-05 -0.00335821
internal_weight=88517 6521 3917 173 3744 2604 1934 81996 43874 38122 35809 2313 2417 41457 670
internal_count=88517 6521 3917 173 3744 2604 1934 81996 43874 38122 35809 2313 2417 41457 670
is_linear=0
shrinkage=0.05


Tree=294
num_leaves=15
num_cat=0
split_feature=5 22 22 21 6 9 9 6 5 3 16 6 19 3
split_gain=0.918434 1.39329 2.11089 1.92295 1.82739 1.26073 3.05203 2.53205 2.13813 1.8594 1.80364 1.79384 1.15919 1.13028
threshold=0.91248814248966237 0.39249213126581889 0.39795770889089271 0.18489761566910065 -0.23537842981696178 0.53833057436033716 0.43178729440063707 0.7254836971458194 0.20180702842483325 -0.8814490726585632 663.6500000000002 0.60383265664488517 2.193750000000001 0.72947329433276253
decision_type=2 2 2 2 2 2 2 2 2 2 2 2 2 2
left_child=5 3 -3 4 -2 6 10 11 -9 -8 -1 -7 -4 -5
right_child=1 2 12 13 -6 7 9 8 -10 -11 -12 -13 -14 -15
leaf_value=-9.582786023361774e-05 -0.0032855282675701815 0.0076638702618828649 -0.0019688415021327653 -0.004484643815815364 0.0027433240146671816 -2.92722616952489e-05 -0.00073520981563800897 -0.0033772092996848394 -0.00015243552410972114 0.00046010742696054539 -0.000523669324954007 0.0014714418244967348 -4.6730921263978612e-05 -0.00080731534181340686
leaf_weight=25591 178 45 187 978 362 31553 1419 1365 1435 13609 519 828 9978 440
leaf_count=25591 178 45 187 978 362 31553 1419 1365 1435 13609 519 828 9978 440
internal_value=-8.06345e-05 -0.000484058 -0.000249756 -0.00170582 0.000833332 -1.63143e-05 0.000171616 -0.000236066 -0.00167857 0.000739285 -0.000155114 -0.000111332 -0.000297591 -0.00267278
internal_weight=88487 12168 10210 1958 540 76319 41138 35181 2800 15028 26110 32381 10165 1418
internal_count=88487 12168 10210 1958 540 76319 41138 35181 2800 15028 26110 32381 10165 1418
is_linear=0
shrinkage=0.05


Tree=295
num_leaves=16
num_cat=0
split_feature=18 4 2 15 21 19 19 16 19 1 3 0 22 6 13
split_gain=1.10058 3.23096 2.58889 3.44388 2.15383 2.49715 2.25113 2.11969 2.24916 2.11269 1.79048 8.50283 1.91166 1.74962 1.70731
threshold=38.437500000000007 -0.5 0.59643243146885638 534.50000000000011 0.95401363414804796 1.2312500000000004 8.2687500000000025 692.35000000000002 26.306250000000002 13.513947961999083 -0.84874750804349153 279.04044979158158 1.1660453931284656 0.97461712852231652 0.40289140696879339
decision_type=2 2 2 2 2 2 2 2 2 2 2 2 2 2 2
left_child=1 10 14 -4 5 13 -7 9 -9 -6 11 -1 -12 -2 -3
right_child=4 2 3 -5 7 6 -8 8 -10 -11 12 -13 -14 -15 -16
leaf_value=-0.0016160755129594863 -0.0021902073168602238 -6.488179354323184e-06 0.00071431973827166357 -3.9554600352720026e-05 -0.00068278375582677396 0.00041378003323578374 -7.1826274185816656e-05 -0.00028925973401683347 0.00046895251137749619 0.0013414559751267034 -1.5028451654890824e-05 0.00084192088111164742 0.0024193396546896579 8.5009433143841255e-05 -0.00059273995580038101
leaf_weight=144 1010 1480 107 125 159 9943 51133 792 130 3563 14410 92 199 470 4613
leaf_count=144 1010 1480 107 125 159 9943 51133 792 130 3563 14410 92 199 470 4613
internal_value=-8.71348e-05 -0.000401513 -0.00134783 0.00383621 1.19036e-05 -6.52228e-05 -1.60468e-05 0.00105082 -0.00109545 0.00158248 1.68288e-06 0.00432203 -6.81099e-05 -0.0020946 -0.00154522
internal_weight=88370 21170 6325 232 67200 62556 61076 4644 922 3722 14845 236 14609 1480 6093
internal_count=88370 21170 6325 232 67200 62556 61076 4644 922 3722 14845 236 14609 1480 6093
is_linear=0
shrinkage=0.05


Tree=296
num_leaves=15
num_cat=0
split_feature=15 2 20 6 19 22 18 21 22 16 22 5 15 18
split_gain=0.975448 1.11489 4.60677 2.43143 1.21596 0.838178 2.51572 1.31048 0.804795 1.93513 0.945007 0.639603 0.0806772 0.14026
threshold=825.50000000000011 0.87672734215083803 1.6156250000000003 -0.96234030595689413 17.131250000000005 1.0584182042756576 1.0000000180025095e-35 0.98708083015086967 0.96029977208633455 778.55000000000007 0.98195824785577879 0.79904096188274243 844.50000000000011 25.937500000000004
decision_type=2 2 2 2 2 2 2 2 2 2 2 2 2 2
left_child=1 5 3 -3 -4 7 -7 -1 12 10 -10 -11 -2 -14
right_child=8 2 4 -5 -6 6 -8 -9 9 11 -12 -13 13 -15
leaf_value=-4.6144119573314599e-05 -0.00049615597593868194 0.00064242885969716232 0.0033060820124192303 0.002902255209402313 -0.00024643517288949957 -0.00058963219858952556 -4.6792711715929879e-05 5.9316920131110091e-05 0.00060171804632685316 -9.1603626650140955e-05 0.00018845264303538417 0.00027575278333370881 -0.0002598915145165298 -9.7600210279834819e-05
leaf_weight=75951 137 92 366 54 914 751 3843 5526 43 442 49 47 54 56
leaf_count=75951 137 92 366 54 914 751 3843 5526 43 442 49 47 54 56
internal_value=-9.14249e-05 -7.52609e-05 0.00131136 0.00972603 0.000351561 -9.8234e-05 -0.000755334 -6.11841e-05 -0.00179952 -0.000783134 0.00586956 -0.00203477 -0.00419028 -0.00318182
internal_weight=88325 87497 1426 146 1280 86071 4594 81477 828 581 92 489 247 110
internal_count=88325 87497 1426 146 1280 86071 4594 81477 828 581 92 489 247 110
is_linear=0
shrinkage=0.05


Tree=297
num_leaves=15
num_cat=0
split_feature=12 4 18 1 22 18 12 9 6 9 21 6 2 3
split_gain=1.18162 1.9993 1.2164 1.19298 1.11895 2.67847 2.86647 1.33312 2.40915 1.58179 1.13777 0.828716 0.519701 0.224246
threshold=553.65000000000009 -0.93540483100319616 2.0625000000000004 796.24175389760251 1.0584182042756576 1.0000000180025095e-35 80.550000000000026 0.68688061233946351 -0.94703994556331683 0.56200434853822567 1.0392045756306625 -0.99938741687870725 0.84462076945066145 0.2269546835593246
decision_type=2 2 2 2 2 2 2 2 2 2 2 2 2 2
left_child=4 2 13 -4 7 10 -7 9 -9 -1 -6 -3 -13 -2
right_child=1 11 3 -5 5 6 -8 8 -10 -11 -12 12 -14 -15
leaf_value=3.4434844661238694e-05 -0.00012334373561532445 0.00043744071585153114 0.0018239466583509852 -1.028870211010273e-05 4.8217085443491572e-05 6.9719359191640855e-05 -0.00063395031719033529 0.00035355095064847986 7.8503967546106338e-06 -0.00020379648353720378 -0.0017933300644238266 -0.00044605591710812094 -0.00015893099025977796 -2.9456199470812017e-05
leaf_weight=49228 157 62 166 1921 132 3528 314 3174 10460 17394 617 887 307 47
leaf_count=49228 157 62 166 1921 132 3528 314 3174 10460 17394 617 887 307 47
internal_value=-7.43275e-05 -0.000968425 -8.94818e-05 0.000270722 -3.69501e-05 -0.000796124 -0.000262885 6.47807e-06 0.000456945 -8.57086e-05 -0.00353138 -0.00257166 -0.00286432 -0.00377451
internal_weight=88394 3547 2291 2087 84847 4591 3842 80256 13634 66622 749 1256 1194 204
internal_count=88394 3547 2291 2087 84847 4591 3842 80256 13634 66622 749 1256 1194 204
is_linear=0
shrinkage=0.05


Tree=298
num_leaves=16
num_cat=0
split_feature=22 18 12 18 4 4 15 1 20 19 22 3 5 5 15
split_gain=1.169 1.90339 2.54556 1.7667 1.44184 1.10247 1.07316 1.42915 3.09418 1.02774 0.707814 0.616018 0.498838 0.206167 0.0574264
threshold=1.0584182042756576 1.0000000180025095e-35 60.750000000000007 2.0625000000000004 -0.58216583101416164 -0.84874750804349175 825.50000000000011 875.72493372615816 1.8031250000000003 8.3812500000000032 0.95199483600701174 1.0000000180025095e-35 -0.66528616069191593 0.99761913169647187 844.50000000000011
decision_type=2 2 2 2 2 2 2 2 2 2 2 2 2 2 2
left_child=6 4 3 -3 5 -2 7 9 -9 -1 14 -12 -4 -6 -8
right_child=1 2 12 -5 13 -7 10 8 -10 -11 11 -13 -14 -15 -16
leaf_value=0.00011103516759642554 -8.4274334706379596e-05 0.0022647665975221074 0.0007811644344584526 -4.204784453417273e-05 -0.0025008873493528 0.00019788972551225826 -0.0004437324504619477 0.001563264186944178 9.1008509463403979e-05 -4.8476867556495591e-05 -0.00044932015337554345 -9.1434831196557382e-06 -0.00052341979287472422 -0.0012243977531723293 -0.00015604908609983658
leaf_weight=21188 73 136 48 3150 495 69 126 235 1492 59988 122 502 494 112 91
leaf_count=21188 73 136 48 3150 495 69 126 235 1492 59988 122 502 494 112 91
internal_value=-0.000114413 -0.000892507 -0.000441485 8.21656e-05 -0.0031976 0.00133803 -7.18869e-05 -5.38593e-05 0.00136943 -8.41394e-05 -0.00184899 -0.000993591 -0.00361624 -0.00425865 -0.00430876
internal_weight=88321 4577 3828 3286 749 142 83744 82903 1727 81176 841 624 542 607 217
internal_count=88321 4577 3828 3286 749 142 83744 82903 1727 81176 841 624 542 607 217
is_linear=0
shrinkage=0.05


Tree=299
num_leaves=16
num_cat=0
split_feature=1 9 18 9 17 3 22 6 9 5 9 13 9 12 6
split_gain=1.07352 2.65481 4.5958 3.35532 3.53613 2.33975 2.81511 2.9174 2.09407 2.07873 1.95354 1.3666 5.07451 1.5475 1.02858
threshold=287.14595144050173 0.52534421639370665 18.437500000000004 0.52312540216533054 85.500000000000014 0.97335555334614954 0.94698497279671257 -0.71502926860092908 0.39408196235930854 0.15951094710994371 0.72953505740696944 0.6012561530513294 0.66737110467830496 232.95000000000002 -0.20180761162458913
decision_type=2 2 2 2 2 2 2 2 2 2 2 2 2 2 2
left_child=1 3 14 8 -5 11 10 -8 -1 -4 -7 12 -2 -13 -3
right_child=5 2 9 4 -6 6 7 -9 -10 -11 -12 13 -14 -15 -16
leaf_value=-0.00048572546136597407 -4.9003993084613138e-06 -0.0025527285904819587 -0.00079833714840716902 0.00096547457015642144 0.0050467436079346647 5.6888503329469115e-05 0.0013098500338104748 0.00011066166132113651 0.00047390658031169313 0.00019277822954668028 0.0030362549520748018 -0.00040292464711789712 0.00065390442727505103 -1.6363402974972631e-05 -0.00098837129548068098
leaf_weight=12325 24375 1291 6517 279 49 1473 131 157 8514 4718 275 2986 2734 20612 1874
leaf_count=12325 24375 1291 6517 279 49 1473 131 157 8514 4718 275 2986 2734 20612 1874
internal_value=-0.000100783 -0.000313072 -0.000836807 4.32265e-05 0.00506097 4.23741e-05 0.00170432 0.00628472 -3.57515e-05 -0.000362707 0.000949656 -2.43568e-05 0.000217823 -0.000302569 -0.00251975
internal_weight=88310 35567 14400 21167 328 52743 2036 288 20839 11235 1748 50707 27109 23598 3165
internal_count=88310 35567 14400 21167 328 52743 2036 288 20839 11235 1748 50707 27109 23598 3165
is_linear=0
shrinkage=0.05


end of trees

feature_importances:
doy_sin=490
doy_cos=440
kcs_fc_ens=373
temp_fc_c=347
tod_sin=271
kcs_recent=235
wind_fc_ms=213
dni_fc_wm2=212
cos_zenith=194
cloud_fc_pct=193
kcs_lag_24h=175
ghi_fc_wm2=171
kcs_fc=162
pv_lag_24h_kw=150
dhi_fc_wm2=148
clear_sky_kw=141
tod_cos=121
clear_sky_ghi_wm2=101
lead_time_hours=21
has_weather=8

parameters:
[boosting: gbdt]
[objective: quantile]
[metric: quantile]
[tree_learner: serial]
[device_type: cpu]
[data_sample_strategy: bagging]
[data: ]
[valid: ]
[num_iterations: 300]
[learning_rate: 0.05]
[num_leaves: 16]
[num_threads: 8]
[seed: 42]
[deterministic: 1]
[force_col_wise: 0]
[force_row_wise: 1]
[histogram_pool_size: -1]
[max_depth: 4]
[min_data_in_leaf: 40]
[min_sum_hessian_in_leaf: 0.001]
[bagging_fraction: 0.85]
[pos_bagging_fraction: 1]
[neg_bagging_fraction: 1]
[bagging_freq: 1]
[bagging_seed: 400]
[bagging_by_query: 0]
[feature_fraction: 1]
[feature_fraction_bynode: 1]
[feature_fraction_seed: 30056]
[extra_trees: 0]
[extra_seed: 12879]
[early_stopping_round: 0]
[early_stopping_min_delta: 0]
[first_metric_only: 0]
[max_delta_step: 0]
[lambda_l1: 0]
[lambda_l2: 0]
[linear_lambda: 0]
[min_gain_to_split: 0]
[drop_rate: 0.1]
[max_drop: 50]
[skip_drop: 0.5]
[xgboost_dart_mode: 0]
[uniform_drop: 0]
[drop_seed: 17869]
[top_rate: 0.2]
[other_rate: 0.1]
[min_data_per_group: 100]
[max_cat_threshold: 32]
[cat_l2: 10]
[cat_smooth: 10]
[max_cat_to_onehot: 4]
[top_k: 20]
[monotone_constraints: ]
[monotone_constraints_method: basic]
[monotone_penalty: 0]
[feature_contri: ]
[forcedsplits_filename: ]
[refit_decay_rate: 0.9]
[cegb_tradeoff: 1]
[cegb_penalty_split: 0]
[cegb_penalty_feature_lazy: ]
[cegb_penalty_feature_coupled: ]
[path_smooth: 0]
[interaction_constraints: ]
[verbosity: -1]
[saved_feature_importance_type: 0]
[use_quantized_grad: 0]
[num_grad_quant_bins: 4]
[quant_train_renew_leaf: 0]
[stochastic_rounding: 1]
[linear_tree: 0]
[max_bin: 255]
[max_bin_by_feature: ]
[min_data_in_bin: 3]
[bin_construct_sample_cnt: 200000]
[data_random_seed: 175]
[is_enable_sparse: 1]
[enable_bundle: 1]
[use_missing: 1]
[zero_as_missing: 0]
[feature_pre_filter: 1]
[pre_partition: 0]
[two_round: 0]
[header: 0]
[label_column: ]
[weight_column: ]
[group_column: ]
[ignore_column: ]
[categorical_feature: ]
[forcedbins_filename: ]
[precise_float_parser: 0]
[parser_config_file: ]
[objective_seed: 16083]
[num_class: 1]
[is_unbalance: 0]
[scale_pos_weight: 1]
[sigmoid: 1]
[boost_from_average: 1]
[reg_sqrt: 0]
[alpha: 0.9]
[fair_c: 1]
[poisson_max_delta_step: 0.7]
[tweedie_variance_power: 1.5]
[lambdarank_truncation_level: 30]
[lambdarank_norm: 1]
[label_gain: ]
[lambdarank_position_bias_regularization: 0]
[eval_at: ]
[multi_error_top_k: 1]
[auc_mu_weights: ]
[num_machines: 1]
[local_listen_port: 12400]
[time_out: 120]
[machine_list_filename: ]
[machines: ]
[gpu_platform_id: -1]
[gpu_device_id: -1]
[gpu_device_id_list: ]
[gpu_use_dp: 0]
[num_gpu: 1]

end of parameters

pandas_categorical:[]
