tree
version=v4
num_class=1
num_tree_per_iteration=1
label_index=0
max_feature_idx=23
objective=quantile
feature_names=clear_sky_kw clear_sky_ghi_wm2 cos_zenith tod_sin tod_cos doy_sin doy_cos lead_time_hours has_recent kcs_recent pv_last_kw kcs_last pv_lag_24h_kw kcs_lag_24h has_weather ghi_fc_wm2 dni_fc_wm2 dhi_fc_wm2 cloud_fc_pct temp_fc_c wind_fc_ms kcs_fc kcs_fc_ens nwp_lead_d
feature_infos=[8.0067576055486445:662.72299999999996] [10.013128144343288:900.75728806310656] [0.050188670617315613:0.89684342909509362] [-1:1] [-1:0.50000000000000011] [-0.9999994220246925:0.99998555065071859] [-0.99997919295908233:1] [0:5.75] [0:1] [-1:1.3] [0:751.20000000000005] [-1:1.3] [0:751.20000000000005] [-1:1.3] [0:1] [-1:896] [-1:915.10000000000002] [-1:426] [-1:100] [-6.7999999999999998:36.600000000000001] [-1:10.180000000000001] [-1:1.5] [-1:1.5] [-1:1]
tree_sizes=1566 1637 1633 1632 1628 1634 1632 1631 1640 1630 1643 1634 1641 1636 1645 1638 1640 1650 1639 1641 1645 1633 1628 1640 1630 1633 1645 1628 1637 1634 1648 1639 1640 1631 1629 1636 1638 1617 1640 1633 1614 1617 1629 1625 1629 1634 1632 1638 1637 1629 1623 1627 1615 1630 1612 1613 1611 1628 1608 1630 1602 1620 1601 1620 1525 1614 1412 1601 1590 1625 1603 1627 1495 1419 1436 1617 1545 1637 1621 1620 1538 1597 1504 1422 1630 1629 1615 1649 1511 1649 1589 1527 1624 1622 1515 1538 1632 1626 1583 1524 1519 1621 1590 1641 1430 1533 1644 1651 1525 1602 1516 1641 1496 1317 1638 1511 1636 1634 1451 1619 1621 1506 1590 1486 1403 1402 1528 1639 1498 1531 1488 1410 1590 1624 1498 1512 1425 1611 1599 1624 1645 1645 1523 1517 1643 1645 1505 1620 1544 993 1521 1644 1610 1316 1661 1495 1329 1418 1615 1428 990 1636 1498 1615 1410 1523 1602 1326 969 1537 1507 979 1630 1621 1656 1643 1628 1455 1599 1527 1518 1645 1617 1499 1426 881 1512 1409 1481 1536 1640 1506 1648 1599 1352 969 1516 1513 988 1643 1599 1616 1640 1640 1494 1008 1623 1557 1639 1528 1406 1432 1517 1593 984 1625 1342 1628 1621 1601 1427 1642 1611 704 1633 1633 989 1640 1510 1629 1642 1537 1623 1630 1511 1634 1232 1330 1359 975 1462 1342 1620 1348 972 1524 994 1508 991 1517 1629 1545 966 1266 1583 1506 994 1633 1531 1509 1526 1611 1613 982 1330 1628 1508 999 1603 1514 1524 1559 1652 1454 1628 1651 1618 1438 1544 1543 1650 1653 1502 1414 1511 1467 1504 1535 1642 1523 1524 1633 976 1435 1450 1415 1633 1419 1640 1622

Tree=0
num_leaves=16
num_cat=0
split_feature=22 15 11 22 22 13 22 11 22 21 18 19 15 0 16
split_gain=4325.31 870.679 570.913 255.084 215.003 170.515 92.6208 81.3021 80.0623 126.112 55.8564 54.6776 47.7425 33.6912 16.9863
threshold=0.70566999488926674 327.50000000000006 0.40507786932123163 0.85835371514692682 0.46586128174426661 0.51317677422612296 1.0002869304749129 0.45126560933975535 0.55256609089504527 0.080309471516416917 97.687500000000014 13.868750000000004 196.50000000000003 416.24921498014834 684.50000000000011
decision_type=2 2 2 2 2 2 2 2 2 2 2 2 2 2 2
left_child=2 5 4 11 10 7 -7 -2 9 -4 -1 -3 -6 -10 -5
right_child=1 3 8 14 12 6 -8 -9 13 -11 -12 -13 -14 -15 -16
leaf_value=0.48444633334875109 0.4926151528954506 0.49676040560007095 0.49725935012102129 0.508404316008091 0.48733750134706499 0.49675495177507401 0.50097631365060802 0.49621963351964948 0.49406673312187194 0.4889462277293205 0.48073802739381788 0.50465180128812792 0.49123487472534177 0.49820102006196976 0.51225447803735735
leaf_weight=8921 5414 1727 2137 6607 4404 4777 2775 4456 2778 5068 10031 6623 5271 3033 7221
leaf_count=8921 5414 1727 2137 6607 4404 4777 2775 4456 2778 5068 10031 6623 5271 3033 7221
internal_value=0.494816 0.506646 0.483565 0.513217 0.479618 0.498281 0.503936 0.493954 0.492248 0.488726 0.476522 0.506317 0.485682 0.496614 0.517384
internal_weight=81243 39600 41643 22178 28627 17422 7552 9870 13016 7205 18952 8350 9675 5811 13828
internal_count=81243 39600 41643 22178 28627 17422 7552 9870 13016 7205 18952 8350 9675 5811 13828
is_linear=0
shrinkage=1


Tree=1
num_leaves=16
num_cat=0
split_feature=22 15 11 22 22 13 22 21 20 22 18 15 5 15 0
split_gain=4116.96 750.042 588.797 260.215 238.465 152.427 79.7222 111.073 75.7344 68.2189 65.9335 58.6598 43.921 43.2294 33.6547
threshold=0.72902299159340911 305.50000000000006 0.41366650029419144 0.52606720290493003 0.85835371514692682 0.51317677422612296 0.55256609089504527 0.080309471516416917 0.70062500000000016 1.0002869304749129 97.937500000000014 315.50000000000006 0.79904096188274243 431.50000000000006 235.28692469036645
decision_type=2 2 2 2 2 2 2 2 2 2 2 2 2 2 2
left_child=2 5 3 10 12 8 7 -4 -2 -7 -1 -5 -3 -8 -6
right_child=1 4 6 11 14 9 13 -9 -10 -11 -12 -13 -14 -15 -16
leaf_value=-0.009559271559119226 -0.0046716565638780603 0.010017677322030067 0.0024777068942785255 -0.0050808415561914462 -0.0002329111844301235 0.0019195850938558579 -0.00017633825540542549 -0.005586780533194541 0.00058476082980632731 0.006030545160174372 -0.012801228389143944 -0.00070369720458984266 0.00235007219016552 0.005300529971718787 0.015419778153300284
leaf_weight=10226 1410 5872 2100 5714 155 3846 4997 4938 7315 2645 11188 2937 1849 1921 14167
leaf_count=10226 1410 5872 2100 5714 155 3846 4997 4938 7315 2645 11188 2937 1849 1921 14167
internal_value=9.90404e-05 0.0123306 -0.0102536 -0.0141934 0.0182246 0.00379206 -0.00176627 -0.00551293 -0.000524355 0.00959405 -0.01715 -0.00687493 0.0111417 0.00204539 0.022043
internal_weight=81280 37259 44021 30065 22043 15216 13956 7038 8725 6491 21414 8651 7721 6918 14322
internal_count=81280 37259 44021 30065 22043 15216 13956 7038 8725 6491 21414 8651 7721 6918 14322
is_linear=0
shrinkage=0.05


Tree=2
num_leaves=16
num_cat=0
split_feature=22 12 11 22 22 11 6 22 2 18 1 15 6 15 16
split_gain=3828.8 755.425 592.323 264.833 189.912 113.679 91.9852 83.7617 103.567 71.413 56.8409 54.2186 40.9478 39.7805 28.5383
threshold=0.74104279092374992 139.35000000000002 0.41366650029419144 0.51239523174917245 0.85534932525842533 0.45126560933975535 0.5403928698825039 0.55256609089504527 0.1207481551595533 97.937500000000014 77.417163713626607 317.50000000000006 -0.69676771491221523 421.50000000000006 262.55000000000007
decision_type=2 2 2 2 2 2 2 2 2 2 2 2 2 2 2
left_child=2 5 3 9 12 6 -2 8 -4 -1 -7 -5 -3 -9 -6
right_child=1 4 7 11 14 10 -8 13 -10 -11 -12 -13 -14 -15 -16
leaf_value=-0.0091854462362825889 0.0015448225028812934 0.011151251163333653 0.012505577359348536 -0.0049090605936944511 -0.00092640526965260541 0.0081640463061630735 -0.0038909986130893251 -3.3767029643058669e-05 -0.0039217497445642934 -0.012238980833441019 0.0020887779630720609 -0.00089975601434707511 0.0043535204418003572 0.0046664821766316871 0.014712756950408218
leaf_weight=9962 4937 3284 645 6482 102 1687 2913 5283 6412 10866 6269 3252 3214 2346 13712
leaf_count=9962 4937 3284 645 6482 102 1687 2913 5283 6412 10866 6269 3252 3214 2346 13712
internal_value=0.000103237 0.0122432 -0.00958716 -0.0135528 0.018622 0.00404593 -0.00022293 -0.0013346 -0.00526073 -0.0167347 0.00825792 -0.0067444 0.0115728 0.00229716 0.0219379
internal_weight=81366 36118 45248 30562 20312 15806 7850 14686 7057 20828 7956 9734 6498 7629 13814
internal_count=81366 36118 45248 30562 20312 15806 7850 14686 7057 20828 7956 9734 6498 7629 13814
is_linear=0
shrinkage=0.05


Tree=3
num_leaves=16
num_cat=0
split_feature=22 12 11 22 22 11 6 22 21 15 18 3 15 6 16
split_gain=3664.8 727.46 564.934 266.359 190.67 113.81 79.7615 77.0186 107.16 74.4843 64.3006 55.5558 39.442 36.0706 27.8853
threshold=0.74104279092374992 140.85000000000002 0.40507786932123163 0.44495228031460682 0.85534932525842533 0.45126560933975535 0.5403928698825039 0.55256609089504527 0.080309471516416917 317.50000000000006 97.937500000000014 -0.84874750804349153 497.50000000000006 -0.69676771491221523 689.20000000000016
decision_type=2 2 2 2 2 2 2 2 2 2 2 2 2 2 2
left_child=2 5 3 10 13 6 -2 8 -4 -5 -1 -7 -9 -3 -6
right_child=1 4 7 9 14 11 -8 12 -10 -11 -12 -13 -14 -15 -16
leaf_value=-0.0090973201265558603 0.0014622649414464811 0.010358041642047467 0.0025767996722832311 -0.0052580931151285787 0.011023272350244223 0.00117282431479544 -0.0035828324692323806 0.00019832903668284553 -0.0051631221434101458 -0.00085936745703220352 -0.012399415600858631 0.0061412003552541172 0.0060573369542136768 0.0043137837303802388 0.015206405296735465
leaf_weight=8651 4968 3280 2144 8591 6860 4167 2946 6389 5041 3514 9538 3915 1321 3195 6778
leaf_count=8651 4968 3280 2144 8591 6860 4167 2946 6389 5041 3514 9538 3915 1321 3195 6778
internal_value=0.000192502 0.0120683 -0.00929706 -0.0132171 0.0183973 0.0041104 -0.00015163 -0.00132427 -0.00504871 -0.00747005 -0.0170419 0.00828384 0.00214656 0.011332 0.0217517
internal_weight=81298 36109 45189 30294 20113 15996 7914 14895 7185 12105 18189 8082 7710 6475 13638
internal_count=81298 36109 45189 30294 20113 15996 7914 14895 7185 12105 18189 8082 7710 6475 13638
is_linear=0
shrinkage=0.05


Tree=4
num_leaves=16
num_cat=0
split_feature=22 15 11 22 22 13 22 0 18 11 22 19 0 16 18
split_gain=3445.7 821.107 396.01 317.994 178.813 132.188 94.8562 70.2397 68.4403 65.3585 58.1841 53.7467 39.8126 34.0099 17.6326
threshold=0.68698152082440933 327.50000000000006 0.40507786932123163 0.85835371514692682 0.44495228031460682 0.51317677422612296 0.97318512561689607 30.103299391293529 97.687500000000014 0.45330388417155904 0.55256609089504527 13.293750000000003 362.92718328828983 697.55000000000007 96.812500000000014
decision_type=2 2 2 2 2 2 2 2 2 2 2 2 2 2 2
left_child=2 5 4 11 8 9 -7 14 -1 -2 -9 -3 -6 -5 -4
right_child=1 3 7 13 12 6 -8 10 -10 -11 -12 -13 -14 -15 -16
leaf_value=-0.0084736597266886395 -0.0020040194849204273 0.0010951205254066732 0.0156710033237841 0.011014411162408068 -0.0058464968965947633 0.0011396803789027021 0.0046649500539619531 -0.0034875802494678644 -0.011727228916818279 0.0010436712857196122 0.00028887316651642346 0.0077524299085605878 -0.0027341852900339306 0.014452087219627575 0.0001380643645813709
leaf_weight=8577 5775 1728 404 7071 5746 4656 3235 6752 9579 4638 4818 7446 3980 6703 148
leaf_count=8577 5775 1728 404 7071 5746 4656 3235 6752 9579 4638 4818 7446 3980 6703 148
internal_value=0.000250443 0.0103898 -0.0102052 0.0166899 -0.0134854 0.00249126 0.00737232 -0.00266045 -0.0164161 -0.00120763 -0.00349179 0.00947787 -0.0080146 0.0214934 0.0147645
internal_weight=81256 41252 40004 22948 27882 18304 7891 12122 18156 10413 11570 9174 9726 13774 552
internal_count=81256 41252 40004 22948 27882 18304 7891 12122 18156 10413 11570 9174 9726 13774 552
is_linear=0
shrinkage=0.05


Tree=5
num_leaves=16
num_cat=0
split_feature=22 15 11 22 22 13 20 18 22 22 18 19 15 0 16
split_gain=3246.97 726.222 499.738 253.359 197.644 135.752 72.9696 69.8183 74.4962 66.7181 61.0446 60.8137 55.9329 51.06 12.094
threshold=0.74433757270387024 357.50000000000006 0.41366650029419144 0.46586128174426661 0.89080602986632906 0.51317677422612296 0.61812500000000015 95.062500000000014 0.54421993449831618 1.0070399659965443 97.687500000000014 14.406250000000002 199.50000000000003 25.344770614715404 752.60000000000014
decision_type=2 2 2 2 2 2 2 2 2 2 2 2 2 2 2
left_child=2 5 3 10 11 6 -2 13 -9 -7 -1 -3 -5 -4 -6
right_child=1 4 7 12 14 9 -8 8 -10 -11 -12 -13 -14 -15 -16
leaf_value=-0.0080617486576973485 -0.0049529820310105586 0.0021052109104837237 0.014813650686434005 -0.0054769168219547726 0.011770346607286014 0.0019570891588362839 0.0005672003678518833 -0.0051745976689173828 0.00033455395449942527 0.0051998759698676901 -0.010855381339070855 0.010037063415560403 -0.0020590850959869567 0.00077498843594220887 0.01419414278792171
leaf_weight=8920 1241 1517 386 5098 6571 4931 8015 3876 3504 2795 10163 6116 6473 7021 4640
leaf_count=8920 1241 1517 386 5098 6571 4931 8015 3876 3504 2795 10163 6116 6473 7021 4640
internal_value=0.000267944 0.0115238 -0.00860621 -0.012248 0.0182817 0.00402485 -5.94209e-05 -0.00105667 -0.00449864 0.00891794 -0.0157876 0.0120759 -0.00641042 0.00237276 0.0225069
internal_weight=81267 35826 45441 30654 18844 16982 9256 14787 7380 7726 19083 7633 11571 7407 11211
internal_count=81267 35826 45441 30654 18844 16982 9256 14787 7380 7726 19083 7633 11571 7407 11211
is_linear=0
shrinkage=0.05


Tree=6
num_leaves=16
num_cat=0
split_feature=22 15 11 22 22 13 18 22 20 22 18 0 19 7 16
split_gain=3060.89 702.613 466.28 217.153 211.848 118.9 82.986 82.7303 69.2057 67.3783 59.9866 52.4542 51.9637 47.1975 16.2709
threshold=0.74104279092374992 357.50000000000006 0.34478620775616037 0.44495228031460682 0.89080602986632906 0.51581659746501496 93.937500000000014 0.55256609089504527 0.61812500000000015 1.0002869304749129 99.437500000000014 25.344770614715404 14.406250000000002 0.87500000000000011 697.55000000000007
decision_type=2 2 2 2 2 2 2 2 2 2 2 2 2 2 2
left_child=2 5 3 10 12 8 11 -8 -2 -7 -1 -4 -3 -5 -6
right_child=1 4 6 13 14 9 7 -9 -10 -11 -12 -13 -14 -15 -16
leaf_value=-0.0083556183361711226 -0.0047315455621161273 0.0022915954001072047 0.014211152580327331 -0.0090261175520212292 0.011096648279073203 0.0017982626077272192 -0.0047828958260825605 4.3654412361066042e-05 0.00058355575396978887 0.0047124057611418191 -0.011498864657495195 0.00039673371768661481 0.0095027111927197538 -0.00313232281973716 0.01310873863180962
leaf_weight=9612 1255 1560 427 1519 4647 4731 5572 4166 8161 2893 7122 7716 6265 9108 6612
leaf_count=9612 1255 1560 427 1519 4647 4731 5572 4166 8161 2893 7122 7716 6265 9108 6612
internal_value=0.000279601 0.0111325 -0.00838601 -0.0124895 0.0177217 0.00375293 -0.00210699 -0.00522181 -5.31011e-06 0.00839454 -0.0160392 0.00161795 0.0114026 -0.00689988 0.0221134
internal_weight=81366 36124 45242 27361 19084 17040 17881 9738 9416 7624 16734 8143 7825 10627 11259
internal_count=81366 36124 45242 27361 19084 17040 17881 9738 9416 7624 16734 8143 7825 10627 11259
is_linear=0
shrinkage=0.05


Tree=7
num_leaves=16
num_cat=0
split_feature=22 16 11 11 22 12 6 1 0 22 22 18 7 3 18
split_gain=2906.01 766.206 355.377 189.536 139.515 109.711 92.1331 71.1574 65.5223 61.9299 58.7591 55.2936 37.686 31.0791 19.9793
threshold=0.68698152082440933 527.35000000000002 0.34478620775616037 0.47379425364570832 0.44495228031460682 140.85000000000002 0.5403928698825039 312.55194698990357 25.344770614715404 0.55256609089504527 0.91256779852044179 97.687500000000014 0.87500000000000011 -0.8814490726585632 96.812500000000014
decision_type=2 2 2 2 2 2 2 2 2 2 2 2 2 2 2
left_child=2 3 4 6 11 13 -2 -5 14 -10 -7 -1 -6 -3 -4
right_child=1 5 8 7 12 10 -8 -9 9 -11 -12 -13 -14 -15 -16
leaf_value=-0.0077432550762610661 0.0014757070263903662 -0.0011467075910435054 0.014935177423158497 0.0014491419185863998 -0.0087341908611260517 0.0095908982635341533 -0.0033109160538715848 0.0068360970742118669 -0.0033455010634031446 0.00012310296799964983 0.01190437272416018 -0.010346758473389435 -0.0036186027542649104 0.0040577439248251747 -0.0014722557243453645
leaf_weight=7896 9666 256 438 6069 1293 2493 3614 8013 8553 5518 9647 8849 7198 1599 151
leaf_count=7896 9666 256 438 6069 1293 2493 3614 8013 8553 5518 9647 8849 7198 1599 151
internal_value=0.000298143 0.00958544 -0.00932926 0.00471822 -0.012926 0.0191015 0.000432982 0.00875941 -0.00313779 -0.00382169 0.020832 -0.0155733 -0.00770522 0.00777628 0.0132003
internal_weight=81253 41357 39896 27362 25236 13995 13280 14082 14660 14071 12140 16745 8491 1855 589
internal_count=81253 41357 39896 27362 25236 13995 13280 14082 14660 14071 12140 16745 8491 1855 589
is_linear=0
shrinkage=0.05


Tree=8
num_leaves=16
num_cat=0
split_feature=22 15 11 22 22 13 15 21 18 2 22 6 6 15 16
split_gain=2725.17 668.718 431.288 221.284 198.151 129.417 73.0802 73.609 59.0957 58.0946 49.9941 41.7892 39.6094 26.6632 14.518
threshold=0.74433757270387024 383.50000000000006 0.34478620775616037 0.89080602986632906 0.52606720290493003 0.55332268111159155 294.50000000000006 0.080309471516416917 99.812500000000014 0.34770080791147412 1.0094957306721377 -0.3744658827978154 -0.59177783207548873 504.50000000000006 752.60000000000014
decision_type=2 2 2 2 2 2 2 2 2 2 2 2 2 2 2
left_child=2 5 4 12 8 9 7 -4 -1 -2 -7 -6 -3 -8 -5
right_child=1 3 6 14 11 10 13 -9 -10 -11 -12 -13 -14 -15 -16
leaf_value=-0.0072829902058632358 -0.00043747163710947112 0.010321219010692119 0.0019357512123775802 0.010673150016509531 -5.0539840407273773e-05 0.0026195104844135343 0.00042122954867115372 -0.0028424464929000639 -0.0099319763015204982 0.0026023534900155329 0.0049711735768321608 -0.0041912028092791574 0.0040980216585507273 0.0050846178974856661 0.012190176302841693
leaf_weight=12032 8151 4292 2660 6016 2844 4743 4733 9163 7477 2853 2384 5076 2629 1427 4606
leaf_count=12032 8151 4292 2660 6016 2844 4743 4733 9163 7477 2853 2384 5076 2629 1427 4606
internal_value=0.00033668 0.0106786 -0.00778759 0.0176381 -0.011733 0.0039449 -0.00176973 -0.00407046 -0.0144408 0.000545256 0.00919391 -0.00506313 0.0106813 0.0026461 0.022171
internal_weight=81086 35674 45412 17543 27429 18131 17983 11823 19509 11004 7127 7920 6921 6160 10622
internal_count=81086 35674 45412 17543 27429 18131 17983 11823 19509 11004 7127 7920 6921 6160 10622
is_linear=0
shrinkage=0.05


Tree=9
num_leaves=16
num_cat=0
split_feature=22 15 9 22 22 13 18 17 19 0 22 22 5 18 16
split_gain=2568.87 653.669 412.245 231.48 210.598 123.603 75.8798 62.3145 62.2714 54.7265 66.7695 50.5988 45.0724 15.5678 10.8897
threshold=0.74433757270387024 383.50000000000006 0.42238597866662214 0.91256779852044179 0.44495228031460682 0.53759295816126418 97.937500000000014 161.50000000000003 2.4312500000000008 30.103299391293529 0.55660970297983248 1.0002869304749129 0.69676570133721638 96.562500000000014 757.70000000000016
decision_type=2 2 2 2 2 2 2 2 2 2 2 2 2 2 2
left_child=2 5 4 12 6 8 -1 -6 -2 13 -11 -7 -3 -4 -5
right_child=1 3 9 14 7 11 -8 -9 -10 10 -12 -13 -14 -15 -16
leaf_value=-0.0065995617103081555 -0.0051718205560548685 0.0096259827450652039 0.014276456054133463 0.010161958032136027 -0.0045513454220318912 0.0022698259233432882 -0.0093027377803096781 -0.00074890108666765271 0.00053715686766541706 -0.0027040720377647931 0.00092516747338978751 0.00427738471502469 0.0024359190850961887 0.00095922133277210339 0.01167422740848742
leaf_weight=8800 1353 6324 398 5152 6892 4829 9417 4968 9119 6759 7974 2730 1856 179 4326
leaf_count=8800 1353 6324 398 5152 6892 4829 9417 4968 9119 6759 7974 2730 1856 179 4326
internal_value=0.000448961 0.0104857 -0.00744321 0.0173236 -0.010843 0.00378931 -0.0142189 -0.00565767 0.000272154 -0.000764206 -0.0013558 0.00866186 0.0111614 0.0143414 0.0226419
internal_weight=81076 35689 45387 17658 30077 18031 18217 11860 10472 15310 14733 7559 8180 577 9478
internal_count=81076 35689 45387 17658 30077 18031 18217 11860 10472 15310 14733 7559 8180 577 9478
is_linear=0
shrinkage=0.05


Tree=10
num_leaves=16
num_cat=0
split_feature=22 2 22 22 11 15 21 13 22 5 18 0 15 11 21
split_gain=2409.94 637.636 364.982 285.82 185.96 89.0919 88.0872 80.9461 64.9282 60.4763 59.0386 45.1294 34.4007 25.4387 18.8299
threshold=0.74433757270387024 0.41620255658252303 0.52606720290493003 0.91256779852044179 0.33147565027900833 262.50000000000006 0.080309471516416917 0.54402649595508257 1.0094957306721377 0.67167992559793654 99.312500000000014 68.083898450267029 504.50000000000006 0.49057695664981366 0.81337618124760092
decision_type=2 2 2 2 2 2 2 2 2 2 2 2 2 2 2
left_child=2 7 4 9 10 13 -6 11 -9 -3 -1 -2 -7 -4 -5
right_child=1 3 5 14 6 12 -8 8 -10 -11 -12 -13 -14 -15 -16
leaf_value=-0.0065837971310046947 0.0035186425502230557 0.0083519928104489969 -0.0033016495510946181 -0.0032174853313660158 0.0015149745316352797 7.3125164915620319e-05 -0.0043954750126338387 0.00083004485418876068 0.0041207360611529359 0.0020751042875630124 -0.0088376008912941957 -0.00066198976772822722 0.0044337761710660983 -0.00027776202307449319 0.010349885113361358
leaf_weight=10774 1960 7952 5805 75 2739 7576 5942 3399 2435 2659 8282 7423 1938 2306 9888
leaf_count=10774 1960 7952 5805 75 2739 7576 5942 3399 2435 2659 8282 7423 1938 2306 9888
internal_value=0.000437137 0.0101373 -0.00721639 0.0158768 -0.0107915 -0.00159007 -0.00472584 0.00237728 0.00700206 0.0101663 -0.0135548 -0.000498242 0.00169224 -0.00544014 0.0219587
internal_weight=81153 35791 45362 20574 27737 17625 8681 15217 5834 10611 19056 9383 9514 8111 9963
internal_count=81153 35791 45362 20574 27737 17625 8681 15217 5834 10611 19056 9383 9514 8111 9963
is_linear=0
shrinkage=0.05


Tree=11
num_leaves=16
num_cat=0
split_feature=22 2 9 22 22 13 18 0 5 22 2 22 20 16 18
split_gain=2285.95 625.406 379.12 290.245 205.482 91.1475 82.425 59.4226 56.2424 54.3355 49.0548 55.6897 44.344 17.0434 16.0132
threshold=0.75404438876174906 0.42246796305136108 0.42238597866662214 0.91256779852044179 0.42172708390400521 0.57672159224574371 97.937500000000014 397.57186801638682 0.67167992559793654 1.0094957306721377 0.098634210354335214 0.59684832315422798 0.70062500000000016 757.70000000000016 96.562500000000014
decision_type=2 2 2 2 2 2 2 2 2 2 2 2 2 2 2
left_child=2 5 4 8 6 12 -1 -6 -3 -7 14 -12 -2 -5 -4
right_child=1 3 10 13 7 9 -8 -9 -10 -11 11 -13 -14 -15 -16
leaf_value=-0.0060307037457739444 -0.0026102436558938292 0.0082518728319624542 0.013486884524845028 0.0088630596675545216 -0.0038583291512450883 0.0011704043262863396 -0.0089825717879106672 -0.0007713863252294562 0.0020183099629232427 0.0049376278345188325 -0.002119274198385443 0.0011551224204099486 0.00033209711728047212 0.010587458027359581 0.0004237452843253706
leaf_weight=8420 1731 7393 407 5596 8193 2780 8817 4981 2541 2112 7943 7305 8558 4308 178
leaf_count=8420 1731 7393 407 5596 8193 2780 8817 4981 2541 2112 7943 7305 8558 4308 178
internal_value=0.000447005 0.0100838 -0.00685062 0.015929 -0.0101172 0.00244549 -0.0137103 -0.00541597 0.00989028 0.00806419 -0.000576328 -0.00112146 -0.000225969 0.0219861 0.0136325
internal_weight=81263 35019 46244 19838 30411 15181 17237 13174 9934 4892 15833 15248 10289 9904 585
internal_count=81263 35019 46244 19838 30411 15181 17237 13174 9934 4892 15833 15248 10289 9904 585
is_linear=0
shrinkage=0.05


Tree=12
num_leaves=16
num_cat=0
split_feature=22 15 11 22 16 13 7 15 2 20 9 22 22 0 15
split_gain=2157.15 613.555 355.215 241.111 179.261 108.159 53.7515 51.4888 59.7188 51.3874 41.3654 37.3558 36.5857 21.9742 20.8469
threshold=0.75404438876174906 383.50000000000006 0.37535254672877411 0.91256779852044179 54.050000000000004 0.57320543563332715 0.87500000000000011 288.50000000000006 0.098634210354335214 1.8568750000000003 0.49599887872926235 0.82748357702474928 1.0094957306721377 281.9347537154095 504.50000000000006
decision_type=2 2 2 2 2 2 2 2 2 2 2 2 2 2 2
left_child=2 5 4 11 9 10 -6 8 -4 -1 -2 -3 -7 -5 -9
right_child=1 3 7 13 6 12 -8 14 -10 -11 -12 -13 -14 -15 -16
leaf_value=-0.0057319503882658053 -0.0010455412313727236 0.0046675272075907938 0.0092141512690999076 -0.0011313455375201037 -0.0064867170714672075 0.0024813844493224105 -0.0018550268355676887 0.00060727766734386965 -0.0018353742261614946 -0.0084939946094286008 0.00093196347457479847 0.0086490961889356521 0.0045849967000527849 0.0095679188791005787 0.0046889708701572169
leaf_weight=9796 5756 3644 639 40 1484 4077 9555 4781 9960 8519 5628 4187 2186 9433 1510
leaf_count=9796 5756 3644 639 40 1484 4077 9555 4781 9960 8519 5628 4187 2186 9433 1510
internal_value=0.000550219 0.00992461 -0.0065349 0.0166147 -0.00985896 0.00336459 -0.00482607 -0.000757845 -0.00288471 -0.0128924 0.000461174 0.0101232 0.00864202 0.0219809 0.00282546
internal_weight=81195 34951 46244 17304 29354 17647 11039 16890 10599 18315 11384 7831 6263 9473 6291
internal_count=81195 34951 46244 17304 29354 17647 11039 16890 10599 18315 11384 7831 6263 9473 6291
is_linear=0
shrinkage=0.05


Tree=13
num_leaves=16
num_cat=0
split_feature=22 16 11 22 2 0 1 22 18 22 18 22 7 0 22
split_gain=2041.1 593.286 320.399 168.116 162.863 115.2 91.0088 66.3311 55.5259 73.5581 54.8361 51.4595 46.8199 35.5884 10.7646
threshold=0.74433757270387024 590.35000000000002 0.34478620775616037 0.44495228031460682 0.34770080791147412 68.083898450267029 387.28301292094443 0.84699059042301206 92.562500000000014 0.31592674844659024 97.937500000000014 0.91256779852044179 0.87500000000000011 25.344770614715404 1.0346756122897782
decision_type=2 2 2 2 2 2 2 2 2 2 2 2 2 2 2
left_child=2 4 3 10 5 -2 14 -6 13 -10 -1 -8 -5 -4 -3
right_child=1 6 8 12 7 -7 11 -9 9 -11 -12 -13 -14 -15 -16
leaf_value=-0.0058104560782385357 0.0044573559103461722 0.00054280110116854965 0.012285452910075965 -0.0068806848844793142 0.0037711948117745645 -0.00068924744608226676 0.007633859883239608 0.0055940702123204906 -0.0070269815443290201 -0.00088917946302579515 -0.0078216599316572131 0.0090446346771652034 -0.0019664659480405386 0.00056346247668044862 0.003245220264741533
leaf_weight=8051 3966 864 416 1524 7337 8022 1492 5422 1644 8662 8649 8465 9134 7375 269
leaf_count=8051 3966 864 416 1524 7337 8022 1492 5422 1644 8662 8649 8465 9134 7375 269
internal_value=0.000565246 0.0094881 -0.00646959 -0.00988376 0.00518144 0.00099683 0.0190983 0.00911318 -0.00130823 -0.00371628 -0.013015 0.0206262 -0.00497748 0.00187717 0.00567079
internal_weight=81292 35837 45455 27358 24747 11988 11090 12759 18097 10306 16700 9957 10658 7791 1133
internal_count=81292 35837 45455 27358 24747 11988 11090 12759 18097 10306 16700 9957 10658 7791 1133
is_linear=0
shrinkage=0.05


Tree=14
num_leaves=16
num_cat=0
split_feature=22 15 9 22 22 12 0 18 6 22 15 21 5 5 16
split_gain=1940.55 594.652 317.146 189.275 171.026 116.793 92.5544 68.3269 53.4979 48.1425 45.5596 46.6493 31.9893 13.3521 11.7025
threshold=0.74433757270387024 474.50000000000006 0.41842728392996081 0.91256779852044179 0.42172708390400521 113.55000000000003 40.542722344356079 99.562500000000014 -0.29342786347392819 0.82997987403916851 494.50000000000006 0.080309471516416917 0.83376496542330847 0.14250626876356556 757.70000000000016
decision_type=2 2 2 2 2 2 2 2 2 2 2 2 2 2 2
left_child=2 5 4 12 7 6 -2 -1 -6 -7 11 -4 -3 -12 -5
right_child=1 3 10 14 8 9 -8 -9 -10 -11 13 -13 -14 -15 -16
leaf_value=-0.005484249686506704 0.0074876698763031661 0.0083545796286995429 0.0031524429011955111 0.008900735694925872 -0.00051680132562987875 0.0021192531064386454 -0.00025670765265488614 -0.0080465668361997846 -0.0036687808165643738 0.0030862764507907925 0.0069714666685119029 -0.0012625589163725304 0.0010346649885753512 0.0018180645106257499 0.0091479092919168666
leaf_weight=10071 2327 5053 1978 3938 5125 3147 10869 7162 7646 5209 714 12039 993 742 4209
leaf_count=10071 2327 5053 1978 3938 5125 3147 10869 7162 7646 5209 714 12039 993 742 4209
internal_value=0.000483243 0.00920059 -0.0063686 0.0171475 -0.00936708 0.00396715 0.00103819 -0.0126168 -0.00498199 0.00859263 -0.000554191 -0.00142862 0.0104449 0.00786401 0.0221216
internal_weight=81222 35745 45477 14193 30004 21552 13196 17233 12771 8356 15473 14017 6046 1456 8147
internal_count=81222 35745 45477 14193 30004 21552 13196 17233 12771 8356 15473 14017 6046 1456 8147
is_linear=0
shrinkage=0.05


Tree=15
num_leaves=16
num_cat=0
split_feature=16 22 16 11 11 2 22 3 8 21 6 1 13 22 0
split_gain=1799.7 546.702 336.719 161.986 130.886 126.345 93.6768 87.6742 82.3964 65.6776 56.3537 46.2409 29.2865 26.871 2.66643
threshold=401.05000000000007 0.57612621656552421 697.55000000000007 0.33147565027900833 0.46788952564768355 0.3647273154087653 0.878997400948477 -0.8814490726585632 1.0000000180025095e-35 0.080309471516416917 -0.38243420677835349 71.301127000500159 0.72215345072608894 0.91951189572853198 371.73531947232772
decision_type=2 2 2 2 2 2 2 2 2 2 2 2 2 2 2
left_child=1 3 5 8 10 7 -7 -2 -1 -5 -3 -6 13 -4 -14
right_child=2 4 12 9 11 6 -8 -9 -10 -11 -12 -13 14 -15 -16
leaf_value=-0.0041354438892482167 -0.0019780532633859593 0.00096182958663285913 -0.0012523586895226036 0.0017840265862513528 0.0067788330966057631 0.0041740883693025732 0.0057388376456117751 0.0010929775315782265 -0.0071049465076632543 -0.0029151491802974052 -0.0022722704801040271 0.0016558044875913836 0.0035448962130441245 0.0070533023853273091 0.0086630751096903932
leaf_weight=9041 883 5336 187 2756 1614 6452 6458 2486 11868 7571 9509 10676 188 1583 4856
leaf_count=9041 883 5336 187 2756 1614 6452 6458 2486 11868 7571 9509 10676 188 1583 4856
internal_value=0.000572646 -0.00410178 0.012388 -0.00861186 0.00108992 0.00848179 0.010732 -0.000140991 -0.0111423 -0.00348843 -0.00206972 0.00490643 0.02172 0.0161864 0.0236618
internal_weight=81464 58371 23093 31236 27135 16279 12910 3369 20909 10327 14845 12290 6814 1770 5044
internal_count=81464 58371 23093 31236 27135 16279 12910 3369 20909 10327 14845 12290 6814 1770 5044
is_linear=0
shrinkage=0.05


Tree=16
num_leaves=16
num_cat=0
split_feature=22 16 9 0 22 21 22 22 2 0 22 22 9 18 22
split_gain=1669.02 650.38 216.766 178.834 117.338 98.4151 95.5343 89.4409 84.699 52.8399 48.6146 38.1528 34.7649 20.0405 11.0969
threshold=0.68698152082440933 619.45000000000016 0.3282812617833446 255.25570602579077 0.31592674844659024 1.0000000180025095e-35 1.021961954068239 0.84699059042301206 0.44483069147258164 30.103299391293529 0.92361823781732266 0.59684832315422798 0.044667053173999181 99.812500000000014 0.96856514144734418
decision_type=2 2 2 2 2 2 2 2 2 2 2 2 2 2 2
left_child=2 3 4 6 5 -1 -2 -5 14 13 -10 -11 -6 -4 -3
right_child=1 8 9 7 12 -7 -8 -9 10 11 -12 -13 -14 -15 -16
leaf_value=-0.0052257926648599327 -0.00075309504009811185 -0.00070413599138410279 0.011455349337668492 0.0031348617875849808 -0.0018175998337090036 -0.0080950978660481818 0.0023624978365886923 0.0057655215509020757 0.0068775682547956574 -0.0021461526492017823 0.0078776255925098182 0.0003520750785919791 -0.0043332785132049354 -0.0040304683204712794 0.0011124328460004663
leaf_weight=5832 10190 220 568 11025 5546 6052 4376 5838 1596 11708 7328 4476 5839 154 663
leaf_count=5832 10190 220 568 11025 5546 6052 4376 5838 1596 11708 7328 4476 5839 154 663
internal_value=0.000513137 0.00757954 -0.00673989 0.00407188 -0.00987043 -0.0133457 1.37306e-05 0.00757724 0.0188207 -0.00243109 0.0202824 -0.0030215 -0.00624286 0.0108033 0.0040487
internal_weight=81411 41236 40175 31429 23269 11884 14566 16863 9807 16906 8924 16184 11385 722 883
internal_count=81411 41236 40175 31429 23269 11884 14566 16863 9807 16906 8924 16184 11385 722 883
is_linear=0
shrinkage=0.05


Tree=17
num_leaves=16
num_cat=0
split_feature=15 22 22 11 11 8 19 21 6 8 22 22 6 12 21
split_gain=1628.54 512.205 432.499 154.134 107.954 87.0214 66.1573 54.2183 50.5488 49.5413 35.8362 32.0365 22.5438 14.1425 13.3402
threshold=425.50000000000006 0.59684832315422798 0.89080602986632906 0.33147565027900833 0.47379425364570832 1.0000000180025095e-35 18.431250000000002 0.080309471516416917 0.39629089145655322 1.0000000180025095e-35 0.81924015842869291 0.93673794425898937 -0.75013812021657655 265.05000000000001 0.96718917225517786
decision_type=2 2 2 2 2 2 2 2 2 2 2 2 2 2 2
left_child=1 3 6 5 9 -1 14 -5 -6 -3 -8 12 -4 -13 -2
right_child=2 4 11 7 8 -7 10 -9 -10 -11 -12 13 -14 -15 -16
leaf_value=-0.0036576687597033087 0.0011364793274987795 0.00059807575979734526 0.0084174360482955624 0.0016883789149611584 0.0009571439152893269 -0.0064516145066061542 0.0044613240833506042 -0.0023899315717323846 0.0039565729075211695 -0.0019434758545316191 0.0082292784545393797 0.0066384559739052912 0.0054181141902851062 0.0078824211483206289 -0.0059267331048204423
leaf_weight=9181 4461 7121 1349 2759 10164 11895 4135 7806 3099 8592 1907 1228 1416 5992 75
leaf_count=9181 4461 7121 1349 2759 10164 11895 4135 7806 3099 8592 1907 1228 1416 5992 75
internal_value=0.000695368 -0.00342932 0.0128544 -0.00782766 0.00137355 -0.0102984 0.00580923 -0.00289872 0.00469539 -0.00143034 0.00923535 0.020318 0.0157414 0.0220706 0.00124559
internal_weight=81180 60617 20563 31641 28976 21076 10578 10565 13263 15713 6042 9985 2765 7220 4536
internal_count=81180 60617 20563 31641 28976 21076 10578 10565 13263 15713 6042 9985 2765 7220 4536
is_linear=0
shrinkage=0.05


Tree=18
num_leaves=16
num_cat=0
split_feature=15 22 22 9 11 8 21 3 19 5 21 22 22 5 12
split_gain=1572.16 602.233 256.292 141.091 118.821 92.8266 56.9656 56.8171 50.9541 33.6291 27.965 22.918 15.9522 20.5747 6.52048
threshold=504.50000000000006 0.60425147473773888 0.90956351215621767 0.3282812617833446 0.47379425364570832 1.0000000180025095e-35 0.080309471516416917 -0.9103761370219875 3.1687500000000006 0.49065764355977465 0.9063884583866314 0.83959587146926118 0.93873121736646759 0.75580964594513067 268.65000000000003
decision_type=2 2 2 2 2 2 2 2 2 2 2 2 2 2 2
left_child=1 3 9 5 8 -1 -5 -6 -3 11 -11 -2 13 -4 -14
right_child=2 4 12 6 7 -7 -8 -9 -10 10 -12 -13 14 -15 -16
leaf_value=-0.0034451986657147247 0.0053702510317031084 -0.0038473501480877944 0.0075431034011197778 0.0017422516857887233 5.1837054628339767e-05 -0.006279179713798883 -0.0024097216960506738 0.0029262343980850317 0.00012191996849060527 0.0034094326660454757 -0.0034619056063830617 0.0082580081625789978 0.0074525371029007309 0.002753653670055767 0.0077056573687747766
leaf_weight=9536 3070 2421 1395 2765 4256 11152 9565 11779 14863 2062 238 1748 804 320 5351
leaf_count=9536 3070 2421 1395 2765 4256 11152 9565 11779 14863 2062 238 1748 804 320 5351
internal_value=0.000636643 -0.00266782 0.0152622 -0.00745351 0.00207464 -0.0099768 -0.00321979 0.00517462 -0.000801319 0.00838719 0.00341304 0.0107617 0.0214803 0.0172157 0.0226686
internal_weight=81325 66337 14988 33018 33319 20688 12330 16035 17284 7118 2300 4818 7870 1715 6155
internal_count=81325 66337 14988 33018 33319 20688 12330 16035 17284 7118 2300 4818 7870 1715 6155
is_linear=0
shrinkage=0.05


Tree=19
num_leaves=16
num_cat=0
split_feature=15 22 22 11 11 8 13 8 21 19 18 22 5 13 21
split_gain=1489.8 509.915 317.723 124.617 109.791 69.6825 50.7032 49.4982 48.1439 35.7598 29.79 26.9086 19.484 9.98011 9.67284
threshold=482.50000000000006 0.56690128432086129 0.89080602986632906 0.33147565027900833 0.47379425364570832 1.0000000180025095e-35 0.64509140092520545 1.0000000180025095e-35 0.080309471516416917 18.431250000000002 43.312500000000007 0.82147700513670652 0.97112537654464559 0.73618828286826277 0.93461343866581614
decision_type=2 2 2 2 2 2 2 2 2 2 2 2 2 2 2
left_child=1 3 9 5 7 -1 -6 -3 -5 14 13 -11 -12 -4 -2
right_child=2 4 10 8 6 -7 -8 -9 -10 11 12 -13 -14 -15 -16
leaf_value=-0.0034680902139291787 0.0019370358330057513 0.00061789671300803157 0.0066899136137078211 0.0014808938631951487 0.0008523681436678949 -0.0058615247042809356 0.0033656049049872131 -0.0016699481159409115 -0.0024344114011787769 0.0043348358445174538 0.0075523937530045798 0.0079851479842429629 0.0036536747893140711 0.0071935357717932032 -0.0039511006423088579
leaf_weight=8871 2726 8092 1461 2765 11120 11656 4953 10215 7164 3144 2722 1543 475 4391 83
leaf_count=8871 2726 8092 1461 2765 11120 11656 4953 10215 7164 3144 2722 1543 475 4391 83
internal_value=0.00073758 -0.00267984 0.0141296 -0.00739099 0.0014936 -0.00961538 0.00450911 -0.00115393 -0.00279233 0.00651681 0.020436 0.00919031 0.0165546 0.0225564 0.00205589
internal_weight=81381 64836 16545 30456 34380 20527 16073 18307 9929 7496 9049 4687 3197 5852 2809
internal_count=81381 64836 16545 30456 34380 20527 16073 18307 9929 7496 9049 4687 3197 5852 2809
is_linear=0
shrinkage=0.05


Tree=20
num_leaves=16
num_cat=0
split_feature=15 22 22 9 11 8 3 21 2 5 22 17 18 13 11
split_gain=1416.42 506.45 255.655 127.264 111.718 81.7572 58.1124 46.3082 45.1814 34.1395 31.4329 22.4161 17.4065 11.7188 11.2386
threshold=504.50000000000006 0.59684832315422798 0.90956351215621767 0.3282812617833446 0.46788952564768355 1.0000000180025095e-35 -0.8814490726585632 0.9204554858077536 0.094852996890828503 0.79904096188274243 0.82147700513670652 172.50000000000003 44.812500000000007 0.73618828286826277 0.75905044448415715
decision_type=2 2 2 2 2 2 2 2 2 2 2 2 2 2 2
left_child=1 3 9 5 7 -1 -6 -3 -5 10 -2 -11 13 -4 -14
right_child=2 4 12 8 6 -7 -8 -9 -10 11 -12 -13 14 -15 -16
leaf_value=-0.0031856299607036843 0.0042675126732521912 -0.0010766206985145632 0.0065214794535989051 0.0068998750373418074 7.1915459720311994e-05 -0.0057168461531641795 0.002850720677666463 0.0010204685689778504 -0.0017734122179063395 -0.0065032732765714363 0.0074999970088764079 0.0013913445948389976 0.0061000434387648633 0.0069231140029832553 0.0075399088642791436
leaf_weight=9316 3492 12919 1307 680 4982 10994 11327 4593 11432 89 2385 1154 1205 4180 1057
leaf_count=9316 3492 12919 1307 680 4982 10994 11327 4593 11432 89 2385 1154 1205 4180 1057
internal_value=0.000723691 -0.00240667 0.0146698 -0.00687188 0.00187384 -0.00929099 0.00485162 -0.000899383 -0.00281539 0.00783006 0.00942232 0.000301689 0.0209543 0.0224759 0.0172635
internal_weight=81112 66243 14869 32422 33821 20310 16309 17512 12112 7120 5877 1243 7749 5487 2262
internal_count=81112 66243 14869 32422 33821 20310 16309 17512 12112 7120 5877 1243 7749 5487 2262
is_linear=0
shrinkage=0.05


Tree=21
num_leaves=16
num_cat=0
split_feature=15 16 22 20 11 9 22 1 21 22 12 5 5 11 17
split_gain=1345.67 391.954 391.494 111.32 105.625 83.5355 70.9453 54.5316 54.2928 52.615 28.8878 23.6651 23.1187 20.4053 18.6807
threshold=439.50000000000006 34.050000000000004 0.91256779852044179 3.1543750000000008 0.48875041771763122 0.41842728392996081 0.26880829936081596 61.669053543395812 0.91245792307354623 0.82997987403916851 315.4500000000001 0.79904096188274243 0.83376496542330847 0.75905044448415715 194.50000000000003
decision_type=2 2 2 2 2 2 2 2 2 2 2 2 2 2 2
left_child=1 3 9 5 8 -1 -5 -6 -3 11 13 -2 -11 -4 -12
right_child=2 4 10 6 7 -7 -8 -9 -10 12 14 -13 -14 -15 -16
leaf_value=-0.0040392150075178549 0.0035039595062417994 -0.001438220784990782 0.0036729770886692603 -0.0078281937915183428 0.0066775330216004517 0.00012641748171729751 -0.0039395328659636575 0.000870219454659349 0.00084873992187136651 0.0070828223412771341 0.0064036965411687465 -0.001104691495619642 0.0015236517809153916 0.0061962242638278044 0.0084555340020948718
leaf_weight=12668 5877 19020 1443 3349 1209 4160 2785 14171 4475 2927 5548 1391 671 815 871
leaf_count=12668 5877 19020 1443 3349 1209 4160 2785 14171 4475 2927 5548 1391 671 815 871
internal_value=0.000809167 -0.00280536 0.0122461 -0.00798493 0.000254019 -0.00588305 -0.0137512 0.00347529 -0.00185465 0.00592214 0.0201654 0.00347413 0.0108671 0.0153012 0.0218765
internal_weight=81380 61837 19543 22962 38875 16828 6134 15380 23495 10866 8677 7268 3598 2258 6419
internal_count=81380 61837 19543 22962 38875 16828 6134 15380 23495 10866 8677 7268 3598 2258 6419
is_linear=0
shrinkage=0.05


Tree=22
num_leaves=16
num_cat=0
split_feature=15 22 22 11 8 13 22 11 0 11 12 17 5 22 5
split_gain=1335.81 435.664 262.206 115.799 97.107 95.8175 85.489 52.589 48.5413 31.046 21.21 23.7752 15.7035 14.9213 13.9434
threshold=504.50000000000006 0.56690128432086129 0.90956351215621767 0.2423907855057191 1.0000000180025095e-35 0.63726971580809788 0.85534932525842533 0.48210033091605869 27.768902285068922 0.670875159474421 315.4500000000001 194.50000000000003 0.7090011537757156 0.83959587146926118 0.36648264796514479
decision_type=2 2 2 2 2 2 2 2 2 2 2 2 2 2 2
left_child=1 3 9 4 -1 7 -7 -3 -5 12 14 -12 -2 -11 -4
right_child=2 5 10 8 -6 6 -8 -9 -10 13 11 -13 -14 -15 -16
leaf_value=-0.0030543179794058324 0.0041459750975082338 -0.00078124516974223271 0.006532630940480311 0.0065269446360605226 -0.0061245305161814687 0.0010980764959143796 0.0030508061334126231 0.00076061415306654116 -0.0018359346371474461 0.0055682599256190847 0.0062337571421956341 0.0077156012094082242 -0.00023289157261511262 0.0073463231839110965 0.0042328705531751052
leaf_weight=8838 3100 14274 670 742 8378 5788 4606 11096 12581 1637 5273 945 1075 1360 920
leaf_count=8838 3100 14274 670 742 8378 5788 4606 11096 12581 1637 5273 945 1075 1360 920
internal_value=0.000737239 -0.00230947 0.0142223 -0.00669554 -0.00940404 0.0014358 0.00547912 -0.000220733 -0.0031956 0.00732013 0.0205622 0.02188 0.00453293 0.0112029 0.0154088
internal_weight=81283 66303 14980 30539 17216 35764 10394 25370 13323 7172 7808 6218 4175 2997 1590
internal_count=81283 66303 14980 30539 17216 35764 10394 25370 13323 7172 7808 6218 4175 2997 1590
is_linear=0
shrinkage=0.05


Tree=23
num_leaves=16
num_cat=0
split_feature=15 22 22 11 8 22 2 2 2 11 12 17 6 11 22
split_gain=1252.31 399.23 266.192 98.5208 92.5057 88.4005 105.129 48.0584 44.3814 28.0846 24.397 24.8314 17.439 15.1488 12.6959
threshold=504.50000000000006 0.56690128432086129 0.90956351215621767 0.2423907855057191 1.0000000180025095e-35 0.86257055245193748 0.44483069147258164 0.41946204277685084 0.086452799198872624 0.66586408231529226 315.4500000000001 194.50000000000003 -0.64580103137750788 0.75905044448415715 0.82147700513670652
decision_type=2 2 2 2 2 2 2 2 2 2 2 2 2 2 2
left_child=1 3 9 4 -1 7 -7 -3 -5 12 13 -12 -2 -4 -11
right_child=2 5 10 8 -6 6 -8 -9 -10 14 11 -13 -14 -15 -16
leaf_value=-0.0027585815360439692 0.0042307926919560009 -0.0012713749700063324 0.0040212270255163499 0.0062005974042574968 -0.0057637193175040201 0.00070160700503737463 0.003593323412174082 0.0011426603951574937 -0.0017310824288563774 0.004926843436364986 0.0058700000074079555 0.0074039793103674676 -8.5783073846473778e-05 0.0063911263081187115 0.0068256433414193357
leaf_weight=8917 2710 9804 1001 707 8386 11505 2847 11542 12506 1434 5326 932 1412 584 1566
leaf_count=8917 2710 9804 1001 707 8386 11505 2847 11542 12506 1434 5326 932 1412 584 1566
internal_value=0.000871223 -0.00208113 0.0139342 -0.00628031 -0.00876293 0.00150849 0.00454292 -0.000531716 -0.00302921 0.00693625 0.0202888 0.0216922 0.00425764 0.0147476 0.0106167
internal_weight=81179 66214 14965 30516 17303 35698 14352 21346 13213 7122 7843 6258 4122 1585 3000
internal_count=81179 66214 14965 30516 17303 35698 14352 21346 13213 7122 7843 6258 4122 1585 3000
is_linear=0
shrinkage=0.05


Tree=24
num_leaves=16
num_cat=0
split_feature=15 16 22 22 20 13 22 9 22 22 5 12 17 5 6
split_gain=1214.9 368.41 259.961 112.656 108.443 95.2972 71.1998 67.5177 32.5246 30.9167 25.2893 23.4237 26.6728 15.9013 14.3119
threshold=504.50000000000006 34.050000000000004 0.90956351215621767 0.75404438876174906 3.1543750000000008 0.70432934224668931 0.26880829936081596 0.41842728392996081 0.18585891362968668 0.83959587146926118 0.83376496542330847 315.4500000000001 194.50000000000003 0.36648264796514479 -0.69676771491221523
decision_type=2 2 2 2 2 2 2 2 2 2 2 2 2 2 2
left_child=1 4 9 8 7 -5 -6 -1 -3 14 -11 13 -13 -4 -2
right_child=2 3 11 5 6 -7 -8 -9 -10 10 -12 12 -14 -15 -16
leaf_value=-0.0035554286542958616 0.0040711683298180817 0.0092924356376275496 0.005740508754259719 0.00043311173366595294 -0.0070474786108321117 0.003727658273741369 -0.0033217473333604949 0.00022049297088251596 -0.0009552871530801283 0.0064041080272395192 0.00039461687502311276 0.0056044532454393283 0.0069513335340031018 0.003693068546002948 0.00011399232996526788
leaf_weight=12571 3253 175 646 17112 3413 4329 2716 4156 21997 2052 439 5309 905 930 1392
leaf_count=12571 3253 175 646 17112 3413 4329 2716 4156 21997 2052 439 5309 905 930 1392
internal_value=0.000800111 -0.00209459 0.0136909 0.000600165 -0.00723661 0.00318432 -0.0129263 -0.00515185 -0.00189879 0.00679652 0.0112906 0.0200064 0.0213872 0.0145622 0.00438644
internal_weight=81395 66469 14926 43613 22856 21441 6129 16727 22172 7136 2491 7790 6214 1576 4645
internal_count=81395 66469 14926 43613 22856 21441 6129 16727 22172 7136 2491 7790 6214 1576 4645
is_linear=0
shrinkage=0.05


Tree=25
num_leaves=16
num_cat=0
split_feature=15 16 22 20 22 2 11 22 15 11 16 5 22 5 12
split_gain=1175.91 339.889 257.615 115.687 111.2 103.101 70.1104 49.113 34.4746 27.4474 25.2466 21.2686 14.4161 12.6832 7.21609
threshold=504.50000000000006 26.850000000000005 0.90956351215621767 3.1543750000000008 0.81122088845107421 0.43529160939671979 0.45126560933975535 0.26880829936081596 227.50000000000003 0.670875159474421 788.45000000000016 0.36648264796514479 0.82147700513670652 0.49065764355977465 137.55000000000004
decision_type=2 2 2 2 2 2 2 2 2 2 2 2 2 2 2
left_child=1 3 9 6 8 -6 -1 -5 -3 13 11 -4 -11 -2 -12
right_child=2 4 10 7 5 -7 -8 -9 -10 12 14 -13 -14 -15 -16
leaf_value=-0.0033291007664409179 0.0036692087497295274 -0.0015807529292892544 0.0054701166826838206 -0.0066931468583723234 0.00040181946679418434 0.0031976464343603074 0.00082642252548280619 -0.0037347976204399336 5.6871500946276138e-05 0.0046377367846284967 0.0013378629459543602 0.0043222238450313982 0.0061635842230394478 0.00037439250331964825 0.005426327379203128
leaf_weight=12814 2590 12408 2928 3218 12876 4334 3035 2345 15256 1422 43 1781 1570 1595 3098
leaf_count=12814 2590 12408 2928 3218 12876 4334 3035 2345 15256 1422 43 1781 1570 1595 3098
internal_value=0.000888849 -0.00197402 0.0135173 -0.0071572 0.000499175 0.00365485 -0.00497981 -0.0133606 -0.001464 0.00667061 0.0197771 0.0174612 0.0103275 0.00405615 0.023249
internal_weight=81313 66286 15027 21412 44874 17210 15849 5563 27664 7177 7850 4709 2992 4185 3141
internal_count=81313 66286 15027 21412 44874 17210 15849 5563 27664 7177 7850 4709 2992 4185 3141
is_linear=0
shrinkage=0.05


Tree=26
num_leaves=16
num_cat=0
split_feature=15 22 22 11 8 13 22 9 21 13 5 17 11 19 7
split_gain=1093.63 315.566 246.074 93.0783 98.0014 86.1966 69.3408 46.0926 41.8516 36.4521 31.962 25.7586 21.8018 11.4617 8.74346
threshold=510.50000000000006 0.56690128432086129 0.89080602986632906 0.24655482598776532 1.0000000180025095e-35 0.63726971580809788 0.85534932525842533 0.45065633749696649 0.080309471516416917 0.78450705776158003 0.84313847884979054 194.50000000000003 0.66586408231529226 19.606250000000006 2.6250000000000004
decision_type=2 2 2 2 2 2 2 2 2 2 2 2 2 2 2
left_child=1 3 12 4 -1 7 -7 -3 -5 10 -4 -11 14 -14 -2
right_child=2 5 9 8 -6 6 -8 -9 -10 11 -12 -13 13 -15 -16
leaf_value=-0.0023332678745938752 -8.0582581038599066e-05 -0.00096386266810726266 0.0054551241610251607 0.0011147234201213719 -0.0051140857128891548 0.00099138390385921228 0.0026138249464823017 0.00059409301831886982 -0.0018088009661747673 0.0051376302958264682 0.0021192133732077347 0.0065907113645657048 0.0031138719747010103 0.0059916755104145181 0.0030670613336394648
leaf_weight=8916 1316 12347 2004 3468 8503 5902 4862 13272 9639 4659 869 838 772 1710 2220
leaf_count=8916 1316 12347 2004 3468 8503 5902 4862 13272 9639 4659 869 838 772 1710 2220
internal_value=0.000880414 -0.0018088 0.0133862 -0.00555756 -0.00795252 0.00133648 0.00509104 -0.000241032 -0.00237469 0.0189307 0.0143665 0.0213162 0.00567464 0.00926672 0.00315328
internal_weight=81297 66909 14388 30526 17419 36383 10764 25619 13107 8370 2873 5497 6018 2482 3536
internal_count=81297 66909 14388 30526 17419 36383 10764 25619 13107 8370 2873 5497 6018 2482 3536
is_linear=0
shrinkage=0.05


Tree=27
num_leaves=16
num_cat=0
split_feature=15 16 22 20 22 0 9 22 22 22 16 5 6 15 13
split_gain=1091.42 305.492 234.574 114.684 100.31 86.3944 61.7519 52.4021 32.2269 27.2084 26.9846 25.0258 24.256 10.8358 8.55556
threshold=510.50000000000006 26.850000000000005 0.90956351215621767 3.1543750000000008 0.77871894710103329 281.9347537154095 0.41842728392996081 0.26880829936081596 0.16893310100493922 0.81924015842869291 788.45000000000016 0.69676570133721638 -0.49065906150552346 526.50000000000011 0.22034151767475771
decision_type=2 2 2 2 2 2 2 2 2 2 2 2 2 2 2
left_child=1 3 9 6 8 -6 -1 -5 -3 13 11 -4 -11 -2 -12
right_child=2 4 10 7 5 -7 -8 -9 -10 12 14 -13 -14 -15 -16
leaf_value=-0.0031624583955313147 0.0053847923796346902 0.0093096568436938816 0.0050763744789311315 -0.0062259271317936628 0.00021187537456276301 0.0023593076474599851 0.00051327593918963914 -0.0034576176911091995 -0.00079762526623574498 0.0057724120319899101 0.000375454154007554 0.0038407633134795063 0.0015311292570430431 0.0017357355787779916 0.0048890040243365351
leaf_weight=12070 613 223 3182 3282 12782 7222 3877 2337 25284 2100 40 1345 722 3297 3071
leaf_count=12070 613 223 3182 3282 12782 7222 3877 2337 25284 2100 40 1345 722 3297 3071
internal_value=0.000887387 -0.0017916 0.0133925 -0.00669341 0.00053119 0.00318186 -0.00452907 -0.0128359 -0.00154761 0.00658794 0.0193899 0.0169262 0.0103296 0.00388747 0.0229749
internal_weight=81447 67077 14370 21566 45511 20004 15947 5619 25507 6732 7638 4527 2822 3910 3111
internal_count=81447 67077 14370 21566 45511 20004 15947 5619 25507 6732 7638 4527 2822 3910 3111
is_linear=0
shrinkage=0.05


Tree=28
num_leaves=16
num_cat=0
split_feature=15 16 22 20 11 8 9 6 22 12 11 17 5 11 22
split_gain=1030.55 285.419 243.189 105.779 90.8511 59.9547 59.1428 46.9258 46.8188 35.142 28.6769 27.1899 20.1073 17.597 8.91961
threshold=504.50000000000006 26.850000000000005 0.90956351215621767 3.1543750000000008 0.47379425364570832 1.0000000180025095e-35 0.41842728392996081 0.41985448298472511 0.25465851305898707 368.55000000000001 0.7703058586424899 194.50000000000003 0.7090011537757156 0.75905044448415715 0.68698152082440933
decision_type=2 2 2 2 2 2 2 2 2 2 2 2 2 2 2
left_child=1 3 10 6 5 -3 -1 -6 -5 13 12 -11 -2 -4 -12
right_child=2 4 9 8 7 -7 -8 -9 -10 11 14 -13 -14 -15 -16
leaf_value=-0.0030146408644135536 0.003390959612579614 0.00055188145482617244 0.0025236562480861037 -0.0060505473142800558 0.00067678546968364403 -0.0016083108196267154 0.00050347828685519825 0.0031120686510241638 -0.003259468812664962 0.0047127748136738205 -0.0031317514553111272 0.0058694230266501946 -0.00068040349250425569 0.0044220415609106615 0.0056146052811335201
leaf_weight=11993 3735 10321 1472 3113 15350 15595 3882 3587 2523 4607 111 835 1226 879 2074
leaf_count=11993 3735 10321 1472 3113 15350 15595 3882 3587 2523 4607 111 835 1226 879 2074
internal_value=0.000905563 -0.00176526 0.0127703 -0.00650016 0.00050554 -0.00141804 -0.00441102 0.00313804 -0.0123847 0.0188791 0.00610831 0.021086 0.00400625 0.0137707 0.010881
internal_weight=81303 66364 14939 21511 44853 25916 15875 18937 5636 7793 7146 5442 4961 2351 2185
internal_count=81303 66364 14939 21511 44853 25916 15875 18937 5636 7793 7146 5442 4961 2351 2185
is_linear=0
shrinkage=0.05


Tree=29
num_leaves=16
num_cat=0
split_feature=15 16 22 20 11 22 7 11 1 12 17 19 22 11 20
split_gain=983.475 279.818 226.561 95.9564 89.7918 56.208 51.328 47.1668 42.6864 34.9945 32.6727 24.8779 24.7473 18.9837 6.11754
threshold=510.50000000000006 26.850000000000005 0.90700206256514193 2.9631250000000007 0.47379425364570832 0.26880829936081596 0.37500000000000006 0.45126560933975535 61.669053543395812 368.55000000000001 194.50000000000003 18.431250000000002 0.82147700513670652 0.75905044448415715 2.1456250000000008
decision_type=2 2 2 2 2 2 2 2 2 2 2 2 2 2 2
left_child=1 3 11 7 6 -5 -3 -1 -6 13 -11 14 -13 -4 -2
right_child=2 4 9 5 8 -7 -8 -9 -10 10 -12 12 -14 -15 -16
leaf_value=-0.0027371273713919344 0.0034041482246031625 -0.0034805377249921819 0.0024316266785545937 -0.0057535692082515411 0.0060962790858576426 -0.0029188584222936799 -0.00025140959919745935 0.00064810626541757514 0.00092637395707995953 0.0045398583300105657 0.0056088891432993174 0.0031643947366408187 0.0050404059543461728 0.0045415691749529754 6.6674086130860682e-05
leaf_weight=12430 558 2026 1347 3441 1310 2603 23996 2970 17798 4613 904 2553 1848 852 1640
leaf_count=12430 558 2026 1347 3441 1310 2603 23996 2970 17798 4613 904 2553 1848 852 1640
internal_value=0.000916997 -0.00163953 0.0128065 -0.0063421 0.000594948 -0.011681 -0.00131619 -0.00424675 0.00319761 0.0186236 0.0207495 0.0060047 0.00817428 0.0132901 0.0016606
internal_weight=80889 66574 14315 21444 45130 6044 26022 15400 19108 7716 5517 6599 4401 2199 2198
internal_count=80889 66574 14315 21444 45130 6044 26022 15400 19108 7716 5517 6599 4401 2199 2198
is_linear=0
shrinkage=0.05


Tree=30
num_leaves=16
num_cat=0
split_feature=15 22 22 11 8 13 22 9 21 13 11 22 17 6 6
split_gain=931.81 256.462 234.058 76.288 98.3134 67.762 68.7027 40.7742 40.4096 39.8834 26.3798 25.8444 24.7499 20.9378 10.6224
threshold=510.50000000000006 0.52606720290493003 0.90956351215621767 0.22418022026895809 1.0000000180025095e-35 0.63726971580809788 0.85534932525842533 0.46065737312464977 0.080309471516416917 0.81675748237230905 0.75905044448415715 0.81924015842869291 194.50000000000003 -0.49065906150552346 -0.90161545992537195
decision_type=2 2 2 2 2 2 2 2 2 2 2 2 2 2 2
left_child=1 3 11 4 -1 7 -7 -3 -5 10 -4 14 -11 -13 -2
right_child=2 5 9 8 -6 6 -8 -9 -10 12 -12 13 -14 -15 -16
leaf_value=-0.0019745447199306875 0.0035683172163950617 -0.00093779436483562855 0.0021820343121083554 0.0011048450136976584 -0.0047391267764873681 0.00060493534073515496 0.0022801839516409738 0.00052411165937653055 -0.0018223723182897418 0.0043596956755694192 0.004444251504882874 0.0049420351842494109 0.0055597019477113992 0.0012802600194997517 0.00059620691553124994
leaf_weight=8275 1717 14248 1801 3574 7233 6608 4837 13382 8642 4034 1266 2101 540 730 2242
leaf_count=8275 1717 14248 1801 3574 7233 6608 4837 13382 8642 4034 1266 2101 540 730 2242
internal_value=0.000866675 -0.0016224 0.0123883 -0.00530046 -0.00762832 0.000987204 0.00422237 -0.000352877 -0.00234528 0.0183909 0.0139795 0.00563328 0.0213489 0.00928117 0.00302475
internal_weight=81230 66799 14431 27724 15508 39075 11445 27630 12216 7641 3067 6790 4574 2831 3959
internal_count=81230 66799 14431 27724 15508 39075 11445 27630 12216 7641 3067 6790 4574 2831 3959
is_linear=0
shrinkage=0.05


Tree=31
num_leaves=16
num_cat=0
split_feature=15 16 22 20 22 2 22 11 6 22 18 19 13 20 20
split_gain=897.043 271.013 157.097 94.4476 94.2628 113.303 52.7932 44.3492 37.638 29.4757 26.4871 15.9334 13.9783 12.8067 11.1086
threshold=563.50000000000011 26.850000000000005 0.91256779852044179 3.1543750000000008 0.86257055245193748 0.43837849460821698 0.25465851305898707 0.45126560933975535 -0.44505783185115427 0.81924015842869291 45.437500000000007 14.406250000000002 0.81309132724871891 2.1456250000000008 3.9518750000000007
decision_type=2 2 2 2 2 2 2 2 2 2 2 2 2 2 2
left_child=1 3 9 7 8 -6 -5 -1 -3 13 12 -11 -4 -2 -12
right_child=2 4 10 6 5 -7 -8 -9 -10 11 14 -13 -14 -15 -16
leaf_value=-0.0024266937440329873 0.0075054972001624091 0.00068523057539235377 0.0039786984115375628 -0.0052506932636873062 0.00033973231363065848 0.0024250305025442509 -0.0027660113234825924 0.00070796346605320193 -0.0009271951506200915 -0.0024103845966018779 0.0042468394020308943 0.0050681891055996747 0.0043162706214510908 0.00081851050192900405 -0.00068243969523519305
leaf_weight=12795 517 14235 1417 3025 10852 4924 2502 3082 18990 190 1613 2121 3137 1733 100
leaf_count=12795 517 14235 1417 3025 10852 4924 2502 3082 18990 190 1613 2121 3137 1733 100
internal_value=0.000935273 -0.00112528 0.0143332 -0.00581901 0.000924981 0.00410751 -0.0114483 -0.00385936 -0.000586155 0.00727362 0.019471 0.0112397 0.0214646 0.0032 0.014171
internal_weight=81233 70405 10828 21404 49001 15776 5527 15877 33225 4561 6267 2311 4554 2250 1713
internal_count=81233 70405 10828 21404 49001 15776 5527 15877 33225 4561 6267 2311 4554 2250 1713
is_linear=0
shrinkage=0.05


Tree=32
num_leaves=16
num_cat=0
split_feature=15 22 22 13 11 8 22 15 22 2 6 18 20 13 11
split_gain=872.124 261.242 158.915 91.5979 81.2738 107.121 55.0712 50.8576 35.4368 32.168 24.4269 16.3591 11.9132 9.32913 8.78163
threshold=563.50000000000011 0.67123303296748926 0.93223833136274059 0.72681267389455939 0.22418022026895809 1.0000000180025095e-35 0.90025407143895564 246.50000000000003 0.81924015842869291 0.1207481551595533 -0.49065906150552346 29.062500000000004 1.0556250000000003 0.81309132724871891 0.51951194446407734
decision_type=2 2 2 2 2 2 2 2 2 2 2 2 2 2 2
left_child=1 4 8 7 5 -1 -5 -3 12 -6 -10 13 -2 -4 -13
right_child=2 3 11 6 9 -7 -8 -9 10 -11 -12 14 -14 -15 -16
leaf_value=-0.0014289759621410438 0.010551231514756976 -0.00043291745682220165 0.0035777693933111338 0.0022869192985627896 0.0044237962348858354 -0.0042456736926132698 0.0027353235358894335 0.0011496242687227931 0.0043115760461004985 -0.00092289859449566365 0.0013933989615009358 0.0030643578568237324 0.0012423483017474286 0.0040640195276973158 0.0045669595185713402
leaf_weight=10570 183 12745 920 3661 1198 8552 3254 12653 2736 17897 445 478 2012 2454 1525
leaf_count=10570 183 12745 920 3661 1198 8552 3254 12653 2736 17897 445 478 2012 2454 1525
internal_value=0.000924855 -0.00109741 0.0141891 0.00221196 -0.00389552 -0.00619967 0.00731381 0.000822899 0.00811012 -0.00158811 0.0114822 0.0202669 0.00322323 0.0223918 0.0166875
internal_weight=81283 70530 10753 32313 38217 19122 6915 25398 5376 19095 3181 5377 2195 3374 2003
internal_count=81283 70530 10753 32313 38217 19122 6915 25398 5376 19095 3181 5377 2195 3374 2003
is_linear=0
shrinkage=0.05


Tree=33
num_leaves=16
num_cat=0
split_feature=15 22 22 15 0 11 8 22 22 1 6 13 5 17 17
split_gain=827.518 254.455 160.67 77.9714 81.2057 70.6133 90.2136 58.858 35.5691 32.3485 25.9542 19.3374 15.7903 14.0831 12.0163
threshold=563.50000000000011 0.59684832315422798 0.93223833136274059 262.50000000000006 23.137487441391247 0.22418022026895809 1.0000000180025095e-35 0.86257055245193748 0.81924015842869291 20.754677742411179 -0.49065906150552346 0.81986890606357632 0.81428061195174062 194.50000000000003 338.50000000000006
decision_type=2 2 2 2 2 2 2 2 2 2 2 2 2 2 2
left_child=1 5 8 4 -3 6 -1 -5 14 -7 -10 12 -4 -13 -2
right_child=2 3 11 7 -6 9 -8 -9 10 -11 -12 13 -14 -15 -16
leaf_value=-0.0016004902409612054 0.00093644289246120618 0.010244490083280426 0.0039412942592231106 0.0012548311920244526 -0.00052507231335706124 0.010412493060247698 -0.0041000160534966036 0.001591251085105927 0.00412953522341355 -0.0009871349458697666 -3.198606586989894e-05 0.0038705728514299431 0.0016217147954870087 0.0058794083651666669 0.0059831734541988535
leaf_weight=9310 1946 1235 1260 12375 17000 422 8060 7352 2704 14862 440 3186 570 371 284
leaf_count=9310 1946 1235 1260 12375 17000 422 8060 7352 2704 14862 440 3186 570 371 284
internal_value=0.000923172 -0.00104509 0.0138393 0.00173858 -0.000618316 -0.00428125 -0.00646229 0.00391722 0.00772237 -0.00180254 0.0111482 0.0199415 0.015765 0.0220902 0.00289238
internal_weight=81377 70616 10761 37962 18235 32654 17370 19727 5374 15284 3144 5387 1830 3557 2230
internal_count=81377 70616 10761 37962 18235 32654 17370 19727 5374 15284 3144 5387 1830 3557 2230
is_linear=0
shrinkage=0.05


Tree=34
num_leaves=16
num_cat=0
split_feature=15 15 22 0 22 22 1 11 5 22 5 13 11 17 17
split_gain=797.874 228.417 138.955 117.067 85.105 70.7853 58.5477 58.5054 32.5797 32.1573 20.7142 17.1323 15.2504 14.0527 12.0999
threshold=577.50000000000011 227.50000000000003 0.93223833136274059 45.493771530397865 0.84699059042301206 0.31592674844659024 437.81862552477293 0.46788952564768355 0.8697513045430848 0.81924015842869291 0.83376496542330847 0.81986890606357632 0.77326445263358023 194.50000000000003 338.50000000000006
decision_type=2 2 2 2 2 2 2 2 2 2 2 2 2 2 2
left_child=1 3 9 7 8 -5 -6 -1 -3 14 -11 12 -4 -13 -2
right_child=2 4 11 5 6 -7 -8 -9 -10 10 -12 13 -14 -15 -16
leaf_value=1.771883274457875e-05 0.00073122495107512679 0.0010124917883857886 0.0024135402131822167 -0.0030171388970576781 0.00044227197064945214 -0.00094093208295081008 0.0024837248579995252 0.0061997548935470714 -0.0014655136232694433 0.0039337980578891601 0.00057107511852499688 0.0036973676558246351 0.0044980023699871139 0.0054697821480085788 0.0057661635521041865
leaf_weight=3921 1601 15346 970 14224 4598 22416 4715 1795 4319 2665 382 3074 734 365 229
leaf_count=3921 1601 15346 970 14224 4598 22416 4715 1795 4319 2665 382 3074 734 365 229
internal_value=0.000969836 -0.000885973 0.0141816 -0.00322623 0.00253468 -0.00426447 0.00647214 0.00342897 0.000669972 0.00813512 0.0112816 0.0199154 0.0158157 0.0219468 0.00289617
internal_weight=81354 71334 10020 42356 28978 36640 9313 5716 19665 4877 3047 5143 1704 3439 1830
internal_count=81354 71334 10020 42356 28978 36640 9313 5716 19665 4877 3047 5143 1704 3439 1830
is_linear=0
shrinkage=0.05


Tree=35
num_leaves=16
num_cat=0
split_feature=15 22 22 9 8 13 22 2 22 18 6 18 17 13 9
split_gain=766.254 208.734 147.125 79.0894 82.3068 72.7862 45.2754 42.0701 28.7949 23.5794 19.2489 17.9625 13.8306 13.1779 6.4076
threshold=577.50000000000011 0.72632186182927649 0.93223833136274059 0.32070693245821907 1.0000000180025095e-35 0.72681267389455939 0.90025407143895564 0.38661553158594647 0.81924015842869291 81.062500000000014 -0.49065906150552346 40.937500000000007 338.50000000000006 0.81309132724871891 0.6345834434815476
decision_type=2 2 2 2 2 2 2 2 2 2 2 2 2 2 2
left_child=1 3 8 4 -1 7 -7 -3 12 -5 -10 13 -2 -4 -13
right_child=2 5 11 9 -6 6 -8 -9 10 -11 -12 14 -14 -15 -16
leaf_value=-0.0010112422412846128 0.00064757333315421941 -0.00019900744265777259 0.0033780358812300739 0.0012909001113875997 -0.003164861525106906 0.0019688245364793745 0.0024019418268853791 0.0014676653256037897 0.0037140396722696121 -0.0007952907447342783 -0.00015491670745665931 0.0028187536148268468 0.0061947313293077566 0.0035580830147457889 0.004388654118226018
leaf_weight=11353 1606 12935 1096 4767 12569 2873 3464 8969 2666 14457 357 613 243 2720 716
leaf_count=11353 1606 12935 1096 4767 12569 2873 3464 8969 2666 14457 357 613 243 2720 716
internal_value=0.000963712 -0.000853447 0.0139138 -0.00304084 -0.00495987 0.0024884 0.00720767 0.00112308 0.00768678 -0.00065283 0.010693 0.0198105 0.00277177 0.021554 0.0148044
internal_weight=81404 71387 10017 43146 23922 28241 6337 21904 4872 19224 3023 5145 1849 3816 1329
internal_count=81404 71387 10017 43146 23922 28241 6337 21904 4872 19224 3023 5145 1849 3816 1329
is_linear=0
shrinkage=0.05


Tree=36
num_leaves=16
num_cat=0
split_feature=15 16 22 20 22 0 2 22 13 11 18 20 13 19 12
split_gain=727.852 205.811 134.616 92.1185 73.6042 85.8175 34.8137 33.5673 33.0867 29.6864 20.4642 19.5217 14.0513 7.83719 4.59354
threshold=577.50000000000011 22.450000000000003 0.93873121736646759 3.4581250000000008 0.86257055245193748 349.67348706193633 0.37805475359877089 0.18585891362968668 0.30678753234193296 0.80965784009640429 7.9375000000000009 2.1456250000000008 0.8274919578580725 17.243750000000006 168.15000000000003
decision_type=2 2 2 2 2 2 2 2 2 2 2 2 2 2 2
left_child=1 3 9 8 6 -6 -3 -5 -1 11 14 -2 -12 -11 -4
right_child=2 4 10 7 5 -7 -8 -9 -10 13 12 -13 -14 -15 -16
leaf_value=-0.0029137080334303306 0.0037828206800202021 -0.0012248699942193964 0.0032980948370565145 -0.0048679188387315154 0.00037135973386863701 0.0022101105916996545 0.00034690629334578339 -0.0030751558899566409 -0.0006652671329315657 0.0023312941176600321 0.0033256838815667379 0.0013437654047326942 0.0036019408065042172 0.0041183021973414365 0.0031211392152125875
leaf_weight=6246 1038 11067 41 1807 11843 4267 23392 2819 9796 149 1093 2518 1734 1510 2018
leaf_count=6246 1038 11067 41 1807 11843 4267 23392 2819 9796 149 1093 2518 1734 1510 2018
internal_value=0.000960191 -0.000820852 0.0135209 -0.00502468 0.000897289 0.00368715 -0.000407005 -0.0112408 -0.00323214 0.00793384 0.0194842 0.00535714 0.0167227 0.0134569 0.0232759
internal_weight=81338 71237 10101 20668 50569 16110 34459 4626 16042 5215 4886 3556 2827 1659 2059
internal_count=81338 71237 10101 20668 50569 16110 34459 4626 16042 5215 4886 3556 2827 1659 2059
is_linear=0
shrinkage=0.05


Tree=37
num_leaves=16
num_cat=0
split_feature=15 16 22 20 1 15 22 9 20 18 18 11 13 22 22
split_gain=693.039 202.416 125.317 83.0275 78.9809 85.5082 60.5441 26.3941 25.5588 21.011 17.4845 16.6676 14.9848 8.49804 5.0083
threshold=577.50000000000011 16.550000000000004 0.93223833136274059 2.584375000000001 30.756404504554286 262.50000000000006 0.26880829936081596 0.37802901622471824 2.1456250000000008 7.9375000000000009 55.812500000000007 0.80498184411407059 0.8274919578580725 1.0029399748860188 0.9486081455657206
decision_type=2 2 2 2 2 2 2 2 2 2 2 2 2 2 2
left_child=1 3 8 7 13 -6 -5 -1 10 14 -2 -10 -11 -3 -4
right_child=2 4 9 6 5 -7 -8 -9 11 12 -12 -13 -14 -15 -16
leaf_value=-0.0021046044009011343 0.0036853640034430757 0.0061398701938119339 0.00061284570357296453 -0.0044586308789366941 -0.00058342128492668011 0.0010004363643039639 -0.0017288537544123241 0.00025968426471893182 0.0013095232869464652 0.0031697150577811918 0.003855827494606179 0.0037039539112856904 0.0034586648631500187 0.012829520425598468 0.0029975296235945081
leaf_weight=9774 515 657 66 3375 25745 24764 2441 3669 2364 1233 1032 978 1861 793 1967
leaf_count=9774 515 657 66 3375 25745 24764 2441 3669 2364 1233 1032 978 1861 793 1967
internal_value=0.000914026 -0.000817911 0.0132288 -0.00519627 0.000804962 0.000474668 -0.0101874 -0.0030369 0.00750153 0.0186903 0.0128151 0.00504189 0.0160957 0.0123103 0.022639
internal_weight=81234 71218 10016 19259 51959 50509 5816 13443 4889 5127 1547 3342 3094 1450 2033
internal_count=81234 71218 10016 19259 51959 50509 5816 13443 4889 5127 1547 3342 3094 1450 2033
is_linear=0
shrinkage=0.05


Tree=38
num_leaves=16
num_cat=0
split_feature=15 22 22 13 11 8 22 11 22 7 18 6 13 17 1
split_gain=676.356 179.539 135.357 59.6096 53.4329 77.181 50.7979 37.7774 27.3306 24.4326 20.7286 20.6862 14.1335 10.0515 6.5589
threshold=577.50000000000011 0.59684832315422798 0.93223833136274059 0.79311601628176731 0.22418022026895809 1.0000000180025095e-35 0.90341846901608369 0.43595677809625133 0.81924015842869291 1.8750000000000002 7.9375000000000009 -0.54940789553007929 0.83456588053293457 338.50000000000006 615.05527979037913
decision_type=2 2 2 2 2 2 2 2 2 2 2 2 2 2 2
left_child=1 4 8 7 5 -1 -5 -3 13 -6 14 -10 -12 -2 -4
right_child=2 3 10 6 9 -7 -8 -9 11 -11 12 -13 -14 -15 -16
leaf_value=-0.0011357299898909858 0.00050567282259791348 -0.00041555840158012393 0.0011454755272051864 0.0018239964683818722 0.00037844045102274906 -0.0033723528757907567 0.0029894019464482393 0.00078003793321908548 0.0035305227544431884 -0.001576394658281774 0.0030304884409082192 0.00039967153063128483 0.0034186146532989349 0.0055446235920773137 0.0029537165369174058
leaf_weight=9310 1604 15735 168 3580 6587 8036 2041 17159 2508 8773 1303 567 1789 234 1907
leaf_count=9310 1604 15735 168 3580 6587 8036 2041 17159 2508 8773 1303 567 1789 234 1907
internal_value=0.00092834 -0.000787338 0.0130506 0.00152603 -0.00351159 -0.00541335 0.00628447 0.000712896 0.00710869 -0.00136393 0.0187004 0.00999187 0.0161061 0.00228509 0.0225663
internal_weight=81301 71221 10080 38515 32706 17346 5621 32894 4913 15360 5167 3075 3092 1838 2075
internal_count=81301 71221 10080 38515 32706 17346 5621 32894 4913 15360 5167 3075 3092 1838 2075
is_linear=0
shrinkage=0.05


Tree=39
num_leaves=16
num_cat=0
split_feature=15 16 18 20 13 18 22 9 11 11 13 11 13 22 22
split_gain=634.711 167.661 126.987 75.3959 70.0853 60.254 52.5635 48.8381 31.7912 29.5892 23.441 21.8945 14.0777 9.77922 6.48791
threshold=577.50000000000011 18.350000000000005 43.312500000000007 2.7593750000000008 0.78869704461558154 66.062500000000014 0.25465851305898707 0.50376447874621288 0.27723706781314222 0.81325371173421968 0.84424543189909906 0.8298447074370211 0.84108598258357381 0.91256779852044179 0.91256779852044179
decision_type=2 2 2 2 2 2 2 2 2 2 2 2 2 2 2
left_child=1 3 10 8 7 -6 -5 -3 -1 12 11 -2 -4 -12 -11
right_child=2 4 9 6 5 -7 -8 -9 -10 14 13 -13 -14 -15 -16
leaf_value=-0.0021669581880167182 0.0013824720241281563 -0.00060245642093868519 0.0011816502915998174 -0.0040718455924339944 0.0029205650017609611 0.0011525535106690424 -0.0018010585037155941 0.00065343427565089376 0.0001351506092612781 0.0044891005798651075 0.0017866543165821704 0.0034534118183792181 0.002607321563521614 0.0032193445324039394 0.0037452133396816802
leaf_weight=8787 1412 25423 2605 3104 2366 5140 2526 18298 5291 970 101 662 1074 2457 751
leaf_count=8787 1412 25423 2605 3104 2366 5140 2526 18298 5291 970 101 662 1074 2457 751
internal_value=0.000882767 -0.000782054 0.0126545 -0.00470114 0.000725692 0.00518918 -0.00959147 -4.05983e-05 -0.00274542 0.00744444 0.0187284 0.0147782 0.00491302 0.0219312 0.0128559
internal_weight=80967 70935 10032 19708 51227 7506 5630 43721 14078 5400 4632 2074 3679 2558 1721
internal_count=80967 70935 10032 19708 51227 7506 5630 43721 14078 5400 4632 2074 3679 2558 1721
is_linear=0
shrinkage=0.05


Tree=40
num_leaves=16
num_cat=0
split_feature=15 16 22 20 1 15 21 22 5 5 12 6 18 17 18
split_gain=596.288 164.984 125.741 73.6805 68.6473 70.1294 38.1483 37.3821 42.2003 33.4576 15.6341 11.912 9.34951 7.8108 7.14474
threshold=577.50000000000011 16.550000000000004 0.96252557479398182 3.4581250000000008 30.756404504554286 227.50000000000003 0.30871101314165034 0.81637714676284501 0.84313847884979054 -0.065535378769913874 407.25000000000006 -0.69676771491221523 68.437500000000014 100.50000000000001 42.562500000000007
decision_type=2 2 2 2 2 2 2 2 2 2 2 2 2 2 2
left_child=1 3 7 9 12 -6 -5 11 -9 -1 13 -2 -3 -4 -12
right_child=2 4 10 6 5 -7 -8 8 -10 -11 14 -13 -14 -15 -16
leaf_value=-0.00056328439228631037 0.002200830070930776 0.01008402368079956 2.6563061555906486e-05 -0.0038223053074373306 -0.0006653642031346816 0.00076670938288450488 2.6324226273609364e-05 0.0027250666327112206 -0.00080882609303774007 -0.0027664686087450693 0.003017077607290464 -0.0049407924640107129 0.0073943986096853681 0.0026738916431276907 0.0032209520339231638
leaf_weight=9590 1450 793 90 3466 21860 28744 705 4267 605 5581 2221 351 660 715 422
leaf_count=9590 1450 793 90 3466 21860 28744 705 4267 605 5581 2221 351 660 715 422
internal_value=0.000871565 -0.000738456 0.0122295 -0.00468152 0.000726607 0.000418939 -0.010567 0.00822344 0.0104988 -0.00306341 0.0199826 0.0020683 0.0114418 0.013882 0.0218407
internal_weight=81520 71399 10121 19342 52057 50604 4171 6673 4872 15171 3448 1801 1453 805 2643
internal_count=81520 71399 10121 19342 52057 50604 4171 6673 4872 15171 3448 1801 1453 805 2643
is_linear=0
shrinkage=0.05


Tree=41
num_leaves=16
num_cat=0
split_feature=15 11 22 22 6 20 1 3 11 13 20 11 22 18 18
split_gain=541.101 147.102 122.093 96.3824 74.2393 72.6824 50.2207 85.9 34.5225 20.2441 19.8266 17.0838 11.8131 10.8689 8.6732
threshold=582.50000000000011 0.47379425364570832 0.955060365226584 0.31592674844659024 0.92519182738459482 1.9731250000000002 61.669053543395812 -0.81241147629688981 0.82561808577086626 0.83752914091539399 1.8568750000000003 0.8298447074370211 0.91256779852044179 42.562500000000007 78.062500000000014
decision_type=2 2 2 2 2 2 2 2 2 2 2 2 2 2 2
left_child=1 3 8 5 -5 -1 14 -8 10 11 -2 -4 -10 -11 -3
right_child=2 6 9 4 -6 -7 7 -9 12 13 -12 -13 -14 -15 -16
leaf_value=-0.001340092835460266 0.0028608438351035437 0.0057151699666790129 0.0012554356039976456 -6.9780372011393762e-05 -0.0038373378671203539 -0.0033181865528337158 -0.00080579908881867621 0.0013644755523040287 0.004237461664584447 0.0028662237269259428 0.0010353906056667194 0.0037813093298372461 0.0030663871789609999 0.0027898639346294139 0.004530550988886251
leaf_weight=8581 902 1174 915 29296 2531 5551 5964 17643 1045 2035 3269 527 708 444 693
leaf_count=8581 902 1174 915 29296 2531 5551 5964 17643 1045 2035 3269 527 708 444 693
internal_value=0.000816334 -0.000698207 0.0118055 -0.00238745 -0.00086169 -0.00582366 0.00234945 0.00172512 0.00727549 0.0186496 0.00480101 0.013939 0.0131631 0.0213897 0.0102437
internal_weight=81278 71433 9845 45959 31827 14132 25474 23607 5924 3921 4171 1442 1753 2479 1867
internal_count=81278 71433 9845 45959 31827 14132 25474 23607 5924 3921 4171 1442 1753 2479 1867
is_linear=0
shrinkage=0.05


Tree=42
num_leaves=16
num_cat=0
split_feature=15 22 22 13 17 20 11 22 2 13 16 12 5 22 22
split_gain=506.72 144.033 110.63 62.7661 58.7225 71.3473 36.2677 34.2394 33.7847 26.0995 25.4794 17.6217 14.2999 9.35147 8.40123
threshold=582.50000000000011 0.76000456740168709 0.96252557479398182 0.8274919578580725 91.500000000000014 2.9806250000000007 0.8157019903499424 0.2870468908445819 0.38661553158594647 0.84424543189909906 629.85000000000002 412.05000000000001 0.69676570133721638 0.91256779852044179 0.98672435450526208
decision_type=2 2 2 2 2 2 2 2 2 2 2 2 2 2 2
left_child=1 4 6 8 5 -1 9 -6 -3 -2 -5 12 -4 -8 -13
right_child=2 3 11 10 7 -7 13 -9 -10 -11 -12 14 -14 -15 -16
leaf_value=-0.0011909027996155925 0.00075982608903718833 -5.9367686807648706e-05 0.0037379452750611582 0.0035076481632594415 -0.0027707889906384065 -0.0031789811387406817 0.0037909334327894564 -6.2945533787653335e-05 0.0011100169820858041 0.0020363913728514067 0.0026293281618904735 0.0028132928821825998 0.00067500044609070109 0.002601158518557889 0.0026745337833658845
leaf_weight=15195 3096 12697 338 2100 1819 6092 1072 23066 9815 1326 658 1064 500 956 1488
leaf_count=15195 3096 12697 338 2100 1819 6092 1072 23066 9815 1326 658 1064 500 956 1488
internal_value=0.000810758 -0.000654377 0.0114482 0.00238029 -0.00231526 -0.0042432 0.00760465 -0.000666064 0.00150808 0.00506558 0.00949964 0.0187611 0.0124702 0.013141 0.0208268
internal_weight=81282 71442 9840 25270 46172 21287 6450 24885 22512 4422 2758 3390 838 2028 2552
internal_count=81282 71442 9840 25270 46172 21287 6450 24885 22512 4422 2758 3390 838 2028 2552
is_linear=0
shrinkage=0.05


Tree=43
num_leaves=16
num_cat=0
split_feature=15 11 22 22 20 6 2 3 11 13 13 11 19 17 18
split_gain=484.436 134.87 113.242 85.3419 70.927 67.7682 46.9936 66.9211 33.6337 27.7345 18.5053 14.4847 8.92259 6.39673 6.18896
threshold=582.50000000000011 0.47379425364570832 0.96252557479398182 0.31592674844659024 1.8568750000000003 0.92519182738459482 0.10566818577182599 -0.8814490726585632 0.8157019903499424 0.84424543189909906 0.83752914091539399 0.8298447074370211 17.243750000000006 207.50000000000003 76.812500000000014
decision_type=2 2 2 2 2 2 2 2 2 2 2 2 2 2 2
left_child=1 3 8 4 -1 -5 14 -8 9 -2 11 -4 -10 -12 -3
right_child=2 6 10 5 -6 -7 7 -9 12 -11 13 -13 -14 -15 -16
leaf_value=-0.0011499038730319545 0.00068567146724534962 0.0068681695076872884 0.0014104531012649969 -6.8848955840283837e-05 -0.0029368316402598664 -0.0036330474288867156 -0.00085720951367357356 0.0011479492155409277 0.0012322209651618871 0.0019843958732673416 0.0026059328024704621 0.0034450051481644955 0.0029404413788438003 0.0043741258932671057 0.0052208607534799945
leaf_weight=8375 3104 860 741 29201 5700 2503 4778 19366 160 1297 2145 454 1861 103 517
leaf_count=8375 3104 860 741 29201 5700 2503 4778 19366 160 1297 2145 454 1861 103 517
internal_value=0.000778353 -0.000658485 0.0111632 -0.00228216 -0.0055222 -0.000843742 0.00225403 0.00174163 0.00724073 0.00478868 0.0184795 0.0134519 0.0125804 0.0211521 0.0112382
internal_weight=81165 71300 9865 45779 14075 31704 25521 24144 6422 4401 3443 1195 2021 2248 1377
internal_count=81165 71300 9865 45779 14075 31704 25521 24144 6422 4401 3443 1195 2021 2248 1377
is_linear=0
shrinkage=0.05


Tree=44
num_leaves=16
num_cat=0
split_feature=15 21 22 13 17 18 5 11 5 13 13 17 16 18 22
split_gain=449.759 122.113 104.985 65.5367 62.6821 61.6983 37.4433 33.1902 31.859 22.5116 21.6924 19.6681 16.5724 8.66719 7.84283
threshold=582.50000000000011 0.75510254684526801 0.96252557479398182 0.81986890606357632 91.500000000000014 88.687500000000014 0.98213580174693105 0.83960345806004832 0.88220160189607266 0.83752914091539399 0.84424543189909906 100.50000000000001 623.1500000000002 42.562500000000007 0.91256779852044179
decision_type=2 2 2 2 2 2 2 2 2 2 2 2 2 2 2
left_child=1 4 7 6 5 -1 -3 10 -6 11 -2 -4 -5 -11 -9
right_child=2 3 9 12 8 -7 -8 14 -10 13 -12 -13 -14 -15 -16
leaf_value=-0.00052910391761690635 0.00077954696179913241 0.00063766898720569185 -0.00021857314982811629 0.0033235960346966911 0.00022755955999901603 -0.002548049264870489 -0.00096196966050414727 0.0041080404461229124 -0.001574890039486683 0.0025227884416071048 0.0017091324118034381 0.0025968353492006381 0.0023018517119339278 0.0023273112071383051 0.002780576076868635
leaf_weight=9966 3363 18238 153 1777 21713 11967 2021 955 4948 1868 1461 1047 738 352 717
leaf_count=9966 3363 18238 153 1777 21713 11967 2021 955 4948 1868 1461 1047 738 352 717
internal_value=0.000782442 -0.000603912 0.0107604 0.00241723 -0.0020198 -0.00399968 0.00147219 0.0070274 -0.000391021 0.0178509 0.0049233 0.0123333 0.0100298 0.0208333 0.0130981
internal_weight=81284 71368 9916 22774 48594 21933 20259 6496 26661 3420 4824 1200 2515 2220 1672
internal_count=81284 71368 9916 22774 48594 21933 20259 6496 26661 3420 4824 1200 2515 2220 1672
is_linear=0
shrinkage=0.05


Tree=45
num_leaves=16
num_cat=0
split_feature=15 22 22 21 6 6 6 22 22 6 22 6 13 19 18
split_gain=401.019 112.849 95.0575 83.0822 76.005 57.5064 80.8169 53.8646 38.8128 35.3874 33.0917 29.5572 26.9881 23.7821 9.61653
threshold=582.50000000000011 0.31592674844659024 0.96252557479398182 1.0000000180025095e-35 0.26659387353423869 0.92519182738459482 0.96633974041180493 1.0454491616588848 0.17842796183671719 -0.54219087765047058 0.83617410800114989 -0.43733099657705293 0.84424543189909906 30.606250000000006 42.562500000000007
decision_type=2 2 2 2 2 2 2 2 2 2 2 2 2 2 2
left_child=1 3 9 4 -1 7 -7 -3 -5 10 -2 -11 13 -4 -14
right_child=2 5 12 8 -6 6 -8 -9 -10 11 -12 -13 14 -15 -16
leaf_value=0.0076136505258486949 0.0014263305162771191 0.00018720915893333245 0.0018330252015074601 -0.0036042278156069212 -0.0011341481970778111 -0.0079445839418672594 6.6172492149235715e-05 0.0023397791174879778 -0.0018057078415142454 -0.0014256321391855509 0.0023683415297350852 0.0014031221540751898 0.0024869976949004891 -0.00075871815572266525 0.0024551758479092857
leaf_weight=879 1744 48839 1294 2369 7683 1150 1714 3387 5545 429 3604 718 1740 51 329
leaf_count=879 1744 48839 1294 2369 7683 1150 1714 3387 5545 429 3604 718 1740 51 329
internal_value=0.000763118 -0.000542157 0.0101902 -0.00417274 -0.000759168 0.000543656 -0.00635475 0.000921955 -0.00786581 0.00663972 0.00834892 -0.00132956 0.0169449 0.0114312 0.0205292
internal_weight=81475 71566 9909 16476 8562 55090 2864 52226 7914 6495 5348 1147 3414 1345 2069
internal_count=81475 71566 9909 16476 8562 55090 2864 52226 7914 6495 5348 1147 3414 1345 2069
is_linear=0
shrinkage=0.05


Tree=46
num_leaves=16
num_cat=0
split_feature=15 9 13 8 11 10 6 22 11 22 1 20 19 22 18
split_gain=379.996 107.237 97.6368 78.3411 73.4622 57.7398 47.2823 65.2654 41.379 40.0556 36.1383 15.7668 13.9279 11.9762 11.2229
threshold=582.50000000000011 0.43937471218667395 0.84424543189909906 1.0000000180025095e-35 0.16205649047747453 3.1500000000000004 0.39629089145655322 0.80616246075339437 0.83960345806004832 0.95086663917336323 362.910771409201 1.9731250000000002 28.756250000000005 0.91256779852044179 41.687500000000007
decision_type=2 2 2 2 2 2 2 2 2 2 2 2 2 2 2
left_child=1 3 8 5 -5 -1 10 -8 12 11 -3 -4 -2 -10 -11
right_child=2 6 9 4 -6 -7 7 -9 13 14 -12 -13 -14 -15 -16
leaf_value=-0.00033070516976189544 0.001052090401166514 -0.00050890356327922828 0.0026206871852422543 -0.0032500060953368007 -0.0010919569390367451 0.002988239780308734 0.00037882044718954292 0.0029717204518373234 0.0039746104033612012 0.0022619784592636974 0.0008670673636230142 0.0019528618415508515 -0.00030700581234554549 0.0029714001906904377 0.0020895518853316477
leaf_weight=15757 3902 8928 565 5802 17555 2044 3614 2847 615 2012 14948 1222 340 731 456
leaf_count=15757 3902 8928 565 5802 17555 2044 3614 2847 615 2012 14948 1222 340 731 456
internal_value=0.000646684 -0.000621372 0.00985726 -0.00228388 -0.00418825 0.000214876 0.00163414 0.00542873 0.00551181 0.015564 0.000607304 0.0098629 0.00308817 0.0131501 0.0196921
internal_weight=81338 71495 9843 41158 23357 17801 30337 6461 5588 4255 23876 1787 4242 1346 2468
internal_count=81338 71495 9843 41158 23357 17801 30337 6461 5588 4255 23876 1787 4242 1346 2468
is_linear=0
shrinkage=0.05


Tree=47
num_leaves=16
num_cat=0
split_feature=15 11 13 8 9 10 6 22 0 22 11 17 22 18 15
split_gain=368.002 98.8143 92.6453 59.5977 78.7844 49.857 46.3635 74.4983 52.692 40.2962 35.0646 17.4408 14.6081 13.5064 11.9799
threshold=582.50000000000011 0.47379425364570832 0.84424543189909906 1.0000000180025095e-35 0.30582659250785532 3.1500000000000004 0.21652257995689161 0.90700206256514193 293.75774205842316 0.95086663917336323 0.84590029614191475 109.50000000000001 1.0094957306721377 41.687500000000007 720.50000000000011
decision_type=2 2 2 2 2 2 2 2 2 2 2 2 2 2 2
left_child=1 3 10 5 -5 -1 8 -8 -3 11 12 -4 -2 -11 -12
right_child=2 6 9 4 -6 -7 7 -9 -10 13 14 -13 -14 -15 -16
leaf_value=-0.00026700889970174003 0.00061254357688603212 -0.0007216449561927796 -0.00048183984526402882 -0.0023599259157663422 -0.00040195157575586145 0.0027785811189821211 0.00071686249507567639 0.0029075528517067575 0.0010489845333896408 0.0021596941853121165 0.0026858714077423796 0.0023837756216362471 0.00095036976098137336 0.0020669535458679835 0.0041931478124081654
leaf_weight=15879 4014 6762 44 13207 14846 2023 4585 2462 11779 2028 847 1733 347 454 422
leaf_count=15879 4014 6762 44 13207 14846 2023 4585 2462 11779 2028 847 1733 347 454 422
internal_value=0.000639184 -0.000610472 0.00967995 -0.00199706 -0.00343546 0.000256955 0.00187979 0.00533206 0.000567661 0.0152442 0.00547069 0.00949634 0.00334212 0.0193594 0.0127857
internal_weight=81432 71543 9889 45955 28053 17902 25588 7047 18541 4259 5630 1777 4361 2482 1269
internal_count=81432 71543 9889 45955 28053 17902 25588 7047 18541 4259 5630 1777 4361 2482 1269
is_linear=0
shrinkage=0.05


Tree=48
num_leaves=16
num_cat=0
split_feature=15 22 22 13 17 21 6 5 22 22 17 13 17 22 22
split_gain=325.12 105.79 77.8282 68.3909 43.9193 52.2206 37.1801 31.5387 27.481 26.7029 25.9186 20.3652 16.2878 10.2902 8.91205
threshold=622.50000000000011 0.76000456740168709 0.96252557479398182 0.83082831397007462 91.500000000000014 1.0000000180025095e-35 -0.96234030595689413 0.98213580174693105 0.2870468908445819 0.9281710202781549 118.50000000000001 0.8538647486901485 99.500000000000014 0.89080602986632906 0.98448316466045982
decision_type=2 2 2 2 2 2 2 2 2 2 2 2 2 2 2
left_child=1 4 6 7 5 -1 13 -3 -6 -5 -8 12 -4 -2 -13
right_child=2 3 11 9 8 -7 10 -9 -10 -11 -12 14 -14 -15 -16
leaf_value=-0.00024406693223474608 0.0027553260392904344 0.00051318209803883632 -0.00015969735092645211 0.0025435202468724522 -0.0020977846028401403 -0.0021903324280822807 -0.0004712999680790947 -0.00089596558173761227 5.7023338372430572e-06 0.0024325132552745436 0.0012148212173119012 0.0026791735846609711 0.0019668297647258358 0.0030626283119812359 0.0024652173733460238
leaf_weight=8558 571 21748 149 1658 1810 12644 252 2023 23480 1521 3188 705 1127 811 1085
leaf_count=8558 571 21748 149 1658 1810 12644 252 2023 23480 1521 3188 705 1127 811 1085
internal_value=0.000628919 -0.000407124 0.0102751 0.00208534 -0.00185193 -0.00353033 0.00631481 0.00116423 -0.00044484 0.00897295 0.00353198 0.0165036 0.0116771 0.0132417 0.0199441
internal_weight=81330 73442 7888 26950 46492 21202 4822 23771 25290 3179 3440 3066 1276 1382 1790
internal_count=81330 73442 7888 26950 46492 21202 4822 23771 25290 3179 3440 3066 1276 1382 1790
is_linear=0
shrinkage=0.05


Tree=49
num_leaves=16
num_cat=0
split_feature=15 13 11 7 22 1 3 22 11 11 6 22 22 20 0
split_gain=286.754 89.1534 83.9887 55.6094 53.5637 42.3461 70.8282 38.9242 37.1952 30.249 17.2327 14.3877 11.3197 9.2973 8.12954
threshold=582.50000000000011 0.8538647486901485 0.47379425364570832 0.62500000000000011 0.31592674844659024 71.301127000500159 -0.77259657388510605 0.92574000005323087 0.86753702545146505 0.27313442293328122 -0.95242240592625282 0.91951189572853198 0.98672435450526208 4.7393750000000017 15.959579625721219
decision_type=2 2 2 2 2 2 2 2 2 2 2 2 2 2 2
left_child=2 8 3 9 -5 14 -7 13 10 -1 -2 -10 -9 -3 -4
right_child=1 7 5 4 -6 6 -8 12 11 -11 -12 -13 -14 -15 -16
leaf_value=-0.0034446369655653911 0.0020998558265024059 0.0021316217926598824 0.013151413838661931 -0.0014575511982163822 6.4797510267514125e-05 -0.00075601709337679436 0.0011336876237896143 0.0021428884938599515 0.0035658327835761841 -0.00078965595833813129 0.00026817750966121046 0.0031654411018301079 0.0022113322514832113 -0.0076389149280017112 0.0027368492291343417
leaf_weight=3077 844 1098 482 12375 27871 6594 16755 1607 543 2712 4073 543 1073 41 1664
leaf_count=3077 844 1098 482 12375 27871 6594 16755 1607 543 2712 4073 543 1073 41 1664
internal_value=0.000673616 0.00868459 -0.000426395 -0.00170142 -0.00104234 0.00187586 0.00125808 0.014657 0.00488506 -0.00628347 0.00303539 0.0132597 0.0179478 0.00691396 0.00859739
internal_weight=81352 9822 71530 46035 40246 25495 23349 3819 6003 5789 4917 1086 2680 1139 2146
internal_count=81352 9822 71530 46035 40246 25495 23349 3819 6003 5789 4917 1086 2680 1139 2146
is_linear=0
shrinkage=0.05


Tree=50
num_leaves=16
num_cat=0
split_feature=15 11 22 7 6 3 1 22 11 8 6 11 10 17 15
split_gain=280.211 100.976 62.421 55.1474 50.9479 40.6364 68.5807 53.5617 31.0759 22.6116 22.0153 20.0128 17.8098 6.56135 1.73969
threshold=660.50000000000011 0.47379425364570832 0.96252557479398182 0.37500000000000006 0.92519182738459482 -0.77259657388510605 94.740179374628738 0.81924015842869291 0.82561808577086626 1.0000000180025095e-35 -0.92272482904738262 0.8618910401103127 432.30000000000007 110.50000000000001 664.50000000000011
decision_type=2 2 2 2 2 2 2 2 2 2 2 2 2 2 2
left_child=1 3 8 9 -5 6 -3 -7 10 -1 -2 12 -4 -10 -13
right_child=2 5 11 4 -6 7 -8 -9 13 -11 -12 14 -14 -15 -16
leaf_value=0.0019809786776960603 0.0022590656307478032 0.002489365045704506 0.0018832391417329675 -0.00018130037543653 -0.0023072170401395252 0.00062413104668657821 -0.00087572996661705322 0.0014803981476581463 -0.00041565823265640733 -0.0027809311325800432 -7.3829288634530421e-05 0.0037318258666721896 0.00010766762844806599 0.0024036704819494882 0.0033119637516459688
leaf_weight=417 721 2263 1480 37425 5508 11876 6144 7973 48 3404 1489 48 281 1155 838
leaf_count=417 721 2263 1480 37425 5508 11876 6144 7973 48 3404 1489 48 281 1155 838
internal_value=0.000565561 -0.000269964 0.0109076 -0.00169611 -0.00118382 0.00208982 -0.000823718 0.00332385 0.00643862 -0.00745224 0.00291855 0.0166698 0.013586 0.0129052 0.0227991
internal_weight=81070 75010 6060 46754 42933 28256 8407 19849 3413 3821 2210 2647 1761 1203 886
internal_count=81070 75010 6060 46754 42933 28256 8407 19849 3413 3821 2210 2647 1761 1203 886
is_linear=0
shrinkage=0.05


Tree=51
num_leaves=16
num_cat=0
split_feature=15 22 13 11 2 12 22 13 11 20 19 22 18 2 22
split_gain=260.734 112.731 74.7683 39.6064 35.1101 34.2357 33.9607 30.3177 29.747 24.0552 15.3028 12.3979 9.16773 4.18309 3.68469
threshold=701.50000000000011 0.72632186182927649 0.84108598258357381 0.83960345806004832 0.43529160939671979 183.45000000000002 0.92164174233058282 0.8538647486901485 0.28847425333536558 1.0956250000000003 29.106250000000006 0.98672435450526208 41.687500000000007 0.76207243450542361 0.93223833136274059
decision_type=2 2 2 2 2 2 2 2 2 2 2 2 2 2 2
left_child=1 5 4 7 -3 8 -4 10 -1 -7 -2 -9 14 -14 -5
right_child=3 2 6 12 -6 9 -8 11 -10 -11 -12 -13 13 -15 -16
leaf_value=-0.0016130478210478055 0.0011088555557101311 -0.00010337065679431602 0.0017689253125261651 0.0015869062942154455 0.00094898690655147167 0.0041726585648024896 0.0017997661669815507 0.0015097191413864731 -0.00028807480668382595 -9.3310199712341729e-05 -0.00036408285722738245 0.0019321813223558528 -2.9686484747831756e-05 0.0036628542811046995 0.0028634645282743787
leaf_weight=18843 1251 15697 2121 70 13272 1093 2202 908 12356 11492 137 473 42 598 904
leaf_count=18843 1251 15697 2121 70 13272 1093 2202 908 12356 11492 137 473 42 598 904
internal_value=0.00062332 -5.12481e-05 0.00214166 0.0124857 0.00122631 -0.00171866 0.0082755 0.00885699 -0.00260665 0.000482718 0.00363833 0.0141021 0.0187113 0.0140625 0.0217659
internal_weight=81459 77076 33292 4383 28969 43784 4323 2769 31199 12585 1388 1381 1614 640 974
internal_count=81459 77076 33292 4383 28969 43784 4323 2769 31199 12585 1388 1381 1614 640 974
is_linear=0
shrinkage=0.05


Tree=52
num_leaves=16
num_cat=0
split_feature=15 15 1 5 6 22 11 13 22 22 6 15 22 17 3
split_gain=229.674 103.194 71.0965 55.2977 46.6723 44.9738 40.9182 28.9764 27.2566 26.9854 18.5288 13.8621 6.40392 3.39553 1.36705
threshold=701.50000000000011 262.50000000000006 30.756404504554286 0.8697513045430848 0.04621408538533487 0.83617410800114989 0.8618910401103127 0.85701206406362873 0.99469066677254137 0.31592674844659024 -0.92272482904738262 834.50000000000011 0.96252557479398182 172.50000000000003 -0.41248606129204529
decision_type=2 2 2 2 2 2 2 2 2 2 2 2 2 2 2
left_child=1 2 8 5 -5 -3 7 10 -1 -4 -2 -9 13 -8 -14
right_child=6 3 9 4 -6 -7 12 11 -10 -11 -12 -13 14 -15 -16
leaf_value=0.0021202780170710158 0.002883549203887917 0.0009305712474106054 -0.0014337048102845799 -0.0011993669560652149 0.0008111327073431374 0.0012247632272664956 0.0024818817432595121 0.0010984677720898646 0.010703702967902799 -0.00042828167163781462 0.00011371615748740905 0.0032697455069660543 0.0020750813184205684 0.0040214147348227704 0.0033479622701662799
leaf_weight=2060 370 14403 15038 4130 3027 9173 169 1200 880 28413 1217 341 74 353 626
leaf_count=2060 370 14403 15038 4130 3027 9173 169 1200 880 28413 1217 341 74 353 626
internal_value=0.000580553 -4.99196e-05 -0.00153855 0.00219715 -0.00165223 0.00336571 0.0117586 0.00872762 0.00598639 -0.00204771 0.00398551 0.0136113 0.0195172 0.0153257 0.0226429
internal_weight=81474 77124 46391 30733 7157 23576 4350 3128 2940 43451 1587 1541 1222 522 700
internal_count=81474 77124 46391 30733 7157 23576 4350 3128 2940 43451 1587 1541 1222 522 700
is_linear=0
shrinkage=0.05


Tree=53
num_leaves=16
num_cat=0
split_feature=15 22 13 11 17 17 21 22 13 22 22 6 22 17 15
split_gain=221.395 93.3684 66.2108 41.3411 33.4144 31.5851 44.0671 24.3552 23.0911 20.0725 14.9035 13.8785 6.18353 6.87907 3.98153
threshold=701.50000000000011 0.75404438876174906 0.84108598258357381 0.83960345806004832 124.50000000000001 91.500000000000014 1.0000000180025095e-35 0.9301592074984143 0.85701206406362873 0.26880829936081596 0.98672435450526208 -0.96234030595689413 0.96252557479398182 103.50000000000001 834.50000000000011
decision_type=2 2 2 2 2 2 2 2 2 2 2 2 2 2 2
left_child=1 5 4 8 -3 6 -1 -4 11 -7 -10 -2 14 -14 -5
right_child=3 2 7 12 -6 9 -8 -9 10 -11 -12 -13 13 -15 -16
leaf_value=-6.4508607394947462e-05 0.0033100365845980199 -5.6354042323919498e-05 0.0016458063207015984 0.0022098754523248026 0.0013505939650339084 -0.0020377073991274886 -0.0018913517431085464 0.0016355063737221898 0.0011686453035048784 3.8921238784800366e-05 0.0020606983241285904 0.00021450551717771551 0.00014644205281611202 0.0029738496508037839 0.0030200927767038976
leaf_weight=8539 218 16093 2001 614 10455 1412 12591 2101 896 23705 431 1247 74 817 95
leaf_count=8539 218 16093 2001 614 10455 1412 12591 2101 896 23705 431 1247 74 817 95
internal_value=0.000579722 -4.38899e-05 0.00209625 0.0114982 0.00118276 -0.00146226 -0.00288689 0.00800829 0.00782593 -0.000263766 0.0126036 0.00349829 0.0179063 0.020679 0.0144217
internal_weight=81289 76897 30650 4392 26548 46247 21130 4102 2792 25117 1327 1465 1600 891 709
internal_count=81289 76897 30650 4392 26548 46247 21130 4102 2792 25117 1327 1465 1600 891 709
is_linear=0
shrinkage=0.05


Tree=54
num_leaves=16
num_cat=0
split_feature=15 11 7 22 7 22 15 11 11 19 11 22 13 18 17
split_gain=195.9 87.903 51.607 44.555 42.0555 39.7548 37.2973 32.4518 26.9924 25.4585 23.3036 7.54095 4.96483 2.94622 0.777907
threshold=701.50000000000011 0.49057695664981366 0.62500000000000011 0.31592674844659024 0.87500000000000011 0.72330867534265242 834.50000000000011 0.8298447074370211 0.86753702545146505 28.756250000000005 0.28140163767282411 0.96698013714576991 0.88078644164707043 41.687500000000007 160.50000000000003
decision_type=2 2 2 2 2 2 2 2 2 2 2 2 2 2 2
left_child=1 2 10 -4 7 -6 8 -3 9 -2 -1 -10 13 -8 -14
right_child=6 4 3 -5 5 -7 12 -9 11 -11 -12 -13 14 -15 -16
leaf_value=-0.0029652319035816249 0.00096064823498763778 0.0010301310117083269 -0.0012417382639107718 0.00012386327395738224 -0.00086021207174498133 0.00069138625777711573 0.0025407965093854792 0.0033975411680806549 0.0030112822281165019 -0.00027467285244616168 -0.00068140604570639945 0.00261361954499339 0.003870199916932915 0.0011917232102047648 0.0056819901865535205
leaf_weight=3121 2369 4889 12449 29894 7898 14439 175 1310 471 411 2860 369 416 59 83
leaf_count=3121 2369 4889 12449 29894 7898 14439 175 1310 471 411 2860 369 416 59 83
internal_value=0.000575955 -8.45693e-06 -0.00130784 -0.000693739 0.00219197 0.00118078 0.0108948 0.00583562 0.00881215 0.00643885 -0.00565541 0.0166667 0.0211801 0.0151709 0.023998
internal_weight=81213 76860 48324 42343 28536 22337 4353 6199 3620 2780 5981 840 733 234 499
internal_count=81213 76860 48324 42343 28536 22337 4353 6199 3620 2780 5981 840 733 234 499
is_linear=0
shrinkage=0.05


Tree=55
num_leaves=16
num_cat=0
split_feature=15 22 13 5 11 22 13 18 15 15 19 22 13 1 11
split_gain=175.544 80.3042 77.9349 34.7759 33.0642 32.6489 27.8978 22.1248 21.7061 20.5199 14.788 6.7498 6.28335 3.37346 2.80298
threshold=720.50000000000011 0.76000456740168709 0.85701206406362873 0.97508442350096236 0.86753702545146505 0.9301592074984143 0.26416899311004521 51.312500000000007 834.50000000000011 87.500000000000014 28.756250000000005 0.96698013714576991 0.88078644164707043 784.6685072191201 0.89002018486716827
decision_type=2 2 2 2 2 2 2 2 2 2 2 2 2 2 2
left_child=1 6 3 -3 8 -4 9 -8 10 -1 -2 13 -10 -6 -13
right_child=4 2 5 -5 11 -7 7 -9 12 -11 -12 14 -14 -15 -16
leaf_value=-0.0021925734757234083 0.00091342990888790276 0.00046197231294419221 0.0016323440004428369 -0.00068732931796773871 0.00014682517664970919 0.0019341295803199045 0.001186413064763356 -0.00044467646920353239 0.0012936561268074576 -0.0004733814635783859 -0.00016716305777789988 0.001091024120287648 0.0028269154710112987 0.0034165420938580384 0.0038961616946015577
leaf_weight=6664 1898 24210 1648 3037 50 1771 5175 28740 161 6226 324 88 273 391 495
leaf_count=6664 1898 24210 1648 3037 50 1771 5175 28740 161 6226 324 88 273 391 495
internal_value=0.000593646 8.68067e-05 0.00207559 0.0011827 0.0112636 0.00919128 -0.00121622 -0.000463659 0.00832078 -0.00319628 0.00632313 0.0188965 0.0185484 0.014229 0.0224271
internal_weight=81151 77471 30666 27247 3680 3419 46805 33915 2656 12890 2222 1024 434 441 583
internal_count=81151 77471 30666 27247 3680 3419 46805 33915 2656 12890 2222 1024 434 441 583
is_linear=0
shrinkage=0.05


Tree=56
num_leaves=16
num_cat=0
split_feature=15 15 0 5 6 11 22 22 22 13 6 18 22 5 11
split_gain=176.219 79.7824 67.5203 52.4683 44.2119 38.5592 32.2474 27.188 24.1721 23.8507 13.7418 13.2371 5.50289 3.28461 2.91477
threshold=701.50000000000011 265.50000000000006 21.076231027462548 0.8697513045430848 0.04621408538533487 0.86753702545146505 0.97778847783029421 1.0953539084248738 0.9820476454201007 0.85701206406362873 -0.49812626372919411 22.187500000000004 0.96698013714576991 0.12545942051955489 0.89002018486716827
decision_type=2 2 2 2 2 2 2 2 2 2 2 2 2 2 2
left_child=1 2 8 6 -5 9 -3 -4 -1 10 -2 -11 13 -7 -14
right_child=5 3 7 4 -6 12 -8 -9 -10 11 -12 -13 14 -15 -16
leaf_value=0.0026687641551394192 0.0012821175494053317 0.00094412160453695719 -0.00078260302029780216 -0.0012042051045602466 0.00075363526251058803 0.0018240633997190477 0.0014808800478233132 0.0011218071339334779 0.011265187945595084 0.0012414361988925095 -0.00025007082196699119 0.00096507926339141077 0.0010303709262547034 0.0035121760729540266 0.0036185011547809013
leaf_weight=1702 1214 21725 42168 4065 2960 268 1617 2117 717 829 375 774 99 262 529
leaf_count=1702 1214 21725 42168 4065 2960 268 1617 2117 717 829 375 774 99 262 529
internal_value=0.000484826 -6.77946e-05 -0.00136498 0.00192726 -0.00186121 0.0102759 0.00306743 -0.0018093 0.00676933 0.00744048 0.00309943 0.0117436 0.0180915 0.0143396 0.021258
internal_weight=81421 77071 46704 30367 7025 4350 23342 44285 2419 3192 1589 1603 1158 530 628
internal_count=81421 77071 46704 30367 7025 4350 23342 44285 2419 3192 1589 1603 1158 530 628
is_linear=0
shrinkage=0.05


Tree=57
num_leaves=16
num_cat=0
split_feature=15 11 7 11 22 6 17 22 13 11 19 22 22 3 11
split_gain=166.656 75.8358 47.3002 42.0201 38.6388 37.4332 59.551 54.5776 25.0922 24.2524 15.1969 13.7363 6.3673 3.4926 3.31636
threshold=701.50000000000011 0.49057695664981366 0.87500000000000011 0.86753702545146505 0.31592674844659024 0.21652257995689161 115.50000000000001 0.90956351215621767 0.85701206406362873 0.28140163767282411 28.756250000000005 0.97495241261619292 0.96698013714576991 -0.3520614488341251 0.89002018486716827
decision_type=2 2 2 2 2 2 2 2 2 2 2 2 2 2 2
left_child=1 2 9 8 -4 6 -3 -7 10 -1 -2 -10 13 -5 -14
right_child=3 5 4 12 -6 7 -8 -9 11 -11 -12 -13 14 -15 -16
leaf_value=-0.0025924760397300589 0.00077148296774205987 -0.00047599550034113647 -0.0011433349776102442 0.00070195919215213518 0.00015283492764048279 0.00076532155558485255 0.0010709044569541749 0.0023257169954798707 0.00085152103486267898 -0.00058870623856555624 -0.00037715040666526649 0.0012019031220599386 0.00089581819665026654 0.0032120839221451039 0.0035097276353356801
leaf_weight=4356 1404 7679 11833 64 28612 4071 14177 2393 909 3748 205 691 95 472 534
leaf_count=4356 1404 7679 11833 64 28612 4071 14177 2393 909 3748 205 691 95 472 534
internal_value=0.000463117 -7.70792e-05 -0.00127655 0.00995656 -0.000577945 0.00197917 0.000990575 0.00532178 0.00700374 -0.00476308 0.00259478 0.0114375 0.0180901 0.0140858 0.0215024
internal_weight=81243 76869 48549 4374 40445 28320 21856 6464 3209 8104 1609 1600 1165 536 629
internal_count=81243 76869 48549 4374 40445 28320 21856 6464 3209 8104 1609 1600 1165 536 629
is_linear=0
shrinkage=0.05


Tree=58
num_leaves=16
num_cat=0
split_feature=15 12 22 13 9 11 5 7 11 22 15 2 22 17 17
split_gain=154.94 66.9571 60.3096 43.0074 38.4119 33.9688 27.1589 23.7193 20.694 19.6938 11.5285 10.9191 10.1704 9.08947 0.44616
threshold=701.50000000000011 172.35000000000002 1.1747275960650838 0.89695353440337888 0.41842728392996081 0.84269951048867664 0.91596454896554913 1.3750000000000002 0.86753702545146505 1.0199771783745757 834.50000000000011 0.078267929288525093 0.9713888976263666 105.50000000000001 165.50000000000003
decision_type=2 2 2 2 2 2 2 2 2 2 2 2 2 2 2
left_child=1 2 4 8 -1 6 -3 -7 9 -2 12 -4 -5 -10 -12
right_child=3 5 11 10 -6 7 -8 -9 13 -11 14 -13 -14 -15 -16
leaf_value=-0.0010498538813674518 0.00041463091999895119 0.00062415537827787424 0.011998800619705402 0.0015807395212382503 9.7335256014491334e-05 0.0027470175961446745 -0.00061206422272992722 0.00094204923923115196 -0.00024378621307033499 0.00064725752825898217 0.0034405523225160052 0.0019257692299745723 0.002009965579812012 0.0024752842765681294 0.0049817933512775973
leaf_weight=29179 2090 19898 400 547 18514 1181 4191 2607 40 251 347 1231 373 602 64
leaf_count=29179 2090 19898 400 547 18514 1181 4191 2607 40 251 347 1231 373 602 64
internal_value=0.000491014 -2.42873e-05 -0.0011313 0.00971256 -0.00145462 0.00193439 0.00124227 0.0063358 0.00637781 0.00419692 0.0171863 0.00832311 0.0140761 0.0143302 0.0241484
internal_weight=81515 77201 49324 4314 47693 27877 24089 3788 2983 2341 1331 1631 920 642 411
internal_count=81515 77201 49324 4314 47693 27877 24089 3788 2983 2341 1331 1631 920 642 411
is_linear=0
shrinkage=0.05


Tree=59
num_leaves=16
num_cat=0
split_feature=15 9 8 11 10 13 6 22 17 19 5 5 5 22 16
split_gain=148.237 61.9577 48.8329 65.8707 51.792 39.7278 36.6934 46.7997 38.063 25.8409 27.0594 19.5267 13.0412 12.1929 5.72952
threshold=701.50000000000011 0.50669096962772453 1.0000000180025095e-35 0.16205649047747453 3.1500000000000004 0.89695353440337888 0.21652257995689161 1.0402426530358724 115.50000000000001 28.350000000000005 0.38243310158943505 -0.63921128368950708 -0.031173458710879235 0.9820476454201007 776.45000000000016
decision_type=2 2 2 2 2 2 2 2 2 2 2 2 2 2 2
left_child=1 2 4 -4 -1 9 8 -8 -3 10 -2 -11 13 -7 -14
right_child=5 6 3 -5 -6 12 7 -9 -10 11 -12 -13 14 -15 -16
leaf_value=-3.3474558828278104e-05 0.002170502760444623 -0.00036461509801667127 -0.0024069927490025624 -0.00054080965147741971 0.0026024218566883198 0.00051941731604116805 0.0010666666947449833 0.0038431231320240899 0.00092151750338003715 -0.0005103191410765817 0.00030982405638287362 0.00054961679339238787 0.0027530786633643725 0.0017229614988739706 0.00293488510010847
leaf_weight=16118 1232 8498 5877 23371 2220 300 5165 1007 14411 207 1278 247 400 128 530
leaf_count=16118 1232 8498 5877 23371 2220 300 5165 1007 14411 207 1278 247 400 128 530
internal_value=0.000476917 -3.09781e-05 -0.00114214 -0.00241042 0.000880685 0.00948635 0.00178725 0.00520901 0.00086538 0.00624157 0.00822709 -0.00473568 0.0165685 0.00934579 0.0198925
internal_weight=80989 76667 47586 29248 18338 4322 29081 6172 22909 2964 2510 454 1358 428 930
internal_count=80989 76667 47586 29248 18338 4322 29081 6172 22909 2964 2510 454 1358 428 930
is_linear=0
shrinkage=0.05


Tree=60
num_leaves=16
num_cat=0
split_feature=15 22 13 17 22 13 6 6 19 6 6 18 22 5 20
split_gain=138.595 67.4889 56.376 33.8679 29.7451 28.9925 25.4633 19.0609 18.1352 32.0839 14.4002 11.9865 11.2657 11.1532 3.81505
threshold=750.50000000000011 0.72632186182927649 0.86379296844321607 140.50000000000003 0.93223833136274059 0.89695353440337888 0.99958851518450398 -0.99938741687870725 23.031250000000004 -0.77243990499604276 0.99999537620422141 10.062500000000002 0.96698013714576991 -0.30983472475487867 1.7531250000000005
decision_type=2 2 2 2 2 2 2 2 2 2 2 2 2 2 2
left_child=1 6 3 -3 -4 8 7 -1 11 -10 -8 -2 13 -7 -14
right_child=5 2 4 -5 -6 12 10 -9 9 -11 -12 -13 14 -15 -16
leaf_value=-0.0034224422298918702 0.0014465285024326481 -5.7332413338764826e-05 0.0012616033011805918 0.0013248982704679585 0.0015628390459852843 -0.00041171743125524021 -0.0047992867058668032 -0.0004249227171667175 0.0011262224052851157 -0.00028028663459192527 0.0013259651256358309 0.002057692777214726 0.0011769185714628539 0.0020533301152828422 0.0031634598906693681
leaf_weight=557 346 19710 1937 11298 1850 52 370 42686 511 312 120 493 41 400 553
leaf_count=557 346 19710 1937 11298 1850 52 370 42686 511 312 120 493 41 400 553
internal_value=0.000473928 9.04136e-05 0.00173373 0.00103038 0.00749274 0.0115953 -0.00121704 -0.00108862 0.00749097 0.0022175 -0.012551 0.0126639 0.0181166 0.0121681 0.0226431
internal_weight=81236 78528 34795 31008 3787 2708 43733 43243 1662 823 490 839 1046 452 594
internal_count=81236 78528 34795 31008 3787 2708 43733 43243 1662 823 490 839 1046 452 594
is_linear=0
shrinkage=0.05


Tree=61
num_leaves=16
num_cat=0
split_feature=13 22 11 22 17 7 21 0 18 15 5 19 22 22 2
split_gain=127.406 105.959 55.6672 33.0822 45.7306 29.4262 22.0909 20.8682 20.3337 18.3385 12.1165 11.835 10.1014 7.63965 3.72242
threshold=0.85701206406362873 0.93223833136274059 0.86753702545146505 1.0454491616588848 100.50000000000001 2.3750000000000004 0.94740775439615788 260.04973745969738 99.937500000000014 834.50000000000011 0.26866988313759588 25.893750000000004 0.26880829936081596 0.9281710202781549 0.82649502802828911
decision_type=2 2 2 2 2 2 2 2 2 2 2 2 2 2 2
left_child=2 8 3 4 -1 13 -5 -7 10 11 -2 -3 -10 -4 -11
right_child=1 9 5 6 -6 7 -8 -9 12 14 -12 -13 -14 -15 -16
leaf_value=-0.00077859906552518179 0.0017896838780579933 0.0014251604094287996 0.0033640589832773849 -0.0035586115475344546 0.00010844100585658823 -0.00081317305380088079 0.0017387181063206053 0.0014812360095078859 -0.0043767655360203916 0.00054815209583688464 -0.0001384605705363695 0.00042884135367745051 -0.00063570914619548175 0.0021997523226266083 0.0028625206556662122
leaf_weight=29296 2766 2360 1429 315 34909 1239 2953 1631 264 58 1501 551 923 605 476
leaf_count=29296 2766 2360 1429 315 34909 1239 2953 1631 264 58 1501 551 923 605 476
internal_value=0.000414021 0.00605967 -0.00028013 -0.000653965 -0.000903746 0.00486338 0.00425337 0.00160279 0.00172351 0.0129245 0.00333372 0.0113621 -0.00406487 0.00946411 0.0214419
internal_weight=81276 8899 72377 67473 64205 4904 3268 2870 5454 3445 4267 2911 1187 2034 534
internal_count=81276 8899 72377 67473 64205 4904 3268 2870 5454 3445 4267 2911 1187 2034 534
is_linear=0
shrinkage=0.05


Tree=62
num_leaves=16
num_cat=0
split_feature=15 11 18 19 0 7 13 19 6 0 18 22 5 22 20
split_gain=117.9 60.9096 46.6357 60.8099 51.954 29.6746 28.1554 17.5408 27.8343 17.3085 11.8463 10.0457 12.8233 6.91744 5.25933
threshold=750.50000000000011 0.86753702545146505 85.937500000000014 2.1562500000000004 27.768902285068922 1.3750000000000002 0.89695353440337888 23.031250000000004 -0.77243990499604276 260.04973745969738 10.937500000000002 0.96698013714576991 -0.30983472475487867 0.92361823781732266 1.7531250000000005
decision_type=2 2 2 2 2 2 2 2 2 2 2 2 2 2 2
left_child=1 2 4 -4 -1 13 7 10 -9 -7 -2 12 -8 -3 -13
right_child=6 5 3 -5 -6 9 11 8 -10 -11 -12 14 -14 -15 -16
leaf_value=0.0061445843998732264 0.0011890725266516966 0.0041539638987852156 -0.0037544652642296341 -0.00046259995647727207 0.00013020199729450456 -0.00031704351758386485 -0.00081316502818163945 0.00089987279675228244 -0.00028387660615816768 0.0013857103449851972 0.0016635531148041227 0.00082734585000692753 0.0018724685439847845 0.0024575297646341199 0.0028765472131003392
leaf_weight=1750 347 982 1549 34409 35287 1410 49 521 315 2685 474 40 399 427 563
leaf_count=1750 347 982 1549 34409 35287 1410 49 521 315 2685 474 40 399 427 563
internal_value=0.00039621 4.23572e-05 -0.000340092 -0.00162273 0.000905176 0.00511446 0.0106536 0.00659324 0.00149522 0.00296093 0.0117844 0.0170552 0.0113839 0.0113733 0.0212687
internal_weight=81207 78499 72995 35958 37037 5504 2708 1657 836 4095 821 1051 448 1409 603
internal_count=81207 78499 72995 35958 37037 5504 2708 1657 836 4095 821 1051 448 1409 603
is_linear=0
shrinkage=0.05


Tree=63
num_leaves=16
num_cat=0
split_feature=13 22 11 6 19 18 15 15 5 7 19 16 6 22 12
split_gain=113.911 95.0535 50.1009 32.5894 43.231 27.3747 25.2484 18.2619 16.8553 16.6695 13.8573 13.7203 12.0769 10.8246 4.33976
threshold=0.86052858263075704 0.93223833136274059 0.86753702545146505 -0.77243990499604276 23.781250000000004 93.812500000000014 398.50000000000006 822.00000000000011 0.26866988313759588 1.1250000000000002 29.106250000000006 3.4500000000000006 0.99748108949426018 0.9591057205142951 590.25000000000011
decision_type=2 2 2 2 2 2 2 2 2 2 2 2 2 2 2
left_child=2 8 3 5 -5 -1 9 10 12 -4 -3 -10 -2 -8 -9
right_child=1 7 6 4 -6 -7 13 14 11 -11 -12 -13 -14 -15 -16
leaf_value=0.0010827437696293712 0.0015087660668568204 0.0012853393296297035 0.0059580909721204641 -0.0003026607722944497 -0.00089347369066499209 -0.00048507061157614941 0.0024636394904567678 0.00061894442733942401 -0.0037104518244141433 -3.2583308857142555e-05 -0.00056112786073967411 -0.0001990853570628115 -0.0088366424126626094 0.0016889234781040708 0.0027755412448354309
leaf_weight=8520 3300 2555 331 50475 2243 6501 1648 130 244 2248 115 1687 63 682 510
leaf_count=8520 3300 2555 331 50475 2243 6501 1648 130 244 2248 115 1687 63 682 510
internal_value=0.000406144 0.00584612 -0.000238135 -0.000591609 -0.00117702 0.00146295 0.00463944 0.0124924 0.00169059 0.0012311 0.0106742 -0.00203263 0.00382843 0.00841202 0.0200781
internal_weight=81252 8604 72648 67739 52718 15021 4909 3310 5294 2579 2670 1931 3363 2330 640
internal_count=81252 8604 72648 67739 52718 15021 4909 3310 5294 2579 2670 1931 3363 2330 640
is_linear=0
shrinkage=0.05


Tree=64
num_leaves=15
num_cat=0
split_feature=15 22 13 6 15 11 11 7 7 22 22 2 6 18
split_gain=102.107 58.0803 51.2936 31.0995 30.1901 23.5084 21.1145 59.3632 31.7749 19.7168 9.87611 7.57002 6.47449 5.04249
threshold=750.50000000000011 0.75404438876174906 0.86379296844321607 -0.78324956448884031 834.50000000000011 0.89343160785122744 0.24655482598776532 1.6250000000000002 1.6250000000000002 0.93223833136274059 0.96698013714576991 0.82649502802828911 -0.99052477729077237 38.687500000000007
decision_type=2 2 2 2 2 2 2 2 2 2 2 2 2 2
left_child=1 6 3 -3 5 10 7 -1 -8 -4 -2 -6 -7 -13
right_child=4 2 9 -5 11 12 8 -9 -10 -11 -12 13 -14 -15
leaf_value=-0.0022197365525270583 2.3495825863406597e-05 0.00098415028789298207 0.001116512396599373 6.7176275537206289e-07 0.00018528526712042749 0.0012902436254204842 0.00091816251821625618 -0.0003163663704014344 -0.0006869325264628745 0.001372263836008364 0.00058766695148968211 0.0028965844394467869 0.0019581730344742699 0.0021532891878281004
leaf_weight=5540 838 7283 1759 21346 73 83 8915 16691 15095 1842 732 515 312 168
leaf_count=5540 838 7283 1759 21346 73 83 8915 16691 15095 1842 732 515 312 168
internal_value=0.000373189 4.30095e-05 0.00167235 0.000964931 0.00989526 0.0066285 -0.00109265 -0.002203 -6.45564e-05 0.00729658 0.00388535 0.0183862 0.0175316 0.020022
internal_weight=81192 78471 32230 28629 2721 1965 46241 22231 24010 3601 1570 756 395 683
internal_count=81192 78471 32230 28629 2721 1965 46241 22231 24010 3601 1570 756 395 683
is_linear=0
shrinkage=0.05


Tree=65
num_leaves=16
num_cat=0
split_feature=15 18 22 19 13 13 0 11 11 5 22 5 22 17 22
split_gain=92.2505 49.0814 60.6588 60.0911 53.4191 37.0141 34.5815 25.6112 20.022 15.0752 13.5533 9.72546 8.47231 4.92796 3.86473
threshold=731.50000000000011 85.937500000000014 0.19486995852259767 2.1562500000000004 0.86379296844321607 0.90965043340625495 45.493771530397865 0.11601095821025094 0.91422826481256447 0.8697513045430848 0.91676932285090895 -0.16799356919963607 0.98448316466045982 194.50000000000003 0.96252557479398182
decision_type=2 2 2 2 2 2 2 2 2 2 2 2 2 2 2
left_child=1 4 7 -4 6 8 -1 -3 9 -2 -6 12 -7 -13 -10
right_child=5 2 3 -5 10 11 -8 -9 14 -11 -12 13 -14 -15 -16
leaf_value=0.0031196864754049983 0.0005877928078704298 -0.0029452711273649499 -0.0035132480480520784 -7.9197688577403735e-05 0.0015335050458303856 -2.7398594703581527e-05 8.0188124710922631e-05 -0.001063641484801975 0.0030038165907849859 -0.00013073017195299464 0.0013765856972592417 0.0027570959107773353 0.0014157823425378275 0.0027869961901646756 0.0035243032769910337
leaf_weight=2527 1772 1512 1504 32715 1835 123 34391 1757 69 398 1675 580 54 155 138
leaf_count=2527 1772 1512 1504 32715 1835 123 34391 1757 69 398 1675 580 54 155 138
internal_value=0.000394372 4.81288e-05 -0.00125507 -0.00063342 0.00125655 0.00859684 0.000696137 -0.00776231 0.00531132 0.00389401 0.007151 0.0171601 0.00663842 0.0196939 0.0201691
internal_weight=81205 77916 37488 34219 40428 3289 36918 3269 2377 2170 3510 912 177 735 207
internal_count=81205 77916 37488 34219 40428 3289 36918 3269 2377 2170 3510 912 177 735 207
is_linear=0
shrinkage=0.05


Tree=66
num_leaves=14
num_cat=0
split_feature=15 11 22 17 15 13 22 7 20 19 18 19 3
split_gain=90.4963 66.6082 43.2307 50.8339 34.105 24.4472 19.8217 14.7821 7.35728 13.8163 5.34321 5.21542 1.38885
threshold=834.50000000000011 0.86753702545146505 1.021961954068239 100.50000000000001 398.50000000000006 0.84108598258357381 0.85835371514692682 1.1250000000000002 1.3043750000000005 27.156250000000004 41.687500000000007 27.156250000000004 0.032701564615071628
decision_type=2 2 2 2 2 2 2 2 2 2 2 2 2
left_child=1 2 3 -1 7 -4 -6 -3 9 -2 12 -12 -10
right_child=8 4 5 -5 6 -7 -8 -9 10 -11 11 -13 -14
leaf_value=-0.00071711845127344633 -0.00031648911342986032 0.0057562867643989879 0.00071983565424483815 0.00019323739876476176 0.0021486703975907963 0.0013943310462349312 0.0015829515269968177 -5.2967563747183256e-05 0.0025681693420700233 0.0013276204831485839 0.00073561656875787427 0.0029082183144186649 0.0026115874695549269
leaf_weight=29779 42 345 4273 39733 1120 842 2173 2404 138 51 98 46 367
leaf_count=29779 42 345 4273 39733 1120 842 2173 2404 138 51 98 46 367
internal_value=0.000340556 0.000180677 -0.000228135 -0.000554581 0.00523006 0.00420821 0.00866231 0.00111859 0.0177224 0.00456989 0.0196071 0.0111111 0.0220297
internal_weight=81411 80669 74627 69512 6042 5115 3293 2749 742 93 649 144 505
internal_count=81411 80669 74627 69512 6042 5115 3293 2749 742 93 649 144 505
is_linear=0
shrinkage=0.05


Tree=67
num_leaves=16
num_cat=0
split_feature=15 12 1 5 22 11 22 19 15 22 17 6 6 20 12
split_gain=82.4431 45.5689 52.9603 32.7785 38.2282 31.2082 25.6387 25.537 19.5113 16.7254 13.1895 6.31207 12.8691 3.47844 2.93837
threshold=750.50000000000011 166.35000000000002 30.756404504554286 0.8697513045430848 0.98672435450526208 0.89002018486716827 1.0454491616588848 23.931250000000006 850.50000000000011 0.99469066677254137 103.50000000000001 -0.99052477729077237 -0.99938741687870725 1.6956250000000004 576.45000000000016
decision_type=2 2 2 2 2 2 2 2 2 2 2 2 2 2 2
left_child=1 2 9 4 -3 8 -5 -4 10 -1 -2 12 -7 -13 -10
right_child=5 3 7 6 -6 11 -8 -9 14 -11 -12 13 -14 -15 -16
leaf_value=0.0024884500038477755 -0.00029065463787165681 0.00064415761844993928 -0.00040355583285203446 -0.00037732653201173473 0.0012989889106914594 0.0035891652960186706 0.0026677699341938811 -0.0012763192810187731 0.0016627221699802852 0.0088081037113184272 0.00048511982849692715 0.00056788555095085846 -0.0012949593215383804 0.0026035062606717119 0.0018293799350633522
leaf_weight=2014 101 23231 43627 6073 834 81 145 1742 70 875 1667 46 84 483 185
leaf_count=2014 101 23231 43627 6073 834 81 145 1742 70 875 1667 46 84 483 185
internal_value=0.000371656 7.54383e-05 -0.000878611 0.00159578 0.00243196 0.00893449 -0.0016404 -0.00129659 0.00579585 0.00568536 0.003931 0.0180836 0.00954545 0.0207467 0.0187255
internal_weight=81258 78541 48258 30283 24065 2717 6218 45369 2023 2889 1768 694 165 529 255
internal_count=81258 78541 48258 30283 24065 2717 6218 45369 2023 2889 1768 694 165 529 255
is_linear=0
shrinkage=0.05


Tree=68
num_leaves=16
num_cat=0
split_feature=11 15 15 22 17 21 7 22 22 1 18 19 17 13 16
split_gain=81.0477 41.2231 40.6731 35.3138 52.0107 23.6467 19.2784 13.0144 12.0008 10.2805 7.25113 6.23602 5.86234 5.74325 5.57733
threshold=0.88297676467195652 834.50000000000011 664.50000000000011 1.0402426530358724 100.50000000000001 0.87232276152378019 1.1250000000000002 0.81924015842869291 0.96252557479398182 849.81548386340557 38.687500000000007 22.718750000000004 108.50000000000001 0.92636427219951867 583.80000000000007
decision_type=2 2 2 2 2 2 2 2 2 2 2 2 2 2 2
left_child=1 3 6 4 -1 -5 14 -8 13 11 -11 -3 -10 -4 -2
right_child=2 9 8 5 -6 -7 7 -9 12 10 -12 -13 -14 -15 -16
leaf_value=-0.00065015966954100899 0.0040566187481904719 0.00032750354805279882 0.0010369692085431398 -0.0041860868786337104 0.0001974192940081665 0.0016227417296805575 -0.00086812152543145346 0.00086721774366482209 0.00014636934530684598 0.001777347896956852 0.0012250317177110337 -0.0002371751446242687 0.0023720037030011301 0.0030348549468261657 0.0027771640110498042
leaf_weight=30747 636 69 418 209 40807 3856 1337 1896 84 252 100 53 579 113 149
leaf_count=30747 636 69 418 209 40807 3856 1337 1896 84 252 100 53 579 113 149
internal_value=0.000270894 -0.00014226 0.00630276 -0.000234399 -0.000491936 0.00429889 0.00389497 0.00218837 0.0144054 0.014557 0.018892 0.00204918 0.0188914 0.00880414 0.0109236
internal_weight=81305 76093 5212 75619 71554 4065 4018 3233 1194 474 352 122 663 531 785
internal_count=81305 76093 5212 75619 71554 4065 4018 3233 1194 474 352 122 663 531 785
is_linear=0
shrinkage=0.05


Tree=69
num_leaves=16
num_cat=0
split_feature=11 18 13 22 19 15 0 7 11 22 3 0 11 17 6
split_gain=75.9357 39.3913 51.2256 50.7558 56.9375 37.5208 30.7865 23.3023 23.1893 15.9129 13.1985 11.4482 11.0206 3.90761 3.09585
threshold=0.86753702545146505 85.937500000000014 0.86379296844321607 0.19486995852259767 2.1562500000000004 664.50000000000011 45.493771530397865 0.87500000000000011 0.11601095821025094 0.97318512561689607 0.032701564615071628 312.31604827664455 0.89002018486716827 156.50000000000003 0.63755505330306683
decision_type=2 2 2 2 2 2 2 2 2 2 2 2 2 2 2
left_child=1 2 6 8 -5 7 -1 14 -3 -4 12 -9 -7 -12 -2
right_child=5 3 9 4 -6 10 -8 11 -10 -11 13 -13 -14 -15 -16
leaf_value=0.0030328736909073272 0.0029102808349199872 -0.0026194864296028597 0.00088190976134537862 -0.0033083007066161659 -9.7388323172195598e-05 -7.3608658688747999e-05 -6.5345018671059132e-08 -0.00021377621215978859 -0.00093927709435235045 0.0010315025535813538 0.0023848809424603049 0.0013482299388305364 0.0011210165097589404 0.0030676012734315141 0.0092051068334486879
leaf_weight=2420 659 1536 2667 1469 31437 192 32278 1797 1713 1412 221 2357 736 300 112
leaf_count=2420 659 1536 2667 1469 31437 192 32278 1797 1713 1412 221 2357 736 300 112
internal_value=0.000369591 -7.6069e-05 0.00103089 -0.00126331 -0.000674649 0.00560872 0.000407804 0.00352792 -0.0072253 0.00633121 0.0126812 0.00204622 0.0091056 0.0190499 0.011511
internal_weight=81306 74932 38777 36155 32906 6374 34698 4925 3249 4079 1449 4154 928 521 771
internal_count=81306 74932 38777 36155 32906 6374 34698 4925 3249 4079 1449 4154 928 521 771
is_linear=0
shrinkage=0.05


Tree=70
num_leaves=16
num_cat=0
split_feature=15 2 17 22 13 19 11 16 17 22 1 18 22 22 20
split_gain=75.5642 38.1278 55.0964 33.7455 31.4789 28.0206 19.8216 17.2009 14.8018 9.73786 9.51132 8.15781 6.23487 4.04731 2.38076
threshold=750.50000000000011 0.078267929288525093 100.50000000000001 0.82997987403916851 0.90965043340625495 23.393750000000004 0.91422826481256447 15.750000000000002 103.50000000000001 0.96698013714576991 858.28592681893656 95.562500000000014 1.0029399748860188 0.96252557479398182 2.6156250000000005
decision_type=2 2 2 2 2 2 2 2 2 2 2 2 2 2 2
left_child=1 7 5 -4 6 -3 8 11 -2 10 -6 -1 -9 -8 -11
right_child=4 2 3 -5 9 -7 13 12 -10 14 -12 -13 -14 -15 -16
leaf_value=0.0043430734077552604 -0.00026408681984283481 -0.00043077120992878127 5.153638091518337e-05 0.00061778518859643148 1.1365443022404166e-05 -0.00098260211530046271 0.0028756317773180277 0.005664828731910973 0.00032790095415696774 0.0021585217475918851 0.0017757775579228586 -0.00063292715482491659 0.010559347702785627 0.0026062579336003783 0.0027506917390517972
leaf_weight=507 113 31840 30096 12641 151 1811 58 541 1553 145 226 585 578 142 321
leaf_count=507 113 31840 30096 12641 151 1811 58 541 1553 145 226 585 578 142 321
internal_value=0.000289024 6.04333e-06 -0.000181311 0.00101025 0.00849945 -0.0016946 0.00487674 0.00647897 0.00309124 0.0165184 0.0105438 0.00201465 0.0108356 0.01975 0.0213519
internal_weight=81308 78599 76388 42737 2709 33651 1866 2211 1666 843 377 1092 1119 200 466
internal_count=81308 78599 76388 42737 2709 33651 1866 2211 1666 843 377 1092 1119 200 466
is_linear=0
shrinkage=0.05


Tree=71
num_leaves=16
num_cat=0
split_feature=11 15 18 22 19 13 10 11 7 22 3 11 10 22 6
split_gain=71.1687 36.4401 35.9422 52.263 49.1529 47.4131 28.0662 21.4373 21.0279 15.0872 13.546 10.6104 10.0051 4.12855 4.03346
threshold=0.86753702545146505 664.50000000000011 85.937500000000014 0.19486995852259767 1.8812500000000003 0.87400016121159074 440.85000000000008 0.12667186044380921 1.1250000000000002 0.93223833136274059 -0.097964660725097089 0.91422826481256447 15.150000000000002 0.95303003741980097 0.63755505330306683
decision_type=2 2 2 2 2 2 2 2 2 2 2 2 2 2 2
left_child=2 8 5 7 -5 6 -1 -4 14 -7 11 -3 -10 -12 -2
right_child=1 10 3 4 -6 9 -8 -9 12 -11 13 -13 -14 -15 -16
leaf_value=0.00019619921694491449 0.0025293432147770497 0.00013093964074514797 -0.0023934703255243345 -0.0035087942406080933 -0.00013666457936965248 0.0010553505573254519 -0.00052038438839556445 -0.00078346847190398849 -0.0080873332036945304 0.0010120554105947394 0.0029288629797087798 0.0014403448355568811 0.00048305056463910924 0.0019950858003852045 0.0072810606047634206
leaf_weight=32785 822 384 1795 1344 31561 1658 2492 1506 84 1888 319 330 3879 443 138
leaf_count=32785 822 384 1795 1344 31561 1658 2492 1506 84 1888 319 330 3879 443 138
internal_value=0.000208773 0.00527035 -0.000222914 -0.00135613 -0.000754445 0.000833913 0.000279927 -0.00735383 0.00320435 0.00634518 0.0121612 0.00721289 0.00159601 0.0167979 0.00984375
internal_weight=81428 6399 75029 36206 32905 38823 35277 3301 4923 3546 1476 714 3963 762 960
internal_count=81428 6399 75029 36206 32905 38823 35277 3301 4923 3546 1476 714 3963 762 960
is_linear=0
shrinkage=0.05


Tree=72
num_leaves=15
num_cat=0
split_feature=15 11 2 17 15 22 5 16 7 18 19 19 12 20
split_gain=58.2123 40.5049 33.2067 40.8135 20.0223 18.8518 16.554 15.2009 8.88113 7.23843 5.10417 4.65215 2.1125 1.72515
threshold=834.50000000000011 0.88297676467195652 0.078267929288525093 100.50000000000001 398.50000000000006 0.85835371514692682 0.76696112484652035 107.80000000000003 0.37500000000000006 38.687500000000007 22.493750000000006 27.156250000000004 590.25000000000011 1.7531250000000005
decision_type=2 2 2 2 2 2 2 2 2 2 2 2 2 2
left_child=1 2 7 -4 8 -6 9 -1 -3 13 12 -11 -8 -2
right_child=6 4 3 -5 5 -7 10 -9 -10 11 -12 -13 -14 -15
leaf_value=0.0028331218544696002 0.00092561390935886061 0.0096491119179178356 -0.00047123838570342359 0.00021860692692075024 0.0011158205537765004 0.0015194620174345419 -0.00010197331444239399 0.010181698995897204 0.00013124121903071163 0.00033828051371029847 -0.00029526925671254924 0.0025035557354095104 0.0001876793823459566 0.0032867368853502946
leaf_weight=1853 88 127 32405 41185 850 1769 40 354 2158 111 40 54 40 380
leaf_count=1853 88 127 32405 41185 850 1769 40 354 2158 111 40 54 40 380
internal_value=0.000272546 0.000143431 -0.000141496 -0.000322734 0.00454731 0.0075315 0.0141102 0.00590168 0.00112691 0.0173381 -0.00291667 0.00833333 0.004375 0.0205128
internal_weight=81454 80701 75797 73590 4904 2619 753 2207 2285 633 120 165 80 468
internal_count=81454 80701 75797 73590 4904 2619 753 2207 2285 633 120 165 80 468
is_linear=0
shrinkage=0.05


Tree=73
num_leaves=14
num_cat=0
split_feature=15 11 6 19 3 0 22 5 12 18 13 19 3
split_gain=55.4115 40.9684 31.9277 57.96 34.4747 20.0265 24.4059 17.4023 10.6567 8.04942 7.71429 3.78292 2.63562
threshold=834.50000000000011 0.88297676467195652 -0.77243990499604276 23.493750000000006 -0.29012925520284066 349.67348706193633 0.85835371514692682 0.76696112484652035 34.650000000000006 38.687500000000007 0.89235651893863843 27.156250000000004 -0.097964660725097089
decision_type=2 2 2 2 2 2 2 2 2 2 2 2 2
left_child=1 2 4 -4 -1 8 -7 9 -3 12 -9 -11 -2
right_child=7 5 3 -5 -6 6 -8 10 -10 11 -12 -13 -14
leaf_value=-0.00029436061706535066 0.0013699583613094981 0.0027355869971877225 -0.00011832426511139416 -0.0007920457127557263 0.0011431438622764966 0.0013127410599964142 0.0015545950583291447 -0.00025362596081353604 -0.00036086746575408337 0.00037219526207553648 0.0001782954132286574 0.0020427375297072115 0.0028075440559886312
leaf_weight=7734 65 444 54429 3000 10368 1249 1815 72 1431 107 54 49 401
leaf_count=7734 65 444 54429 3000 10368 1249 1815 72 1431 107 54 49 401
internal_value=0.000224088 9.81732e-05 -0.000190319 -0.000767469 0.0016407 0.00451002 0.00700065 0.0137701 0.00044 0.0172026 -0.0031746 0.00737179 0.0204936
internal_weight=81218 80470 75531 57429 18102 4939 3064 748 1875 622 126 156 466
internal_count=81218 80470 75531 57429 18102 4939 3064 748 1875 622 126 156 466
is_linear=0
shrinkage=0.05


Tree=74
num_leaves=14
num_cat=0
split_feature=15 9 19 8 11 10 5 21 17 18 1 19 13
split_gain=52.4441 37.3272 43.2046 39.6632 49.6296 42.691 36.6347 27.3843 18.1251 6.91522 5.88328 4.58399 3.05138
threshold=834.50000000000011 0.50669096962772453 27.468750000000004 1.0000000180025095e-35 0.11193744418006889 3.1500000000000004 0.8697513045430848 0.9063884583866314 110.50000000000001 38.687500000000007 846.28105720313295 27.156250000000004 0.92636427219951867
decision_type=2 2 2 2 2 2 2 2 2 2 2 2 2
left_child=1 3 6 5 -5 -1 -3 -4 10 12 -2 -11 -10
right_child=8 2 7 4 -6 -7 -8 -9 9 11 -12 -13 -14
leaf_value=3.9628330709552686e-05 -0.00024094466277285731 0.00086418293051382941 0.00015108575337938746 -0.0025636456551818179 -0.00049911061830219404 0.0022709001186966395 -0.00020328505500579743 -0.00062415080364445217 0.0017260048976324828 0.00028971934205691553 0.00015542316578667228 0.0022762410721536759 0.0029328173954087213
leaf_weight=16302 61 23666 1206 2923 26678 2293 5985 1397 261 117 42 52 213
leaf_count=16302 61 23666 1206 2923 26678 2293 5985 1397 261 117 42 52 213
internal_value=0.000208754 8.63891e-05 0.00140293 -0.000794672 -0.00193152 0.00101506 0.00194513 -0.00477334 0.0134048 0.0165241 -0.00606796 0.00784024 0.0196203
internal_weight=81196 80450 32254 48196 29601 18595 29651 2603 746 643 103 169 474
internal_count=81196 80450 32254 48196 29601 18595 29651 2603 746 643 103 169 474
is_linear=0
shrinkage=0.05


Tree=75
num_leaves=16
num_cat=0
split_feature=11 6 19 9 3 16 17 15 5 7 5 10 19 10 19
split_gain=50.6396 30.7456 46.3796 41.6031 32.781 28.928 27.429 21.8501 16.1468 15.9128 13.4183 11.6921 10.6413 7.9428 6.50754
threshold=0.88297676467195652 -0.77243990499604276 23.493750000000006 0.52596492835607933 0.032701564615071628 1.6500000000000001 139.50000000000003 715.50000000000011 -0.48314718476766422 1.1250000000000002 -0.26866367175705824 15.150000000000002 25.643750000000004 595.05000000000007 27.931250000000002
decision_type=2 2 2 2 2 2 2 2 2 2 2 2 2 2 2
left_child=1 4 3 -3 8 -6 -4 9 -1 13 12 -11 -9 -2 -12
right_child=7 2 6 -5 5 -7 -8 10 -10 11 14 -13 -14 -15 -16
leaf_value=0.0014588263072185415 0.0029084579282295242 -0.00043538696689901795 -0.0008559724845227213 0.0004448946097800222 -0.0030262149045108978 0.0012596677262207508 -0.00014165492805363056 0.00031676364375443633 -0.00042356386721122965 -0.007271472364860432 0.0024555129238124141 0.00055916423945010505 -0.00028782836161493354 -1.5861095279848247e-05 9.0919795113295071e-05
leaf_weight=1213 682 39864 1773 14878 341 8774 1240 107 8105 83 644 3330 43 172 122
leaf_count=1213 682 39864 1773 14878 341 8774 1240 107 8105 83 644 3330 43 172 122
internal_value=0.000219673 -0.00010566 -0.000673102 -0.000340689 0.00167227 0.00380417 -0.00671258 0.00500193 -0.000413179 0.00349777 0.0120087 0.00197041 -0.00166667 0.00960187 0.0146867
internal_weight=81371 76188 57755 54742 18433 9115 3013 5183 9318 4267 916 3413 150 854 766
internal_count=81371 76188 57755 54742 18433 9115 3013 5183 9318 4267 916 3413 150 854 766
is_linear=0
shrinkage=0.05


Tree=76
num_leaves=15
num_cat=0
split_feature=17 22 6 22 5 21 19 16 11 3 12 10 12 21
split_gain=47.1879 66.2267 47.3087 46.1737 36.5593 39.829 29.057 27.3058 26.7538 26.0429 51.8803 35.6295 23.8196 18.6707
threshold=110.50000000000001 0.96252557479398182 0.93769647993491489 1.0271798652121988 0.8697513045430848 0.93668322725916353 2.4312500000000008 739.80000000000007 0.91422826481256447 -0.84874750804349153 40.050000000000004 79.050000000000026 252.45000000000002 0.98045529040063018
decision_type=2 2 2 2 2 2 2 2 2 2 2 2 2 2
left_child=3 4 8 7 6 -6 -2 12 -3 10 -5 -11 -1 -9
right_child=1 2 -4 9 5 -7 -8 13 -10 11 -12 -13 -14 -15
leaf_value=-0.00056535724129299226 -0.003984571239640103 0.0009332350302424131 -0.0087952571120259067 0.0010145751442764751 -0.00064109861463659823 -0.0046604382811227989 0.00059648836918052561 -0.00083477919111927818 0.0026028294044625395 0.00059212297795657731 -0.0022031152533610321 0.0016184258003531405 0.0010561099241492235 -0.00016944714582728949
leaf_weight=32433 489 2719 104 1205 6947 306 29903 483 432 2134 452 1219 1243 1335
leaf_count=32433 489 2719 104 1205 6947 306 29903 483 432 2134 452 1219 1243 1335
internal_value=0.000139428 0.00133741 0.00817972 -0.00107026 0.000745783 -0.00244382 0.00150698 -0.00170451 0.00927483 0.00342315 -0.00170489 0.00595735 -0.00138229 -0.00767327
internal_weight=81404 40900 3255 40504 37645 7253 30392 35494 3151 5010 1657 3353 33676 1818
internal_count=81404 40900 3255 40504 37645 7253 30392 35494 3151 5010 1657 3353 33676 1818
is_linear=0
shrinkage=0.05


Tree=77
num_leaves=16
num_cat=0
split_feature=11 18 19 22 10 7 17 22 21 20 6 11 10 16 9
split_gain=42.3915 29.9602 41.8051 38.5591 33.9468 34.3102 24.4844 28.0784 20.8021 13.0334 12.7986 12.4453 12.2733 8.15605 7.73918
threshold=0.86753702545146505 81.062500000000014 1.8812500000000003 0.25465851305898707 443.25000000000006 2.1250000000000004 109.50000000000001 0.9406657420651664 0.94740775439615788 3.8093750000000006 0.36447543099728863 0.90328327275782938 19.950000000000006 28.050000000000004 0.90809929626511554
decision_type=2 2 2 2 2 2 2 2 2 2 2 2 2 2 2
left_child=1 4 9 -4 5 -1 10 13 -6 -3 14 -9 -12 -8 -2
right_child=6 2 3 -5 8 -7 7 11 -10 -11 12 -13 -14 -15 -16
leaf_value=-0.00013252435539698739 -0.00046875865491297075 -0.0027477394211602186 -0.0012234525274837857 -4.1326653525447514e-05 -0.00013851038015587903 0.00071330087319886471 -0.0063116455303017689 0.0005771708367727197 -0.00054117175599735501 -0.0064458049706074567 -0.004365612439063543 0.0021124362252232134 0.0028139553927005959 0.0015497795941711635 0.00039231609226269008
leaf_weight=13202 1348 1311 5477 32530 1456 19660 45 450 1119 193 112 659 372 3032 293
leaf_count=13202 1348 1311 5477 32530 1456 19660 45 450 1119 193 112 659 372 3032 293
internal_value=0.000211977 -0.000119416 -0.00106616 -0.000742626 0.000936168 0.00136936 0.00414752 0.00636646 -0.00459223 -0.00924202 -0.000223529 0.0131876 0.00692149 0.00390803 -0.0023309
internal_weight=81259 74948 39511 38007 35437 32862 6311 4186 2575 1504 2125 1109 484 3077 1641
internal_count=81259 74948 39511 38007 35437 32862 6311 4186 2575 1504 2125 1109 484 3077 1641
is_linear=0
shrinkage=0.05


Tree=78
num_leaves=16
num_cat=0
split_feature=1 22 22 21 9 11 2 21 19 22 13 15 11 18 20
split_gain=42.0948 34.9589 26.9796 56.2942 41.4827 36.6699 29.0425 26.2632 22.3767 16.782 15.9136 9.66715 5.93535 3.76168 2.16296
threshold=842.29432769727725 0.83617410800114989 0.96698013714576991 0.96049329778957337 0.75184429724344015 0.91422826481256447 0.38062825758633906 0.89681153326855478 21.131250000000005 0.22311696133537165 0.92636427219951867 405.50000000000006 0.91422826481256447 36.312500000000007 2.2443750000000007
decision_type=2 2 2 2 2 2 2 2 2 2 2 2 2 2 2
left_child=2 9 3 6 7 -6 -1 -4 -5 14 12 -11 -3 -12 -2
right_child=1 10 4 8 5 -7 -8 -9 -10 11 13 -13 -14 -15 -16
leaf_value=-0.00056756546122422311 -0.0033125142241405775 0.00093339170647504523 -0.0024005520380017548 -0.00097530609877086172 -0.00036131396950325745 0.0010596290792846685 0.00024436371736701463 0.00078695300396140484 -0.00084879842498636338 0.0028928835500722215 0.0022369513171727529 0.00039358779859751118 0.0029721988579374942 0.0024175224531097772 -0.0036231284637307341
leaf_weight=27984 40 893 786 1383 2574 436 34880 7618 926 860 251 2175 184 254 66
leaf_count=27984 40 893 786 1383 2574 436 34880 7618 926 860 251 2175 184 254 66
internal_value=0.000103308 0.00468452 -0.000179208 -0.000571939 0.00206326 -0.00297342 -0.000290309 0.00386721 -0.0082395 0.00163165 0.0107459 0.00231466 0.00731198 0.0180693 -0.0179245
internal_weight=81310 4723 76587 65173 11414 3010 62864 8404 2309 3141 1582 3035 1077 505 106
internal_count=81310 4723 76587 65173 11414 3010 62864 8404 2309 3141 1582 3035 1077 505 106
is_linear=0
shrinkage=0.05


Tree=79
num_leaves=16
num_cat=0
split_feature=17 22 2 5 21 19 19 6 22 19 6 16 9 17 13
split_gain=41.6436 60.5673 42.688 34.6673 33.9397 33.2978 32.465 28.432 27.1761 23.4527 23.0905 13.5055 8.69106 4.62627 3.08519
threshold=115.50000000000001 0.96252557479398182 0.078267929288525093 0.8697513045430848 0.93668322725916353 2.6687500000000006 23.031250000000004 -0.77243990499604276 1.0309857003039347 2.6687500000000006 -0.70900320270980455 115.25000000000001 0.37802901622471824 30.500000000000004 0.41085103319661331
decision_type=2 2 2 2 2 2 2 2 2 2 2 2 2 2 2
left_child=2 3 11 9 -5 14 8 -8 -4 -2 -7 12 -1 -13 -3
right_child=1 5 6 4 -6 10 7 -9 -10 -11 -12 13 -14 -15 -16
leaf_value=0.00062199761728588549 -0.0035517318700317799 -0.0085128039170909216 -0.00036325263075848158 -0.00066455060519960633 -0.0045681657509178963 0.0019821781252893577 -0.00014214565354786214 -0.00079084425961931104 0.00067407624829799459 0.00062552068367651152 0.00063493630914733263 0.0032421232901138491 0.006830954748460444 0.011714484740479475 -0.0032751700341916434
leaf_weight=1136 481 68 33183 6714 269 927 1646 1533 4047 28660 1579 108 792 227 40
leaf_count=1136 481 68 33183 6714 269 927 1646 1533 4047 28660 1579 108 792 227 40
internal_value=0.000128363 0.00131525 -0.0009491 0.000783413 -0.00238078 0.00866488 -0.00132334 -0.00617332 -0.000909213 0.00154164 0.00983639 0.00573354 0.00412344 0.015 -0.0185185
internal_weight=81410 38738 42672 36124 6983 2614 40409 3179 37230 29141 2506 2263 1928 335 108
internal_count=81410 38738 42672 36124 6983 2614 40409 3179 37230 29141 2506 2263 1928 335 108
is_linear=0
shrinkage=0.05


Tree=80
num_leaves=15
num_cat=0
split_feature=1 18 19 17 19 22 16 22 20 13 16 20 5 22
split_gain=38.8201 31.4572 32.8379 32.0873 34.7544 31.0236 29.4479 22.9751 15.5363 13.7142 11.4555 7.71097 6.53798 6.09859
threshold=842.29432769727725 81.062500000000014 1.8812500000000003 149.50000000000003 23.393750000000004 0.81637714676284501 2.3500000000000001 0.98923773796635583 3.561875000000001 0.92636427219951867 1.0000000180025095e-35 0.94062500000000016 -0.29343379936893921 0.9713888976263666
decision_type=2 2 2 2 2 2 2 2 2 2 2 2 2 2
left_child=1 3 8 4 -1 10 -4 -5 -3 12 -2 -12 -7 -11
right_child=5 2 6 7 -6 9 -8 -9 -10 13 11 -13 -14 -15
leaf_value=0.00017965806636696115 -0.0035079105625184892 -0.0023610931239765407 -0.001472327818057468 0.0011734478490123936 -0.00033660171744039351 -0.00052546305020428343 -7.9553982081029267e-05 0.0035180847641977098 -0.0058438089348149952 0.0015992379637967957 0.0078286180431189241 0.00065210994448523937 0.0015183098902629812 0.0024453860045727527
leaf_weight=25635 57 1332 5052 8416 3623 118 32071 133 213 324 101 2933 1009 221
leaf_count=25635 57 1332 5052 8416 3623 118 32071 133 213 324 101 2933 1009 221
internal_value=0.000181565 -9.12063e-05 -0.00109393 0.000934351 0.000146968 0.0045612 -0.000796676 0.00362908 -0.00823625 0.0100478 0.00159334 0.00201055 0.00689885 0.0165596
internal_weight=81238 76475 38668 37807 29258 4763 37123 8549 1545 1672 3091 3034 1127 545
internal_count=81238 76475 38668 37807 29258 4763 37123 8549 1545 1672 3091 3034 1127 545
is_linear=0
shrinkage=0.05


Tree=81
num_leaves=16
num_cat=0
split_feature=1 22 1 12 22 13 16 22 13 15 11 22 18 5 2
split_gain=30.81 30.9279 28.7621 28.5522 28.0272 21.5048 16.8179 14.4492 13.2025 7.99819 7.29932 5.44958 5.41226 2.80765 1.61355
threshold=842.29432769727725 0.83617410800114989 20.754677742411179 89.250000000000014 1.0402426530358724 0.039047919899800984 15.750000000000002 0.22311696133537165 0.93305714672841977 405.50000000000006 0.91422826481256447 0.97495241261619292 97.812500000000014 -0.54220184589352438 0.86714080230912194
decision_type=2 2 2 2 2 2 2 2 2 2 2 2 2 2 2
left_child=2 7 6 5 -5 -4 12 14 10 -9 -3 -10 -1 -8 -2
right_child=1 8 3 4 -6 -7 13 9 11 -11 -12 -13 -14 -15 -16
leaf_value=0.0047560869776129668 -0.0039430170754475189 0.00072503361072043249 -0.0051768506680425486 8.1468472833923233e-05 0.0012237289561874199 -0.00044587653435458066 0.0063172292272541015 0.0021005926308813928 0.0017300728660499089 8.7453244822562062e-05 0.0027381845222233941 0.0023568286216624325 -0.0016916004960261966 0.010103867445810778 -0.0021601211530069596
leaf_weight=387 49 920 765 43014 778 30249 302 907 283 2202 186 175 405 525 51
leaf_count=387 49 920 765 43014 778 30249 302 907 283 2202 186 175 405 525 51
internal_value=0.000120077 0.00401739 -0.000123324 -0.000266021 0.000556038 -0.00142678 0.00647004 0.00120754 0.00978261 0.00180926 0.0068264 0.0169214 0.00126263 0.0114571 -0.0175
internal_weight=81198 4773 76425 74806 43792 31014 1619 3209 1564 3109 1106 458 792 827 100
internal_count=81198 4773 76425 74806 43792 31014 1619 3209 1564 3109 1106 458 792 827 100
is_linear=0
shrinkage=0.05


Tree=82
num_leaves=15
num_cat=0
split_feature=11 2 13 5 12 19 4 16 3 16 9 22 5 11
split_gain=32.952 25.7464 25.9732 25.3164 24.6337 17.0584 14.4319 11.7607 11.1946 9.05316 6.3452 5.08336 2.68063 0.953252
threshold=0.86753702545146505 0.078267929288525093 0.039047919899800984 0.8697513045430848 632.25000000000011 20.218750000000004 -0.38268343236508956 107.80000000000003 0.29012925520284144 408.75000000000006 0.42238597866662214 0.8500827406574144 -0.90893996196865023 0.89343160785122744
decision_type=2 2 2 2 2 2 2 2 2 2 2 2 2 2
left_child=1 7 5 -4 6 -3 8 10 -2 -8 -1 -6 -9 -13
right_child=4 2 3 -5 11 -7 9 12 -10 -11 -12 13 -14 -15
leaf_value=0.00095084456251016416 0.00061364367352440832 -0.0051678819310721526 3.7733578615357924e-05 -0.00045154350789333443 0.0034679646102035696 0.0099660659530654127 0.00021465975089839386 0.0040577610659377787 0.0018653943133796647 -0.0013624320918407486 0.0066950175945607038 0.0043347653392356968 0.010155447990679934 0.002308164798714857
leaf_weight=1201 4148 716 59144 12716 44 63 753 44 812 365 633 51 290 157
leaf_count=1201 4148 716 59144 12716 44 63 753 44 812 365 633 51 290 157
internal_value=6.68622e-05 -0.000226249 -0.0003865 -0.00028806 0.00353081 -0.00946727 0.00289569 0.00514299 0.00405242 -0.00223614 0.00357143 0.0188492 0.0137725 0.0221154
internal_weight=81137 74807 72639 71860 6330 779 6078 2168 4960 1118 1834 252 334 208
internal_count=81137 74807 72639 71860 6330 779 6078 2168 4960 1118 1834 252 334 208
is_linear=0
shrinkage=0.05


Tree=83
num_leaves=14
num_cat=0
split_feature=11 6 5 6 19 12 13 7 22 12 4 15 20
split_gain=32.5711 22.4138 23.3258 29.1149 24.9999 20.5128 13.8786 12.516 8.57343 6.52659 3.75778 3.11122 1.10749
threshold=0.88297676467195652 0.99981043035926087 0.96687895796550427 -0.16799793862756093 23.493750000000006 632.25000000000011 0.14097454659235589 0.62500000000000011 0.76000456740168709 33.750000000000007 -0.93540483100319616 708.50000000000011 1.9231250000000004
decision_type=2 2 2 2 2 2 2 2 2 2 2 2 2
left_child=1 2 4 -4 -1 7 -3 10 -9 -8 -2 -7 -13
right_child=5 6 3 -5 -6 11 9 8 -10 -11 -12 12 -14
leaf_value=0.00017282855098422757 0.00089810068490984725 0.0054949582725807473 -0.0027151109331398806 -0.00022404142467112034 -0.00030048193837672323 0.0044040111677024155 -0.0064517626996400323 -0.00076255307445324274 0.00055964526351240937 -0.002911595280699235 0.0025025766491963476 0.0023974678095931346 0.0020861218241082337
leaf_weight=62423 236 48 1204 5322 6769 43 171 1051 3198 142 425 41 148
leaf_count=62423 236 48 1204 5322 6769 43 171 1051 3198 142 425 41 148
internal_value=0.000154824 -0.000105482 -4.62241e-05 -0.00290377 0.000223292 0.00400622 -0.0125346 0.00331976 0.00232408 -0.0163738 0.00972012 0.0185345 0.0212963
internal_weight=81221 76079 75718 6526 69192 5142 361 4910 4249 313 661 232 189
internal_count=81221 76079 75718 6526 69192 5142 361 4910 4249 313 661 232 189
is_linear=0
shrinkage=0.05


Tree=84
num_leaves=16
num_cat=0
split_feature=6 22 19 22 15 19 5 21 16 5 16 13 0 5 17
split_gain=32.0563 38.5915 38.3682 33.7733 30.3372 30.2169 27.5682 24.6445 16.8775 20.4801 18.5018 13.9095 12.4167 12.1327 6.86435
threshold=-0.6523320455745395 0.57120044777500334 23.393750000000004 1.0454491616588848 850.50000000000011 27.468750000000004 -0.8781231054254196 0.94740775439615788 2.8500000000000001 -0.72101013194340913 131.45000000000002 0.38587317368048268 574.06379121679561 -0.89406062840022227 158.50000000000003
decision_type=2 2 2 2 2 2 2 2 2 2 2 2 2 2 2
left_child=1 8 3 6 5 -3 -2 -5 9 -1 -10 12 -4 -13 -6
right_child=2 4 11 7 14 -7 -8 -9 10 -11 -12 13 -14 -15 -16
leaf_value=0.0072391158026412668 0.00048933030796191048 0.00089907796968707876 -0.0022671325417825045 -0.0032411981744122132 0.0019579757818817601 -0.00024113773297505803 -0.00038207767241997537 0.0019338788243657341 0.00044918096226932437 -0.0027213619874248904 -0.0027674615369538969 -3.1955185868975947e-05 0.002204697691729221 -0.00091247277264059354 0.00047807784880180004
leaf_weight=85 12797 16887 177 315 320 2414 37113 3024 4359 1186 1117 279 68 1229 61
leaf_count=85 12797 16887 177 315 320 2414 37113 3024 4359 1186 1117 279 68 1229 61
internal_value=7.95152e-05 0.00151065 -0.00060816 -0.000368552 0.00262931 0.0023535 -0.00069425 0.00449985 -0.00175263 -0.00694335 -0.000547845 -0.00788648 0.00316327 -0.0096817 0.016601
internal_weight=81431 26429 55002 53249 19682 19301 49910 3339 6747 1271 5476 1753 245 1508 381
internal_count=81431 26429 55002 53249 19682 19301 49910 3339 6747 1271 5476 1753 245 1508 381
is_linear=0
shrinkage=0.05


Tree=85
num_leaves=16
num_cat=0
split_feature=0 5 22 1 13 19 19 15 16 6 16 16 5 5 11
split_gain=27.4743 36.9707 40.3821 34.3395 34.462 33.0486 30.6751 26.3383 24.4994 23.7367 14.3281 12.6594 12.1293 10.3093 7.08539
threshold=260.04973745969738 0.8697513045430848 0.97778847783029421 30.756404504554286 0.017875073899448646 19.706250000000008 23.931250000000006 530.50000000000011 757.70000000000016 -0.92272482904738262 860.80000000000007 18.350000000000005 0.30164402523644185 -0.97509794945709805 0.46148838368509154
decision_type=2 2 2 2 2 2 2 2 2 2 2 2 2 2 2
left_child=3 2 8 11 12 7 -6 -3 -2 -4 -7 14 -5 -13 -1
right_child=1 5 9 4 6 10 -8 -9 -10 -11 -12 13 -14 -15 -16
leaf_value=-0.00022835608957126607 0.0004957400271296098 -0.00077579384235306197 0.0020120991101652552 -0.0029333701866159122 -0.00032128586187386843 -0.001441577053148216 -0.0013429040014756894 0.00057139547024637747 -0.00029485487195801132 0.00057535618935856123 3.388668187192523e-05 -0.0028275954393409742 -0.013353197388631688 0.0066591923557488683 0.0050135732687114805
leaf_weight=1243 33346 6842 468 120 29893 748 1226 1859 1538 1920 219 99 291 1260 307
leaf_count=1243 33346 6842 468 120 29893 748 1226 1859 1538 1920 219 99 291 1260 307
internal_value=5.99049e-05 0.000846826 0.00156149 -0.00101266 -0.00149223 -0.00190836 -0.00130226 -0.000933801 0.00113089 0.00785176 -0.0106774 0.00418529 -0.0158759 0.00770787 0.00109677
internal_weight=81379 46940 37272 34439 31530 9668 31119 8701 34884 2388 967 2909 411 1359 1550
internal_count=81379 46940 37272 34439 31530 9668 31119 8701 34884 2388 967 2909 411 1359 1550
is_linear=0
shrinkage=0.05


Tree=86
num_leaves=16
num_cat=0
split_feature=1 19 22 20 21 22 6 13 15 22 5 15 17 5 20
split_gain=26.4518 24.4889 24.983 29.2618 24.1578 22.5252 18.8889 17.634 16.7652 13.2258 9.39008 8.26561 5.33722 4.49557 1.64017
threshold=842.29432769727725 27.468750000000004 0.86257055245193748 1.2206250000000003 0.9063884583866314 0.83617410800114989 0.99981043035926087 0.93305714672841977 201.50000000000003 0.22311696133537165 -0.63921128368950708 405.50000000000006 110.50000000000001 -0.048361574224334618 2.2443750000000007
decision_type=2 2 2 2 2 2 2 2 2 2 2 2 2 2 2
left_child=1 2 6 -4 8 9 -1 12 -3 14 -6 -11 -7 -9 -2
right_child=5 4 3 -5 10 7 -8 13 -10 11 -12 -13 -14 -15 -16
leaf_value=-0.00019799901492608963 -0.0028092158343820117 -0.0044091493791391578 -0.00022690397870820113 0.00046284447209006541 -0.00074458530414059647 -0.0001647480641383481 -0.003359094611655242 0.00015143933460808336 0.00041464266047745447 0.0023658398785151441 -0.00030746961650965913 0.00022802727846421846 0.0011564058340107987 0.0019169562805334856 -0.0031704681642259324
leaf_weight=52819 41 159 6169 14718 662 45 347 56 966 858 709 2196 1061 404 68
leaf_count=52819 41 159 6169 14718 662 45 347 56 966 858 709 2196 1061 404 68
internal_value=8.73545e-05 -0.00013684 2.73453e-05 0.00149256 -0.00500801 0.00371643 -0.000548283 0.00862069 0.000422222 0.00128833 -0.00946389 0.00189915 0.00519892 0.0168478 -0.0158257
internal_weight=81278 76549 74053 20887 2496 4729 53166 1566 1125 3163 1371 3054 1106 460 109
internal_count=81278 76549 74053 20887 2496 4729 53166 1566 1125 3163 1371 3054 1106 460 109
is_linear=0
shrinkage=0.05


Tree=87
num_leaves=16
num_cat=0
split_feature=18 6 19 22 19 19 0 20 16 5 1 21 21 5 5
split_gain=29.7885 45.9181 36.0991 33.1425 29.1395 30.831 26.8356 25.6874 24.4552 24.2676 23.4486 17.3322 14.6653 11.9621 7.52461
threshold=85.937500000000014 -0.96234030595689413 23.393750000000004 0.17842796183671719 2.9312500000000004 9.5437500000000028 288.38543775669797 1.4081250000000003 1.0000000180025095e-35 0.14250626876356556 61.669053543395812 0.21071449948024798 1.0000000180025095e-35 0.95242846126021108 -0.25205528343633254
decision_type=2 2 2 2 2 2 2 2 2 2 2 2 2 2 2
left_child=1 6 10 8 11 -6 14 -4 12 -8 -3 -5 -2 -10 -1
right_child=3 2 7 4 5 -7 9 -9 13 -11 -12 -13 -14 -15 -16
leaf_value=-0.0023019811188901007 -0.00018079001139226225 0.0028470723381027229 -0.0011586129276983132 0.0050637324543643079 0.00097655949896853088 -0.00043224588276923883 0.0011763179394504554 -0.00014066203223932485 0.00034436634670907202 0.0018579771545004647 0.00012181086342926695 -0.0023880471291807038 -0.0023028645624327861 -0.0021047661717594618 -1.9402088815645425e-05
leaf_weight=46 321 3032 944 113 7464 25509 3076 2847 902 666 31719 1902 1370 153 1247
leaf_count=46 321 3032 944 113 7464 25509 3076 2847 902 666 31719 1902 1370 153 1247
internal_value=3.5973e-05 0.000926521 0.000339889 -0.000992474 -0.000577341 -0.000220635 0.00541708 -0.00429306 -0.00628186 0.0075628 0.000845299 -0.00641439 -0.0100089 -0.000308057 -0.00079273
internal_weight=81311 43577 38542 37734 34988 32973 5035 3791 2746 3742 34751 2015 1691 1055 1293
internal_count=81311 43577 38542 37734 34988 32973 5035 3791 2746 3742 34751 2015 1691 1055 1293
is_linear=0
shrinkage=0.05


Tree=88
num_leaves=15
num_cat=0
split_feature=11 6 6 6 3 11 9 6 18 15 20 13 12 16
split_gain=24.8711 21.3984 22.8352 63.4387 16.8065 14.9446 12.6506 13.7189 12.1374 10.9952 9.85426 9.72344 6.4865 4.59935
threshold=0.88297676467195652 0.99981043035926087 0.98486764554468398 0.93769647993491489 1.0000000180025095e-35 0.96034839058008392 0.90809929626511554 0.46611290379786346 99.937500000000014 142.50000000000003 0.44437500000000002 0.14097454659235589 33.750000000000007 491.25000000000006
decision_type=2 2 2 2 2 2 2 2 2 2 2 2 2 2
left_child=1 2 3 -1 6 13 7 -2 -4 -8 -7 -3 -13 -6
right_child=4 11 8 -5 5 10 9 -9 -10 -11 -12 12 -14 -15
leaf_value=1.1443394728828661e-05 -6.5313123902899228e-05 0.0048539582814663227 0.0024883791301714034 -0.00287126355376047 0.0033547940062381601 -0.0096984743134994056 -0.00071229750758063928 0.0036588644008375168 -0.0010370816652593346 0.0013657467730652296 0.0014232600888949287 -0.0058503087570173423 -0.0024515036694362003 0.0016438882688935008
leaf_weight=69824 2901 47 2234 3179 337 44 107 136 420 724 395 169 151 522
leaf_count=69824 2901 47 2234 3179 337 44 107 136 420 724 395 169 151 522
internal_value=7.88274e-05 -0.000149295 -9.08706e-05 -0.000256496 0.00343593 0.00835901 0.00178387 0.000288113 0.00446496 0.0072503 0.000854214 -0.0121935 -0.0153125 0.0121944
internal_weight=81190 76024 75657 73003 5166 1298 3868 3037 2654 831 439 367 320 859
internal_count=81190 76024 75657 73003 5166 1298 3868 3037 2654 831 439 367 320 859
is_linear=0
shrinkage=0.05


Tree=89
num_leaves=16
num_cat=0
split_feature=11 7 10 10 17 6 22 22 13 8 11 0 19 10 6
split_gain=22.2472 43.5006 32.2607 35.1666 30.0245 37.4037 26.2495 25.6137 20.834 19.4443 38.9844 14.3731 13.9915 12.5786 11.5742
threshold=0.4393184273755209 1.1250000000000002 226.20000000000002 63.45000000000001 109.50000000000001 0.097680735332368748 0.96252557479398182 0.74839037964735244 0.41085103319661331 1.0000000180025095e-35 0.089237135209845428 93.040723276128219 -2.0812499999999994 8.8500000000000014 0.9989598388634241
decision_type=2 2 2 2 2 2 2 2 2 2 2 2 2 2 2
left_child=1 9 3 11 5 -4 -6 -5 12 13 -11 -2 -3 -1 -10
right_child=2 8 4 7 6 -7 -8 -9 14 10 -12 -13 -14 -15 -16
leaf_value=4.7507859827981835e-05 0.0031488522974210259 -0.0100348974726577 -0.00049787710580591067 0.00069168530760415627 9.5759292366942589e-05 0.0010877422155588124 0.00063224691655349168 0.001434185305004862 0.00042473380785723049 -0.0049458589520230177 -0.0012919517376716915 -0.00060545208093256146 -0.00042620281515029089 0.0073277675996322013 -0.0043964941405770569
leaf_weight=1494 454 144 5872 4897 13231 1142 1752 6206 18831 551 6797 2875 16852 93 123
leaf_count=1494 454 144 5872 4897 13231 1142 1752 6206 18831 551 6797 2875 16852 93 123
internal_value=9.28499e-05 -0.000652222 0.00101087 0.00284784 -0.000194345 -0.00289421 0.00106955 0.00419932 0.000123783 -0.00377448 -0.00485846 -0.00165966 -0.00114733 0.00124449 0.00126359
internal_weight=81314 44885 36429 14432 21997 7014 14983 11103 35950 8935 7348 3329 16996 1587 18954
internal_count=81314 44885 36429 14432 21997 7014 14983 11103 35950 8935 7348 3329 16996 1587 18954
is_linear=0
shrinkage=0.05


Tree=90
num_leaves=16
num_cat=0
split_feature=11 22 6 5 19 11 10 5 19 10 3 4 20 13 5
split_gain=24.8615 26.798 19.4694 19.6149 35.6424 25.9292 14.3908 10.8843 9.80689 9.23811 8.3961 4.5645 2.94169 2.47959 0.996703
threshold=0.91422826481256447 0.94274434759927639 0.99981043035926087 0.8697513045430848 19.706250000000008 0.31174491286613931 15.150000000000002 0.99053107487289871 7.918750000000002 23.250000000000004 -0.8814490726585632 -0.88144907265856332 2.6481250000000007 0.23398877831150952 0.3504237462291826
decision_type=2 2 2 2 2 2 2 2 2 2 2 2 2 2 2
left_child=2 6 3 5 -5 -1 14 10 -8 11 -3 -4 -9 -11 -2
right_child=1 7 9 4 -6 -7 8 12 -10 13 -12 -13 -14 -15 -16
leaf_value=-0.00029845504474181538 -0.01241515778128292 0.0004144985765581033 -0.0022986407552667678 -0.0002403037626585003 -0.00089921212431859083 0.00032088708351789009 0.0040670077992034596 -0.0010215655058218697 0.00054344657223656114 0.0017834617786980202 0.0017284837540252618 -0.0063094443108649631 0.00050689285368403232 -0.0023703787907826419 -0.0048149237526232992
leaf_weight=29374 44 174 143 12135 1240 34984 217 46 1868 56 615 152 55 42 42
leaf_count=29374 44 174 143 12135 1240 34984 217 46 1868 56 615 152 55 42 42
internal_value=1.44728e-05 0.00443483 -0.000158718 -0.000102595 -0.00184486 0.000259486 0.00143943 0.0117416 0.00226619 -0.0112595 0.0137199 -0.015678 -0.00371287 0.00204082 -0.0186047
internal_weight=81187 3061 78126 77733 13375 64358 2171 890 2085 393 789 295 101 98 86
internal_count=81187 3061 78126 77733 13375 64358 2171 890 2085 393 789 295 101 98 86
is_linear=0
shrinkage=0.05


Tree=91
num_leaves=15
num_cat=0
split_feature=1 19 22 21 22 17 18 5 16 20 5 11 13 19
split_gain=27.4843 26.9801 25.6828 23.9455 23.8684 34.8745 17.093 14.237 12.1603 11.5181 8.78421 5.59912 7.18077 1.22647
threshold=858.28592681893656 27.468750000000004 0.93873121736646759 0.90281753674034149 0.78774594420169064 157.50000000000003 96.187500000000014 0.86113431103781346 1.0000000180025095e-35 3.4893750000000008 -0.63921128368950708 0.91422826481256447 0.95878487829933867 25.431250000000002
decision_type=2 2 2 2 2 2 2 2 2 2 2 2 2 2
left_child=1 4 8 6 7 -6 -3 -1 -2 -10 -5 12 -4 -13
right_child=2 3 11 10 5 -7 -8 -9 9 -11 -12 13 -14 -15
leaf_value=-0.00011062021358717312 -0.0031393179733210444 0.00066472739377964609 0.00053793983507189897 -0.00073254446697254289 2.7374488168724342e-05 0.0013991324938432193 -0.0031104884344646064 -0.0010817227288351273 0.001868854710347262 -0.0003080191069540425 -0.00032171312536611875 0.0025452441928423609 0.0016079909451857306 0.0013005338953071767
leaf_weight=40143 43 620 219 690 20599 6933 510 7387 1764 1172 787 114 138 55
leaf_count=40143 43 620 219 690 20599 6933 510 7387 1764 1172 787 114 138 55
internal_value=2.71023e-05 -0.000168343 0.00435806 -0.00516878 5.32893e-06 0.00117681 0.000309735 -0.000673259 0.00255958 0.00294619 -0.00936019 0.0145437 0.0109944 0.0220414
internal_weight=81174 77669 3505 2607 75062 27532 1130 47530 2979 2936 1477 526 357 169
internal_count=81174 77669 3505 2607 75062 27532 1130 47530 2979 2936 1477 526 357 169
is_linear=0
shrinkage=0.05


Tree=92
num_leaves=16
num_cat=0
split_feature=5 6 22 21 3 12 20 19 11 1 19 22 16 12 13
split_gain=21.6382 28.8174 28.5207 37.5927 31.6599 38.5223 33.9594 23.6133 23.4582 22.0851 16.447 13.2805 7.20559 6.91932 3.27017
threshold=0.96687895796550427 -0.20180761162458913 0.97778847783029421 0.96501661655348248 -0.84874750804349153 36.45000000000001 1.5631250000000005 14.168750000000003 0.85488659115969112 506.85831987117746 21.368750000000006 0.51239523174917245 546.00000000000011 13.650000000000002 0.47867513360971975
decision_type=2 2 2 2 2 2 2 2 2 2 2 2 2 2 2
left_child=2 11 3 8 5 -4 -6 9 -1 -3 -5 14 -13 -9 -2
right_child=1 7 4 10 6 -7 -8 13 -10 -11 -12 12 -14 -15 -16
leaf_value=-5.1687066669843523e-05 -0.0030647054723163462 -0.00072187022181299668 0.00083493004619904503 -0.00051300938048229328 7.545571061706724e-05 -0.0016918945798055337 0.00096731148111792176 0.010271574952919358 0.00091823760508586154 0.001017401336495355 -0.00063623956907025991 -0.00044870248582246368 -0.0065978732887398278 -0.00080175672583311652 -0.0039881327950241898
leaf_weight=58225 220 2060 1091 1452 3004 752 3762 50 4942 1615 1212 294 40 2395 147
leaf_count=58225 220 2060 1091 1452 3004 752 3762 50 4942 1615 1212 294 40 2395 147
internal_value=-5.84536e-06 -0.00270122 0.000241134 -0.000112789 0.0029475 -0.00286218 0.00453 -0.00160131 0.000132585 0.000931973 -0.00593093 -0.0123039 -0.00508982 -0.005409 -0.0188692
internal_weight=81261 6821 74440 65831 8609 1843 6766 6120 63167 3675 2664 701 334 2445 367
internal_count=81261 6821 74440 65831 8609 1843 6766 6120 63167 3675 2664 701 334 2445 367
is_linear=0
shrinkage=0.05


Tree=93
num_leaves=16
num_cat=0
split_feature=6 5 5 5 19 5 16 5 6 16 15 22 10 22 10
split_gain=24.2417 117.606 30.3427 24.2035 27.9753 26.9832 42.7421 39.5924 20.6388 20.5483 20.4934 13.4094 10.6135 10.0482 4.41562
threshold=0.92519182738459482 0.26866988313759588 0.3504237462291826 0.8697513045430848 19.806250000000006 -0.63921128368950708 2.8500000000000001 -0.8781231054254196 0.99981043035926087 870.85000000000014 622.50000000000011 0.97495241261619292 23.250000000000004 0.56359132608277374 43.650000000000006
decision_type=2 2 2 2 2 2 2 2 2 2 2 2 2 2 2
left_child=3 8 14 5 10 7 -7 -1 11 -6 -5 -2 -10 -4 -3
right_child=1 2 13 4 9 6 -8 -9 12 -11 -12 -13 -14 -15 -16
leaf_value=0.00039010116843892498 3.1305845187568073e-07 -0.010563595710317628 -0.0019103070838464604 -0.00040104366350842693 -0.0013152973825846098 -0.0011004011576695298 0.00065901315981701245 -0.00057953290702073554 -0.0048079854075251923 0.00016283231518141039 0.00063462057498063224 0.0030557511249159259 0.00071449148166071179 0.010576941722417145 -0.0044710537301497159
leaf_weight=13725 4697 708 271 11727 1034 4347 32151 10677 278 169 773 574 89 50 99
leaf_count=13725 4697 708 271 11727 1034 4347 32151 10677 278 169 773 574 89 50 99
internal_value=5.8376e-06 -0.00285989 -0.0175975 0.00026574 -0.00163285 0.000692939 0.00155351 -0.000594214 8.86839e-05 -0.00891521 -0.000932 0.000886928 -0.011376 -0.00459502 -0.0227695
internal_weight=81369 6766 1128 74603 13703 60900 36498 24402 5638 1203 12500 5271 367 321 807
internal_count=81369 6766 1128 74603 13703 60900 36498 24402 5638 1203 12500 5271 367 321 807
is_linear=0
shrinkage=0.05


Tree=94
num_leaves=15
num_cat=0
split_feature=0 1 22 5 13 9 19 6 5 17 18 4 5 0
split_gain=20.86 29.7782 28.3347 30.5976 27.7256 26.2809 24.5388 23.128 10.8884 10.2122 9.6911 7.91465 7.28209 0.784809
threshold=260.04973745969738 30.756404504554286 1.0547836068262837 0.8697513045430848 0.017875073899448646 0.90809929626511554 20.806250000000002 -0.065537083312030994 0.30164402523644185 30.500000000000004 97.812500000000014 -0.77259657388510627 -0.97876850416056738 338.54437827304861
decision_type=2 2 2 2 2 2 2 2 2 2 2 2 2 2
left_child=1 9 3 5 8 -2 -6 -5 -3 10 -1 13 -11 -4
right_child=2 4 11 7 6 -7 -8 -9 -10 12 -12 -13 -14 -15
leaf_value=0.0030115847780354033 0.00027891864695106793 -0.00263659260335353 0.002278506238586467 -0.00072930440689625016 -0.00025670630117939354 0.0015641685448554267 -0.0010681709227504681 9.1291571975490873e-05 -0.011972957881424509 -0.0018579793161044883 -0.0019027851101583782 -0.00043780282229240468 0.0071622785885357343 0.0027528031562177205
leaf_weight=1528 36245 116 50 4698 28345 816 2706 4848 260 62 679 41 646 141
leaf_count=1528 36245 116 50 4698 28345 816 2706 4848 260 62 679 41 646 141
internal_value=-1.3242e-05 -0.000949275 0.00067305 0.000586285 -0.00139768 0.00123648 -0.00123426 -0.00193798 -0.0148936 0.00388508 0.00220888 0.0181034 0.00911017 0.0223822
internal_weight=81181 34342 46839 46607 31427 37061 31051 9546 376 2915 2207 232 708 191
internal_count=81181 34342 46839 46607 31427 37061 31051 9546 376 2915 2207 232 708 191
is_linear=0
shrinkage=0.05


Tree=95
num_leaves=15
num_cat=0
split_feature=17 6 22 1 19 13 21 5 20 16 22 9 5 18
split_gain=20.5234 41.5862 43.9862 25.8841 23.8224 23.5224 23.2434 19.9896 17.5802 8.91432 8.25964 8.12325 4.42479 0.726923
threshold=110.50000000000001 0.93769647993491489 0.96252557479398182 30.756404504554286 27.156250000000004 0.017875073899448646 0.95003132134324331 0.039769539193789977 2.7118750000000005 113.45000000000002 0.7956297623479619 0.28777287929503853 -0.93545489084327571 47.937500000000007
decision_type=2 2 2 2 2 2 2 2 2 2 2 2 2 2
left_child=3 2 6 9 5 -5 -2 -6 -4 11 -3 -1 -11 -12
right_child=1 10 8 4 7 -7 -8 -9 -10 12 13 -13 -14 -15
leaf_value=-0.00021856399951396266 0.00025432535886320138 -0.00059934953404713756 0.00030124225876681235 -0.0049389954991740483 -0.00072823810370133135 -0.00018990073613229868 -0.00054065763053762759 0.00032872991410754507 0.0012317036258019693 -0.0018007048987029152 -0.0047969922856194377 0.004187949386643605 0.0063576173910547045 -0.0092299040798302211
leaf_weight=1215 35958 60 1606 386 803 36314 1359 257 1526 47 40 1140 457 168
leaf_count=1215 35958 60 1606 386 803 36314 1359 257 1526 47 40 1140 457 168
internal_value=-5.53261e-06 0.000787755 0.000917822 -0.000800734 -0.00114804 -0.000934605 0.000440148 -0.00853774 0.0066092 0.00378629 -0.0188433 0.00249469 0.00982143 -0.0235577
internal_weight=81336 40717 40449 40619 37760 36700 37317 1060 3132 2859 268 2355 504 208
internal_count=81336 40717 40449 40619 37760 36700 37317 1060 3132 2859 268 2355 504 208
is_linear=0
shrinkage=0.05


Tree=96
num_leaves=16
num_cat=0
split_feature=12 2 22 21 4 5 22 10 20 13 6 19 17 18 0
split_gain=18.3167 23.831 17.9035 42.093 36.5969 44.7677 28.2304 27.751 18.0034 15.0744 18.0758 12.7405 8.71391 6.4236 3.84763
threshold=89.250000000000014 0.078267929288525093 0.97318512561689607 0.95003132134324331 -0.91037613702198739 0.76696112484652035 0.9591057205142951 486.15000000000003 3.5981250000000005 0.039047919899800984 0.93769647993491489 20.218750000000004 30.500000000000004 88.687500000000014 17.42997173338448
decision_type=2 2 2 2 2 2 2 2 2 2 2 2 2 2 2
left_child=1 12 3 6 7 -6 -2 -4 -5 10 -3 -11 13 -1 -14
right_child=2 9 4 8 5 -7 -8 -9 -10 11 -12 -13 14 -15 -16
leaf_value=0.003810983101674709 0.00021463369997062887 -0.00087413845337508129 0.00093653142380046856 -0.00055736067247651459 0.00073399349445144317 -0.00039819353897775915 0.0017144021538704091 -0.00010743925952564904 0.0004296100546979265 -0.00026292714811296806 -0.012284929844402916 -0.00098660468537339896 0.010072514361381225 -0.00034117428684281585 0.0013383790180351851
leaf_weight=1046 38881 473 1975 2712 1484 1892 419 508 460 27277 288 2548 311 764 128
leaf_count=1046 38881 473 1975 2712 1484 1892 419 508 460 27277 288 2548 311 764 128
internal_value=4.55856e-05 -0.000865692 0.000664687 0.000307261 0.00325568 -0.000133294 0.000754453 0.00786347 -0.00523329 -0.00123096 -0.00818003 -0.00105365 0.00410182 0.00256906 0.0104214
internal_weight=81166 32835 48331 42472 5859 3376 39300 2483 3172 30586 761 29825 2249 1810 439
internal_count=81166 32835 48331 42472 5859 3376 39300 2483 3172 30586 761 29825 2249 1810 439
is_linear=0
shrinkage=0.05


Tree=97
num_leaves=16
num_cat=0
split_feature=22 21 9 11 4 19 19 1 22 5 5 5 19 15 20
split_gain=19.9542 33.7621 32.1195 38.8065 25.9892 33.268 23.5975 21.2155 26.6897 20.5765 16.3032 20.6909 13.1608 10.2302 8.59448
threshold=0.96856514144734418 0.95003132134324331 0.74543724513857856 0.91422826481256447 -0.91037613702198739 3.1687500000000006 14.556250000000004 284.83828466744865 0.955060365226584 0.76696112484652035 0.83849049182116964 0.12545942051955489 28.756250000000005 460.50000000000006 0.98062500000000019
decision_type=2 2 2 2 2 2 2 2 2 2 2 2 2 2 2
left_child=1 7 4 6 5 -2 -4 12 -9 -6 11 -3 -1 -12 -5
right_child=2 10 3 14 9 -7 -8 8 -10 -11 13 -13 -14 -15 -16
leaf_value=-0.00042388336925983653 -0.0018792626508014555 -0.0004940419060124934 0.00066739902576061494 -0.00071003335130818696 0.00093405503837881156 0.00099617998728903094 -0.00049171857854091172 0.00017074464355783248 0.001491075943534126 -0.00018669768395804809 -0.0017872546147430085 0.000523442537937685 -0.0023689758110927886 -0.0053665041818547615 0.0011276466828007592
leaf_weight=23257 428 2017 570 40 4103 1786 2054 42156 498 2281 384 963 165 300 503
leaf_count=23257 428 2017 570 40 4103 1786 2054 42156 498 2281 384 963 165 300 503
internal_value=3.95681e-05 -0.000281761 0.00194433 -0.00236028 0.00352989 0.00819783 -0.00487805 -2.27011e-05 0.000641206 0.00191103 -0.0049536 -0.0033557 -0.00123175 -0.0119152 0.00980663
internal_weight=81505 69740 11765 3167 8598 2214 2624 66076 42654 6384 3664 2980 23422 684 543
internal_count=81505 69740 11765 3167 8598 2214 2624 66076 42654 6384 3664 2980 23422 684 543
is_linear=0
shrinkage=0.05


Tree=98
num_leaves=16
num_cat=0
split_feature=1 12 22 5 4 5 5 6 9 3 18 5 15 18 0
split_gain=18.4565 22.679 20.2681 18.5334 18.1489 14.7535 55.7454 33.6883 12.2225 5.63494 4.43242 2.29912 1.39155 1.16486 0.65956
threshold=14.069689152548628 89.250000000000014 1.0402426530358724 -0.96689237009891416 -0.58216583101416164 0.38243310158943505 0.26866988313759588 0.41985448298472511 0.46426034773980307 0.93540483100319627 67.187500000000014 -0.70898476237405783 16.500000000000004 49.812500000000007 9.4624385643441453
decision_type=2 2 2 2 2 2 2 2 2 2 2 2 2 2 2
left_child=8 5 3 -3 -4 6 -2 -7 9 10 -1 14 -11 -13 -10
right_child=1 2 4 -5 -6 7 -8 -9 11 12 -12 13 -14 -15 -16
leaf_value=0.0091987892923514839 -0.00042437442189604966 0.00092163526015308925 0.0013345854229093374 4.9645688873867227e-05 -0.00090068590300565465 -0.00063635211726040535 -0.0054254809346586472 0.0016614285073638505 0.012460461410229651 0.0049309538562112495 -0.0056587990819501879 0.015199885350307342 0.014118921626357417 0.01767938133228808 0.0052679286806518568
leaf_weight=100 20491 3970 646 43663 116 6335 1424 4164 41 57 166 97 55 90 40
leaf_count=100 20491 3970 646 43663 116 6335 1424 4164 41 57 166 97 55 90 40
internal_value=1.8722e-05 -4.85713e-05 0.000636946 0.000507526 0.00872703 -0.00107207 -0.0018104 0.000469092 0.00843653 0.0026455 -0.00131579 0.0166045 0.0120536 0.0196524 0.0095679
internal_weight=81455 80809 48395 47633 762 32414 21915 10499 646 378 266 268 112 187 81
internal_count=81455 80809 48395 47633 762 32414 21915 10499 646 378 266 268 112 187 81
is_linear=0
shrinkage=0.05


Tree=99
num_leaves=15
num_cat=0
split_feature=0 22 5 5 6 19 19 5 5 9 12 6 3 7
split_gain=17.2708 27.9574 27.0635 57.315 76.629 50.8603 28.7324 25.0765 24.2805 23.2699 19.2545 17.9224 7.00711 0.212374
threshold=260.04973745969738 1.0547836068262837 0.38243310158943505 0.26866988313759588 0.93769647993491489 8.8062500000000039 25.243750000000006 0.8697513045430848 0.87397152483179585 0.90809929626511554 32.850000000000009 0.8511460603353429 0.41248606129204562 1.6250000000000002
decision_type=2 2 2 2 2 2 2 2 2 2 2 2 2 2
left_child=2 7 3 6 -5 11 -1 9 -9 -2 -7 -4 13 -3
right_child=1 12 5 4 -6 10 -8 8 -10 -11 -12 -13 -14 -15
leaf_value=-0.00026220053854400933 0.00025652826688427613 0.0018588663253181316 0.0012998111504138267 8.2590542178181969e-05 -0.0083479327701384397 0.00093346737251933244 -0.0014530201161293999 -0.0034132387723916275 -0.00023301211536321949 0.0014756646428960574 -0.00092623256146750631 0.0040779649262987468 0.00036162164644483463 0.0027827932302714829
leaf_weight=21584 36325 45 3583 765 808 2086 881 186 9318 793 3708 1055 68 120
leaf_count=21584 36325 45 3583 765 808 2086 881 186 9318 793 3708 1055 68 120
internal_value=1.69075e-05 0.000641874 -0.000832608 -0.00175555 -0.0109822 0.0012941 -0.0011095 0.000555532 -0.00173611 0.0011423 -0.00182948 0.00519621 0.0179185 0.0234848
internal_weight=81325 46855 34470 24038 1573 10432 22465 46622 9504 37118 5794 4638 233 165
internal_count=81325 46855 34470 24038 1573 10432 22465 46622 9504 37118 5794 4638 233 165
is_linear=0
shrinkage=0.05


Tree=100
num_leaves=15
num_cat=0
split_feature=12 19 5 22 3 22 3 6 4 5 19 15 19 20
split_gain=18.0756 18.2307 21.8907 20.3922 26.9887 18.1535 16.5079 15.0954 12.3576 6.70157 5.44612 5.77916 3.83562 2.58036
threshold=632.25000000000011 26.131250000000005 -0.26866367175705824 0.81457238162785284 -0.84874750804349153 0.84699059042301206 0.35206144883412588 -0.99938741687870725 -0.4124860612920454 -0.18492532721306487 19.806250000000006 330.50000000000006 27.931250000000002 2.5506250000000006
decision_type=2 2 2 2 2 2 2 2 2 2 2 2 2 2
left_child=1 3 6 7 -5 10 -3 -1 -4 -7 11 -2 -11 -12
right_child=5 2 8 4 -6 9 -8 -9 -10 12 13 -13 -14 -15
leaf_value=-0.0028163670729246314 0.003060787399767262 -0.00048737022547563072 0.00026526623958847417 -0.0004912732919072516 0.00035956103911992111 -0.00022010515838622458 -0.0009699477466730555 -0.00016175539347910718 -0.00065731835064066499 0.0019955120372000426 0.0071395957938039604 -0.0062343811813326995 0.0005591674618915021 0.00032977385488433542
leaf_weight=542 43 2030 1397 4447 20531 40 237 51028 464 283 50 131 105 112
leaf_count=542 43 2030 1397 4447 20531 40 237 51028 464 283 50 131 105 112
internal_value=2.4558e-06 -7.00332e-05 -0.00330669 0.00010451 0.00127712 0.00765707 -0.00660565 -0.000463448 0.000711983 0.014486 -0.00104167 -0.00718391 0.0164948 0.00555556
internal_weight=81440 80676 4128 76548 24978 764 2267 51570 1861 428 336 174 388 162
internal_count=81440 80676 4128 76548 24978 764 2267 51570 1861 428 336 174 388 162
is_linear=0
shrinkage=0.05


Tree=101
num_leaves=16
num_cat=0
split_feature=5 6 22 21 1 10 19 0 22 21 19 5 0 12 20
split_gain=18.6732 27.7333 22.8762 25.1272 23.1059 26.1928 22.0456 17.9682 17.672 12.5414 11.2104 7.35587 6.87508 4.16874 2.37288
threshold=0.96687895796550427 -0.20180761162458913 0.97318512561689607 0.96281366759331821 865.7615156383946 458.70000000000005 14.168750000000003 413.26934309190273 0.82147700513670652 0.34205952333336392 21.368750000000006 0.98213580174693105 605.08927166733793 562.95000000000016 5.5343750000000016
decision_type=2 2 2 2 2 2 2 2 2 2 2 2 2 2 2
left_child=2 9 3 8 5 -4 7 -3 -1 14 -5 -8 -11 -6 -2
right_child=1 6 4 10 13 -7 11 -9 -10 12 -12 -13 -14 -15 -16
leaf_value=-0.00015264674429679161 -0.0028203218968425219 -0.00061002204640694393 0.00056461655096524119 -0.00055365329329290231 0.00066294377915900602 -0.0002771967187031821 -0.00017175787855992775 0.00088454079125840088 0.00034099246554915031 -0.0024821402474992818 -0.00054609765492082964 -0.00074816618653411051 0.0025015954797690935 0.0016537663563033905 -0.0037442630084541673
leaf_weight=49910 248 2108 7711 1335 42 1274 750 1594 12915 347 1148 1739 40 170 68
leaf_count=49910 248 2108 7711 1335 42 1274 750 1594 12915 347 1148 1739 40 170 68
internal_value=-1.25923e-05 -0.00250218 0.000217771 -0.000111012 0.00255246 0.0021675 -0.00143353 0.00101297 8.39634e-05 -0.0119132 -0.0050443 -0.00507232 -0.00587855 0.0188679 -0.0193038
internal_weight=81399 6894 74505 65308 9197 8985 6191 3702 62825 703 2483 2489 387 212 316
internal_count=81399 6894 74505 65308 9197 8985 6191 3702 62825 703 2483 2489 387 212 316
is_linear=0
shrinkage=0.05


Tree=102
num_leaves=16
num_cat=0
split_feature=2 3 22 10 6 0 21 17 11 3 21 15 0 19 18
split_gain=16.3281 18.1754 21.5602 41.1509 25.0246 17.3216 33.6495 15.3582 8.26972 4.35796 5.22085 2.75833 1.97074 3.14793 1.36881
threshold=0.059608136028056397 -0.77259657388510605 1.0454491616588848 90.15000000000002 -0.77243990499604276 85.973868075619308 0.99185011748463714 30.500000000000004 0.38094988417599635 -0.72947329433276231 0.36241669866167697 16.500000000000004 9.4624385643441453 13.643750000000002 74.062500000000014
decision_type=2 2 2 2 2 2 2 2 2 2 2 2 2 2 2
left_child=8 5 4 -4 -3 7 -7 -2 9 10 -1 -11 14 -14 -10
right_child=1 2 3 -5 -6 6 -8 -9 12 11 -12 -13 13 -15 -16
leaf_value=0.0066814308505843125 -0.00090147555399562325 0.00051539046523758631 0.00048146048237155959 0.0032240225254631218 -0.00010276730442574517 -0.00057198912435256694 -0.0017394984701754436 0.0012031168135212213 0.012827321613737631 0.0027450637732886461 -0.0095034340214305152 0.011743455003140691 0.021040745572839331 0.0033429453809468435 0.016901712631508147
leaf_weight=63 1935 15184 1719 587 49915 8388 785 2279 71 146 77 85 68 80 60
leaf_count=63 1935 15184 1719 587 49915 8388 785 2279 71 146 77 85 68 80 60
internal_value=3.00828e-05 -3.34192e-05 0.000300794 0.00505204 0.000132491 -0.00171622 -0.00293524 0.000937352 0.00792308 0.00303235 -0.00392857 0.00725108 0.0144265 0.010473 0.0188931
internal_weight=81442 80792 67405 2306 65099 13387 9173 4214 650 371 140 231 279 148 131
internal_count=81442 80792 67405 2306 65099 13387 9173 4214 650 371 140 231 279 148 131
is_linear=0
shrinkage=0.05


Tree=103
num_leaves=16
num_cat=0
split_feature=18 17 3 1 19 20 22 18 16 19 6 10 22 6 5
split_gain=14.7328 26.4309 24.4508 23.1385 27.9422 22.3426 19.6519 21.0819 18.0041 21.4014 18.7559 16.3274 16.2137 14.5933 9.22701
threshold=81.937500000000014 167.50000000000003 -0.3520614488341251 858.28592681893656 21.456250000000008 1.4256250000000004 0.37986553897203074 99.062500000000014 1.6500000000000001 1.8812500000000003 -0.13398942717002907 254.55000000000004 0.84699059042301206 -0.90892157495189674 0.14250626876356556
decision_type=2 2 2 2 2 2 2 2 2 2 2 2 2 2 2
left_child=1 3 6 4 -1 13 11 -8 10 -10 -4 -2 -7 -3 -5
right_child=2 5 8 14 -6 12 7 -9 9 -11 -12 -13 -14 -15 -16
leaf_value=0.00015322671662753445 -0.0013049171490965524 0.0040118777224392669 -0.0025435700625927281 0.0001529641492665046 -0.00026047873682549241 0.00029142726700595589 -0.0012231167051217991 0.00048156081967760391 -0.0017907153087843672 0.00036309751390765368 -9.8745792761260897e-05 -0.0076166798318454245 0.0013675837940156034 0.0016179907248128761 0.0013507040530502336
leaf_weight=25820 2958 425 902 237 6204 4272 6254 4655 1160 22635 1691 455 2878 513 256
leaf_count=25820 2958 425 902 237 6204 4272 6254 4655 1160 22635 1691 455 2878 513 256
internal_value=1.38351e-05 0.000687723 -0.000658315 5.15115e-05 -0.000113977 0.00324555 -0.0023216 -0.00128564 0.000244429 0.000675562 -0.00371192 -0.00563287 0.00229371 0.0105011 0.0108012
internal_weight=81315 40605 40710 32517 32024 8088 14322 10909 26388 23795 2593 3413 7150 938 493
internal_count=81315 40605 40710 32517 32024 8088 14322 10909 26388 23795 2593 3413 7150 938 493
is_linear=0
shrinkage=0.05


Tree=104
num_leaves=14
num_cat=0
split_feature=12 19 9 8 6 22 6 3 17 5 19 19 21
split_gain=16.7933 18.6838 18.9355 35.6062 35.4864 17.7313 14.633 13.3108 12.4455 8.08812 5.83977 3.44449 2.99786
threshold=632.25000000000011 27.156250000000004 0.51821835186098542 1.0000000180025095e-35 0.49626980634301188 0.84699059042301206 -0.96234030595689413 0.35206144883412588 169.50000000000003 -0.18492532721306487 17.343750000000004 25.431250000000002 0.75870891776124827
decision_type=2 2 2 2 2 2 2 2 2 2 2 2 2
left_child=1 2 3 -1 -4 10 8 -8 -3 -7 -2 -11 -12
right_child=5 6 4 -5 -6 9 7 -9 -10 11 12 -13 -14
leaf_value=0.00036755708270433813 -0.0073695276368109831 -0.00018540162837043795 7.7826043585527138e-05 -0.00057526112486174646 0.0018648178609791872 -0.00027789900600664886 -0.0004208466042121939 -0.00092320325975247532 0.0012848161535346015 0.002637188579204597 5.763927363859889e-05 0.00082295467233885482 0.0067577015985902881
leaf_weight=18382 74 832 24643 30674 3680 41 1692 201 356 192 219 181 40
leaf_count=18382 74 832 24643 30674 3680 41 1692 201 356 192 219 181 40
internal_value=9.23566e-07 -6.83569e-05 8.3679e-05 -0.000510641 0.00111305 0.00746319 -0.00388673 -0.00661648 0.000462963 0.014372 -0.00112613 0.016689 0.00241313
internal_weight=81207 80460 77379 49056 28323 747 3081 1893 1188 414 333 373 259
internal_count=81207 80460 77379 49056 28323 747 3081 1893 1188 414 333 373 259
is_linear=0
shrinkage=0.05


Tree=105
num_leaves=15
num_cat=0
split_feature=1 22 19 5 3 18 9 8 6 16 20 6 6 20
split_gain=19.374 18.9073 17.2691 25.212 27.3339 23.1689 19.8562 30.0989 27.7147 10.5181 10.8698 5.19077 14.821 3.74324
threshold=862.19941252409456 0.93873121736646759 23.931250000000006 -0.031173458710879235 0.47114434510950071 96.437500000000014 0.51821835186098542 1.0000000180025095e-35 0.21652257995689161 1.0000000180025095e-35 3.4893750000000008 -0.99052477729077237 -0.99864786094873803 1.6956250000000004
decision_type=2 2 2 2 2 2 2 2 2 2 2 2 2 2
left_child=2 9 6 4 -4 -5 7 -1 -8 -2 -11 12 -3 -13
right_child=1 11 3 5 -6 -7 8 -9 -10 10 -12 13 -14 -15
leaf_value=0.00032710257013078559 -0.0029963321151989606 0.0010895273220156044 -0.00038344379204927341 0.00037827396555057129 -0.0012852550098550438 -0.0041380137429845648 5.2707881806385305e-05 -0.00055011920806300602 0.0011402170032402432 0.0017307178413056125 -0.00059479315499857965 0.00016750013872616766 -0.00044973978773756311 0.0015344783223552871
leaf_weight=18329 42 81 3977 1892 410 393 18179 28985 5998 1558 1065 46 81 283
leaf_count=18329 42 81 3977 1892 410 393 18179 28985 5998 1558 1065 46 81 283
internal_value=2.49019e-05 0.00386565 -0.000130177 -0.00256295 -0.00478117 0.00169584 9.68653e-05 -0.000498795 0.00126256 0.0022045 0.00260198 0.0128819 0.00555556 0.0164894
internal_weight=81319 3156 78163 6672 4387 2285 71491 47314 24177 2665 2623 491 162 329
internal_count=81319 3156 78163 6672 4387 2285 71491 47314 24177 2665 2623 491 162 329
is_linear=0
shrinkage=0.05


Tree=106
num_leaves=16
num_cat=0
split_feature=5 2 5 5 22 5 17 16 19 16 15 20 10 6 20
split_gain=14.4673 22.8351 43.0064 52.4098 22.977 29.5205 21.7192 21.1393 20.5976 17.0392 14.0666 22.8074 13.4867 8.19786 3.28443
threshold=0.8697513045430848 0.38062825758633906 0.38243310158943505 0.26866988313759588 0.98672435450526208 0.76696112484652035 27.500000000000004 654.60000000000014 19.806250000000006 870.85000000000014 530.50000000000011 4.2106250000000012 8.8500000000000014 -0.013976481981245173 2.5506250000000006
decision_type=2 2 2 2 2 2 2 2 2 2 2 2 2 2 2
left_child=1 2 3 -1 7 -6 -4 -3 10 13 12 -12 -2 -10 -11
right_child=8 4 6 -5 5 -7 -8 -9 9 14 11 -13 -14 -15 -16
leaf_value=-0.00034255019105477183 0.00042265011062294082 0.00055098824059194868 -0.0010625163440996274 -0.0047700383081722203 0.00090934312045607433 -0.00024245554926559111 0.0014661359911330954 -0.00018680678818118747 -0.00096758590038632244 -8.0414045492405164e-05 7.0797752121806723e-05 0.0021085175350613271 -0.00068963425882435101 -0.0043307961811674565 0.00026696532610122895
leaf_weight=22903 2593 30388 1169 1561 1177 434 5612 4485 964 50 1548 351 7975 84 108
leaf_count=22903 2593 30388 1169 1561 1177 434 5612 4485 964 50 1548 351 7975 84 108
internal_value=1.16705e-05 0.000311167 -0.000680909 -0.00165754 0.00116078 0.00699876 0.0028425 0.000891091 -0.00147188 -0.00771144 -0.000868292 0.00309373 -0.00158024 -0.0100191 0.00759494
internal_weight=81402 67729 31245 24464 36484 1611 6781 34873 13673 1206 12467 1899 10568 1048 158
internal_count=81402 67729 31245 24464 36484 1611 6781 34873 13673 1206 12467 1899 10568 1048 158
is_linear=0
shrinkage=0.05


Tree=107
num_leaves=16
num_cat=0
split_feature=6 19 9 5 22 19 8 17 15 10 21 22 5 6 6
split_gain=13.6847 26.9041 27.522 24.8224 23.4417 23.072 22.8756 22.7521 17.3508 17.3367 14.1224 18.1854 13.4664 12.5757 9.88488
threshold=-0.64580103137750788 19.918750000000006 0.52596492835607933 -0.8781231054254196 0.55256609089504527 27.156250000000004 1.0000000180025095e-35 150.50000000000003 850.50000000000011 35.850000000000009 0.080309471516416917 0.16893310100493922 0.022575936829235418 -0.98801846520836312 -0.013976481981245173
decision_type=2 2 2 2 2 2 2 2 2 2 2 2 2 2 2
left_child=4 2 6 7 10 8 -2 -3 -6 -4 13 -12 -7 -1 -5
right_child=1 3 9 14 5 12 -8 -9 -10 -11 11 -13 -14 -15 -16
leaf_value=-0.001341539573109664 0.0002174976935677503 -0.00057200014840196598 -0.0007113071313983089 -0.00060035681012044493 0.00067001899802519036 -0.00041941672186825434 -0.00063594789040950783 0.0016683250229823643 0.0013362545738813793 0.00063944963916930391 -0.0024041895434363959 -0.00072867327341936136 0.00010751272284469093 0.0068962416519838645 -0.0060208304729624075
leaf_weight=136 14371 794 1565 3249 17341 1540 22589 676 258 11207 273 5621 1252 237 70
leaf_count=136 14371 794 1565 3249 17341 1540 22589 676 258 11207 273 5621 1252 237 70
internal_value=1.87856e-05 -0.000435153 -9.0485e-05 -0.00401441 0.000947183 0.00176916 -0.000781926 0.00139456 0.00243906 0.00191043 -0.0017273 -0.0023244 -0.00245344 0.00770777 -0.00641006
internal_weight=81179 54521 49732 4789 26658 20391 36960 1470 17599 12772 6267 5894 2792 373 3319
internal_count=81179 54521 49732 4789 26658 20391 36960 1470 17599 12772 6267 5894 2792 373 3319
is_linear=0
shrinkage=0.05


Tree=108
num_leaves=15
num_cat=0
split_feature=1 22 8 10 10 7 6 6 19 22 5 11 7 19
split_gain=14.5742 19.324 16.7054 49.3203 30.6095 28.0772 22.1788 17.8391 16.3438 6.85636 6.85817 5.15645 6.8064 0.236735
threshold=862.19941252409456 0.93873121736646759 1.0000000180025095e-35 25.950000000000006 3.1500000000000004 2.1250000000000004 0.7487283477006671 0.93769647993491489 1.0000000180025095e-35 0.23161514118948592 0.056951373111866731 0.9262406209192392 0.62500000000000011 23.493750000000006
decision_type=2 2 2 2 2 2 2 2 2 2 2 2 2 2
left_child=2 9 4 5 7 -4 -5 -1 -6 -2 -11 12 -3 -13
right_child=1 11 3 6 8 -7 -8 -9 -10 10 -12 13 -14 -15
leaf_value=0.00035759124373119233 -0.0023791485753708558 -0.00047514777009465274 -0.0025146366766435392 -4.9995341736558402e-05 0.0066676947611490822 -0.00052967630018539995 0.0010708343467715833 -0.0012491047303146931 0.0013041974411601043 0.0017224093600541946 0.00022547884421537102 0.0022700964738726461 0.00083220816827762889 0.00077918759977131657
leaf_weight=13721 65 41 2907 47833 334 3716 5184 2486 1981 903 1699 58 338 40
leaf_count=13721 65 41 2907 47833 334 3716 5184 2486 1981 903 1699 58 338 40
internal_value=0.000129142 0.00346692 -5.11758e-06 -0.000412475 0.00130655 -0.0044806 9.5724e-05 0.000538348 0.00668467 0.00180915 0.00220984 0.0127358 0.0100923 0.0229592
internal_weight=81306 3144 78162 59640 18522 6623 53017 16207 2315 2667 2602 477 379 98
internal_count=81306 3144 78162 59640 18522 6623 53017 16207 2315 2667 2602 477 379 98
is_linear=0
shrinkage=0.05


Tree=109
num_leaves=16
num_cat=0
split_feature=1 12 5 22 6 13 6 10 17 18 4 12 6 5 16
split_gain=13.5614 16.6068 13.4772 18.5812 14.6294 13.0076 20.1189 10.4052 9.41619 9.34112 4.4118 4.06027 3.04737 3.28572 1.02337
threshold=20.754677742411179 89.250000000000014 0.91248814248966237 0.97318512561689607 -0.065537083312030994 0.017875073899448646 0.93769647993491489 420.15000000000003 30.500000000000004 99.437500000000014 0.16280825711809024 2.5500000000000003 0.063390085881955341 -0.861146256326485 120.75000000000001
decision_type=2 2 2 2 2 2 2 2 2 2 2 2 2 2 2
left_child=8 5 3 -3 -4 6 -2 -7 9 10 -1 -11 13 -10 -14
right_child=1 2 4 -5 -6 7 -8 -9 12 11 -12 -13 14 -15 -16
leaf_value=0.002694247279940898 0.00052792273606490413 0.00012782209636196253 -0.00078435514277399036 0.00028212081409694639 9.955029272161742e-05 -0.0002159228923074838 -0.010600844619109796 -0.0011626380866866792 -0.00054946892051226386 -0.0064537938976326516 0.0077836824450295498 -0.0022470860480681811 0.011462916649022098 0.011442481016102969 0.0083645892701215592
leaf_weight=806 272 36544 3401 4226 4303 28986 257 1697 40 62 201 255 52 126 57
leaf_count=806 272 36544 3401 4226 4303 28986 257 1697 40 62 201 255 52 126 57
internal_value=2.18367e-05 -6.96484e-05 0.000509552 0.000871965 -0.00140836 -0.000969179 -0.00874291 -0.000835153 0.00458099 0.00283233 0.00518868 -0.004653 0.013 0.00873494 0.0194954
internal_weight=81285 79686 48474 40770 7704 31212 529 30683 1599 1324 1007 317 275 166 109
internal_count=81285 79686 48474 40770 7704 31212 529 30683 1599 1324 1007 317 275 166 109
is_linear=0
shrinkage=0.05


Tree=110
num_leaves=15
num_cat=0
split_feature=12 19 5 3 9 6 8 18 22 19 5 17 21 7
split_gain=14.2268 15.4047 20.6194 29.6177 17.0931 24.3607 22.5361 14.5312 12.7189 7.03652 5.70904 4.86763 3.25466 1.01251
threshold=632.25000000000011 23.931250000000006 -0.031173458710879235 0.41248606129204562 0.50669096962772453 0.49626980634301188 1.0000000180025095e-35 96.562500000000014 0.84699059042301206 17.343750000000004 0.26037272046371446 258.50000000000006 0.75870891776124827 1.6250000000000002
decision_type=2 2 2 2 2 2 2 2 2 2 2 2 2 2
left_child=1 4 3 -3 6 -6 -1 -4 9 -2 11 -10 -11 -12
right_child=8 2 7 -5 5 -7 -8 -9 10 12 13 -13 -14 -15
leaf_value=0.00028460814540800936 -0.0073279092639210288 -0.00031761351180291668 0.00024396382246933551 -0.0010797547950345211 0.00011848094447945435 0.0016014825843810394 -0.0004757082607977137 -0.003642738750936278 0.00038507637478796546 0.00035939682979795886 0.00097881877344352386 0.0051532720152417501 0.0066620330439168818 0.001647800119513626
leaf_weight=18306 73 4020 2230 490 22035 3869 29075 416 218 221 44 53 44 95
leaf_count=18306 73 4020 2230 490 22035 3869 29075 416 218 221 44 53 44 95
internal_value=2.12467e-05 -4.25778e-05 -0.00225685 -0.00431264 0.000173637 0.00120638 -0.00039098 0.00124717 0.00688503 -0.000295858 0.0128049 0.00857934 0.00349057 0.0210432
internal_weight=81189 80441 7156 4510 73285 25904 47381 2646 748 338 410 271 265 139
internal_count=81189 80441 7156 4510 73285 25904 47381 2646 748 338 410 271 265 139
is_linear=0
shrinkage=0.05


Tree=111
num_leaves=16
num_cat=0
split_feature=19 6 22 6 10 22 9 21 5 3 12 15 12 10 18
split_gain=13.8414 17.3617 24.756 19.789 28.9215 22.5414 15.9668 13.6036 11.9905 11.1497 14.2072 10.1171 14.1891 13.1271 7.21643
threshold=27.156250000000004 -0.64580103137750788 0.55256609089504527 -0.074115882986646633 77.550000000000026 0.28194005727844645 0.91741487446444825 0.080309471516416917 0.022575936829235418 0.35206144883412588 142.65000000000003 573.50000000000011 246.15000000000003 259.65000000000003 5.9375000000000009
decision_type=2 2 2 2 2 2 2 2 2 2 2 2 2 2 2
left_child=1 2 7 5 -5 -3 -4 -1 9 10 -2 12 -10 -13 -11
right_child=8 3 6 4 -6 -7 -8 -9 11 14 -12 13 -14 -15 -16
leaf_value=0.0037306780690872735 -0.0021527616379424185 -0.0019418007903303108 0.00058244420778991168 -0.00023889032938448075 0.00065344495871065425 -0.00023972514950606485 0.0011513131313386272 -0.00081003291683296732 -0.0001644103894515303 -0.00010613164247136875 -0.00013249159361888863 0.00066665023531361784 0.001830530667435773 -0.00040609629065245794 -0.0010037341001542354
leaf_weight=359 380 1456 16983 24478 13036 15484 574 5786 299 75 1395 126 270 554 129
leaf_count=359 380 1456 16983 24478 13036 15484 574 5786 299 75 1395 126 270 554 129
internal_value=3.31761e-05 0.000165694 0.00129525 -0.000325963 0.000314549 -0.00174439 0.00225124 -0.00143613 -0.00317534 -0.00559626 -0.00432394 0.000660528 0.00557996 -0.00345588 -0.0166667
internal_weight=81384 78156 23702 54454 37514 16940 17557 6145 3228 1979 1775 1249 569 680 204
internal_count=81384 78156 23702 54454 37514 16940 17557 6145 3228 1979 1775 1249 569 680 204
is_linear=0
shrinkage=0.05


Tree=112
num_leaves=15
num_cat=0
split_feature=1 13 6 6 0 3 5 20 9 3 18 19 10 15
split_gain=14.1933 15.9236 16.9535 24.676 12.6954 23.4583 20.2778 9.01275 7.19774 5.14371 3.39117 3.03815 1.53887 1.18791
threshold=14.069689152548628 0.086091695980022476 0.96407344085605606 0.93769647993491489 269.4520474018953 0.97335555334614954 0.3504237462291826 4.4318750000000007 0.46426034773980307 0.93540483100319627 67.187500000000014 20.518750000000008 144.75000000000003 16.500000000000004
decision_type=2 2 2 2 2 2 2 2 2 2 2 2 2 2
left_child=8 2 3 -2 6 -6 -3 -4 9 10 -1 12 -10 -11
right_child=1 4 7 -5 5 -7 -8 -9 11 13 -12 -13 -14 -15
leaf_value=0.0089334739998121193 -0.0012735952707605498 -0.00049173964154854426 0.0095954518756734483 -0.0094648279728605702 8.4442883782387404e-05 0.0023452891807281386 0.00032673617381691057 -0.0017321454995026964 0.019537258166461458 0.0084114896089494094 -0.0038271796165685063 0.0020849138950373883 0.012186256783440109 0.0128881599412278
leaf_weight=105 1913 22513 199 277 44189 847 10737 41 98 62 170 43 115 53
leaf_count=105 1913 22513 199 277 44189 847 10737 41 98 62 170 43 115 53
internal_value=-2.88833e-05 -8.79627e-05 -0.00407407 -0.00545662 3.57663e-05 0.000582867 -0.000705263 0.00854167 0.00735294 0.00307692 -0.000636364 0.0138672 0.0163146 0.0119565
internal_weight=81362 80716 2430 2190 78286 45036 33250 240 646 390 275 256 213 115
internal_count=81362 80716 2430 2190 78286 45036 33250 240 646 390 275 256 213 115
is_linear=0
shrinkage=0.05


Tree=113
num_leaves=13
num_cat=0
split_feature=6 6 6 5 6 11 12 17 16 6 3 22
split_gain=12.9017 16.7201 41.2414 85.7151 16.5989 10.0425 8.87158 8.24179 4.83959 4.22172 3.99289 3.44469
threshold=0.99981043035926087 0.98486764554468398 0.93769647993491489 0.26866988313759588 0.7487283477006671 0.15380178588514767 126.15000000000002 70.500000000000014 7.2500000000000009 0.99999537620422141 0.5277851165098012 0.24673537990769998
decision_type=2 2 2 2 2 2 2 2 2 2 2 2
left_child=1 2 4 -4 -1 9 7 -3 -7 11 -11 -2
right_child=5 6 3 -5 -6 8 -8 -9 -10 10 -12 -13
leaf_value=-1.1696593880808349e-05 -0.0066962786540449562 0.0011718494761974562 -0.0003148330337914174 -0.0076652999175269637 0.00083185982144433075 0.0026830372125955094 -0.0040056251809170778 0.0025979884335993022 -0.0018130383084864823 0.0017157561855271871 -0.0050881464398280897 -0.0012736184734449187
leaf_weight=68172 113 2111 2342 789 6928 70 47 501 43 40 43 70
leaf_count=68172 113 2111 2342 789 6928 70 47 501 43 40 43 70
internal_value=3.47611e-05 7.78835e-05 -5.46459e-05 -0.0056771 0.00017976 -0.00916887 0.00397706 0.00436447 0.00331858 -0.0144737 -0.00512048 -0.0187158
internal_weight=81269 80890 78231 3131 75100 379 2659 2612 113 266 83 183
internal_count=81269 80890 78231 3131 75100 379 2659 2612 113 266 83 183
is_linear=0
shrinkage=0.05


Tree=114
num_leaves=16
num_cat=0
split_feature=17 18 16 5 22 10 10 8 5 9 6 16 4 18 11
split_gain=14.2318 24.941 19.3114 17.3402 16.1501 15.8314 27.1201 28.4626 23.6161 16.6475 12.5302 10.05 6.16098 5.91084 3.51826
threshold=148.50000000000003 62.937500000000007 2.8500000000000001 -0.97509794945709805 0.98923773796635583 338.55000000000001 77.550000000000026 1.0000000180025095e-35 0.75580964594513067 0.90809929626511554 -0.9575230291762723 757.70000000000016 -0.84874750804349175 55.812500000000007 0.88681102089024877
decision_type=2 2 2 2 2 2 2 2 2 2 2 2 2 2 2
left_child=5 4 12 -4 10 6 7 -1 -8 11 -2 -7 -3 -11 -6
right_child=1 2 3 -5 14 9 8 -9 -10 13 -12 -13 -14 -15 -16
leaf_value=0.00013102609786041637 0.001438874640436222 -0.0013571229968734875 0.0022983870424858068 6.4161707271082064e-07 0.0029928074232459471 -0.00043617625586118427 0.000758810166596885 -0.00070483774322185335 -0.00029614436925615162 0.00066816489232788829 0.00052626350482327944 -0.00028790874361928065 -0.0039674251976945111 -0.0006013385171499575 0.00084830777907553561
leaf_weight=15140 959 186 1402 21309 127 5030 12005 14886 4227 438 3618 1812 102 124 49
leaf_count=15140 959 186 1402 21309 127 5030 12005 14886 4227 438 3618 1812 102 124 49
internal_value=-4.54467e-05 0.000873811 0.0001924 0.000355555 0.00417105 -0.000520853 -0.000177267 -0.00106741 0.00146932 -0.00266748 0.00359952 -0.00334697 -0.0126736 0.00560498 0.0190341
internal_weight=81414 27752 22999 22711 4753 53662 46258 30026 16232 7404 4577 6842 288 562 176
internal_count=81414 27752 22999 22711 4753 53662 46258 30026 16232 7404 4577 6842 288 562 176
is_linear=0
shrinkage=0.05


Tree=115
num_leaves=15
num_cat=0
split_feature=1 22 19 5 3 15 22 4 19 21 16 15 12 2
split_gain=12.2064 16.9147 15.4899 18.2403 26.7185 19.3591 13.9081 22.4533 15.0077 6.55456 5.48892 6.19754 2.8125 0.965022
threshold=862.19941252409456 0.9713888976263666 23.931250000000006 -0.031173458710879235 0.47114434510950071 573.50000000000011 1.0454491616588848 -0.55557023301960251 -2.4437499999999992 0.99376977840234615 1.6500000000000001 405.50000000000006 603.45000000000016 0.88579628971768642
decision_type=2 2 2 2 2 2 2 2 2 2 2 2 2 2
left_child=2 10 6 4 -4 -5 8 -8 -1 13 -2 -12 -11 -3
right_child=1 9 3 5 -6 -7 7 -9 -10 12 11 -13 -14 -15
leaf_value=-0.0071215263580382939 -0.0016338236597909991 0.00088325303657525451 -0.00033504485714425103 0.00072164703438674926 -0.0011905559966440687 -0.00029612835583668341 0.0020540654773487988 2.4357800799401641e-06 1.7646030133530722e-06 -0.0013118031961845246 0.0025314758956469204 0.00031879401959559187 0.0015556104633365321 0.001435414737606422
leaf_weight=163 64 108 3988 1305 412 971 1517 2379 67450 40 590 2226 40 80
leaf_count=163 64 108 3988 1305 412 971 1517 2379 67450 40 590 2226 40 80
internal_value=4.45699e-05 0.0030972 -7.83398e-05 -0.00238167 -0.00426136 0.0012522 0.000136696 0.00304158 -3.06894e-05 0.0151119 0.00197917 0.00230824 0.003125 0.0202128
internal_weight=81333 3148 78185 6676 4400 2276 71509 3896 67613 268 2880 2816 80 188
internal_count=81333 3148 78185 6676 4400 2276 71509 3896 67613 268 2880 2816 80 188
is_linear=0
shrinkage=0.05


Tree=116
num_leaves=16
num_cat=0
split_feature=22 21 4 12 5 10 16 10 18 6 3 5 20 21 16
split_gain=13.4765 35.6046 26.1988 28.115 28.8044 19.9367 25.3159 18.8987 16.139 24.1347 22.6172 13.814 15.7212 12.6108 7.92657
threshold=0.97318512561689607 0.94740775439615788 -0.91037613702198739 36.45000000000001 0.76696112484652035 519.60000000000002 491.25000000000006 608.85000000000014 80.812500000000014 0.33222858587828868 -0.52778511650980109 0.83849049182116964 3.5981250000000005 0.78000167199141057 636.90000000000009
decision_type=2 2 2 2 2 2 2 2 2 2 2 2 2 2 2
left_child=1 8 5 13 -5 6 -2 -7 9 -1 -10 12 -3 -4 -13
right_child=2 11 3 4 -6 7 -8 -9 10 -11 -12 14 -14 -15 -16
leaf_value=0.00067896240049200314 -0.0024772719171890752 -0.0003884321698294724 -0.0059601506181181044 0.00014455803012285162 -0.00047956213710831922 -0.000326047317276898 0.00065021607766096447 0.00077899250956549879 -0.0010336432319269743 -0.00040358590280923371 6.0631557376203408e-05 -0.0017208619811378335 0.000692148103384882 0.0018296723864737144 -0.0041875970376777259
leaf_weight=15782 331 3127 109 2688 2552 304 2051 130 10958 10203 28974 383 433 2910 361
leaf_count=15782 331 3127 109 2688 2552 304 2051 130 10958 10203 28974 383 433 2910 361
internal_value=3.81323e-05 -0.000217528 0.00165914 0.000239133 -0.00197519 0.00582386 0.00761965 -0.00403226 7.0164e-05 0.00104002 -0.000560954 -0.00462361 -0.00332865 0.00408248 -0.0108199
internal_weight=81296 70221 11075 8259 5240 2816 2382 434 65917 25985 39932 4304 3560 3019 744
internal_count=81296 70221 11075 8259 5240 2816 2382 434 65917 25985 39932 4304 3560 3019 744
is_linear=0
shrinkage=0.05


Tree=117
num_leaves=16
num_cat=0
split_feature=19 9 6 22 8 11 10 4 5 15 12 3 0 13 1
split_gain=13.9838 14.7293 22.5318 33.1951 22.1953 29.345 27.3811 17.495 9.01368 11.0799 16.3382 11.6309 9.72378 17.091 6.94456
threshold=27.156250000000004 0.52389775892219548 0.49626980634301188 0.9820476454201007 1.0000000180025095e-35 0.089237135209845428 1.3500000000000003 -0.93540483100319616 0.022575936829235418 573.50000000000011 246.15000000000003 -0.29012925520284066 266.96131022366757 0.77135095265014897 128.666548963037
decision_type=2 2 2 2 2 2 2 2 2 2 2 2 2 2 2
left_child=1 4 7 -4 6 -6 -1 -3 12 10 -10 -11 14 -14 -2
right_child=8 2 3 -5 5 -7 -8 -9 9 11 -12 -13 13 -15 -16
leaf_value=3.4254076889553285e-05 -0.00052386677529443488 0.00042888581372820813 0.0006364216301371989 0.0029019473813046634 -0.0020417082411459844 -0.00028179867076167379 0.001637041708536008 -5.125865843936817e-05 -0.00024351393006300933 -0.00078700219714061825 0.0019851607928348196 4.4857261429742669e-05 0.00040796412070358002 -0.00035436339675685714 -0.0024180881510260988
leaf_weight=15352 120 6379 2600 956 1946 29142 3151 18372 300 237 284 423 531 1045 263
leaf_count=15352 120 6379 2600 956 1946 29142 3151 18372 300 237 284 423 531 1045 263
internal_value=2.9901e-05 0.000163034 0.00107306 0.00479471 -0.000356415 -0.00117248 0.0010147 0.000538362 -0.00320793 0.000120579 0.00513699 -0.00431818 -0.00532159 -0.00358503 -0.0124674
internal_weight=81101 77898 28307 3556 49591 31088 18503 24751 3203 1244 584 660 1959 1576 383
internal_count=81101 77898 28307 3556 49591 31088 18503 24751 3203 1244 584 660 1959 1576 383
is_linear=0
shrinkage=0.05


Tree=118
num_leaves=14
num_cat=0
split_feature=19 6 22 19 5 22 5 21 16 15 12 15 5
split_gain=11.6094 15.3403 22.2751 21.2012 26.7639 22.7884 16.8447 11.8359 8.81345 10.344 21.1472 9.95201 0.805717
threshold=27.156250000000004 -0.64580103137750788 0.54421993449831618 19.918750000000006 -0.8781231054254196 1.0454491616588848 0.65883702558178847 0.10510035440265739 63.95000000000001 526.50000000000011 226.05000000000004 756.50000000000011 -0.32614396506100213
decision_type=2 2 2 2 2 2 2 2 2 2 2 2 2
left_child=1 2 7 5 -5 -3 -4 -1 12 10 -10 -11 -2
right_child=8 3 6 4 -6 -7 -8 -9 9 11 -12 -13 -14
leaf_value=0.0025251285579999672 -0.0075568718504729019 -9.9744971075844965e-05 0.00043744262407613562 0.00027700630821974882 -0.00066797668228561204 0.0012654692589600615 0.0017626003481672982 -0.00083153594781425482 -0.00066728429908999862 -0.00047600898021213925 0.0015282396467147131 -1.9859336557764841e-06 -0.0049538612015728387
leaf_weight=535 41 46720 16150 1438 2940 3183 1571 5487 740 1146 557 656 66
leaf_count=535 41 46720 16150 1438 2940 3183 1571 5487 740 1146 557 656 66
internal_value=1.23107e-06 0.000122398 0.00118245 -0.00034128 -0.00367748 -4.85943e-05 0.00207522 -0.0014447 -0.0029476 -0.00246047 0.000944487 -0.00491121 -0.0170561
internal_weight=81230 78024 23743 54281 4378 49903 17721 6022 3206 3099 1297 1802 107
internal_count=81230 78024 23743 54281 4378 49903 17721 6022 3206 3099 1297 1802 107
is_linear=0
shrinkage=0.05


Tree=119
num_leaves=16
num_cat=0
split_feature=5 6 22 16 20 6 6 12 19 0 5 22 16 22 19
split_gain=11.7718 23.2027 16.2776 22.2376 27.397 22.2202 72.5974 18.8113 15.9804 13.5608 9.33463 9.20142 6.87145 6.29268 3.11464
threshold=0.96687895796550427 -0.20180761162458913 0.97318512561689607 654.60000000000014 3.5981250000000005 0.96633974041180493 0.94353349168649059 238.95000000000002 14.018750000000002 413.26934309190273 0.19337368024598436 0.36224104135863394 546.00000000000011 0.71418509615329928 10.606250000000003
decision_type=2 2 2 2 2 2 2 2 2 2 2 2 2 2 2
left_child=2 11 3 7 -5 6 -4 -1 9 -3 -7 14 -13 -10 -2
right_child=1 8 5 4 -6 10 -8 -9 13 -11 -12 12 -14 -15 -16
leaf_value=-0.0001162739593317308 -0.0024775893375849909 -0.00042428995409647398 0.00024435031320527433 -0.0004007092956165748 0.00071901649464470871 0.0022024980007279526 -0.0068383049308204718 0.00068000621230588927 -0.0039076038928447443 0.00083788959568320835 0.0066178362260238604 -0.00099427532090335682 -0.0056398130209576319 -0.00036441499575092244 -0.0012132905883677346
leaf_weight=45495 242 2105 8330 3177 518 340 321 16041 448 1521 181 385 42 2062 46
leaf_count=45495 242 2105 8330 3177 518 340 321 16041 448 1521 181 385 42 2062 46
internal_value=5.29205e-05 -0.00193038 0.000235542 -4.17746e-05 -0.0038092 0.00220781 0.00160386 0.000184445 -0.000937093 0.00118588 0.0122361 -0.0104545 -0.00579625 -0.00400398 -0.0173611
internal_weight=81254 6851 74403 65231 3695 9172 8651 61536 6136 3626 521 715 427 2510 288
internal_count=81254 6851 74403 65231 3695 9172 8651 61536 6136 3626 521 715 427 2510 288
is_linear=0
shrinkage=0.05


Tree=120
num_leaves=16
num_cat=0
split_feature=19 5 5 11 22 18 12 20 22 22 19 6 15 15 3
split_gain=12.8735 12.261 20.8189 15.3121 9.92876 24.6612 15.1904 12.3047 12.0887 9.96268 9.44765 12.9816 10.4427 7.79783 5.69146
threshold=25.893750000000004 0.91248814248966237 0.9053161325100999 0.31174491286613931 0.88762988970863843 92.187500000000014 221.25000000000003 3.6343750000000008 0.99214247489978813 0.72330867534265242 18.343750000000004 -0.013976481981245173 622.50000000000011 460.50000000000006 0.032701564615071628
decision_type=2 2 2 2 2 2 2 2 2 2 2 2 2 2 2
left_child=1 2 3 -1 5 6 -2 8 -6 -7 12 -12 -3 -4 -9
right_child=4 10 13 -5 7 9 -8 14 -10 -11 11 -13 -14 -15 -16
leaf_value=-0.00017462355546839226 -0.00053076473003643156 -0.00034009038096311233 0.0019796212991379765 0.00029028768829944681 -0.00037195539910760968 -0.0055520656104228686 0.0023913249511732823 0.00021919352024962757 0.00014456536636479056 -0.00055776358965860804 -0.00043494293406616535 -0.003560498255006506 0.00047959760374173825 0.0038087877468159117 0.0013052963801969853
leaf_weight=30291 338 9594 308 34810 2260 281 660 149 347 582 740 143 619 151 43
leaf_count=30291 338 9594 308 34810 2260 281 660 149 347 582 740 143 619 151 43
internal_value=3.01294e-05 0.000185243 0.000445394 0.000370578 -0.00252146 0.000308974 0.00566132 -0.00440336 -0.00530303 -0.00588065 -0.00135184 -0.0063137 -0.000922843 0.0110566 0.0078125
internal_weight=81316 76656 65560 65101 4660 1861 998 2799 2607 863 11096 883 10213 459 192
internal_count=81316 76656 65560 65101 4660 1861 998 2799 2607 863 11096 883 10213 459 192
is_linear=0
shrinkage=0.05


Tree=121
num_leaves=15
num_cat=0
split_feature=1 3 12 21 22 22 21 20 9 3 19 12 12 15
split_gain=13.4099 12.2853 17.9282 34.209 16.2607 15.5324 28.0378 24.4704 6.59752 6.03279 3.38163 3.15783 2.67692 1.25285
threshold=14.069689152548628 -0.81241147629688981 34.650000000000006 0.95651685061330394 0.51239523174917245 0.96856514144734418 0.90281753674034149 1.5631250000000005 0.35811692819421032 0.93540483100319627 7.0187500000000016 1.3500000000000003 5.8500000000000005 16.500000000000004
decision_type=2 2 2 2 2 2 2 2 2 2 2 2 2 2
left_child=8 2 4 -4 -2 6 -3 -7 9 11 -10 -1 -12 -11
right_child=1 5 3 -5 -6 7 -8 -9 10 13 12 -13 -14 -15
leaf_value=-0.0058162013853652085 -0.0017282234907050054 8.442623902141233e-05 -0.00037070864684596305 -0.0013831962790965546 0.0011836584336624393 -0.00015512611155208967 -0.00037495122190752132 0.00033206154875014551 0.018616400167002334 0.0093639997114338402 0.02094090857117905 0.00016398419172402592 0.0044875979898487571 0.01258787762602886
leaf_weight=41 950 53295 6461 1443 2884 3635 6596 5337 68 62 62 179 193 55
leaf_count=41 950 53295 6461 1443 2884 3635 6596 5337 68 62 62 179 193 55
internal_value=-5.26083e-05 -0.000110731 -0.0016059 -0.00296685 0.00119979 0.000144127 -0.000146516 0.00208426 0.00704545 0.00215134 0.0121517 -0.00272727 0.0095098 0.0113248
internal_weight=81261 80601 11738 7904 3834 68863 59891 8972 660 337 323 220 255 117
internal_count=81261 80601 11738 7904 3834 68863 59891 8972 660 337 323 220 255 117
is_linear=0
shrinkage=0.05


Tree=122
num_leaves=16
num_cat=0
split_feature=1 0 6 6 19 5 5 17 18 12 9 5 13 19 3
split_gain=11.9393 13.7339 16.8862 21.6907 16.5244 15.5108 12.313 7.49612 6.49966 3.67142 2.62827 2.50686 2.18085 1.71491 0.464256
threshold=20.754677742411179 230.67921666960015 0.93769647993491489 0.7487283477006671 23.393750000000004 0.21022171450811275 -0.98523971305672675 30.500000000000004 99.562500000000014 2.5500000000000003 0.32070693245821907 0.039769539193789977 0.50152205230094682 8.5937500000000018 0.097964660725097366
decision_type=2 2 2 2 2 2 2 2 2 2 2 2 2 2 2
left_child=7 4 3 -3 6 -6 -2 8 10 -10 -1 12 -9 -13 -4
right_child=1 2 14 -5 5 -7 -8 11 9 -11 -12 13 -14 -15 -16
leaf_value=0.0013117880350966837 -0.0023181349076945193 5.6799909244908968e-05 -0.0045234156313585161 0.0013317446679706137 -0.0015163699463296321 0.00044587006125306475 -0.0001440876352266668 2.7117543090759977e-06 -0.00546308621581665 -0.00050015238121583691 0.0053084160076203868 0.015970686129599343 0.0057499307963617659 0.01259085375337169 -0.003457100273858091
leaf_weight=489 1224 49028 41 1605 1058 202 26420 61 70 248 525 46 96 68 46
leaf_count=489 1224 49028 41 1605 1058 202 26420 61 70 248 525 46 96 68 46
internal_value=4.77058e-05 -3.8305e-05 0.000457413 0.00049523 -0.000908179 -0.00650794 -0.000652945 0.00432002 0.00277778 -0.00345912 0.00473373 0.0119004 0.00780255 0.0175439 -0.0215517
internal_weight=81227 79624 50720 50633 28904 1260 27644 1603 1332 318 1014 271 157 114 87
internal_count=81227 79624 50720 50633 28904 1260 27644 1603 1332 318 1014 271 157 114 87
is_linear=0
shrinkage=0.05


Tree=123
num_leaves=15
num_cat=0
split_feature=1 2 19 5 22 13 11 19 17 15 21 19 9 0
split_gain=10.9522 10.7036 13.6 14.314 11.2732 10.9801 7.68411 6.80806 6.1094 3.694 3.87984 2.32031 1.80633 1.76589
threshold=14.069689152548628 0.86386093431986388 23.631250000000005 -0.031173458710879235 0.97495241261619292 0.086091695980022476 0.37535254672877411 14.093750000000002 151.50000000000003 38.500000000000007 0.36241669866167697 13.293750000000003 0.49031804067639162 9.4624385643441453
decision_type=2 2 2 2 2 2 2 2 2 2 2 2 2 2
left_child=6 2 5 -4 7 -2 9 -3 -6 10 -1 12 -8 -13
right_child=1 4 3 -5 8 -7 11 -9 -10 -11 -12 13 -14 -15
leaf_value=0.00365289301611735 -0.0012801606741467424 -0.0023639668923493549 -0.00040931960887747866 8.3542937600467054e-05 0.0013063999408388094 5.0169922809578664e-05 0.012261555399845065 0.00062666929307016454 0.00015592324992862451 0.013438806064523984 -0.003724783037623225 0.0043074235320256782 0.017511188829335746 0.0036960209460698726
leaf_weight=178 2416 74 4733 2491 123 67980 45 2585 73 48 132 77 67 92
leaf_count=178 2416 74 4733 2491 123 67980 45 2585 73 48 132 77 67 92
internal_value=1.35612e-05 -3.82106e-05 -0.000148802 -0.00221484 0.00296848 6.32138e-05 0.00653365 0.00211546 0.0145408 0.00167598 -0.000322581 0.0127224 0.0183036 0.00902367
internal_weight=81114 80475 77620 7224 2855 70396 639 2659 196 358 310 281 112 169
internal_count=81114 80475 77620 7224 2855 70396 639 2659 196 358 310 281 112 169
is_linear=0
shrinkage=0.05


Tree=124
num_leaves=14
num_cat=0
split_feature=6 6 6 5 6 6 15 5 13 16 9 4 20
split_gain=11.8894 16.1364 41.1616 71.314 17.9997 10.0814 10.5119 8.13128 8.57277 5.88003 3.82574 1.81008 0.456081
threshold=0.99981043035926087 0.98486764554468398 0.93769647993491489 0.26866988313759588 0.7487283477006671 0.99999537620422141 42.500000000000007 0.15951094710994371 0.57672159224574371 17.550000000000004 0.51821835186098542 -0.88144907265856332 1.9731250000000002
decision_type=2 2 2 2 2 2 2 2 2 2 2 2 2
left_child=1 2 4 -4 -1 6 12 8 -3 11 -9 -7 -2
right_child=5 7 3 -5 -6 9 -8 10 -10 -11 -12 -13 -14
leaf_value=-8.249176282576488e-06 -0.0067021828403287121 0.0014116081408765664 -0.00040703123877752491 -0.0071297435240800294 0.00082828407802544308 0.0061329099591047737 -3.2085569266071533e-05 0.0085429900842618808 -0.001144441709877353 -0.0038391567552875875 0.0048420507252620263 0.00014433558649483148 -0.0047469752480176547
leaf_weight=68132 108 2000 2339 795 6937 48 75 91 492 51 55 45 40
leaf_count=68132 108 2000 2339 795 6937 48 75 91 492 51 55 45 40
internal_value=5.54133e-05 9.61764e-05 -3.35665e-05 -0.00564773 0.000200815 -0.00892371 -0.015583 0.00394238 0.00327047 0.00138889 0.015411 0.00887097 -0.0233108
internal_weight=81208 80841 78203 3134 75069 367 223 2638 2492 144 146 93 148
internal_count=81208 80841 78203 3134 75069 367 223 2638 2492 144 146 93 148
is_linear=0
shrinkage=0.05


Tree=125
num_leaves=14
num_cat=0
split_feature=6 6 6 5 6 11 5 5 9 6 20 16 15
split_gain=11.2519 12.4283 36.741 66.3787 11.9098 10.1786 9.00676 18.7386 12.411 3.84948 4.5039 3.4957 3.03009
threshold=0.99981043035926087 0.98486764554468398 0.93769647993491489 0.26866988313759588 0.7487283477006671 0.15380178588514767 0.12545942051955489 0.074116354202380205 0.55521530525287133 0.99999537620422141 5.3993750000000018 7.2500000000000009 42.500000000000007
decision_type=2 2 2 2 2 2 2 2 2 2 2 2 2
left_child=1 2 4 -4 -1 9 7 -3 -8 12 -11 -7 -2
right_child=5 6 3 -5 -6 11 8 -9 -10 10 -12 -13 -14
leaf_value=-2.5928164067837159e-06 -0.0057806800734551255 0.001341818121072537 -0.00036902188654070053 -0.0065552304501905276 0.0006802429235518298 0.0031650470876534915 0.0078587084101419957 -0.0022140230350141759 -0.0013612820889624762 0.00084637971004365709 -0.0066527232468277303 -0.0016685056799423392 -0.00098701242483102691
leaf_weight=68106 124 1768 2328 785 6925 70 383 442 93 44 40 47 50
leaf_count=68106 124 1768 2328 785 6925 70 383 442 93 44 40 47 50
internal_value=4.09458e-05 8.10343e-05 -3.39118e-05 -0.00535657 0.000186923 -0.0086 0.00342517 0.00208145 0.00966387 -0.0141473 -0.00535714 0.00363248 -0.0183908
internal_weight=81205 80830 78144 3113 75031 375 2686 2210 476 258 84 117 174
internal_count=81205 80830 78144 3113 75031 375 2686 2210 476 258 84 117 174
is_linear=0
shrinkage=0.05


Tree=126
num_leaves=15
num_cat=0
split_feature=2 0 15 5 5 22 18 13 17 18 6 18 18 5
split_gain=13.325 13.4286 32.4298 27.3769 17.9236 18.5004 13.6735 9.89756 5.52825 7.01272 5.68898 4.1682 4.78256 4.00775
threshold=0.078267929288525093 321.9709346175556 360.50000000000006 0.38243310158943505 0.28519915169571858 1.0402426530358724 93.937500000000014 0.51581659746501496 30.500000000000004 99.937500000000014 -0.99273797715557011 13.812500000000002 99.812500000000014 0.30164402523644185
decision_type=2 2 2 2 2 2 2 2 2 2 2 2 2 2
left_child=8 2 3 -2 6 -6 -3 -4 9 10 -1 -10 -13 -11
right_child=1 4 7 -5 5 -7 -8 -9 11 13 -12 12 -14 -15
leaf_value=-0.0053152186144704355 -0.00047633315747492579 0.00042988653727912829 -0.0003442858070887345 0.00039160524530123809 -0.00019015906705839166 0.00088887281410099947 -5.9717259323787553e-05 -0.0019513184945717855 0.0063358087617485185 0.0005171296658808618 0.0029237545613546635 0.003268632487363607 0.016580423126469793 -0.0043598432645491026
leaf_weight=58 26381 13758 230 12553 17714 313 7396 481 52 217 1387 328 56 154
leaf_count=58 26381 13758 230 12553 17714 313 7396 481 52 217 1387 328 56 154
internal_value=-1.7884e-05 -0.000126227 -0.000775003 -0.000581754 0.000530231 -0.000628224 0.00151744 -0.0113572 0.00377442 0.00256057 0.00413495 0.00883028 0.00703125 -0.00357143
internal_weight=81078 78826 39645 38934 39181 18027 21154 711 2252 1816 1445 436 384 371
internal_count=81078 78826 39645 38934 39181 18027 21154 711 2252 1816 1445 436 384 371
is_linear=0
shrinkage=0.05


Tree=127
num_leaves=16
num_cat=0
split_feature=16 4 19 6 21 20 12 20 6 22 5 5 6 7 15
split_gain=10.4391 34.0597 28.6322 20.3665 30.7921 19.2489 14.2118 36.063 29.6513 28.2246 15.8294 43.7462 35.0308 12.8763 12.3279
threshold=654.60000000000014 -0.93540483100319616 14.556250000000004 -0.63257203029273779 0.99376977840234615 0.57937500000000008 183.45000000000002 1.6568750000000003 -0.96234030595689413 0.9591057205142951 0.3504237462291826 0.26866988313759588 0.41985448298472511 1.3750000000000002 672.50000000000011
decision_type=2 2 2 2 2 2 2 2 2 2 2 2 2 2 2
left_child=6 2 5 4 -3 -2 10 8 -8 -9 11 -1 -12 -4 -5
right_child=1 3 13 14 -6 -7 7 9 -10 -11 12 -13 -14 -15 -16
leaf_value=-0.00017847120727113865 -0.0060964972420298417 -0.00023974557659190988 -0.00027376295913262574 -0.00066018816842022821 0.00087393015685262592 0.0015358135062737699 0.0030831328180747522 1.3109289119611623e-05 0.001050207825364602 0.0014075800357080755 -0.00026540953227289777 -0.0045685057846275188 0.0012350028116973541 0.00013190226121048143 2.8957244393973405e-06
leaf_weight=30374 59 2338 674 2132 399 435 845 18301 3569 418 11187 1353 7036 1793 476
leaf_count=30374 59 2338 674 2132 399 435 845 18301 3569 418 11187 1353 7036 1793 476
internal_value=5.43685e-05 -0.00162533 0.00267646 -0.00400842 -0.000995616 0.013664 0.000245269 0.00126983 0.0053353 0.000311181 -0.000229229 -0.000903804 0.000945234 0.000476287 -0.00717025
internal_weight=81389 8306 2961 5345 2737 494 73083 23133 4414 18719 49950 31727 18223 2467 2608
internal_count=81389 8306 2961 5345 2737 494 73083 23133 4414 18719 49950 31727 18223 2467 2608
is_linear=0
shrinkage=0.05


Tree=128
num_leaves=15
num_cat=0
split_feature=1 3 16 0 22 22 10 19 11 4 19 19 18 18
split_gain=10.9358 10.9317 18.3354 22.8132 20.763 17.5925 24.041 17.5638 6.20773 3.93769 4.07747 2.8695 2.2019 1.92139
threshold=14.069689152548628 -0.8814490726585632 408.75000000000006 217.82933409969741 0.40175914758651782 1.0454491616588848 90.15000000000002 -1.8812499999999996 0.38094988417599635 -0.097964660725097477 4.0687500000000005 20.518750000000008 79.062500000000014 94.062500000000014
decision_type=2 2 2 2 2 2 2 2 2 2 2 2 2 2
left_child=8 2 4 -4 -2 7 -7 -3 9 10 -1 12 -10 -11
right_child=1 5 3 -5 -6 6 -8 -9 11 13 -12 -13 -14 -15
leaf_value=0.0027906616755368503 -0.002270154238926657 -0.0051604550968541996 -0.0019385638356352126 -6.8770413525226506e-05 0.00010760897742212589 0.00034320911540541014 0.0023577527040635595 1.4803082538794588e-05 0.01329600447940732 0.012590247334216166 -0.0037553707419503203 -7.049181480859035e-05 0.0060370951102144748 0.00068220378962279568
leaf_weight=128 1058 206 751 718 6516 1774 823 68851 140 69 106 42 100 63
leaf_count=128 1058 206 751 718 6516 1774 823 68851 140 69 106 42 100 63
internal_value=1.1986e-05 -3.99643e-05 -0.00167809 -0.00679033 -0.000686559 0.000166774 0.00420678 1.48428e-05 0.00648148 0.00218579 -0.0017094 0.0120567 0.0141667 0.00909091
internal_weight=81345 80697 9043 1469 7574 71654 2597 69057 648 366 234 282 240 132
internal_count=81345 80697 9043 1469 7574 71654 2597 69057 648 366 234 282 240 132
is_linear=0
shrinkage=0.05


Tree=129
num_leaves=15
num_cat=0
split_feature=1 19 5 3 18 22 11 7 5 3 19 17 16 3
split_gain=10.3091 13.706 16.2149 24.0306 17.5386 12.2702 11.1568 33.5679 21.1283 6.49378 7.95144 4.9003 3.64133 3.58483
threshold=869.62487684614928 23.931250000000006 -0.031173458710879235 0.47114434510950071 96.562500000000014 0.96252557479398182 0.34478620775616037 2.1250000000000004 0.77788564761185042 0.097964660725097366 15.556250000000002 158.50000000000003 107.80000000000003 0.032701564615071628
decision_type=2 2 2 2 2 2 2 2 2 2 2 2 2 2
left_child=1 6 3 -3 -4 9 7 -1 -8 10 -2 13 -11 -7
right_child=5 2 4 -5 -6 11 8 -9 -10 12 -12 -13 -14 -15
leaf_value=-0.00090205241080419662 -0.0023962008019285069 -0.00028529370135797484 0.00025915026269392459 -0.0010658011655017064 -0.0040541410397517035 0.00035968626518840532 0.00045901083396011623 0.00021014198812677328 -0.0002191833786316322 0.0025869796197196316 5.5892940743484942e-05 0.00016604292668915278 0.00073189077636449116 0.0013106792215608178
leaf_weight=12563 77 4080 2011 417 390 64 25471 23794 10075 312 877 61 1032 129
leaf_count=12563 77 4080 2011 417 390 64 25471 23794 10075 312 877 61 1032 129
internal_value=2.67353e-05 -7.45549e-05 -0.00220354 -0.00397487 0.00111412 0.00315439 0.000129689 -0.000486151 0.000759579 0.00200174 -0.00115304 0.0135827 0.00424107 0.017487
internal_weight=81353 78801 6898 4497 2401 2552 71903 36357 35546 2298 954 254 1344 193
internal_count=81353 78801 6898 4497 2401 2552 71903 36357 35546 2298 954 254 1344 193
is_linear=0
shrinkage=0.05


Tree=130
num_leaves=15
num_cat=0
split_feature=19 6 5 22 3 20 12 2 16 22 17 6 18 22
split_gain=10.7502 20.8672 22.9051 12.2422 10.6513 16.5696 10.9365 9.3225 16.3716 13.6317 7.84401 5.9752 4.19978 1.14341
threshold=-1.0562499999999997 0.97461712852231652 0.56369777965491019 1.1514808641025693 -0.84874750804349153 1.4081250000000003 11.250000000000002 0.33467382799034445 313.35000000000008 1.0617335189789521 49.500000000000007 0.93769647993491489 58.062500000000007 1.021961954068239
decision_type=2 2 2 2 2 2 2 2 2 2 2 2 2 2
left_child=1 2 11 7 6 -6 -5 8 -2 -9 -3 -1 -4 -12
right_child=3 10 12 4 5 -7 -8 9 -10 -11 13 -13 -14 -15
leaf_value=-0.0027186845797281729 -9.5966694328658569e-05 -0.0012126191838695802 0.00013677840516884698 0.0078945633144788842 0.0014785817213054443 0.0084943937529460504 -0.00057194424040660219 7.3287195853134768e-05 -0.00076567618681605836 0.0016426296219358872 0.0048398187443790047 -0.0078214073142721854 0.0063351520759584064 0.0047407302358872727
leaf_weight=192 23632 40 49 178 616 281 679 51046 4051 133 41 191 45 51
leaf_count=192 23632 40 49 178 616 281 679 51046 4051 133 41 191 45 51
internal_value=8.92582e-06 -0.0066092 -0.011478 5.89213e-05 0.00419042 0.00799889 0.000204201 -3.2969e-05 -0.000772135 0.00036685 0.0109848 -0.016906 0.0106383 0.0190217
internal_weight=81225 609 477 80616 1754 897 857 78862 27683 51179 132 383 94 92
internal_count=81225 609 477 80616 1754 897 857 78862 27683 51179 132 383 94 92
is_linear=0
shrinkage=0.05


Tree=131
num_leaves=14
num_cat=0
split_feature=6 6 6 5 6 6 15 18 13 5 3 15 18
split_gain=10.9635 13.7852 29.2837 67.9816 14.2732 8.63711 13.0935 6.64105 18.8614 9.93335 5.52244 2.83094 0.264368
threshold=0.99981043035926087 0.98486764554468398 0.93769647993491489 0.26866988313759588 0.7487283477006671 0.99999537620422141 42.500000000000007 99.937500000000014 0.39598389517932747 -0.12546116083924153 0.5277851165098012 72.500000000000014 99.937500000000014
decision_type=2 2 2 2 2 2 2 2 2 2 2 2 2
left_child=1 2 4 -4 -1 6 12 9 -9 -3 11 -7 -2
right_child=5 7 3 -5 -6 10 -8 8 -10 -11 -12 -13 -14
leaf_value=-3.7638923282230788e-05 -0.0061470782449615548 -0.0012390930564862958 -0.00018212139959180863 -0.0058569534139032335 0.00067713869850277448 0.0056214235695576376 0.00012005721994054267 0.00073911330203027265 -0.0037265928714704829 0.0025822859026780444 -0.0053576300506411548 -0.00042011136317949562 -0.0044838343664792167
leaf_weight=68144 92 250 2336 792 6903 67 78 217 201 1987 40 40 58
leaf_count=68144 92 250 2336 792 6903 67 78 217 201 1987 40 40 58
internal_value=-7.05006e-05 -3.09291e-05 -0.000151263 -0.0048913 4.63043e-05 -0.0086 -0.014693 0.00351224 -0.00227273 0.00459321 0.00085034 0.0067757 -0.0233333
internal_weight=81205 80830 78175 3128 75047 375 228 2655 418 2237 147 107 150
internal_count=81205 80830 78175 3128 75047 375 228 2655 418 2237 147 107 150
is_linear=0
shrinkage=0.05


Tree=132
num_leaves=16
num_cat=0
split_feature=1 3 12 21 21 22 10 19 17 18 1 1 5 18 6
split_gain=9.98437 11.4127 15.0226 28.8927 18.9451 13.9607 21.3189 14.2594 10.1963 4.83431 3.29955 2.62186 1.92104 1.62418 1.38525
threshold=20.754677742411179 -0.81241147629688981 34.650000000000006 0.99603219407051624 0.2473852111211377 1.0402426530358724 90.15000000000002 -3.681249999999999 30.500000000000004 99.937500000000014 18.559747089846478 14.069689152548628 0.039769539193789977 90.187500000000014 -0.11692317777808843
decision_type=2 2 2 2 2 2 2 2 2 2 2 2 2 2 2
left_child=8 2 4 -4 -2 7 -7 -3 9 11 -11 -1 13 -10 -14
right_child=1 5 3 -5 -6 6 -8 -9 12 10 -12 -13 14 -15 -16
leaf_value=0.0057735894440307141 -0.0028765376376687305 -0.0095662290422933102 -0.00045344826585608233 -0.0015792442868426959 0.0009551659130860729 0.00024827277297865272 0.0016002273036261146 -7.6812871047382547e-06 0.0025888060150539823 -0.0037530213971452343 0.0048315565190236547 0.00067874943709022315 0.016611962793181268 0.00862884041305329 0.013397110627908255
leaf_weight=436 492 65 7059 823 2908 1799 724 65766 100 231 56 594 61 58 61
leaf_count=436 492 65 7059 823 2908 1799 724 65766 100 231 56 594 61 58 61
internal_value=-7.90935e-05 -0.000157592 -0.00163092 -0.00282923 0.00114706 8.55839e-05 0.00373563 -5.43057e-05 0.00383532 0.00199317 -0.00374564 0.00359223 0.0125 0.00886076 0.0172131
internal_weight=81233 79636 11282 7882 3400 68354 2523 65831 1597 1317 287 1030 280 158 122
internal_count=81233 79636 11282 7882 3400 68354 2523 65831 1597 1317 287 1030 280 158 122
is_linear=0
shrinkage=0.05


Tree=133
num_leaves=16
num_cat=0
split_feature=1 16 7 4 12 22 11 22 20 20 22 22 6 5 20
split_gain=10.0739 15.6648 23.5803 15.2334 14.865 20.4986 13.2821 11.384 11.0844 6.55792 10.241 8.85628 4.46948 11.1098 6.03816
threshold=862.19941252409456 654.60000000000014 2.6250000000000004 -0.93540483100319616 89.250000000000014 0.82997987403916851 0.28847425333536558 0.93873121736646759 3.7231250000000009 3.4893750000000008 0.40779819579758086 0.31592674844659024 -0.99052477729077237 0.056951373111866731 1.9731250000000002
decision_type=2 2 2 2 2 2 2 2 2 2 2 2 2 2 2
left_child=1 4 8 -4 6 -6 -1 9 -3 11 -11 -2 13 -9 -14
right_child=7 2 3 -5 5 -7 -8 12 -10 10 -12 -13 14 -15 -16
leaf_value=-0.00058905287709152968 -0.0016857089841110298 -0.00035377530357391944 0.00028768691568297199 -0.00014013173151928294 5.2770257703038675e-05 0.00062146676499837963 0.00014929353179315985 0.00042142102344081835 0.00021753658707522884 0.0030510935360525213 -0.0015382378760355532 0.00148869161348682 -2.7646585690899174e-05 -0.00081581177937939398 0.0010674936991978607
leaf_weight=17918 97 3172 1431 2692 28653 9167 14851 100 413 279 792 1479 65 51 258
leaf_count=17918 97 3172 1431 2692 28653 9167 14851 100 413 279 792 1479 65 51 258
internal_value=-6.14115e-06 -0.000117182 -0.00225739 0.000321368 0.00011652 0.000791909 -0.000662974 0.00277956 -0.00522315 0.0015017 -0.00151727 0.0035533 0.00991561 0.00281457 0.0132353
internal_weight=81418 78297 7708 4123 70589 37820 32769 3121 3585 2647 1071 1576 474 151 323
internal_count=81418 78297 7708 4123 70589 37820 32769 3121 3585 2647 1071 1576 474 151 323
is_linear=0
shrinkage=0.05


Tree=134
num_leaves=15
num_cat=0
split_feature=19 20 5 1 3 7 12 9 19 20 3 0 18 20
split_gain=9.43941 17.1904 19.5122 9.23334 8.90335 13.9624 12.9145 6.71864 5.87991 5.81976 5.3778 4.76269 3.53864 0.808837
threshold=-1.2187499999999998 0.67937500000000017 0.28519915169571858 14.069689152548628 -0.81241147629688981 2.3750000000000004 34.650000000000006 0.35811692819421032 -2.4437499999999992 0.34625000000000011 0.93540483100319627 116.11883392564788 74.062500000000014 0.39687500000000003
decision_type=2 2 2 2 2 2 2 2 2 2 2 2 2 2
left_child=1 2 9 7 6 -6 -5 10 -3 -1 -2 -10 -9 -4
right_child=3 8 13 4 5 -7 -8 12 11 -11 -12 -13 -14 -15
leaf_value=0.0019785690127643142 -0.0025274538667405659 0.0073056757083108277 -0.006538473140172224 0.00043677048648857464 -0.00011950951724316595 0.00020768334144450341 -0.00053927210935041244 0.011457475099777948 -0.0045500695628806409 -0.0023093408309383169 0.0096027184403248127 0.0036849311137142713 0.0039906634434104448 -0.0052726667662373015
leaf_weight=83 189 72 120 3872 31063 37335 7886 180 59 76 115 46 136 98
leaf_count=83 189 72 120 3872 31063 37335 7886 180 59 76 115 46 136 98
internal_value=6.14779e-06 -0.00649819 -0.0125332 5.07577e-05 3.7427e-06 0.000222229 -0.00126722 0.00612903 0.00635593 0.000786164 0.000822368 -0.00119048 0.0112342 -0.0222477
internal_weight=81330 554 377 80776 80156 68398 11758 620 177 159 304 105 316 218
internal_count=81330 554 377 80776 80156 68398 11758 620 177 159 304 105 316 218
is_linear=0
shrinkage=0.05


Tree=135
num_leaves=15
num_cat=0
split_feature=19 6 6 20 19 5 10 5 15 12 17 4 22 17
split_gain=10.9717 14.7786 19.2328 9.5577 8.81016 10.2913 15.1601 14.828 9.86095 16.7961 8.40613 8.22204 1.06575 0.740741
threshold=-1.0562499999999997 0.97461712852231652 0.93769647993491489 0.53562500000000013 27.156250000000004 0.8697513045430848 76.050000000000026 0.89017062131308955 548.50000000000011 226.05000000000004 49.500000000000007 -0.95642797789208689 1.021961954068239 45.500000000000007
decision_type=2 2 2 2 2 2 2 2 2 2 2 2 2 2
left_child=1 2 3 -1 5 6 -2 -7 9 -6 -3 -10 -12 -4
right_child=4 10 13 -5 8 7 -8 -9 11 -11 12 -13 -14 -15
leaf_value=-0.0034780966814904205 -0.00011299644823847197 -0.0021611897792114922 -0.00546463933445639 0.0019955569905425077 -0.00068327634071524987 -0.0008234885628891353 0.00032027707801696452 -0.00012852082872775729 -6.3677471273032582e-05 0.0011054060852974223 0.0039710258522285824 -0.00038445155495371309 0.0041572664831139305 -0.0077902368173087856
leaf_weight=116 31518 41 49 175 840 1162 32581 12492 773 643 45 979 43 140
leaf_count=116 31518 41 49 175 840 1162 32581 12492 773 643 45 979 43 140
internal_value=-5.20852e-06 -0.0066913 -0.0107292 -0.00266323 4.50684e-05 0.000151441 0.000416933 -0.00109492 -0.00251159 0.000488874 0.00833333 -0.00505137 0.0170455 -0.0231481
internal_weight=81597 609 480 291 80988 77753 64099 13654 3235 1483 129 1752 88 189
internal_count=81597 609 480 291 80988 77753 64099 13654 3235 1483 129 1752 88 189
is_linear=0
shrinkage=0.05


Tree=136
num_leaves=14
num_cat=0
split_feature=19 6 5 16 4 19 6 22 2 6 6 18 17
split_gain=10.1205 17.1848 19.9699 10.3891 27.3074 24.1662 20.518 17.0847 26.0088 18.3571 6.50846 6.12745 5.04032
threshold=-1.0562499999999997 0.97461712852231652 0.56369777965491019 654.60000000000014 -0.93540483100319616 14.018750000000002 -0.6523320455745395 0.78774594420169064 0.4704788585599266 -0.99938741687870725 0.93769647993491489 58.062500000000007 76.500000000000014
decision_type=2 2 2 2 2 2 2 2 2 2 2 2 2
left_child=1 2 10 7 5 -5 -6 9 -9 -2 -1 -4 -3
right_child=3 12 11 4 6 -7 -8 8 -10 -11 -12 -13 -14
leaf_value=-0.0031480068583304432 -0.0028692817303944116 2.359879978261481e-05 -0.00069383950953822999 0.0010543123796896037 -5.4451985477710352e-05 2.0636869832574292e-05 -0.0004782040896089801 1.4448092376001532e-05 0.0010444619475689059 -7.6340473377745088e-05 -0.0072058717228536051 0.0070576080147648828 0.0042235428835934409
leaf_weight=187 581 62 51 435 2591 2527 2721 14310 8114 49521 190 51 62
leaf_count=187 581 62 51 435 2591 2527 2721 14310 8114 49521 190 51 62
internal_value=-5.55876e-05 -0.00650912 -0.0108038 -7.42574e-06 -0.001686 0.0021607 -0.00383095 0.000184072 0.00133116 -0.000329328 -0.0161141 0.00882353 0.0100806
internal_weight=81403 603 479 80800 8274 2962 5312 72526 22424 50102 377 102 124
internal_count=81403 603 479 80800 8274 2962 5312 72526 22424 50102 377 102 124
is_linear=0
shrinkage=0.05


Tree=137
num_leaves=16
num_cat=0
split_feature=1 15 5 5 19 3 5 6 22 22 13 16 17 13 21
split_gain=8.53647 32.8561 23.6682 60.8488 28.4646 14.0493 13.411 15.27 14.317 8.85893 4.8494 4.68331 3.30231 3.20708 2.24625
threshold=387.28301292094443 363.50000000000006 0.3342611484689354 0.26866988313759588 9.1062500000000028 0.97335555334614954 0.30164402523644185 -0.065537083312030994 0.99469066677254137 0.842877962406125 0.51581659746501496 612.70000000000016 99.500000000000014 0.74532215973561466 0.93962150664047928
decision_type=2 2 2 2 2 2 2 2 2 2 2 2 2 2 2
left_child=1 2 3 -1 -4 6 8 -8 -2 13 11 -3 -12 -7 -11
right_child=5 10 4 -5 -6 9 7 -9 -10 14 12 -13 -14 -15 -16
leaf_value=-0.00025755411433309172 0.00021225561697953978 -0.0042839041456799063 0.00120679804287544 -0.0051248168071417015 -0.00027701585995027758 0.0012626815502914017 -0.00033318325114294891 0.00026271603501090701 0.00058644175581563658 0.0046315702979299548 -0.0020688791742010551 6.7180413960032936e-05 -0.0016586838889922795 0.0038902849881290338 0.0011364240809145054
leaf_weight=25654 21641 58 6605 922 6888 236 12325 6025 377 84 203 95 137 61 71
leaf_count=25654 21641 58 6605 922 6888 236 12325 6025 377 84 203 95 137 61 71
internal_value=-9.52299e-05 -0.000608944 -0.000451097 -0.00131698 0.00125435 0.000415238 0.000317083 -0.000681199 0.00114906 0.00918142 -0.0134381 -0.00604575 -0.0167647 0.00412458 0.018871
internal_weight=81382 40562 40069 26576 13493 40820 40368 18350 22018 452 493 153 340 297 155
internal_count=81382 40562 40069 26576 13493 40820 40368 18350 22018 452 493 153 340 297 155
is_linear=0
shrinkage=0.05


Tree=138
num_leaves=16
num_cat=0
split_feature=5 5 2 5 3 19 12 21 6 6 20 15 21 0 18
split_gain=9.31805 19.3591 10.6446 26.9448 14.3847 9.88711 15.5339 9.4865 9.20302 14.3844 9.72127 6.893 9.5603 6.00207 1.86579
threshold=0.91248814248966237 0.9053161325100999 0.42246796305136108 0.38243310158943505 0.97335555334614954 18.256250000000005 421.35000000000008 0.79611440216802187 0.38043945030393422 0.16587474750015932 0.90437500000000015 460.50000000000006 0.48484279870699215 539.963738861754 78.062500000000014
decision_type=2 2 2 2 2 2 2 2 2 2 2 2 2 2 2
left_child=1 2 3 -1 -4 8 7 -7 9 -2 -10 12 -3 -8 -13
right_child=5 11 4 -5 -6 6 13 -9 10 -11 -12 14 -14 -15 -16
leaf_value=-0.00041034583932897666 -0.00037072076747399625 0.012607480087197609 0.00010290574359198557 0.00054828631232087255 0.002404301915285545 -0.0055272302233988534 -0.00033826769978110021 -0.00096745261849784945 0.002031794604527268 0.00063429561441756825 -0.0020176924040122141 0.0026743185767285297 0.00065243329408886394 0.00033427798784860799 0.0036460095530258087
leaf_weight=26943 7168 68 33453 8840 589 194 50 509 44 2749 347 65 234 147 76
leaf_count=26943 7168 68 33453 8840 589 194 50 509 44 2749 347 65 234 147 76
internal_value=-7.97781e-05 0.000133774 6.76692e-05 -0.000534472 0.000700605 -0.00141863 -0.00644444 -0.00992176 -0.000979821 -0.00068317 -0.00850384 0.010553 0.00629139 0.00596447 0.0196809
internal_weight=81476 70268 69825 35783 34042 11208 900 703 10308 9917 391 443 302 197 141
internal_count=81476 70268 69825 35783 34042 11208 900 703 10308 9917 391 443 302 197 141
is_linear=0
shrinkage=0.05


Tree=139
num_leaves=16
num_cat=0
split_feature=19 15 16 4 6 22 10 15 19 6 16 22 6 6 7
split_gain=8.99688 13.3759 19.222 14.1851 12.6196 20.7294 14.9592 14.9237 13.2312 10.7001 9.98182 11.7468 9.70706 8.03132 0.3125
threshold=26.131250000000005 548.50000000000011 198.85000000000005 -0.4124860612920454 -0.64580103137750788 0.55256609089504527 168.15000000000003 839.50000000000011 24.481250000000006 -0.69676771491221523 822.45000000000016 0.91256779852044179 -0.61236746317008228 -0.98521978256641018 2.6250000000000004
decision_type=2 2 2 2 2 2 2 2 2 2 2 2 2 2 2
left_child=4 2 13 -4 5 9 -7 8 -6 -1 11 -3 -12 -2 -9
right_child=1 10 3 -5 7 6 -8 14 -10 -11 12 -13 -14 -15 -16
leaf_value=-0.00076649208789095896 -0.0069337397173925286 -0.00015483604782502993 0.0010159713337529353 -0.00030232700878608386 -4.2081267412408256e-05 0.0010859660233311392 0.00020972424325611252 -0.00032276684697833962 -0.0017772152383697115 0.0026713005150620448 -8.9909351485634173e-05 -0.00046637320457502686 0.00055976226704691496 -0.0021120279204720955 -0.00040458017699901986
leaf_weight=5746 105 740 1059 610 53331 7173 9690 40 559 396 334 1141 101 274 40
leaf_count=5746 105 740 1059 610 53331 7173 9690 40 559 396 334 1141 101 274 40
internal_value=-2.7662e-06 -0.00221127 0.000732422 0.00304074 0.000122442 0.00110302 0.00200884 -0.000295535 -0.0002635 -0.00138391 -0.00481434 -0.00639288 0.00201149 -0.00943272 -0.021875
internal_weight=81339 4364 2048 1669 76975 23005 16863 53970 53890 6142 2316 1881 435 379 80
internal_count=81339 4364 2048 1669 76975 23005 16863 53970 53890 6142 2316 1881 435 379 80
is_linear=0
shrinkage=0.05


Tree=140
num_leaves=16
num_cat=0
split_feature=3 12 21 11 7 11 16 8 22 11 22 12 22 17 0
split_gain=8.99682 16.0368 21.3801 16.3419 12.8261 24.8677 34.3497 32.0125 20.7732 17.2639 11.7694 7.93614 7.56056 6.77054 6.19073
threshold=-0.77259657388510605 33.750000000000007 1.0075322116595495 0.12667186044380921 2.3750000000000004 0.28140163767282411 623.1500000000002 1.0000000180025095e-35 0.96856514144734418 0.33147565027900833 0.40175914758651782 69.750000000000014 0.50241255184352929 32.500000000000007 100.50080628182536
decision_type=2 2 2 2 2 2 2 2 2 2 2 2 2 2 2
left_child=1 3 10 12 5 7 -7 -2 11 -10 -3 -6 -1 -5 -4
right_child=4 2 14 13 8 6 -8 -9 9 -11 -12 -13 -14 -15 -16
leaf_value=-0.0031652388411728448 0.00018266053264748562 -0.0018730072086123384 -0.00051091619758346916 -4.3266468740552072e-05 -0.00041745079568314831 0.00057872468116117735 -0.00022924377364089144 -0.0013581795307355368 3.9016911639258583e-05 0.000464018318058812 -0.00023585606185936304 0.0002460963089889301 0.0015787486721321534 0.0013489658996185705 -0.0016441061330539908
leaf_weight=207 4805 928 316 1934 8696 15842 3871 6286 1902 2687 7471 23469 72 2249 449
leaf_count=207 4805 928 316 1934 8696 15842 3871 6286 1902 2687 7471 23469 72 2249 449
internal_value=-5.3582e-05 -0.0012256 -0.00242252 0.00123263 0.000182806 -0.000569731 0.000495866 -0.00246371 0.000813517 0.00396056 -0.00169365 0.000364527 -0.0104839 0.0020141 -0.0104248
internal_weight=81184 13626 9164 4462 67558 30804 19713 11091 36754 4589 8399 32165 279 4183 765
internal_count=81184 13626 9164 4462 67558 30804 19713 11091 36754 4589 8399 32165 279 4183 765
is_linear=0
shrinkage=0.05


Tree=141
num_leaves=16
num_cat=0
split_feature=5 5 18 18 4 12 6 20 16 5 19 20 3 20 22
split_gain=9.8754 24.6395 22.8558 25.9218 22.491 16.5317 14.8166 26.7583 14.2911 31.5862 23.4263 11.6295 10.4934 9.51392 7.74221
threshold=-0.8781231054254196 -0.65234524191686594 41.687500000000007 97.187500000000014 -0.77259657388510627 246.15000000000003 0.14888728888808328 0.51562500000000011 2.3500000000000001 -0.62588817255938378 0.46250000000000002 7.064375000000001 1.0000000180025095e-35 1.2393750000000003 0.4980288333116083
decision_type=2 2 2 2 2 2 2 2 2 2 2 2 2 2 2
left_child=5 2 4 -4 -2 6 7 -1 9 -3 -10 -8 13 -7 -14
right_child=1 8 3 -5 -6 12 11 -9 10 -11 -12 -13 14 -15 -16
leaf_value=-0.0044375079870785971 0.00047040455116328098 0.0079727725416116387 -0.0020531600036549692 -3.1916072412618847e-05 -0.00065284058949966199 0.0050828397406923187 0.0011188908712973179 -0.00020193886644559908 -0.0016275712444006553 -0.00084173835904692302 0.00013589748443006424 -0.0069022858533457467 0.0044510042701639612 -0.00038137733268635011 0.00086738621127090967
leaf_weight=379 2070 186 4177 2343 1646 191 4870 5372 1361 8083 47519 79 501 874 1405
leaf_count=379 2070 186 4177 2343 1646 191 4870 5372 1361 8083 47519 79 501 874 1405
internal_value=-5.67509e-05 -0.000305335 -0.00256448 -0.00434816 0.000565124 0.00116853 0.000252336 -0.00147366 9.93018e-05 -0.00182307 0.000424509 0.00225803 0.00446819 0.000492958 0.0066894
internal_weight=81056 67385 10236 6520 3716 13671 10700 5751 57149 8269 48880 4949 2971 1065 1906
internal_count=81056 67385 10236 6520 3716 13671 10700 5751 57149 8269 48880 4949 2971 1065 1906
is_linear=0
shrinkage=0.05


Tree=142
num_leaves=15
num_cat=0
split_feature=5 5 10 11 9 19 6 12 15 19 16 15 19 16
split_gain=9.09087 17.9645 10.1586 16.8299 16.6111 8.94446 14.7631 9.90496 8.29988 16.3511 8.18158 6.06848 6.52177 2.57862
threshold=0.91248814248966237 0.9053161325100999 466.05000000000001 0.8527896638760083 0.96816549174263311 18.343750000000004 -0.013976481981245173 421.35000000000008 622.50000000000011 15.881250000000003 568.60000000000014 523.50000000000011 10.968750000000002 788.45000000000016
decision_type=2 2 2 2 2 2 2 2 2 2 2 2 2 2
left_child=1 2 3 -1 -4 8 7 -7 10 -10 -2 12 -3 -8
right_child=5 11 4 -5 -6 6 13 -9 9 -11 -12 -13 -14 -15
leaf_value=5.5807262229938538e-05 -0.00022464441471624493 0.0037398296743573704 -0.00024910927476241574 0.00079970000260967124 0.00089758241060023118 -0.001041052366003048 -0.0051645328321365258 0.00023635754440075598 0.00078887047271472555 -0.00066856812272489408 -0.00055661308844433548 0.0032244639559377399 0.00049727435910633811 -0.00079680479690863448
leaf_weight=60602 8413 198 6830 2086 198 603 117 171 471 150 1195 65 196 41
leaf_count=60602 8413 198 6830 2086 198 603 117 171 471 150 1195 65 196 41
internal_value=6.14734e-06 0.000216958 0.000152045 0.000354135 -0.00165054 -0.00131933 -0.00600858 -0.00316537 -0.000892072 0.00471014 -0.00125416 0.0100763 0.00774112 -0.0199367
internal_weight=81336 70175 69716 62688 7028 11161 932 774 10229 621 9608 459 394 158
internal_count=81336 70175 69716 62688 7028 11161 932 774 10229 621 9608 459 394 158
is_linear=0
shrinkage=0.05


Tree=143
num_leaves=15
num_cat=0
split_feature=2 19 5 3 17 5 5 6 17 18 4 13 18 20
split_gain=10.784 9.22791 18.7035 21.5992 13.4338 11.7496 15.4695 9.4434 5.06246 5.09783 3.33758 2.76907 2.90653 2.62071
threshold=0.071283149758447253 23.493750000000006 -0.26866367175705824 0.63405362205439464 295.50000000000006 0.91248814248966237 0.9053161325100999 -0.065537083312030994 30.500000000000004 99.937500000000014 0.16280825711809024 1.0896293995016448 92.812500000000014 1.6218750000000004
decision_type=2 2 2 2 2 2 2 2 2 2 2 2 2 2
left_child=8 5 3 -3 -4 6 -2 -7 9 10 -1 12 -10 -11
right_child=1 2 4 -5 -6 7 -8 -9 11 13 -12 -13 -14 -15
leaf_value=0.0020236002204121529 6.6555973544137059e-05 -0.00028245018219122956 -2.3992514575132965e-06 -0.0016032130786414467 0.0031675811773592688 -0.00067518009558698684 0.0021582800418822462 -3.4901690846739221e-05 0.0063277074893462572 0.0021162046945992761 0.006707402083664671 0.0004782430847060648 0.012973139014899347 -0.0040307651856491909
leaf_weight=845 60020 4072 3691 272 273 4706 432 6255 139 135 190 62 78 126
leaf_count=845 60020 4072 3691 272 273 4706 432 6255 139 135 190 62 78 126
internal_value=-8.11848e-05 -0.000162128 -0.00173929 -0.00400552 0.000744198 2.13547e-05 0.000294448 -0.00148481 0.00401587 0.00270062 0.00427536 0.0101254 0.012788 -0.00354406
internal_weight=81296 79721 8308 4344 3964 71413 60452 10961 1575 1296 1035 279 217 261
internal_count=81296 79721 8308 4344 3964 71413 60452 10961 1575 1296 1035 279 217 261
is_linear=0
shrinkage=0.05


Tree=144
num_leaves=16
num_cat=0
split_feature=16 4 10 2 15 11 22 12 22 20 21 15 5 17 15
split_gain=9.84375 27.4574 21.7851 20.0758 19.6531 18.1925 17.6501 11.5003 19.3841 20.5062 15.5177 11.8914 24.7439 18.4763 4.69321
threshold=660.05000000000007 -0.93540483100319616 443.25000000000006 0.50371808373035509 504.50000000000006 0.9262406209192392 1.0346756122897782 89.250000000000014 0.82997987403916851 1.0743750000000003 0.89095253074953418 156.50000000000003 -0.98523971305672675 61.500000000000007 367.50000000000006
decision_type=2 2 2 2 2 2 2 2 2 2 2 2 2 2 2
left_child=7 2 6 14 -5 -4 -2 11 9 -9 -10 12 -1 -13 -3
right_child=1 3 5 4 -6 -7 -8 8 10 -11 -12 13 -14 -15 -16
leaf_value=-0.0024142093815280514 0.00020242419957121617 -0.00021588307712543944 -0.00027677485466340301 0.00095501726862408658 -0.00021238585393901221 0.00078004940595969305 0.0015389012153835535 0.0012780191020588612 0.0012905833598904348 -0.00017433595848575514 9.5453537641115868e-05 -0.0023038474217441317 0.00011205417687442099 -0.00068975011116692022 -0.0012928290710470082
leaf_weight=1268 1688 147 880 325 4005 190 169 4762 4937 25806 4844 177 23816 7634 685
leaf_count=1268 1688 147 880 325 4005 190 169 4762 4937 25806 4844 177 23816 7634 685
internal_value=-3.53485e-05 -0.00169057 0.002178 -0.00388415 -0.00251732 -0.00350467 0.00545234 0.000147452 0.000713153 9.32348e-05 0.00265055 -0.000546436 -1.59464e-05 -0.00225003 -0.0109976
internal_weight=81333 8089 2927 5162 4330 1070 1857 73244 40349 30568 9781 32895 25084 7811 832
internal_count=81333 8089 2927 5162 4330 1070 1857 73244 40349 30568 9781 32895 25084 7811 832
is_linear=0
shrinkage=0.05


Tree=145
num_leaves=16
num_cat=0
split_feature=22 21 9 18 5 3 20 5 19 13 5 19 6 18 19
split_gain=9.63977 29.9724 19.5172 18.6199 28.259 20.1232 15.6563 22.3775 16.1651 15.3199 14.1379 17.2593 12.7575 6.93488 3.15953
threshold=0.96856514144734418 0.90281753674034149 0.77052697978513596 66.437500000000014 -0.96235977360714686 0.097964660725097366 2.4131250000000004 0.76696112484652035 3.1687500000000006 0.39598389517932747 0.97112537654464559 21.668750000000006 -0.99983123799342477 47.937500000000007 15.643750000000002
decision_type=2 2 2 2 2 2 2 2 2 2 2 2 2 2 2
left_child=1 3 6 4 -1 -5 8 -8 -2 14 11 -3 -11 -12 -4
right_child=2 10 9 5 -6 -7 7 -9 -10 12 13 -13 -14 -15 -16
leaf_value=0.0041183811762289524 -0.0012496800929342939 -3.835725262913148e-05 0.0023408025167569457 -0.00052365598894710816 0.00036675244013449214 0.00026087710600067592 0.0010734909131274507 7.4760483728575366e-05 0.00029486545086652299 0.0013323465331378515 -0.00061024428979174769 -0.00032089571771284632 -0.00025804097496935906 -0.0035547977166346004 0.00075172786845751488
leaf_weight=1291 1325 3886 111 24207 13560 22532 1435 1607 4410 49 282 3506 2624 433 132
leaf_count=1291 1325 3886 111 24207 13560 22532 1435 1607 4410 49 282 3506 2624 433 132
internal_value=-3.07163e-05 -0.000253598 0.00129778 0.000122585 0.00166487 -0.000367466 0.00247522 0.00537475 0.000937228 -0.00224623 -0.00311151 -0.00246212 -0.00333895 -0.00982517 0.00977366
internal_weight=81390 69697 11693 61590 14851 46739 8777 3042 5735 2916 8107 7392 2673 715 243
internal_count=81390 69697 11693 61590 14851 46739 8777 3042 5735 2916 8107 7392 2673 715 243
is_linear=0
shrinkage=0.05


Tree=146
num_leaves=15
num_cat=0
split_feature=19 13 8 10 10 20 6 6 20 20 18 13 6 0
split_gain=8.78783 16.1015 8.32802 27.4011 26.9267 24.804 18.557 9.64546 7.49841 7.36062 10.4382 8.71339 3.06046 0.15
threshold=-1.54375 0.28030347010219275 1.0000000180025095e-35 1.3500000000000003 25.950000000000006 2.6818750000000007 0.7487283477006671 0.93769647993491489 1.3656250000000003 0.81562500000000016 50.812500000000007 0.50732677589719077 0.94353349168649059 90.628251852956254
decision_type=2 2 2 2 2 2 2 2 2 2 2 2 2 2
left_child=1 12 3 7 5 -4 -6 -2 -5 11 -11 -3 -1 -14
right_child=2 9 4 8 6 -7 -8 -9 -10 10 -12 -13 13 -15
leaf_value=-0.0023093609286034462 0.00015255857911930238 -0.0033091729572715142 -0.0020018292534817387 0.0020896277586179277 -4.5165230963548077e-05 5.3487531839106762e-05 0.00092339013463573762 -0.0010900821929077681 0.0007969461831379643 -0.0012741417751547691 0.0065860601743068601 0.00038198770889203982 -0.0072977315022077251 -0.0077180831882091077
leaf_weight=41 13022 93 3774 1584 50828 2767 5130 2086 1541 42 60 109 40 80
leaf_count=41 13022 93 3774 1584 50828 2767 5130 2086 1541 42 60 109 40 80
internal_value=-8.15917e-05 -0.00693548 -4.21147e-05 0.000898097 -0.000316405 -0.00335193 3.84217e-05 1.65475e-05 0.00516 -0.000164474 0.0107843 -0.00569307 -0.0197205 -0.02375
internal_weight=81197 465 80732 18233 62499 6541 55958 15108 3125 304 102 202 161 120
internal_count=81197 465 80732 18233 62499 6541 55958 15108 3125 304 102 202 161 120
is_linear=0
shrinkage=0.05


Tree=147
num_leaves=16
num_cat=0
split_feature=22 21 6 6 16 4 5 19 18 15 6 5 18 11 0
split_gain=8.89178 26.2601 21.4992 57.9326 18.8906 18.2189 13.6909 14.3705 12.8233 10.3398 10.0877 9.27566 8.05384 3.67445 2.45348
threshold=0.96856514144734418 0.90281753674034149 0.96633974041180493 0.94353349168649059 441.55000000000007 -0.91037613702198739 0.97112537654464559 21.668750000000006 62.937500000000007 283.50000000000006 0.98174098242282837 0.14250626876356556 39.562500000000007 0.26609354145964942 205.54241145321825
decision_type=2 2 2 2 2 2 2 2 2 2 2 2 2 2 2
left_child=1 4 3 5 8 -2 7 -3 -1 -6 14 -12 -8 -5 -4
right_child=2 6 10 13 9 -7 12 -9 -10 -11 11 -13 -14 -15 -16
leaf_value=0.00056834569570369815 0.00028931499747958947 -2.5718190199711111e-05 0.0079065532123476622 -0.0078579618556759694 0.0023282660202800427 3.1078892506139492e-05 2.9723810863085955e-05 -0.00029818984649201963 -0.00020187827908646483 0.00074845388662820873 0.0031238441891369151 -0.0029961537748487092 -0.0034339360804386157 -0.0022421439283551977 0.0014208099384931117
leaf_weight=10281 2704 3876 164 212 150 8195 165 3491 44830 6283 235 85 546 105 40
leaf_count=10281 2704 3876 164 212 150 8195 165 3491 44830 6283 235 85 546 105 40
internal_value=-7.98899e-06 -0.000222631 0.00126491 0.000802425 0.000129176 0.00141527 -0.00290295 -0.00226347 -0.000170111 0.00269314 0.0111641 0.005625 -0.00952883 -0.0202681 0.0198529
internal_weight=81362 69622 11740 11216 61544 10899 8078 7367 55111 6433 524 320 711 317 204
internal_count=81362 69622 11740 11216 61544 10899 8078 7367 55111 6433 524 320 711 317 204
is_linear=0
shrinkage=0.05


Tree=148
num_leaves=15
num_cat=0
split_feature=16 20 22 4 19 15 6 2 18 22 5 5 5 6
split_gain=9.49557 21.8638 17.9977 15.7974 14.9387 14.6061 13.368 10.5447 23.1332 17.7189 12.5742 32.4706 26.3212 11.8334
threshold=654.60000000000014 3.7231250000000009 0.87342629374869396 -0.93540483100319616 14.018750000000002 540.50000000000011 -0.40613878790836594 0.34232521326905624 65.312500000000014 0.1145841159740669 0.38243310158943505 0.26866988313759588 0.534952257794027 -0.94703994556331683
decision_type=2 2 2 2 2 2 2 2 2 2 2 2 2 2
left_child=7 3 -3 4 -2 -4 -5 10 13 -10 11 -1 -12 -9
right_child=1 2 5 6 -6 -7 -8 8 9 -11 12 -13 -14 -15
leaf_value=-0.0002205504969796407 0.00071781275523045702 -0.010482873083082196 -0.00051932760114115073 -0.00017020992093727262 -4.03168727071801e-05 0.00077345054384099228 -0.00068132276395626863 0.001403275171372248 -0.0019451918435253084 3.950817653970915e-05 0.0025870046684074613 -0.0032497853010607356 -6.3044454967565997e-05 0.0006006345366707023
leaf_weight=20279 326 47 171 3680 2204 798 1152 1269 361 32546 1638 1390 7370 8124
leaf_count=20279 326 47 171 3680 2204 798 1152 1269 361 32546 1638 1390 7370 8124
internal_value=-6.48393e-05 -0.00165911 0.00521654 -0.00260799 0.000592885 0.00668215 -0.00428394 0.000118188 0.000630024 5.31802e-06 -0.000587574 -0.00124025 0.00098246 0.00281859
internal_weight=81355 8378 1016 7362 2530 969 4832 72977 42300 32907 30677 21669 9008 9393
internal_count=81355 8378 1016 7362 2530 969 4832 72977 42300 32907 30677 21669 9008 9393
is_linear=0
shrinkage=0.05


Tree=149
num_leaves=9
num_cat=0
split_feature=19 16 20 6 22 21 22 20
split_gain=7.89102 7.95405 19.9921 23.499 14.2877 9.72946 17.7443 14.3093
threshold=-5.4687499999999991 654.60000000000014 2.4631250000000007 -0.6652727025667432 0.99469066677254137 0.75510254684526801 0.955060365226584 1.2006250000000003
decision_type=2 2 2 2 2 2 2 2
left_child=-1 5 4 -4 -3 6 -2 -7
right_child=1 2 3 -5 -6 7 -8 -9
leaf_value=-0.006624233088538563 -8.796142284116446e-05 -0.00044227847028717742 0.00036675843759742532 -0.00016024431293354958 2.2467632179534738e-05 -0.00021152751791261859 -0.0045238067237183769 0.0004750607384861716
leaf_weight=43 49272 2686 1954 2550 1153 6676 272 16661
leaf_count=43 49272 2686 1954 2550 1153 6676 272 16661
internal_value=-9.81333e-05 -8.6797e-05 -0.0015492 0.00071048 -0.00420031 8.06109e-05 -0.000315881 0.000922355
internal_weight=81267 81224 8343 4504 3839 72881 49544 23337
internal_count=81267 81224 8343 4504 3839 72881 49544 23337
is_linear=0
shrinkage=0.05


Tree=150
num_leaves=15
num_cat=0
split_feature=5 5 10 9 11 6 6 19 20 15 4 15 21 0
split_gain=7.9335 17.2854 9.12111 17.3595 16.096 8.4659 9.76171 9.86744 9.39273 8.71115 7.51874 6.36627 7.2566 2.61525
threshold=0.91248814248966237 0.9053161325100999 466.05000000000001 0.96816549174263311 0.54565385475854244 0.38043945030393422 -0.065537083312030994 14.018750000000002 0.90437500000000015 176.50000000000003 -0.95642797789208689 460.50000000000006 0.47346148419415629 441.32131258915132
decision_type=2 2 2 2 2 2 2 2 2 2 2 2 2 2
left_child=1 2 4 -4 -1 6 9 -8 -7 -2 -10 12 -3 -13
right_child=5 11 3 -5 -6 8 7 -9 10 -11 -12 13 -14 -15
leaf_value=-5.1559822858668341e-05 0.00024391613318863471 0.013810806667825529 -0.00026031770949598853 0.00088209844950086491 0.00032634778601790121 0.0021529351954577393 0.00040679293492262294 -0.00040935528675219716 0.00020572393313153249 -0.00080808856419737902 -0.0028857641283712102 0.00086586176044975427 0.00065278203866112885 0.0039411542580736645
leaf_weight=46699 1347 55 6833 194 16102 48 4485 1504 88 3432 277 47 243 96
leaf_count=46699 1347 55 6833 194 16102 48 4485 1504 88 3432 277 47 243 96
internal_value=-3.06937e-05 0.000166147 0.000103827 -0.00160453 0.000294979 -0.00126778 -0.000998328 0.000346469 -0.00829298 -0.00268362 -0.0110274 0.010034 0.00587248 0.0187063
internal_weight=81450 70269 69828 7027 62801 11181 10768 5989 413 4779 365 441 298 143
internal_count=81450 70269 69828 7027 62801 11181 10768 5989 413 4779 365 441 298 143
is_linear=0
shrinkage=0.05


Tree=151
num_leaves=16
num_cat=0
split_feature=19 5 3 18 21 20 19 9 5 5 19 8 10 19 19
split_gain=9.40855 14.7633 18.0163 11.5704 15.0891 10.4442 10.3831 9.80298 14.4193 18.3338 16.6875 13.9051 20.5146 20.1869 3.17738
threshold=23.493750000000006 -0.26866367175705824 0.58216583101416142 96.937500000000014 0.90281753674034149 2.0256250000000002 28.756250000000005 0.52389775892219548 0.76696112484652035 0.7210268013660811 19.918750000000006 1.0000000180025095e-35 3.1500000000000004 -1.2187499999999998 24.881250000000005
decision_type=2 2 2 2 2 2 2 2 2 2 2 2 2 2 2
left_child=7 2 5 4 -3 -2 -5 11 9 -9 -10 12 -1 -13 -4
right_child=1 3 14 6 -6 -7 -8 8 10 -11 -12 13 -14 -15 -16
leaf_value=9.3274946074758955e-05 -0.0008655803601912371 0.0015567364814526863 -0.001661124323094329 -0.00033832541267900251 -6.6531183211901437e-05 -5.4857154555004733e-05 -0.0057131321827878145 0.00041553641131665824 4.007490575571038e-05 0.0014677549974908167 -0.00051193506349020282 -0.005790300149866332 0.0016981841076338282 -0.00025615181688623257 -0.0014139185437823333
leaf_weight=16073 1506 1461 160 437 1930 2542 139 15853 6063 845 1100 138 2170 30366 172
leaf_count=16073 1506 1461 160 437 1930 2542 139 15853 6063 845 1100 138 2170 30366 172
internal_value=2.93373e-05 -0.00156044 -0.00356164 0.000649105 0.00176202 -0.00264328 -0.00590278 0.000212098 0.0010425 0.00184753 -0.000834148 -0.000194371 0.000897605 -0.00084743 -0.014759
internal_weight=80955 8347 4380 3967 3391 4048 576 72608 23861 16698 7163 48747 18243 30504 332
internal_count=80955 8347 4380 3967 3391 4048 576 72608 23861 16698 7163 48747 18243 30504 332
is_linear=0
shrinkage=0.05


Tree=152
num_leaves=16
num_cat=0
split_feature=22 19 19 1 15 5 5 19 22 5 18 13 20 13 4
split_gain=7.26318 12.047 13.1786 9.0057 24.4366 14.776 13.2105 16.0611 12.774 8.69941 8.07369 5.74828 5.61617 5.05891 1.90859
threshold=1.1747275960650838 14.781250000000002 -0.14374999999999996 387.28301292094443 363.50000000000006 0.3342611484689354 -0.99630266176052629 12.606250000000003 1.0617335189789521 0.52033990680116082 1.0000000180025095e-35 0.55974416922385795 0.29062500000000008 0.51581659746501496 -0.032701564615071545
decision_type=2 2 2 2 2 2 2 2 2 2 2 2 2 2 2
left_child=3 2 9 4 5 -1 7 -5 -8 -2 14 -12 -4 -6 -3
right_child=1 10 12 6 13 -7 8 -9 -10 -11 11 -13 -14 -15 -16
leaf_value=-0.0003396294101526268 -0.0044792403299752457 -0.0017306120102761698 -0.0027089532572883712 -0.00053165134856960066 -0.00033274488656731549 0.00026617745028457431 4.5156558173164996e-05 0.0055480141202470584 0.0016826496544924603 0.0026522374923365678 0.0031726006603618019 -0.00073873250767292906 0.0039133656620974899 -0.0018504812559615503 -0.0020376383045751763
leaf_weight=25780 120 48 55 449 156 12562 39705 719 78 61 91 191 1005 320 50
leaf_count=25780 120 48 55 449 156 12562 39705 719 78 61 91 191 1005 320 50
internal_value=2.4573e-06 0.00331585 0.00570105 -6.48748e-05 -0.000610542 -0.000470763 0.00045237 0.00569349 0.000298494 -0.00676796 -0.00447368 -0.000177305 0.00783019 -0.0118697 -0.0168367
internal_weight=81390 1621 1241 79769 38818 38342 40951 1168 39783 181 380 282 1060 476 98
internal_count=81390 1621 1241 79769 38818 38342 40951 1168 39783 181 380 282 1060 476 98
is_linear=0
shrinkage=0.05


Tree=153
num_leaves=13
num_cat=0
split_feature=6 6 6 5 6 13 5 4 12 12 9 5
split_gain=8.46809 13.5155 22.4138 57.4442 11.9503 7.74712 7.68353 7.55164 7.07078 5.15511 4.54356 2.22798
threshold=0.99981043035926087 0.98486764554468398 0.93769647993491489 0.26866988313759588 0.7487283477006671 0.14097454659235589 0.15951094710994371 -0.88144907265856332 130.65000000000003 67.65000000000002 0.51821835186098542 1.0000000180025095e-35
decision_type=2 2 2 2 2 2 2 2 2 2 2 2
left_child=1 2 4 -4 -1 -2 8 9 -3 -7 -8 -9
right_child=5 6 3 -5 -6 7 10 11 -10 -11 -12 -13
leaf_value=-2.1257437453782447e-05 0.0046869573304377651 0.00099623048853622067 -0.00010182040926192196 -0.0045332921934205465 0.00063105227866114841 0.00023669028287595791 0.0077444537748711075 -0.0023107855538478587 -0.0039277577367425546 -0.0034189896167642442 0.0040921769251472898 -0.0051280932300739315
leaf_weight=68368 48 2467 2322 789 6869 136 90 88 41 43 59 73
leaf_count=68368 48 2467 2322 789 6869 136 90 88 41 43 59 73
internal_value=2.36507e-05 5.8947e-05 -5.99888e-05 -0.0042189 0.000111979 -0.00734536 0.00356605 -0.01 0.00291069 -0.00293296 0.0145973 -0.0178571
internal_weight=81393 81005 78348 3111 75237 388 2657 340 2508 179 149 161
internal_count=81393 81005 78348 3111 75237 388 2657 340 2508 179 149 161
is_linear=0
shrinkage=0.05


Tree=154
num_leaves=16
num_cat=0
split_feature=7 11 16 8 22 11 10 22 11 22 10 11 6 11 6
split_gain=9.67295 20.4495 30.46 22.1253 33.795 18.7641 17.9072 19.4814 23.1664 19.3173 16.1804 12.8635 9.12374 8.80297 7.30968
threshold=2.6250000000000004 0.28652592511209668 623.1500000000002 1.0000000180025095e-35 0.53904678953955576 0.75572656613960043 256.9500000000001 0.96856514144734418 0.32794679243441033 0.45036266847214002 4.0500000000000007 0.93321068758294701 0.46611290379786346 0.49886298222673381 -0.64580103137750788
decision_type=2 2 2 2 2 2 2 2 2 2 2 2 2 2 2
left_child=1 3 5 10 -5 -3 7 12 -9 13 -1 -4 -2 -8 -11
right_child=6 2 11 4 -6 -7 9 8 -10 14 -12 -13 -14 -15 -16
leaf_value=-0.00022803018511183688 0.00043890843579005856 7.7803905879397794e-05 -0.00023848370238422346 -0.00048024346858545135 -0.0042361081751266074 0.0010552293222634401 -0.0077708059926191626 0.00011160568910225933 0.00083089082476976164 5.1753498918233337e-05 0.0018089802906132157 0.00056237493612535381 -0.0002015560330458098 -0.0033871754119660091 -0.00036124135558474046
leaf_weight=4820 17286 17210 4180 5810 2416 4735 129 1855 1628 5583 869 289 10078 675 3697
leaf_count=4820 17286 17210 4180 5810 2416 4735 129 1855 1628 5583 869 289 10078 675 3697
internal_value=-4.61482e-05 -0.000595725 0.000221473 -0.00214696 -0.00380501 0.000987697 0.000495346 0.0010933 0.00461527 -0.0013338 0.000250483 -0.00354106 0.000645008 -0.00876866 -0.000689655
internal_weight=81260 40329 26414 13915 8226 21945 40931 30847 3483 10084 5689 4469 27364 804 9280
internal_count=81260 40329 26414 13915 8226 21945 40931 30847 3483 10084 5689 4469 27364 804 9280
is_linear=0
shrinkage=0.05


Tree=155
num_leaves=15
num_cat=0
split_feature=6 6 6 5 6 6 15 5 5 18 15 3 13 18
split_gain=8.15444 12.6671 26.0045 51.3856 9.91394 8.00989 13.0122 6.22771 11.0857 11.0187 5.7372 3.8779 2.85443 0.414943
threshold=0.99981043035926087 0.98486764554468398 0.93769647993491489 0.26866988313759588 0.7487283477006671 0.99999537620422141 42.500000000000007 -0.12546116083924153 -0.05695216311707673 85.937500000000014 56.500000000000007 0.47114434510950071 0.15388118765679046 99.937500000000014
decision_type=2 2 2 2 2 2 2 2 2 2 2 2 2 2
left_child=1 2 4 -4 -1 6 13 9 -9 -3 -8 12 -7 -2
right_child=5 7 3 -5 -6 11 10 8 -10 -11 -12 -13 -14 -15
leaf_value=-1.3845753294267073e-05 -0.0055791988986815038 -0.0018909387078491686 -0.00022017519931896159 -0.0043673417566511084 0.00057707760768593852 0.0053710941765668201 0.0025446561599530315 0.0036123272929509441 0.00069600572704370679 0.0045805147208857954 -0.0010898511627782507 -0.0022498919963357292 -8.6716317146198763e-06 -0.003797166044431699
leaf_weight=67889 87 204 2345 813 6943 46 40 571 1767 88 41 45 57 58
leaf_count=67889 87 204 2345 813 6943 46 40 571 1767 88 41 45 57 58
internal_value=1.29639e-05 4.71347e-05 -6.79574e-05 -0.00451235 0.000119601 -0.00735294 -0.0132743 0.00346008 0.00431993 -0.00342466 0.00277778 0.00168919 0.00703883 -0.0222414
internal_weight=80994 80620 77990 3158 74832 374 226 2630 2338 292 81 148 103 145
internal_count=80994 80620 77990 3158 74832 374 226 2630 2338 292 81 148 103 145
is_linear=0
shrinkage=0.05


Tree=156
num_leaves=13
num_cat=0
split_feature=6 6 6 5 6 11 5 5 3 6 15 13
split_gain=9.45948 9.91868 21.4967 47.9272 8.13489 7.6526 6.58515 12.1863 10.196 4.35075 4.06208 3.26565
threshold=0.99981043035926087 0.98486764554468398 0.93769647993491489 0.26866988313759588 0.7487283477006671 0.15380178588514767 -0.12546116083924153 -0.05695216311707673 1.0000000180025095e-35 0.99999537620422141 42.500000000000007 0.23398877831150952
decision_type=2 2 2 2 2 2 2 2 2 2 2 2
left_child=1 2 4 -4 -1 9 8 -8 -3 10 -2 -7
right_child=5 6 3 -5 -6 11 7 -9 -10 -11 -12 -13
leaf_value=-2.5760443076675024e-05 -0.0045269390707998996 0.0026156628067900856 -0.00018121660571610856 -0.0039723280943332346 0.00051086389351405752 0.0013628131845734256 0.0035847999251011464 0.00046741941671316626 -0.0019765682050199005 -0.00018468141497219454 -0.00069138843303183167 -0.0030462614192921129
leaf_weight=68200 120 114 2356 794 6899 66 600 1777 174 78 52 48
leaf_count=68200 120 114 2356 794 6899 66 600 1777 174 78 52 48
internal_value=-6.21324e-05 -2.59535e-05 -0.000128117 -0.0041746 4.16117e-05 -0.0081044 0.00297373 0.00383887 -0.00416667 -0.013 -0.0174419 0.00263158
internal_weight=81278 80914 78249 3150 75099 364 2665 2377 288 250 172 114
internal_count=81278 80914 78249 3150 75099 364 2665 2377 288 250 172 114
is_linear=0
shrinkage=0.05


Tree=157
num_leaves=14
num_cat=0
split_feature=6 6 6 5 6 11 5 5 18 4 3 19 5
split_gain=8.85153 9.91435 19.5171 44.4876 9.0767 7.76564 7.06227 10.5919 9.46084 3.5826 3.07332 2.71282 1.38525
threshold=0.99981043035926087 0.98486764554468398 0.93769647993491489 0.26866988313759588 0.7487283477006671 0.15380178588514767 -0.12546116083924153 -0.05695216311707673 85.937500000000014 -0.88144907265856332 -0.16280825711808958 0.84375000000000011 1.0000000180025095e-35
decision_type=2 2 2 2 2 2 2 2 2 2 2 2 2
left_child=1 2 4 -4 -1 9 8 -8 -3 11 -7 -2 -11
right_child=5 6 3 -5 -6 10 7 -9 -10 12 -12 -13 -14
leaf_value=-2.7971511657359785e-05 -0.0023527068220325319 -0.0016857721209930566 -0.00013216526586761479 -0.0039437583363190268 0.00051425570656386539 -0.00059599982224343431 0.0034032689498694688 0.00048198581115272701 0.0044588975290510702 -0.0015779862150211252 0.0012824016132823566 0.00015259294476244469 -0.0043690673347207927
leaf_weight=68209 78 210 2349 793 6897 71 596 1792 83 61 41 52 61
leaf_count=68209 78 210 2349 793 6897 71 596 1792 83 61 41 52 61
internal_value=-5.01273e-05 -1.51367e-05 -0.000117575 -0.00397836 4.39379e-05 -0.00782967 0.00297464 0.00387353 -0.00435154 -0.0126984 0.003125 -0.00692308 -0.0188525
internal_weight=81293 80929 78248 3142 75106 364 2681 2388 293 252 112 130 122
internal_count=81293 80929 78248 3142 75106 364 2681 2388 293 252 112 130 122
is_linear=0
shrinkage=0.05


Tree=158
num_leaves=16
num_cat=0
split_feature=22 21 16 6 6 4 5 20 5 19 5 11 5 15 1
split_gain=7.58798 20.5748 16.0878 15.2122 39.3717 15.9543 12.8078 12.1928 12.7145 11.5536 10.4072 9.48503 8.6573 8.06655 3.13367
threshold=0.96856514144734418 0.90281753674034149 441.55000000000007 0.96633974041180493 0.94353349168649059 -0.91037613702198739 0.19337368024598436 1.2206250000000003 0.95998215779580554 -3.9812499999999997 0.98049069993378934 0.23512483159381967 0.14250626876356556 283.50000000000006 246.532870270698
decision_type=2 2 2 2 2 2 2 2 2 2 2 2 2 2 2
left_child=1 2 9 4 5 -2 12 10 -9 -1 -3 -6 -5 -4 -8
right_child=3 7 13 6 11 -7 14 8 -10 -11 -12 -13 -14 -15 -16
leaf_value=-0.0058444068524982629 0.00025901186556471779 -0.00058513158684414535 0.0019603946630908226 0.0023271376676279182 -0.0075201507520362733 2.0848768437445322e-05 0.0083469780782624015 -6.4013233460813451e-05 -0.0019508726794067177 -6.5156296386328916e-05 -0.0066277665866333411 -0.0016459578668512804 -0.0029441905866656169 0.00065055557541775504 0.0017301124167619587
leaf_weight=47 2675 2183 146 255 186 8176 133 5145 594 55079 100 151 88 6283 43
leaf_count=47 2675 2183 146 255 186 8176 133 5145 594 55079 100 151 88 6283 43
internal_value=-5.65917e-05 -0.000254754 5.56413e-05 0.00112112 0.000732928 0.00125564 0.0094894 -0.0026365 -0.00140704 -0.000220404 -0.00572711 -0.0160979 0.00386297 0.00242262 0.0204545
internal_weight=81284 69577 61555 11707 11188 10851 519 8022 5739 55126 2283 337 343 6429 176
internal_count=81284 69577 61555 11707 11188 10851 519 8022 5739 55126 2283 337 343 6429 176
is_linear=0
shrinkage=0.05


Tree=159
num_leaves=14
num_cat=0
split_feature=6 11 8 11 7 10 5 1 15 1 6 15 20
split_gain=7.65208 8.15114 8.12118 25.6609 21.5288 20.4343 9.70557 9.68228 7.51848 3.5627 3.16054 5.76649 5.10275
threshold=0.99981043035926087 0.15380178588514767 1.0000000180025095e-35 0.089237135209845428 2.1250000000000004 1.3500000000000003 0.7210268013660811 112.00060302554107 46.500000000000007 155.32596977170891 0.99999537620422141 37.500000000000007 5.3281250000000009
decision_type=2 2 2 2 2 2 2 2 2 2 2 2 2
left_child=2 10 5 4 -4 6 -1 -5 -7 -3 11 -2 -12
right_child=1 9 3 7 -6 8 -8 -9 -10 -11 12 -13 -14
leaf_value=-0.0001634486703959548 -0.0041990852743608422 -0.0024530154340625418 -0.0029301660132516256 0.00061483110452751624 -0.00033480500177161809 0.0038484204796451513 0.00053694180235483446 -5.8217787805134315e-05 0.00083971705469475667 0.0011948588477772735 0.0025906788584931454 -0.00058354880887150355 -0.0055392333322995596
leaf_weight=11491 115 45 893 6902 1090 607 3701 53802 2542 60 42 63 41
leaf_count=11491 115 45 893 6902 1090 607 3701 53802 2542 60 42 63 41
internal_value=-2.7029e-05 -0.00724044 5.55364e-06 -0.000265207 -0.00586233 0.000930974 0.000171143 -8.23669e-05 0.0045967 0.00452381 -0.0119732 -0.0157303 -0.00391566
internal_weight=81394 366 81028 62687 1983 18341 15192 60704 3149 105 261 178 83
internal_count=81394 366 81028 62687 1983 18341 15192 60704 3149 105 261 178 83
is_linear=0
shrinkage=0.05


Tree=160
num_leaves=9
num_cat=0
split_feature=19 16 4 19 18 20 15 15
split_gain=7.14846 7.07277 21.8861 17.4166 14.2517 10.0669 23.5062 11.653
threshold=-5.4687499999999991 654.60000000000014 -0.93540483100319616 10.606250000000003 38.687500000000007 3.7456250000000009 20.500000000000004 408.50000000000006
decision_type=2 2 2 2 2 2 2 2
left_child=-1 5 3 -3 -4 7 -7 -2
right_child=1 2 4 -5 -6 6 -8 -9
leaf_value=-0.004708049828770166 5.7077879573401441e-05 0.0015322621296930518 -0.00012952369197795078 3.9866968934415552e-05 -0.00082151389896293345 -0.0021032738518697038 -0.00018183356373369168 0.00071290138667462477
leaf_weight=43 47658 243 4363 2753 989 709 14364 10269
leaf_count=43 47658 243 4363 2753 989 709 14364 10269
internal_value=3.22517e-05 4.3025e-05 -0.00133565 0.00208611 -0.00325112 0.000200685 -0.000950375 0.000500199
internal_weight=81391 81348 8348 2996 5352 73000 15073 57927
internal_count=81391 81348 8348 2996 5352 73000 15073 57927
is_linear=0
shrinkage=0.05


Tree=161
num_leaves=16
num_cat=0
split_feature=19 5 5 18 20 13 20 18 9 7 16 10 13 22 19
split_gain=7.77599 13.488 13.3254 16.5679 12.5232 11.5203 11.2197 9.75796 7.37793 13.2085 17.8216 17.67 12.3497 15.914 14.3726
threshold=23.493750000000006 0.12545942051955489 0.75580964594513067 6.8125000000000009 2.4631250000000007 0.54402649595508257 3.7881250000000009 0.93750000000000011 0.52389775892219548 2.3750000000000004 140.35000000000005 332.85000000000008 0.56324587400574067 0.81122088845107421 3.8000000000000003
decision_type=2 2 2 2 2 2 2 2 2 2 2 2 2 2 2
left_child=8 4 5 -4 7 -3 -6 -2 9 10 -1 -11 13 -10 -14
right_child=1 2 3 -5 6 -7 -8 -9 12 11 -12 -13 14 -15 -16
leaf_value=-1.041499133848517e-05 -0.00075243144251168075 0.001575538027891954 0.00061942486195961104 -0.0009072247301792403 0.00012341260508936248 0.00017757446451696635 -0.0019549660409850706 -0.00036701106094231 0.00017432258819458646 0.00024820579268338973 -0.0010864127450216394 -0.0031371611082795722 0.0024247389203341744 0.00095555854891788425 -8.3000877212119361e-05
leaf_weight=13455 313 335 63 347 2233 1177 514 3374 6656 27315 7225 844 537 5419 11483
leaf_count=13455 313 335 63 347 2233 1177 514 3374 6656 27315 7225 844 537 5419 11483
internal_value=3.25993e-05 -0.00141216 0.00226327 -0.00573171 -0.0025101 0.00443122 4.55042e-05 -0.00441416 0.000198124 -0.000155101 -0.0011146 0.000549558 0.00091409 0.00204348 -0.000220466
internal_weight=81290 8356 1922 410 6434 1512 2747 3687 72934 48839 20680 28159 24095 12075 12020
internal_count=81290 8356 1922 410 6434 1512 2747 3687 72934 48839 20680 28159 24095 12075 12020
is_linear=0
shrinkage=0.05


Tree=162
num_leaves=15
num_cat=0
split_feature=6 6 6 5 6 5 15 5 13 16 22 0 3 4
split_gain=7.35543 9.47968 17.6471 23.562 11.7676 9.39299 12.2652 7.72174 6.33384 6.17096 3.4819 1.9219 1.31635 0.016453
threshold=0.99981043035926087 0.98486764554468398 0.92519182738459482 0.26866988313759588 0.7487283477006671 1.0000000180025095e-35 37.500000000000007 0.15951094710994371 0.65956844548927873 7.2500000000000009 0.83959587146926118 154.04619378714048 0.16280825711808991 -0.88144907265856332
decision_type=2 2 2 2 2 2 2 2 2 2 2 2 2 2
left_child=1 2 4 -4 -1 9 13 8 -3 11 -9 -2 -11 -7
right_child=5 7 3 -5 -6 6 -8 10 -10 12 -12 -13 -14 -15
leaf_value=-3.621058564870494e-05 0.00099444689247183706 0.0010561636897380578 -0.00020935598669229242 -0.0025864322531593351 0.00059866811333228334 -0.0043962312741942806 0.0016064002566343863 0.0071397183748164702 -0.0020690748054715716 -0.0017015522947445801 0.0042359657190011793 0.0045275238368339384 -0.00056963555204076757 -0.0045585121932087622
leaf_weight=68203 69 2210 2678 1121 6296 40 40 109 291 40 46 44 64 77
leaf_count=68203 69 2210 2678 1121 6296 40 40 109 291 40 46 44 64 77
internal_value=-8.976e-05 -5.744e-05 -0.000157092 -0.00348118 1.24163e-05 -0.00708556 -0.0164013 0.00288027 0.00220912 -0.000345622 0.0137097 0.00774336 -0.00913462 -0.0245726
internal_weight=81328 80954 78298 3799 74499 374 157 2656 2501 217 155 113 104 117
internal_count=81328 80954 78298 3799 74499 374 157 2656 2501 217 155 113 104 117
is_linear=0
shrinkage=0.05


Tree=163
num_leaves=16
num_cat=0
split_feature=0 15 5 5 19 3 5 22 22 13 5 18 3 19 20
split_gain=7.16119 29.2124 13.7991 33.9978 25.1353 13.6037 12.6434 12.9894 11.0557 10.3633 6.60174 5.37156 5.27786 2.88898 2.13742
threshold=321.9709346175556 363.50000000000006 0.3342611484689354 0.26866988313759588 9.1062500000000028 0.97335555334614954 0.30164402523644185 1.0617335189789521 1.0002869304749129 0.51581659746501496 0.97696484778429815 97.937500000000014 0.032701564615071628 13.943750000000003 2.1618750000000007
decision_type=2 2 2 2 2 2 2 2 2 2 2 2 2 2 2
left_child=1 2 3 -1 -4 6 8 -8 -2 12 -11 13 -3 -7 -13
right_child=5 9 4 -5 -6 11 7 -9 -10 10 -12 14 -14 -15 -16
leaf_value=-0.00019621337938003359 0.00019886330335986137 0.00040443821202139634 0.0010408784034625224 -0.0034468308013645174 -0.00027877683798540611 0.00081759102366888445 -0.00013773345010124061 0.0017276278157021736 0.00052165321249063041 -0.001949111558022651 -8.7458711133633915e-05 0.0035704700163863563 -0.0016884707787194087 0.0034818537177196494 -0.0024341018739130237
leaf_weight=26282 21144 126 6780 948 7175 67 17625 74 179 374 78 58 106 174 53
leaf_count=26282 21144 126 6780 948 7175 67 17625 74 179 374 78 58 106 174 53
internal_value=-4.21575e-05 -0.000497385 -0.000327182 -0.000982372 0.000951272 0.000441916 0.000353647 -0.000634217 0.00117362 -0.0107456 -0.0151549 0.0102273 -0.00215517 0.0144191 0.00112613
internal_weight=81243 41869 41185 27230 13955 39374 39022 17699 21323 684 452 352 232 241 111
internal_count=81243 41869 41185 27230 13955 39374 39022 17699 21323 684 452 352 232 241 111
is_linear=0
shrinkage=0.05


Tree=164
num_leaves=14
num_cat=0
split_feature=2 5 5 18 12 6 19 20 11 6 3 10 17
split_gain=7.36634 6.76384 21.1698 21.7527 14.7319 13.3574 13.1219 11.9621 2.8221 1.91032 2.99688 1.02756 1.25
threshold=0.054992037015752067 -0.8781231054254196 -0.65234524191686594 47.437500000000007 238.95000000000002 -0.091258822863740666 2.6687500000000006 1.6393750000000005 0.41979351616330435 -0.27694043983797384 -0.72947329433276231 104.85000000000001 17.500000000000004
decision_type=2 2 2 2 2 2 2 2 2 2 2 2 2
left_child=8 4 3 -3 5 -2 -4 -6 9 -1 -11 -10 -13
right_child=1 2 6 -5 7 -7 -8 -9 11 10 -12 12 -14
leaf_value=0.012180301995489083 -0.00085001202671463336 5.7696172695531626e-05 -0.00059780551490207223 -0.0012883309594073048 0.0032603825777282216 0.00047820125792876205 8.6980355229132267e-05 0.0004760926012531586 0.014290266334438745 -0.0027474287480430989 0.0050094090267874692 0.0010030433909241244 0.013229152088338293
leaf_weight=45 3335 4065 8001 6164 781 7167 48840 2332 45 52 96 40 40
leaf_count=45 3335 4065 8001 6164 781 7167 48840 2332 45 52 96 40 40
internal_value=-4.78377e-05 -7.77716e-05 -0.000284032 -0.00237804 0.000938303 4.2849e-05 9.28027e-05 0.0039592 0.00754717 0.00375648 0.00101351 0.0134 0.01
internal_weight=81003 80685 67070 10229 13615 10502 56841 3113 318 193 148 125 80
internal_count=81003 80685 67070 10229 13615 10502 56841 3113 318 193 148 125 80
is_linear=0
shrinkage=0.05


Tree=165
num_leaves=15
num_cat=0
split_feature=22 4 11 12 6 6 19 20 5 22 9 20 20 19
split_gain=6.98454 9.56074 12.909 8.27587 7.77386 6.69199 14.927 21.6292 14.0102 14.2051 12.0746 6.18446 5.56054 5.45957
threshold=1.1514808641025693 -0.63405362205439475 0.26251408476114646 45.45000000000001 0.89309379682046119 -0.64580103137750788 19.918750000000006 5.3281250000000009 0.7210268013660811 0.31592674844659024 0.53528585793565375 2.6818750000000007 0.90437500000000015 7.6562500000000009
decision_type=2 2 2 2 2 2 2 2 2 2 2 2 2 2
left_child=5 2 -2 4 -3 8 10 -8 9 -1 -7 -10 -4 -5
right_child=1 3 12 13 -6 6 7 -9 11 -11 -12 -13 -14 -15
leaf_value=-0.0010225720034108558 -0.0033513396558978977 0.0011128439085028197 0.0011539620712960553 0.00096667191025326675 -0.0022646075742823292 -0.0001880838439764332 -0.00035493350178501527 0.0082927602519257126 0.00038561639351043233 0.00013954486984131266 0.00025132462182459321 0.0023111570917756399 0.0099043325298256504 -0.0018139534899479948
leaf_weight=2036 76 1255 125 40 103 36625 4660 81 408 23598 11796 322 191 81
leaf_count=2036 76 1255 125 40 103 36625 4660 81 408 23598 11796 322 191 81
internal_value=-1.32069e-05 0.00300641 0.00994898 0.00116633 0.00228277 -8.42492e-05 -0.000407246 -0.00308479 0.000567061 0.000372552 -0.000145082 0.00739726 0.0143987 -0.0113636
internal_weight=81397 1871 392 1479 1358 79526 53162 4741 26364 25634 48421 730 316 121
internal_count=81397 1871 392 1479 1358 79526 53162 4741 26364 25634 48421 730 316 121
is_linear=0
shrinkage=0.05


Tree=166
num_leaves=16
num_cat=0
split_feature=2 19 15 1 13 22 2 13 15 20 19 17 6 5 20
split_gain=7.17203 9.8062 13.6194 21.9969 12.8116 8.75138 7.32194 8.42977 6.74264 9.20007 7.85485 5.57053 4.58285 9.49391 3.55955
threshold=0.86386093431986388 23.393750000000004 548.50000000000011 270.97884227572234 0.68769027318916287 0.93873121736646759 0.078267929288525093 0.07223230506449535 341.50000000000006 3.4893750000000008 14.093750000000002 30.500000000000004 -0.99052477729077237 0.056951373111866731 3.2981250000000006
decision_type=2 2 2 2 2 2 2 2 2 2 2 2 2 2 2
left_child=1 6 3 -3 -4 8 11 -8 10 -10 -2 -1 13 -7 -14
right_child=5 2 4 -5 -6 12 7 -9 9 -11 -12 -13 14 -15 -16
leaf_value=0.0011771875132299964 -0.0013461742599771801 -0.00093545282716946685 0.00015490623080539613 0.00042074845592057764 -0.00030183869442895197 0.00042732719714330962 -0.0014043430243795181 4.3832741562666035e-06 0.00073968211610889742 -0.0016998604344172332 0.0037556017195324756 0.0052790952330408012 0.0004074487121968451 -0.00069960162188793535 0.0010742501260272679
leaf_weight=1748 54 1216 710 3115 2789 96 1654 66827 1268 720 396 424 177 47 90
leaf_count=1748 54 1216 710 3115 2789 96 1654 66827 1268 720 396 424 177 47 90
internal_value=-7.71539e-05 -0.000166597 -0.00184547 2.88617e-05 -0.00416548 0.00238764 1.94613e-05 -7.11876e-05 0.00125103 0 0.00677778 0.00287753 0.00914634 0.00192308 0.013015
internal_weight=81331 78483 7830 4331 3499 2848 70653 68481 2438 1988 450 2172 410 143 267
internal_count=81331 78483 7830 4331 3499 2848 70653 68481 2438 1988 450 2172 410 143 267
is_linear=0
shrinkage=0.05


Tree=167
num_leaves=13
num_cat=0
split_feature=6 6 6 18 11 6 13 6 10 13 6 15
split_gain=6.80519 10.1808 15.8595 11.2855 9.41506 9.00246 7.80803 10.8461 7.69727 4.95317 4.89286 7.04605
threshold=0.99981043035926087 0.98486764554468398 0.98174098242282837 96.937500000000014 0.15380178588514767 0.92519182738459482 0.61085895158875358 0.99611390731392835 2.2500000000000004 0.34993156030820621 0.99999537620422141 37.500000000000007
decision_type=2 2 2 2 2 2 2 2 2 2 2 2
left_child=1 2 5 -4 10 -1 8 -8 -3 -6 11 -2
right_child=4 6 3 -5 9 -7 7 -9 -10 -11 -12 -13
leaf_value=1.2552454801405268e-05 -0.0038727516093072008 0.00031582034225312029 -0.0028069443502499987 0.0054140108726065455 0.0014697900680420907 -0.00082833740694979456 0.0023332701967689775 -0.0033166935940011025 0.0022040950404850846 -0.0031394809858289172 -0.00013049897685247225 -0.00045972919244207587
leaf_weight=74600 118 1000 246 50 72 3493 167 257 1242 40 79 64
leaf_count=74600 118 1000 246 50 72 3493 167 257 1242 40 79 64
internal_value=-3.1316e-05 -3.08433e-07 -0.00010365 -0.0116554 -0.00676944 -5.98645e-05 0.00303826 -0.00318396 0.00421499 0.00535714 -0.0119732 -0.0164835
internal_weight=81428 81055 78389 296 373 78093 2666 424 2242 112 261 182
internal_count=81428 81055 78389 296 373 78093 2666 424 2242 112 261 182
is_linear=0
shrinkage=0.05


Tree=168
num_leaves=9
num_cat=0
split_feature=19 6 6 15 6 6 5 3
split_gain=6.52558 6.03306 7.0801 13.1481 6.11852 14.3481 7.21055 4.14369
threshold=-5.4687499999999991 0.99981043035926087 0.99999537620422141 37.500000000000007 0.98486764554468398 0.97263757644091875 0.15951094710994371 0.47114434510950071
decision_type=2 2 2 2 2 2 2 2
left_child=-1 4 3 -3 5 -2 -6 -4
right_child=1 2 7 -5 6 -7 -8 -9
leaf_value=-0.0040161469228318855 -6.0284102064517292e-06 -0.0037820000379612286 0.0015886381080180896 0.00017229086594855447 0.00043110309388131457 -0.0017405635539728627 0.0063511895311050533 -0.0043205847626129005
leaf_weight=44 77188 130 105 91 2524 1005 161 43
leaf_count=44 77188 130 105 91 2524 1005 161 43
internal_value=-6.79657e-05 -5.75406e-05 -0.00643631 -0.0121041 -2.84379e-05 -0.000109025 0.00231844 0.00202703
internal_weight=81291 81247 369 221 80878 78193 2685 148
internal_count=81291 81247 369 221 80878 78193 2685 148
is_linear=0
shrinkage=0.05


Tree=169
num_leaves=15
num_cat=0
split_feature=16 20 9 22 2 15 22 3 5 5 2 3 6 6
split_gain=6.99932 25.3279 13.4496 16.0702 10.5266 25.0519 20.2969 22.1863 19.1006 16.9282 10.5165 7.94559 6.77982 5.31348
threshold=757.70000000000016 3.7231250000000009 0.81050008041644084 0.96856514144734418 0.42246796305136108 344.50000000000006 0.955060365226584 0.58216583101416142 0.3342611484689354 0.28519915169571858 0.88260884969310893 -0.58216583101416142 -0.031174269516803289 0.56901594657981336
decision_type=2 2 2 2 2 2 2 2 2 2 2 2 2 2
left_child=4 2 3 -2 5 8 9 -8 -1 -6 -4 -3 -13 -7
right_child=1 11 10 -5 6 13 7 -9 -10 -11 -12 12 -14 -15
leaf_value=-0.00033164030584646731 -0.00032503121843016625 -0.00066903389278477339 -0.00036737297705378703 2.7796869273211124e-05 0.00042493748370771582 -0.0014716655954835319 0.00078851437281126648 -0.0001466400211183605 0.00031555971281975459 -0.00033917158666375434 0.00020277538259186879 0.00047072686599045624 0.0013142159555706275 0.00044147751599007967
leaf_weight=25992 915 42 871 1987 19263 580 1594 903 13207 15237 78 381 148 45
leaf_count=25992 915 42 871 1987 19263 580 1594 903 13207 15237 78 381 148 45
internal_value=-5.56971e-05 -0.00199005 -0.00344716 -0.00175741 5.56488e-05 -0.000508487 0.000662892 0.00501602 -0.000350136 0.000347826 -0.00861433 0.00783713 0.00949905 -0.01044
internal_weight=81243 4422 3851 2902 76821 39824 36997 2497 39199 34500 949 571 529 625
internal_count=81243 4422 3851 2902 76821 39824 36997 2497 39199 34500 949 571 529 625
is_linear=0
shrinkage=0.05


Tree=170
num_leaves=15
num_cat=0
split_feature=2 13 19 5 5 16 16 17 18 12 4 18 16 3
split_gain=6.54794 7.9518 16.4974 10.2128 6.54648 13.1792 12.682 5.07139 4.83803 4.02102 2.71467 2.29168 2.95812 0.0563239
threshold=0.071283149758447253 0.052991996561862202 -1.0562499999999997 -0.98214942551678475 0.8697513045430848 887.05000000000007 870.85000000000014 30.500000000000004 99.687500000000014 2.5500000000000003 0.16280825711809024 96.937500000000014 120.75000000000001 0.47114434510950071
decision_type=2 2 2 2 2 2 2 2 2 2 2 2 2 2
left_child=7 2 13 -4 5 -3 -6 8 10 -10 -1 12 -9 -2
right_child=1 4 3 -5 6 -7 -8 11 9 -11 -12 -13 -14 -15
leaf_value=0.0016804062128169929 -0.006542068229946036 3.5054649084725889e-05 -0.003112088583058485 -0.00046298057241543486 -0.0002366839739439214 -0.00030425339864725842 0.00024630590841402401 -0.0030614993587103098 -0.0038860680816207062 -0.0004619350910276706 0.0057225030647451774 0.010582812379254828 0.0057919254546778187 -0.0047398030997385914
leaf_weight=840 56 65015 104 957 13102 84 280 62 67 232 184 66 146 41
leaf_count=840 56 65015 104 957 13102 84 280 62 67 232 184 66 146 41
internal_value=-5.47787e-05 -0.000118347 -0.00423143 -0.00242696 -5.76573e-05 0.000149388 -0.00106486 0.00311522 0.00183296 -0.00376254 0.0034668 0.00930657 0.00673077 -0.0239691
internal_weight=81236 79639 1158 1061 78481 65099 13382 1597 1323 299 1024 274 208 97
internal_count=81236 79639 1158 1061 78481 65099 13382 1597 1323 299 1024 274 208 97
is_linear=0
shrinkage=0.05


Tree=171
num_leaves=9
num_cat=0
split_feature=19 3 16 10 22 11 19 13
split_gain=6.52818 6.00051 8.21702 6.00426 16.9209 12.9974 3.06666 1.19762
threshold=-5.4687499999999991 0.99892946161930185 506.00000000000006 256.9500000000001 0.37986553897203074 0.4393184273755209 8.3812500000000032 0.46693065233714331
decision_type=2 2 2 2 2 2 2 2
left_child=-1 3 6 5 -5 -2 -3 -4
right_child=1 2 7 4 -6 -7 -8 -9
leaf_value=-0.0034288017077464491 -5.7715712549109843e-05 0.0019878108911902878 -0.0013141855017860084 -0.0044320558706796315 -6.4342503877704021e-05 0.00031238537425514194 -0.00091715165789350926 -0.0019484096942140124
leaf_weight=44 43782 112 54 788 20028 15734 450 78
leaf_count=44 43782 112 54 788 20028 15734 450 78
internal_value=-6.41421e-05 -5.36865e-05 -0.004683 -1.36932e-05 -0.00074462 0.000241952 -0.00204626 -0.0159091
internal_weight=81070 81026 694 80332 20816 59516 562 132
internal_count=81070 81026 694 80332 20816 59516 562 132
is_linear=0
shrinkage=0.05


Tree=172
num_leaves=16
num_cat=0
split_feature=16 20 6 6 3 11 12 20 22 6 15 22 15 3 22
split_gain=7.06694 19.8072 18.4808 17.0608 13.8259 12.226 8.72526 28.5155 24.1163 20.6951 6.76767 15.2493 11.2414 5.67503 0.227957
threshold=654.60000000000014 2.4631250000000007 -0.99938741687870725 1.0000000180025095e-35 -0.68322629814330804 0.86753702545146505 246.15000000000003 1.5631250000000005 0.9591057205142951 -0.96234030595689413 408.50000000000006 0.81637714676284501 335.50000000000006 -0.81241147629688981 1.0029399748860188
decision_type=2 2 2 2 2 2 2 2 2 2 2 2 2 2 2
left_child=6 4 14 -4 13 -6 10 9 -9 -8 12 -12 -1 -2 -3
right_child=1 2 3 -5 5 -7 7 8 -10 -11 11 -13 -14 -15 -16
leaf_value=-4.6830767213582036e-05 -3.7006202654510382e-06 0.0017936427292036595 -4.761296051492559e-05 0.00085856810588765551 -0.00024544033827431647 -0.00055808936761924115 0.0028241244558032622 -2.6923994052129727e-05 0.0013053508107868234 0.0011046827460011886 -0.00028292065078346502 0.0017850070758840487 -0.00097570470691291664 0.0007859140449532954 0.00120686607650064
leaf_weight=47877 99 40 3798 628 3167 396 617 14218 270 2129 2872 1527 3329 109 53
leaf_count=47877 99 40 3798 628 3167 396 617 14218 270 2129 2872 1527 3329 109 53
internal_value=-5.82406e-05 -0.0014415 0.000791104 0.00032761 -0.00411695 -0.00484844 9.91914e-05 0.00108216 0.000196715 0.00575382 -0.000205467 0.00167652 -0.000367144 0.00841346 0.0228495
internal_weight=81129 8290 4519 4426 3771 3563 72839 17234 14488 2746 55605 4399 51206 208 93
internal_count=81129 8290 4519 4426 3771 3563 72839 17234 14488 2746 55605 4399 51206 208 93
is_linear=0
shrinkage=0.05


Tree=173
num_leaves=16
num_cat=0
split_feature=2 18 19 19 15 3 13 1 15 5 3 20 5 1 1
split_gain=6.73667 7.82965 9.09379 6.72569 13.0464 18.4716 12.3668 7.30311 22.1641 20.1967 6.10129 5.98817 3.92959 2.85326 0.491055
threshold=0.86386093431986388 19.937500000000004 26.343750000000004 23.031250000000004 548.50000000000011 -0.9103761370219875 0.68769027318916287 539.57530530599058 494.50000000000006 -0.25205528343633254 0.097964660725097366 3.4393750000000005 -0.031173458710879235 881.32549481136391 885.72605178898823
decision_type=2 2 2 2 2 2 2 2 2 2 2 2 2 2 2
left_child=3 2 14 7 5 -5 -6 8 -1 -9 11 -3 -12 -4 -2
right_child=1 10 13 4 6 -7 -8 9 -10 -11 12 -13 -14 -15 -16
leaf_value=-4.7732903959407663e-05 0.00090166126452539963 0.00053753485060077937 -0.00025245269640254697 -0.00060156739251608778 0.00015793984731986012 0.0005867541650081882 -0.00027671005199773614 0.00096585825212518466 -0.00080458139695999131 -5.0460240054378551e-05 0.0025777179249214413 -0.0017276089832338583 0.0003981458666557414 0.00019566410543970516 0.0014479384846035226
leaf_weight=49557 43 594 42 1776 786 3070 2969 6379 670 13407 411 441 1129 96 61
leaf_count=49557 43 594 42 1776 786 3070 2969 6379 670 13407 411 441 1129 96 61
internal_value=-5.06564e-05 0.00235179 0.0109504 -0.000136744 -0.00145623 0.000257945 -0.00366844 2.53524e-05 -0.00029516 0.000838977 0.00154369 -0.00142512 0.00353896 0.00253623 0.0221154
internal_weight=81431 2817 242 78614 8601 4846 3755 70013 50227 19786 2575 1035 1540 138 104
internal_count=81431 2817 242 78614 8601 4846 3755 70013 50227 19786 2575 1035 1540 138 104
is_linear=0
shrinkage=0.05


Tree=174
num_leaves=16
num_cat=0
split_feature=22 21 7 18 5 4 3 12 21 6 5 3 19 20 13
split_gain=8.24543 22.0419 15.471 15.2773 29.0607 15.1426 14.7853 14.3984 12.6326 12.0893 22.5519 14.1953 9.46774 9.37923 5.40051
threshold=0.96698013714576991 0.89095253074953418 3.1250000000000004 66.437500000000014 -0.96235977360714686 -0.58216583101416164 0.032701564615071628 36.45000000000001 1.0392045756306625 -0.9575230291762723 0.14250626876356556 0.41248606129204562 -0.38124999999999992 1.7343750000000004 0.37618827331237742
decision_type=2 2 2 2 2 2 2 2 2 2 2 2 2 2 2
left_child=1 3 7 4 -1 13 -5 12 -9 10 -3 -11 -2 -4 -7
right_child=2 9 5 6 -6 14 -8 8 -10 11 -12 -13 -14 -15 -16
leaf_value=0.0039304873905243341 -0.0016184829298592719 -0.00016117072658930476 9.8432965496975117e-05 -0.00049540529711963042 0.00029070948449905486 0.0015616454871061891 0.00018611957467531832 -5.8523383740485828e-05 -0.00088679207468711225 -0.00021641598944620866 0.0010750263165102414 -0.0010246784754456785 0.0013611689546266016 0.00053995895286795825 -0.00032522232597704122
leaf_weight=1196 167 1245 1112 22758 13022 263 23338 4444 661 4418 416 2727 1907 2115 1282
leaf_count=1196 167 1245 1112 22758 13022 263 23338 4444 661 4418 416 2727 1907 2115 1282
internal_value=-7.67845e-05 -0.000286458 0.00113589 5.47137e-05 0.00148755 0.00334241 -0.000387235 -0.000330826 -0.00175808 -0.00262321 0.00121915 -0.00351645 0.00318226 0.00529129 -0.000728155
internal_weight=81071 69120 11951 60314 14218 4772 46096 7179 5105 8806 1661 7145 2074 3227 1545
internal_count=81071 69120 11951 60314 14218 4772 46096 7179 5105 8806 1661 7145 2074 3227 1545
is_linear=0
shrinkage=0.05


Tree=175
num_leaves=16
num_cat=0
split_feature=22 21 7 12 4 4 16 19 20 20 13 6 19 15 13
split_gain=6.56151 21.0479 15.3695 11.8771 13.9749 11.5788 10.59 10.1614 9.48552 8.91958 11.9107 11.4332 8.08741 7.48187 6.12721
threshold=0.96856514144734418 0.90281753674034149 3.1250000000000004 36.45000000000001 -0.55557023301960251 -0.55557023301960251 441.55000000000007 -3.9812499999999997 1.7693750000000004 1.2206250000000003 0.51875660534642742 -0.99628250747696534 -0.2937499999999999 283.50000000000006 0.37618827331237742
decision_type=2 2 2 2 2 2 2 2 2 2 2 2 2 2 2
left_child=1 6 3 12 -5 8 7 -1 -4 11 -11 -3 -2 -8 -7
right_child=2 9 5 4 -6 14 13 -9 -10 10 -12 -13 -14 -15 -16
leaf_value=-0.0043359506545394555 -0.0012512648082826788 0.00032857633311277339 8.7436361554121827e-05 4.752596494983497e-06 -0.00065960673418922762 0.0019175254728682702 0.002066738237455948 -3.5156302120786796e-05 0.00053545229254679805 0.00039151907281622105 -0.0002606787643199826 -0.00081131190854694113 0.0013086794716163045 0.00057307989266889854 -0.00032482753415829515
leaf_weight=41 157 125 1179 3360 1643 248 142 55038 2056 1809 3957 2118 1914 6258 1159
leaf_count=41 157 125 1179 3360 1643 248 142 55038 2056 1809 3957 2118 1914 6258 1159
internal_value=-2.33979e-05 -0.00020795 0.00107118 -0.000395816 -0.00171397 0.00330676 0.000106134 -0.000117558 0.00495363 -0.00261893 -0.00157822 -0.00529425 0.00278851 0.00203125 -0.000479744
internal_weight=81204 69488 11716 7074 5003 4642 61479 55079 3235 8009 5766 2243 2071 6400 1407
internal_count=81204 69488 11716 7074 5003 4642 61479 55079 3235 8009 5766 2243 2071 6400 1407
is_linear=0
shrinkage=0.05


Tree=176
num_leaves=16
num_cat=0
split_feature=2 18 8 11 7 10 19 13 6 19 21 22 5 1 19
split_gain=6.93948 9.83887 7.85945 25.841 22.5012 18.5805 14.6461 11.1814 9.73755 6.99285 5.10775 8.67949 8.65495 3.12317 0.724304
threshold=0.86386093431986388 19.937500000000004 1.0000000180025095e-35 0.089237135209845428 2.1250000000000004 3.1500000000000004 -0.50624999999999987 0.56324587400574067 0.93769647993491489 26.343750000000004 0.45121984760207767 0.31592674844659024 1.0000000180025095e-35 885.72605178898823 23.631250000000005
decision_type=2 2 2 2 2 2 2 2 2 2 2 2 2 2 2
left_child=2 9 5 4 -4 8 -7 -5 -1 14 11 -3 -12 -11 -2
right_child=1 10 3 7 -6 6 -8 -9 -10 13 12 -13 -14 -15 -16
leaf_value=0.00021024530952403199 0.0014754090517404839 -0.00047583145445979637 -0.002783252850522203 0.00012279998265608412 -0.00034652278969711796 0.0058083070077041684 0.00079971852558049237 -0.00013945926641546481 -0.00093081334985893474 -0.00019515902172945188 0.0015830184247849711 0.003613019391909833 -0.00050912251032233797 0.00025741920983825273 0.00037946534865662684
leaf_weight=13749 61 187 871 32502 1053 312 2004 25366 2499 51 672 376 1356 82 49
leaf_count=13749 61 187 871 32502 1053 312 2004 25366 2499 51 672 376 1356 82 49
internal_value=-1.35485e-05 0.00241708 -0.00010146 -0.000380486 -0.00608108 0.000797242 0.00498705 -0.000190952 0.000200025 0.012037 0.00151486 0.00572824 0.000345168 0.00432331 0.0213636
internal_weight=81190 2834 78356 59792 1924 18564 2316 57868 16248 243 2591 563 2028 133 110
internal_count=81190 2834 78356 59792 1924 18564 2316 57868 16248 243 2591 563 2028 133 110
is_linear=0
shrinkage=0.05


Tree=177
num_leaves=14
num_cat=0
split_feature=13 19 5 20 7 21 11 16 11 3 20 22 3
split_gain=7.77346 16.3095 9.86345 7.99582 5.01146 15.2253 22.9192 13.7075 23.8388 9.67381 9.25645 4.32067 0.379902
threshold=0.07223230506449535 -1.0562499999999997 -0.98214942551678475 5.470625000000001 2.8750000000000004 0.75510254684526801 0.40831780593799355 623.1500000000002 0.634538650086935 -0.68322629814330804 1.2006250000000003 0.50767568754822878 0.58216583101416142
decision_type=2 2 2 2 2 2 2 2 2 2 2 2 2
left_child=1 12 11 -4 7 6 -6 8 -2 -9 -7 -3 -1
right_child=4 2 3 -5 5 10 -8 9 -10 -11 -12 -13 -14
leaf_value=-0.0061748809891946296 -0.00019876034204215355 -0.0027790194479505254 -1.6795151991089163e-05 -0.0021275058186435215 0.00028024931085688656 -7.1280852107963313e-05 -0.001197176731506279 0.00044068416985561525 0.00070045351544548444 -0.00019163372408879665 0.00033536316517735479 3.0727298220495362e-05 -0.0040282313398895967
leaf_weight=62 29108 129 1638 112 15131 3075 7198 318 8664 4611 11097 41 40
leaf_count=62 29108 129 1638 112 15131 3075 7198 318 8664 4611 11097 41 40
internal_value=-4.92465e-06 -0.00306627 -0.00203125 -0.000914286 7.32305e-05 0.000503411 -0.000310135 -0.00029449 2.91221e-05 -0.0027744 0.00178521 -0.0135294 -0.022549
internal_weight=81224 2022 1920 1750 79202 36501 22329 42701 37772 4929 14172 170 102
internal_count=81224 2022 1920 1750 79202 36501 22329 42701 37772 4929 14172 170 102
is_linear=0
shrinkage=0.05


Tree=178
num_leaves=16
num_cat=0
split_feature=5 5 22 9 5 6 3 15 21 15 0 6 15 0 20
split_gain=6.16278 14.932 9.95402 16.4445 15.0051 9.35012 8.89016 7.51962 8.11014 7.11725 9.80342 7.06742 6.74954 4.96897 1.15132
threshold=0.91248814248966237 0.9053161325100999 0.99469066677254137 0.81463164640036478 0.86113431103781346 0.38043945030393422 -0.41248606129204529 460.50000000000006 0.47346148419415629 28.500000000000004 55.62046728846893 -0.26867065956352881 283.50000000000006 434.80136972232953 3.2518750000000005
decision_type=2 2 2 2 2 2 2 2 2 2 2 2 2 2 2
left_child=1 2 4 -4 -1 9 14 8 -3 11 -11 -2 -8 -9 -7
right_child=5 7 3 -5 -6 6 12 13 -10 10 -12 -13 -14 -15 -16
leaf_value=-3.8708046658203486e-06 0.0017105703584379462 0.012919637582801291 0.00040472058019843662 -0.00024932728801058682 -0.0016851317208039008 -0.010221234408851494 0.0029389544052821435 0.00070370490352591195 0.00021621492043302217 0.0026133904383960961 -0.0001681140877325682 -0.0034260795762193902 -0.0012089945935988779 0.0041604280478158449 -0.0015503057963624847
leaf_weight=62067 71 58 5185 1086 1487 51 70 40 241 426 9970 313 203 103 84
leaf_count=62067 71 58 5185 1086 1487 51 70 40 241 426 9970 313 203 103 84
internal_value=-5.86213e-05 0.000114919 5.6928e-05 0.00195742 -0.000130598 -0.00114855 -0.00857843 0.00927602 0.00476589 -0.000867347 -0.000620431 -0.00755208 -0.00338828 0.0187063 -0.0190741
internal_weight=81455 70267 69825 6271 63554 11188 408 442 299 10780 10396 384 273 143 135
internal_count=81455 70267 69825 6271 63554 11188 408 442 299 10780 10396 384 273 143 135
is_linear=0
shrinkage=0.05


Tree=179
num_leaves=15
num_cat=0
split_feature=5 6 18 21 6 22 21 5 20 20 18 10 16 4
split_gain=6.15679 14.8849 11.0946 14.1391 10.9843 10.0613 9.93046 8.81272 7.79639 7.00249 27.1129 8.12633 4.03548 3.21757
threshold=0.96687895796550427 -0.16799793862756093 5.9375000000000009 1.0121088194996311 -0.15101602693478741 0.7341583334375138 0.90281753674034149 0.96465729447553372 3.9518750000000007 3.7881250000000009 28.187500000000004 338.55000000000001 40.350000000000001 -0.84874750804349175
decision_type=2 2 2 2 2 2 2 2 2 2 2 2 2 2
left_child=7 5 3 -3 -4 8 -7 9 -2 11 -11 -1 -9 -14
right_child=1 2 4 -5 -6 6 -8 12 -10 10 -12 -13 13 -15
leaf_value=0.00015251488982370167 -0.0026292199540990028 -0.00091919898011016965 0.0045774589947815136 -0.00010236766145241272 2.124656246882406e-05 0.00079330977771749085 -0.0016979095912515508 -0.00071643818806143298 -0.0013327193087816381 0.0010260233757360627 -0.0004647446656295053 -0.00010620596660727567 0.0023482815002079994 0.0010005498302486317
leaf_weight=49189 421 176 135 737 4575 302 222 46 231 379 12827 11941 67 113
leaf_count=49189 421 176 135 737 4575 302 222 46 231 379 12827 11941 67 113
internal_value=-3.41073e-05 -0.00147448 -0.000404588 -0.00544907 0.000573248 -0.00659014 -0.0014313 9.72345e-05 -0.0107362 6.72622e-05 -0.000976829 0.000292819 0.00995575 0.0133333
internal_weight=81361 6799 5623 913 4710 1176 524 74562 652 74336 13206 61130 226 180
internal_count=81361 6799 5623 913 4710 1176 524 74562 652 74336 13206 61130 226 180
is_linear=0
shrinkage=0.05


Tree=180
num_leaves=15
num_cat=0
split_feature=9 10 18 10 16 11 11 7 7 12 22 11 20 13
split_gain=6.7912 15.5227 12.3376 9.31482 13.9201 11.8113 11.7176 11.0297 10.1361 8.47865 7.24556 4.23311 4.67952 0.314339
threshold=0.90230665866437232 28.650000000000002 6.8125000000000009 474.15000000000003 746.45000000000016 0.83274085651431828 0.93910193871088665 0.62500000000000011 2.3750000000000004 47.250000000000007 0.38722073562583198 1.1374882056746016 2.8256250000000005 0.37323646860335113
decision_type=2 2 2 2 2 2 2 2 2 2 2 2 2 2
left_child=3 2 13 5 10 8 -6 -7 -1 -4 -5 12 -3 -2
right_child=1 11 9 4 6 7 -8 -9 -10 -11 -12 -13 -14 -15
leaf_value=-0.00018464139650381517 -0.012042980218355391 0.00018505461354152432 0.0045460063328425842 -0.0077938534245938001 -0.00029110557712563325 0.0011051690609155897 0.00088358978816439069 0.00019758233322076659 0.00011367860163702948 -0.001519605734028362 -0.00010754156159614171 0.0069449053013654477 0.00069762725238665122 -0.0017141470763673229
leaf_weight=31697 47 647 65 104 1039 513 56 2452 38716 221 4944 61 633 42
leaf_count=31697 47 647 65 104 1039 513 56 2452 38716 221 4944 61 633 42
internal_value=-5.26238e-05 0.00305944 -0.00593333 -0.00011978 -0.00199007 3.67958e-05 -0.00710046 0.00312816 -9.33776e-05 -0.000874126 -0.000881537 0.0055742 0.00496094 -0.022191
internal_weight=81237 1716 375 79521 6143 73378 1095 2965 70413 286 5048 1341 1280 89
internal_count=81237 1716 375 79521 6143 73378 1095 2965 70413 286 5048 1341 1280 89
is_linear=0
shrinkage=0.05


Tree=181
num_leaves=16
num_cat=0
split_feature=3 7 11 16 8 22 13 11 12 11 0 22 16 20 12
split_gain=5.60357 9.15309 21.5956 26.94 15.6715 13.356 15.6181 13.809 8.98356 11.7787 10.9016 9.55161 12.7865 11.9165 3.64528
threshold=-0.77259657388510605 2.1250000000000004 0.28140163767282411 204.75000000000003 1.0000000180025095e-35 0.81924015842869291 0.59698841391104474 0.40831780593799355 13.050000000000002 0.12667186044380921 103.4277918810386 0.40175914758651782 10.450000000000001 0.70062500000000016 5.8500000000000005
decision_type=2 2 2 2 2 2 2 2 2 2 2 2 2 2 2
left_child=8 2 4 -4 -2 7 -7 -3 9 14 -11 13 -13 -10 -1
right_child=1 5 3 -5 -6 6 -8 -9 11 10 -12 12 -14 -15 -16
leaf_value=-0.0034064678886834635 -8.0905220123633777e-06 0.00026577226748138313 0.001158384949470176 -0.0001395383189716798 -0.0011110186333816413 0.001056433264971965 3.9670419069165469e-05 -0.00087251825453752438 0.0027624742551976447 0.0026710685414305241 -0.0059306483101915289 0.0021390949612388023 -0.00030441340707913908 -0.0017738046669157808 -0.00031492359733004268
leaf_weight=78 4071 19168 6546 11508 5779 5086 7461 7995 135 1414 69 727 9956 1219 59
leaf_count=78 4071 19168 6546 11508 5779 5086 7461 7995 135 1414 69 727 9956 1219 59
internal_value=-4.09125e-05 0.00014568 -0.000548308 0.000479118 -0.00243147 0.000633342 0.00198255 1.01241e-05 -0.000964707 0.00253086 0.0038267 -0.00143516 -0.000933726 -0.00539143 -0.0114964
internal_weight=81271 67614 27904 18054 9850 39710 12547 27163 13657 1620 1483 12037 10683 1354 137
internal_count=81271 67614 27904 18054 9850 39710 12547 27163 13657 1620 1483 12037 10683 1354 137
is_linear=0
shrinkage=0.05


Tree=182
num_leaves=16
num_cat=0
split_feature=9 10 18 19 5 20 5 12 18 15 18 9 20 17 13
split_gain=6.64589 11.9157 11.0942 6.59227 9.2515 12.5093 9.22226 6.25318 5.82327 25.1935 15.6211 5.03207 6.75601 5.32654 0.278266
threshold=0.90230665866437232 28.650000000000002 4.9375000000000009 23.493750000000006 0.12545942051955489 2.0256250000000002 0.75580964594513067 36.45000000000001 98.062500000000014 20.500000000000004 85.312500000000014 0.96816549174263311 1.6756250000000004 71.500000000000014 0.35349836220023151
decision_type=2 2 2 2 2 2 2 2 2 2 2 2 2 2 2
left_child=3 2 14 8 5 -5 -6 -4 10 -10 -1 12 -3 -13 -2
right_child=1 11 7 4 6 -7 -8 -9 9 -11 -12 13 -14 -15 -16
leaf_value=7.1049810798935739e-05 -0.011581783786134649 0.0016769266048955345 0.0043756576521933781 -0.00049418964620031593 0.0003239415402569973 -4.0907132431458608e-05 -0.00031985917912216721 -0.00084150399253267178 -0.0016620471184650917 0.00039776946274277527 -0.00065026196525383786 -0.00031093623063159492 0.00012989176157985894 0.0010481662150918503 -0.0016680652909947082
leaf_weight=36426 41 259 60 2473 1196 3774 417 237 1727 19929 13900 46 824 233 43
leaf_count=36426 41 259 60 2473 1196 3774 417 237 1727 19929 13900 46 824 233 43
internal_value=-2.7885e-05 0.00302639 -0.00479003 -9.45618e-05 -0.00146947 -0.00234112 0.00190639 -0.000252525 5.55694e-05 0.000741134 -0.000239439 0.00521292 0.00367036 0.0112007 -0.0208333
internal_weight=81585 1743 381 79842 7860 6247 1613 297 71982 21656 50326 1362 1083 279 84
internal_count=81585 1743 381 79842 7860 6247 1613 297 71982 21656 50326 1362 1083 279 84
is_linear=0
shrinkage=0.05


Tree=183
num_leaves=15
num_cat=0
split_feature=6 5 22 16 6 6 18 5 10 5 6 0 12 13
split_gain=5.38315 10.3061 8.49382 7.03995 6.32624 14.7689 10.2572 6.91783 16.2926 12.0501 6.29055 1.77794 1.04917 0.015099
threshold=0.99981043035926087 1.0000000180025095e-35 0.22311696133537165 7.2500000000000009 0.98486764554468398 0.98174098242282837 59.062500000000007 0.12545942051955489 72.750000000000014 0.074116354202380205 0.93769647993491489 154.04619378714048 22.950000000000006 0.28335079069232427
decision_type=2 2 2 2 2 2 2 2 2 2 2 2 2 2
left_child=4 3 13 11 5 10 -7 9 -9 -6 -1 -2 -5 -3
right_child=1 2 -4 12 7 6 -8 8 -10 -11 -12 -13 -14 -15
leaf_value=-3.3592168702384351e-06 0.00062549121606121779 -0.0031936691624324613 0.00024629007835231913 -0.0032210372688044053 0.0010416699420095197 -0.0027326297534786218 0.00057493944925267055 0.0075141189907721789 -0.0011741950362578358 -0.001998158484936341 -0.00084050180843614356 0.0046817821995082665 -0.00038376281299228602 -0.0038324060213601936
leaf_weight=75083 74 40 48 47 1740 211 82 297 165 446 2821 47 58 61
leaf_count=75083 74 40 48 47 1740 211 82 297 165 446 2821 47 58 61
internal_value=-8.98793e-05 -0.00606667 -0.0162752 0.000663717 -6.2156e-05 -0.000143548 -0.0113481 0.00234139 0.00790043 0.00116651 -0.000101407 0.0088843 -0.00880952 -0.024505
internal_weight=81220 375 149 226 80845 78197 293 2648 462 2186 77904 121 105 101
internal_count=81220 375 149 226 80845 78197 293 2648 462 2186 77904 121 105 101
is_linear=0
shrinkage=0.05


Tree=184
num_leaves=14
num_cat=0
split_feature=19 13 20 6 19 21 18 2 22 3 21 18 20
split_gain=5.75016 14.6849 7.39801 6.11307 5.58881 11.4315 13.6641 11.4452 10.433 19.1174 14.0451 5.20714 0.531895
threshold=-1.73125 0.22034151767475771 0.85187500000000016 0.8852232634113919 21.981250000000006 0.89681153326855478 94.437500000000014 0.88579628971768642 0.86257055245193748 0.41248606129204562 0.88683061143832986 58.062500000000007 0.49562500000000004
decision_type=2 2 2 2 2 2 2 2 2 2 2 2 2
left_child=1 12 3 -3 8 6 -6 -7 10 -10 -2 -4 -1
right_child=4 2 11 -5 5 7 -8 -9 9 -11 -12 -13 -14
leaf_value=-0.0038754690177542025 4.9703212230134406e-07 -0.0031811792059616138 -4.155724486315238e-05 0.00027017855070230259 0.00058283152100075959 -0.00017043334896654772 -0.00095553646928376321 0.00041564122442867282 0.00043016808017349309 -9.7632812183023895e-05 -0.0026902200404454318 0.0052075778154673184 -0.0062011498230574698
leaf_weight=63 50526 92 42 136 4007 5678 2663 218 9683 6955 1203 48 41
leaf_count=63 50526 92 42 136 4007 5678 2663 218 9683 6955 1203 48 41
internal_value=1.56721e-05 -0.00580569 -0.000471698 -0.00526316 4.60257e-05 -0.000923126 0.000494753 -0.00252714 0.000224158 0.00131326 -0.000126138 0.0116667 -0.0221154
internal_weight=81355 422 318 228 80933 12566 6670 5896 68367 16638 51729 90 104
internal_count=81355 422 318 228 80933 12566 6670 5896 68367 16638 51729 90 104
is_linear=0
shrinkage=0.05


Tree=185
num_leaves=8
num_cat=0
split_feature=19 6 13 6 6 5 4
split_gain=6.59394 6.27932 6.49221 5.74616 13.1877 6.58109 4.2729
threshold=-5.4687499999999991 0.99981043035926087 0.14097454659235589 0.98486764554468398 0.97263757644091875 0.15951094710994371 -0.91037613702198739
decision_type=2 2 2 2 2 2 2
left_child=-1 3 -3 4 -2 -5 -4
right_child=1 2 6 5 -6 -7 -8
leaf_value=-0.0024894122492797113 1.3736912934655954e-05 0.0047578370793292168 -0.0005552112949205795 0.00053609018155623134 -0.0015661475655819185 0.0053469358115506294 -0.00300053512980399
leaf_weight=44 77198 42 140 2503 1023 160 176
leaf_count=44 77198 42 140 2503 1023 160 176
internal_value=3.26009e-05 4.30812e-05 -0.00656425 7.23258e-05 -5.43332e-06 0.00235637 -0.00901899
internal_weight=81286 81242 358 80884 78221 2663 316
internal_count=81286 81242 358 80884 78221 2663 316
is_linear=0
shrinkage=0.05


Tree=186
num_leaves=15
num_cat=0
split_feature=3 16 6 19 20 5 10 9 17 20 20 13 19 9
split_gain=6.40386 7.15839 6.67626 19.9394 16.5188 12.3811 13.2833 10.0413 7.43758 3.51691 5.62393 1.8305 1.02648 0.05
threshold=0.99892946161930185 506.00000000000006 -0.64580103137750788 19.918750000000006 5.3281250000000009 0.7210268013660811 216.90000000000001 0.53528585793565375 82.500000000000014 0.55812500000000009 2.0943750000000008 0.46693065233714331 12.181250000000002 0.45597348934326803
decision_type=2 2 2 2 2 2 2 2 2 2 2 2 2 2
left_child=2 9 5 7 -5 6 -1 -4 -7 12 -11 -3 -2 -13
right_child=1 11 3 4 -6 8 -8 -9 -10 10 -12 13 -14 -15
leaf_value=0.00045119383890552812 -0.0035795907814208969 -0.0012323671072584253 -0.00012963960648297579 -0.00037828588893762676 0.0065869121491893895 -0.00037115729743505136 -9.0903563660556252e-05 0.00024689491420390453 0.0014640362241740924 0.00061313978532001601 -0.0013542955331493135 -0.0018795996282558514 -0.00081541937763528758 -0.0017349004338868671
leaf_weight=12235 43 53 37008 4692 76 147 13180 12453 629 308 165 40 51 40
leaf_count=12235 43 53 37008 4692 76 147 13180 12453 629 308 165 40 51 40
internal_value=-2.40385e-05 -0.00478571 1.74086e-05 -0.000299194 -0.00338716 0.000672941 0.000482982 -1.51635e-06 0.00689433 -0.00233686 -0.000581395 -0.0152256 -0.0111702 -0.02
internal_weight=81120 700 80420 54229 4768 26191 25415 49461 776 567 473 133 94 80
internal_count=81120 700 80420 54229 4768 26191 25415 49461 776 567 473 133 94 80
is_linear=0
shrinkage=0.05


Tree=187
num_leaves=14
num_cat=0
split_feature=6 9 6 6 18 13 5 13 22 4 19 5 15
split_gain=6.01154 8.2044 6.07157 11.9732 17.0236 7.76701 7.2814 6.19293 3.93979 3.23958 3.95618 3.20382 1.8456
threshold=0.99981043035926087 0.13997968757694565 0.98486764554468398 0.98005052076767474 59.062500000000007 0.086091695980022476 0.15951094710994371 0.58055991873540658 0.83959587146926118 -0.91037613702198739 0.84375000000000011 1.0000000180025095e-35 33.500000000000007
decision_type=2 2 2 2 2 2 2 2 2 2 2 2 2
left_child=2 9 3 5 -5 -1 7 -4 -8 10 -2 -11 -3
right_child=1 12 6 4 -6 -7 8 -9 -10 11 -12 -13 -14
leaf_value=-0.00098383613845114582 -0.0016243676324698309 -0.00031148973718856873 0.001032816460031162 -0.002437693612180747 0.0011347229789326785 5.23840229376682e-06 0.0063448356459325341 -0.00097196730675663259 0.0018403602849626694 -0.00070762269230828935 0.0011971444282637455 -0.0030249061108551913 0.00073686825352367038
leaf_weight=2492 62 56 2024 283 153 75345 105 486 48 78 50 81 51
leaf_count=2492 62 56 2024 283 153 75345 105 486 48 78 50 81 51
internal_value=-5.84155e-05 -0.00634921 -2.90353e-05 -0.000108914 -0.00837156 -6.26309e-05 0.00231881 0.00167331 0.0129085 -0.0109779 -0.00446429 -0.015566 0.00537383
internal_weight=81314 378 80936 78273 436 77837 2663 2510 153 271 112 159 107
internal_count=81314 378 80936 78273 436 77837 2663 2510 153 271 112 159 107
is_linear=0
shrinkage=0.05


Tree=188
num_leaves=15
num_cat=0
split_feature=6 5 15 6 6 18 5 5 4 1 16 0 7 7
split_gain=5.72975 8.36635 13.2753 5.5665 11.059 12.5524 6.58947 13.2633 13.0295 5.73016 4.94554 2.46832 1.89958 0.0642857
threshold=0.99981043035926087 1.0000000180025095e-35 37.500000000000007 0.98486764554468398 0.98174098242282837 96.937500000000014 0.12545942051955489 0.074116354202380205 -0.81241147629689003 284.83828466744865 7.2500000000000009 154.04619378714048 3.6250000000000004 1.8750000000000002
decision_type=2 2 2 2 2 2 2 2 2 2 2 2 2 2
left_child=3 10 13 4 9 -6 7 -5 -8 -1 11 -2 -12 -3
right_child=1 2 -4 6 5 -7 8 -9 -10 -11 12 -13 -14 -15
leaf_value=-0.00017961930377433655 0.00029005019186900682 -0.0029049719239748525 0.0021498467394749782 0.001020136844974269 -0.002320216513054349 0.0056409015622513317 0.00066906117762103039 -0.002029251583263439 0.0091320092008971739 4.6431706864424886e-05 -0.00022839679531813409 0.0035313498634563841 -0.0022024255342846218 -0.0037205611046470174
leaf_weight=26939 73 40 41 1774 244 46 287 439 165 51183 60 48 41 72
leaf_count=26939 73 40 41 1774 244 46 287 439 165 51183 60 48 41 72
internal_value=-3.37622e-05 -0.0062 -0.0151961 -5.24193e-06 -8.16202e-05 -0.00982759 0.00224203 0.00111839 0.00774336 -4.54417e-05 0 0.00681818 -0.00816832 -0.0241071
internal_weight=81452 375 153 81077 78412 290 2665 2213 452 78122 222 121 101 112
internal_count=81452 375 153 81077 78412 290 2665 2213 452 78122 222 121 101 112
is_linear=0
shrinkage=0.05


Tree=189
num_leaves=15
num_cat=0
split_feature=6 19 20 5 5 12 10 12 11 7 7 4 20 21
split_gain=5.81435 17.9102 13.6245 12.2839 11.7728 16.0189 11.88 9.60514 9.30586 12.3988 11.0796 7.01124 5.49505 2.99598
threshold=-0.64580103137750788 19.918750000000006 0.67937500000000017 0.7210268013660811 0.69676570133721638 139.35000000000002 181.80000000000004 107.85000000000001 0.64929931624025206 0.37500000000000006 2.3750000000000004 1.0000000180025095e-35 4.4006250000000007 0.88683061143832986
decision_type=2 2 2 2 2 2 2 2 2 2 2 2 2 2
left_child=3 8 13 4 6 -6 -1 -4 10 -10 -2 12 -5 -3
right_child=1 2 7 11 5 -7 -8 -9 9 -11 -12 -13 -14 -15
leaf_value=0.00047949699117300629 -0.00032753759546170352 0.0037839858902811055 -0.0016089454346515986 0.0012559079727256673 0.0010403823676452845 -0.0039994416899733851 -5.273352401902881e-05 -0.00019904713215076477 0.0018623299229000802 0.00017885775608588451 0.00014676964004969319 -0.0009784423465727277 -0.0035540341624031805 0.00014128416285635881
leaf_weight=11138 18314 49 1017 649 194 343 14096 3527 870 6402 24330 73 53 129
leaf_count=11138 18314 49 1017 649 194 343 14096 3527 870 6402 24330 73 53 129
internal_value=6.15885e-05 -0.000233354 -0.00317662 0.000668651 0.000482131 -0.00684358 0.000638028 -0.00370819 4.50757e-05 0.00169829 -0.000236845 0.00687097 0.00840456 0.0103933
internal_weight=81184 54638 4722 26546 25771 537 25234 4544 49916 7272 42644 775 702 178
internal_count=81184 54638 4722 26546 25771 537 25234 4544 49916 7272 42644 775 702 178
is_linear=0
shrinkage=0.05


Tree=190
num_leaves=16
num_cat=0
split_feature=6 19 6 22 5 10 5 12 16 4 11 10 3 18 7
split_gain=5.94851 16.0751 15.1262 12.4187 16.2244 18.2635 13.7467 16.2874 14.1483 11.8053 10.3007 10.6915 9.69707 9.06067 0.0534884
threshold=-0.64580103137750788 19.806250000000006 -0.013976481981245173 0.42172708390400521 -0.55657520495441892 1.0500000000000003 0.64579916509010216 412.05000000000001 78.15000000000002 -0.63405362205439475 0.70875988035401705 12.750000000000002 -0.8814490726585632 98.062500000000014 2.6250000000000004
decision_type=2 2 2 2 2 2 2 2 2 2 2 2 2 2 2
left_child=3 10 9 4 12 -6 7 -5 -8 -3 13 -12 -1 -2 -4
right_child=1 2 14 6 5 -7 8 -9 -10 -11 11 -13 -14 -15 -16
leaf_value=-0.001280046238675231 -0.00023958445103689082 -8.3181799915410537e-05 -0.0029576002066151841 0.00038749033551300772 -0.0042208956434109258 -0.00051194365482579163 -0.0023459387404990706 -0.00013610599900297783 0.0013893513074980102 -0.001187766801637627 -0.0051981277541111566 0.00039688317550849316 0.0060551444879077326 0.00018605689365798483 -0.0050168291313102166
leaf_weight=75 30318 3321 40 14627 436 2973 185 6353 1679 1464 104 5658 219 13704 46
leaf_count=75 30318 3321 40 14627 436 2973 185 6353 1679 1464 104 5658 219 13704 46
internal_value=-1.41622e-05 -0.000312414 -0.00305379 0.000599879 -0.00208615 -0.00305808 0.00103528 0.000669685 0.00515021 -0.00268025 -4.41909e-05 0.00194377 0.00918367 -0.000304393 -0.0238372
internal_weight=81202 54655 4871 26547 3703 3409 22844 20980 1864 4785 49784 5762 294 44022 86
internal_count=81202 54655 4871 26547 3703 3409 22844 20980 1864 4785 49784 5762 294 44022 86
is_linear=0
shrinkage=0.05


Tree=191
num_leaves=15
num_cat=0
split_feature=5 6 21 15 5 18 17 5 20 6 6 0 16 4
split_gain=5.31261 13.6582 12.1938 13.2261 12.3105 11.0325 9.25407 8.34092 6.49057 8.26821 7.18953 6.2911 3.51744 2.3288
threshold=0.96687895796550427 -0.16799793862756093 0.89424800540525662 632.50000000000011 0.97696484778429815 64.187500000000014 292.50000000000006 0.96465729447553372 6.1281250000000007 0.89309379682046119 0.99981043035926087 244.64478958319822 40.350000000000001 -0.84874750804349175
decision_type=2 2 2 2 2 2 2 2 2 2 2 2 2 2
left_child=7 5 4 -4 -3 11 -7 8 10 -10 -1 -2 -9 -14
right_child=1 2 3 -5 -6 6 -8 12 9 -11 -12 -13 13 -15
leaf_value=2.3348598661913913e-05 -0.0021510346418867942 0.0044621697754853255 -0.00052160550108715784 0.00011444633102848379 0.00031127090942688622 -0.0019143559002138832 0.0014772984685189729 -0.00080759577809838556 -0.0022824118359990168 0.0007866405089196727 -0.001305756614208678 0.0027873719789082321 0.0021253072218065244 0.00096719464563424376
leaf_weight=73124 46 219 1897 661 2945 988 43 43 506 220 321 116 66 106
leaf_count=73124 46 219 1897 661 2945 988 43 43 506 220 321 116 66 106
internal_value=-7.34923e-05 -0.00139913 -0.000384481 -0.00295152 0.0016909 -0.00626572 -0.00817168 4.97405e-05 2.12347e-05 -0.0046832 6.77378e-05 0.0058642 0.00988372 0.0130814
internal_weight=81301 6915 5722 2558 3164 1193 1031 74386 74171 726 73445 162 215 172
internal_count=81301 6915 5722 2558 3164 1193 1031 74386 74171 726 73445 162 215 172
is_linear=0
shrinkage=0.05


Tree=192
num_leaves=16
num_cat=0
split_feature=16 4 19 6 21 3 20 2 22 13 9 10 19 21 7
split_gain=6.57079 15.7197 15.7581 13.2621 11.7734 10.9483 9.92375 7.45138 14.3596 14.9321 12.2867 13.2032 12.3069 10.2705 6.65991
threshold=654.60000000000014 -0.93540483100319616 10.168750000000003 -0.40613878790836594 0.99185011748463714 0.63405362205439464 1.5256250000000005 0.33467382799034445 0.93673794425898937 0.55332268111159155 0.78367562756358067 43.050000000000004 15.406250000000004 0.89095253074953418 3.3750000000000004
decision_type=2 2 2 2 2 2 2 2 2 2 2 2 2 2 2
left_child=7 2 6 4 -3 -5 -2 10 13 -10 11 -1 -12 -9 -4
right_child=1 3 14 5 -6 -7 -8 8 9 -11 12 -13 -14 -15 -16
leaf_value=-0.00036952827403649303 -0.0031401955768099346 -0.00020320469430641365 -6.193865089114681e-05 -0.00030323250814513205 0.00016433539975320156 -0.0013078741300915743 0.0016003099999995886 0.00017485859682779062 0.0015789745911881259 0.00017564802328136065 0.00025408047656501342 0.00033849613310197316 -0.00114756572014027 -0.00049991499710773108 0.00016035053125755818
leaf_weight=15361 40 2898 1692 1028 1007 407 195 38314 837 1627 762 12125 1643 2384 1080
leaf_count=15361 40 2898 1692 1028 1007 407 195 38314 837 1627 762 12125 1643 2384 1080
internal_value=-5.77396e-05 -0.00138673 0.00150482 -0.00301498 -0.00150448 -0.00712544 0.0139362 9.41098e-05 0.000514341 0.00422078 -0.000512696 -0.000212836 -0.00393971 0.000289941 0.000450938
internal_weight=81400 8347 3007 5340 3905 1435 235 73053 43162 2464 29891 27486 2405 40698 2772
internal_count=81400 8347 3007 5340 3905 1435 235 73053 43162 2464 29891 27486 2405 40698 2772
is_linear=0
shrinkage=0.05


Tree=193
num_leaves=16
num_cat=0
split_feature=5 5 6 3 15 4 16 22 5 9 16 13 13 3 20
split_gain=5.41099 16.0216 8.56819 8.33136 8.06874 6.3992 11.0251 6.1128 12.5318 12.0467 6.10854 12.0273 10.2563 1.35352 1.24051
threshold=0.91248814248966237 0.9053161325100999 0.38043945030393422 -0.41248606129204529 283.50000000000006 -0.93540483100319616 648.6500000000002 0.99469066677254137 0.8697513045430848 0.81463164640036478 10.450000000000001 0.43721522589125023 0.52196767006118094 -0.097964660725097089 3.2518750000000005
decision_type=2 2 2 2 2 2 2 2 2 2 2 2 2 2 2
left_child=1 7 10 14 -5 13 -7 8 -1 -9 12 -12 -2 -3 -4
right_child=2 5 3 4 -6 6 -8 9 -10 -11 11 -13 -14 -15 -16
leaf_value=-6.4108212237401485e-07 -0.0014043004229152335 0.001390647669421491 -0.0095570226032907837 0.0029401787840235508 -0.0012324144958908657 0.0017668800751119318 -0.0023131504389473259 0.00031331274409691082 -0.0014050210458132414 -0.00022498074993341501 0.00065757369794623992 -0.00026226103072418683 0.0011958508465571742 0.0078186820717862267 -0.0015488042415901405
leaf_weight=62421 867 41 49 74 208 297 42 5157 1164 1042 3848 5745 353 69 79
leaf_count=62421 867 41 49 74 208 297 42 5157 1164 1042 3848 5745 353 69 79
internal_value=-5.64722e-05 0.000106431 -0.00107592 -0.00817073 -0.00336879 0.00952116 0.00612094 4.58558e-05 -0.000100259 0.0015446 -0.000806899 -0.000383092 -0.00413934 0.02 -0.01875
internal_weight=81456 70233 11223 410 282 449 339 69784 63585 6199 10813 9593 1220 110 128
internal_count=81456 70233 11223 410 282 449 339 69784 63585 6199 10813 9593 1220 110 128
is_linear=0
shrinkage=0.05


Tree=194
num_leaves=13
num_cat=0
split_feature=5 16 10 6 7 19 11 15 11 22 12 17
split_gain=5.54595 11.9917 9.8962 18.6462 13.4271 8.38213 18.57 12.6371 13.6204 12.7276 11.651 11.1371
threshold=0.8697513045430848 887.05000000000007 76.050000000000026 0.36447543099728863 2.1250000000000004 15.481250000000003 0.82157523751099237 627.50000000000011 0.87456191980232445 1.2561972416294529 90.450000000000003 310.50000000000006
decision_type=2 2 2 2 2 2 2 2 2 2 2 2
left_child=1 2 4 -4 -1 7 11 9 -9 -2 -8 -7
right_child=5 -3 3 -5 -6 6 10 8 -10 -11 -12 -13
leaf_value=-0.00052926105739198044 -0.00020207672339888488 -0.00041771134149861668 4.8153667527506277e-05 0.00105085435534589 8.0993180173416512e-05 -0.00066717049700237287 -0.0014794845384166644 0.0010867835852898077 -0.00036707633424957201 0.0025163396345668585 0.00031228227871149539 0.0021012797114913885
leaf_weight=11318 9860 79 29591 5816 20851 2365 112 339 79 254 575 63
leaf_count=11318 9860 79 29591 5816 20851 2365 112 339 79 254 575 63
internal_value=-2.02947e-05 0.000165176 0.000187937 0.000764679 -0.000446859 -0.000939767 -0.0032183 -0.000265856 0.00825359 -0.000617955 0.0040393 -0.00527183
internal_weight=81302 67655 67576 35407 32169 13647 3115 10532 418 10114 687 2428
internal_count=81302 67655 67576 35407 32169 13647 3115 10532 418 10114 687 2428
is_linear=0
shrinkage=0.05


Tree=195
num_leaves=9
num_cat=0
split_feature=19 12 22 16 22 12 5 5
split_gain=6.34308 5.36104 8.64913 7.037 13.6033 5.3806 5.13247 3.89787
threshold=-5.4687499999999991 632.25000000000011 0.74839037964735244 654.60000000000014 0.9713888976263666 476.85000000000008 -0.21861968191509915 -0.20180236284700911
decision_type=2 2 2 2 2 2 2 2
left_child=-1 3 7 5 -5 -2 -4 -3
right_child=1 2 6 4 -6 -7 -8 -9
leaf_value=-0.0023567906279415886 7.4193691295168515e-05 0.0043952129175982681 -0.00068572062031994625 -0.00026038932217354872 1.9899604059864243e-05 -0.00050462371869370865 0.0005569750585976502 -0.0020728343760260935
leaf_weight=43 68373 43 62 3640 4415 4005 454 192
leaf_count=43 68373 43 62 3640 4415 4005 454 192
internal_value=1.2619e-05 2.27877e-05 0.0042277 -1.64733e-05 -0.00141837 0.000139545 0.00784884 -0.0037234
internal_weight=81227 81184 751 80433 8055 72378 516 235
internal_count=81227 81184 751 80433 8055 72378 516 235
is_linear=0
shrinkage=0.05


Tree=196
num_leaves=15
num_cat=0
split_feature=22 19 20 13 6 3 16 6 19 10 18 11 18 12
split_gain=6.93037 7.00611 9.53471 6.43936 6.29847 5.65138 6.9182 5.46525 13.5106 11.4072 5.05299 4.64433 3.41186 2.45984
threshold=1.2561972416294529 14.556250000000004 1.4656250000000004 0.55663250965864286 0.61067742788105683 0.99892946161930185 333.55000000000007 -0.64580103137750788 19.918750000000006 211.35000000000002 65.687500000000014 0.40507786932123163 0.43750000000000006 54.150000000000006
decision_type=2 2 2 2 2 2 2 2 2 2 2 2 2 2
left_child=5 2 4 -3 -2 7 11 9 -9 -1 -4 -7 -5 -8
right_child=1 3 10 12 -6 6 13 8 -10 -11 -12 -13 -14 -15
leaf_value=0.00040567234355030625 0.0028988034106956443 0.0043022218420697977 0.0022395799363702008 -0.00085641398612312791 -0.0013567130710847365 -0.00085606930399264182 -0.00019454633898386144 -2.6331843290733348e-05 -0.00027424749501372969 -7.1965648807884039e-05 0.011664832061003293 0.0023645336737915055 -0.00058552942639368284 -0.0015686395091088893
leaf_weight=12539 251 62 211 48 220 363 54 48529 4727 13704 104 96 166 194
leaf_count=12539 251 62 211 48 220 363 54 48529 4727 13704 104 96 166 194
internal_value=-5.78333e-05 0.0039548 0.00636132 -0.00289855 0.00185775 -0.000110964 -0.00456153 -7.13845e-05 -0.0003624 0.000519186 0.0130952 -0.000925926 -0.00700935 -0.0112903
internal_weight=81268 1062 786 276 471 80206 707 79499 53256 26243 315 459 214 248
internal_count=81268 1062 786 276 471 80206 707 79499 53256 26243 315 459 214 248
is_linear=0
shrinkage=0.05


Tree=197
num_leaves=15
num_cat=0
split_feature=2 3 18 21 2 22 20 19 18 15 19 18 4 12
split_gain=5.63738 5.74964 19.0105 15.2041 13.1638 7.5647 20.5465 11.6879 4.42415 2.94003 3.07788 2.83514 3.14226 3.04941
threshold=0.071283149758447253 -0.8814490726585632 33.062500000000007 0.27678017581438669 0.18690755086793212 1.0617335189789521 1.5631250000000005 -2.7562499999999996 99.687500000000014 28.500000000000004 5.1312500000000005 92.187500000000014 0.16280825711809024 12.150000000000002
decision_type=2 2 2 2 2 2 2 2 2 2 2 2 2 2
left_child=8 2 4 -4 -2 7 -7 -3 11 10 -10 12 -1 -13
right_child=1 5 3 -5 -6 6 -8 -9 9 -11 -12 13 -14 -15
leaf_value=0.00062027946237114273 -0.00018414678992367817 -0.0033521494367320008 -0.0018804742018831604 0.00016298446210757101 -0.001230373231619382 -0.00013451177548458039 0.0021663557246369646 4.905831888951662e-06 0.0033602094094494512 0.0073272107628175685 -0.0035822496226620704 0.006437380727445651 0.0058160484063477626 -0.00018643628871784502
leaf_weight=778 743 144 817 6200 842 1328 782 68693 66 50 217 200 204 72
leaf_count=778 743 144 817 6200 842 1328 782 68693 66 50 217 200 204 72
internal_value=-4.92999e-06 -6.37972e-05 -0.00128458 -0.00016745 -0.00623028 8.42178e-05 0.00303318 -6.17401e-06 0.00294581 -0.00217718 -0.00415194 0.00430622 0.00305499 0.00882353
internal_weight=81136 79549 8602 7017 1585 70947 2110 68837 1587 333 283 1254 982 272
internal_count=81136 79549 8602 7017 1585 70947 2110 68837 1587 333 283 1254 982 272
is_linear=0
shrinkage=0.05


Tree=198
num_leaves=9
num_cat=0
split_feature=19 3 12 22 10 22 19 7
split_gain=5.57644 5.13882 9.52482 22.4573 10.2637 8.67735 14.4567 4.90079
threshold=-5.4687499999999991 -0.81241147629688981 33.750000000000007 1.0175984756127823 21.150000000000002 1.1514808641025693 -0.14374999999999996 2.6250000000000004
decision_type=2 2 2 2 2 2 2 2
left_child=-1 2 4 -4 -2 7 -7 -3
right_child=1 5 3 -5 -6 6 -8 -9
leaf_value=-0.0019267311942457834 -0.0024947846078979155 -6.3754113094782738e-05 -0.0002896324814473515 -0.00095309083086264493 0.00054920201633517349 -0.0015751789259703013 0.0037598757688974138 0.00010609622628138805
leaf_weight=43 149 33788 7204 722 4013 190 809 34382
leaf_count=43 149 33788 7204 722 4013 190 809 34382
internal_value=-2.21402e-05 -1.26143e-05 -0.000963766 -0.00198082 0.00097309 0.000153609 0.00477978 8.58149e-05
internal_weight=81300 81257 12088 7926 4162 69169 999 68170
internal_count=81300 81257 12088 7926 4162 69169 999 68170
is_linear=0
shrinkage=0.05


Tree=199
num_leaves=16
num_cat=0
split_feature=6 22 5 16 6 21 22 19 6 12 5 18 15 18 20
split_gain=5.93465 12.3243 14.3201 14.8976 11.952 14.4864 12.4694 12.0869 11.585 16.9046 15.3865 10.5735 21.9857 12.9431 10.0692
threshold=-0.64580103137750788 0.54421993449831618 0.65883702558178847 13.350000000000003 -0.56369940867848845 1.0121088194996311 0.76200375371267037 17.343750000000004 -0.69676771491221523 502.35000000000008 0.69676570133721638 98.062500000000014 20.500000000000004 70.687500000000014 2.4631250000000007
decision_type=2 2 2 2 2 2 2 2 2 2 2 2 2 2 2
left_child=1 8 3 -3 5 6 -2 -7 10 -10 -1 13 -13 -6 -4
right_child=4 2 14 -5 11 7 -8 -9 9 -11 -12 12 -14 -15 -16
leaf_value=-0.00058739797607349213 -0.0035054574111921563 0.0056204956521874244 0.00047377488989320816 9.6656117811610989e-05 3.7097012454623271e-05 -9.7127444252892442e-05 4.0526016541697629e-05 -0.00084575370212231502 0.0041033668395816254 -0.0039634025111527195 -0.0026056356479922196 -0.0016154206959892977 0.00045444811011295454 -0.00063569890226160145 0.0016915594001044006
leaf_weight=5543 667 327 884 18579 21043 210 1779 313 326 78 131 1435 13527 15660 664
leaf_count=5543 667 327 884 18579 21043 210 1779 313 326 78 131 1435 13527 15660 664
internal_value=-1.04724e-05 0.000603045 0.00119048 0.000811912 -0.000308416 -0.0033934 -0.00177841 -0.0109465 -0.00137381 0.00680693 -0.00195629 -0.000131133 0.000989173 -0.000587827 0.00581395
internal_weight=81166 26532 20454 18906 54634 2969 2446 523 6078 404 5674 51665 14962 36703 1548
internal_count=81166 26532 20454 18906 54634 2969 2446 523 6078 404 5674 51665 14962 36703 1548
is_linear=0
shrinkage=0.05


Tree=200
num_leaves=16
num_cat=0
split_feature=17 6 20 17 15 15 15 17 22 21 6 1 22 15 19
split_gain=5.52881 12.0035 9.81014 9.50594 11.8735 9.80548 5.7208 5.64563 9.17917 15.6884 7.8368 7.46066 18.8642 15.9084 1.94405
threshold=307.50000000000006 -0.78324956448884031 4.4006250000000007 333.50000000000006 587.50000000000011 540.50000000000011 609.50000000000011 241.50000000000003 0.7649119762205564 0.66683367292104756 0.2499757677084001 544.21931252910622 0.1145841159740669 504.50000000000006 13.943750000000003
decision_type=2 2 2 2 2 2 2 2 2 2 2 2 2 2 2
left_child=7 3 6 5 -5 -2 -3 11 10 -10 -9 13 -13 -1 -4
right_child=1 2 14 4 -6 -7 -8 8 9 -11 -12 12 -14 -15 -16
leaf_value=-4.5649383618365931e-05 0.0054289071792203662 0.0043054780077671859 0.0015022878270754799 -0.0054197311324506231 0.0022057794741719597 -0.0024262472257659626 -0.00066625552122316634 -0.0014677643390692441 0.007817297312148452 5.2435240436712886e-05 0.0050847866446096131 -0.0021939753086956241 0.00010701151158140077 -0.00061662237888632232 -0.0056671741489312992
leaf_weight=52668 345 451 41 433 243 205 92 4253 123 2006 41 85 19581 709 56
leaf_count=52668 345 451 41 433 243 205 92 4253 123 2006 41 85 19581 709 56
internal_value=-3.75006e-05 0.00265273 0.00820313 -0.000244698 -0.00421598 0.00463636 0.0108195 -0.000100672 -0.00152187 0.00116252 -0.00285282 2.43008e-05 0.000856809 -0.000282425 -0.0064433
internal_weight=81332 1866 640 1226 676 550 543 79466 6423 2129 4294 73043 19666 53377 97
internal_count=81332 1866 640 1226 676 550 543 79466 6423 2129 4294 73043 19666 53377 97
is_linear=0
shrinkage=0.05


Tree=201
num_leaves=16
num_cat=0
split_feature=9 18 10 10 15 3 22 11 7 7 5 5 17 16 13
split_gain=5.42105 12.2355 9.28491 8.15723 12.256 11.9134 10.3137 9.56915 14.9947 11.4859 5.54792 6.53932 4.62277 3.74792 0.492328
threshold=0.90230665866437232 1.0000000180025095e-35 37.95000000000001 466.05000000000001 597.50000000000011 -0.3520614488341251 0.55256609089504527 0.70328109534296401 2.3750000000000004 0.62500000000000011 0.79904096188274243 -0.01397611846945947 94.500000000000014 302.40000000000003 0.33679799580547704
decision_type=2 2 2 2 2 2 2 2 2 2 2 2 2 2 2
left_child=3 2 14 7 6 -6 -5 8 -1 -9 11 -3 -4 -12 -2
right_child=1 10 12 4 5 -7 -8 9 -10 -11 13 -13 -14 -15 -16
leaf_value=-0.00027278425489216665 -0.011135388609220115 -2.6409101213431544e-06 0.0010490723590736606 -0.0037386909803422603 -0.00054708799034269839 -0.00012654532772255478 0.00010176752708346282 0.00087348316545270979 0.00014159594299125168 8.4103484344658094e-05 0.0026520171737588194 0.00072928154354265926 -0.00029964109642855179 -0.00095215354202443647 -0.0033853145373494518
leaf_weight=28151 43 385 70 381 626 1585 3976 1517 35779 7400 48 965 54 140 54
leaf_count=28151 43 385 70 381 626 1585 3976 1517 35779 7400 48 965 54 140 54
internal_value=-2.46384e-06 0.00274304 -0.00825792 -6.32752e-05 -0.00175091 -0.0047829 -0.000212302 8.88849e-05 -0.000125137 0.0016233 0.0043238 0.00544444 0.000806452 -0.0037234 -0.0198454
internal_weight=81174 1759 221 79415 6568 2211 4357 72847 63930 8917 1538 1350 124 188 97
internal_count=81174 1759 221 79415 6568 2211 4357 72847 63930 8917 1538 1350 124 188 97
is_linear=0
shrinkage=0.05


Tree=202
num_leaves=16
num_cat=0
split_feature=2 9 5 6 3 13 21 13 22 2 11 10 5 18 22
split_gain=4.91353 11.5651 11.8862 12.008 11.1038 12.8445 10.4038 8.65372 22.7337 13.615 7.88896 13.5162 6.89022 6.42013 2.49654
threshold=0.33467382799034445 0.83856673744782662 0.21022171450811275 -0.9292178835113839 0.97335555334614954 0.74532215973561466 0.22823408004988138 0.56324587400574067 0.93873121736646759 0.50780424332885465 0.59087897914511944 226.20000000000002 0.38243310158943505 1.5625000000000002 0.83959587146926118
decision_type=2 2 2 2 2 2 2 2 2 2 2 2 2 2 2
left_child=1 10 13 -4 7 6 -6 8 -2 -9 12 -12 -1 -3 -7
right_child=4 2 3 -5 5 14 -8 9 -10 -11 11 -13 -14 -15 -16
leaf_value=-0.00037645408347325719 0.00013444866938977092 -0.0023519486228910178 0.0017935661488197821 -0.00038796880186241505 -0.0025803901456458974 0.0031167978830718146 0.00091595273986828517 -0.00055134030566851848 0.00084885208346920375 1.5586835611974827e-05 0.0017803173676711748 -0.00016086091810894044 0.00023740847926441989 -0.0011926341462622004 0.0026607162514741462
leaf_weight=17341 23104 198 90 645 120 92 1206 5705 1770 19292 1968 2662 6479 501 96
leaf_count=17341 23104 198 90 645 120 92 1206 5705 1770 19292 1968 2662 6479 501 96
internal_value=9.53623e-06 -0.000500268 -0.00488145 -0.000442177 0.000306023 0.00452444 0.00279035 0.000177959 0.000838225 -0.000479057 -0.000279438 0.00160907 -0.000646516 -0.00954936 0.0167553
internal_weight=81269 29884 1434 735 51385 1514 1326 49871 24874 24997 28450 4630 23820 699 188
internal_count=81269 29884 1434 735 51385 1514 1326 49871 24874 24997 28450 4630 23820 699 188
is_linear=0
shrinkage=0.05


Tree=203
num_leaves=16
num_cat=0
split_feature=16 18 20 0 3 13 5 12 20 22 6 6 18 10 4
split_gain=5.81147 13.7303 20.5432 16.0357 12.3123 7.63783 8.94468 6.22591 22.6777 20.4599 16.1209 7.03802 11.032 6.74637 6.21223
threshold=654.60000000000014 31.187500000000004 3.7231250000000009 416.24921498014834 -0.68322629814330804 0.95878487829933867 0.10837544681456425 238.95000000000002 1.5631250000000005 0.9591057205142951 -0.96234030595689413 -0.99938741687870725 72.562500000000014 77.550000000000026 -0.91037613702198739
decision_type=2 2 2 2 2 2 2 2 2 2 2 2 2 2 2
left_child=7 2 4 -4 -2 14 -7 11 10 -10 -9 12 -1 -13 -3
right_child=1 5 3 -5 -6 6 -8 8 9 -11 -12 13 -14 -15 -16
leaf_value=0.00056375242151163738 0.00038930691881794991 -0.00015268547572284686 -0.00067155670229109292 0.00074425920399179279 -8.6837200331857381e-05 -0.00041163170360162263 0.00072529173568394723 0.0024067805482691166 -3.9304239274456926e-05 0.0011383127873076605 0.00096414796764801027 -0.00016899033322495817 -0.0036156501393353525 0.00015119437722991292 -0.00068698510354291424
leaf_weight=118 429 1193 125 583 4579 43 119 619 14621 274 2231 30767 415 23941 1195
leaf_count=118 429 1193 125 583 4579 43 119 619 14621 274 2231 30767 415 23941 1195
internal_value=-2.58455e-05 -0.00128236 7.87264e-05 0.00805085 -0.00104832 -0.00433333 0.00617284 0.000116461 0.000931248 0.000149379 0.00501754 -0.000145273 -0.00586304 -8.95664e-05 -0.00504606
internal_weight=81252 8266 5716 708 5008 2550 162 72986 17745 14895 2850 55241 533 54708 2388
internal_count=81252 8266 5716 708 5008 2550 162 72986 17745 14895 2850 55241 533 54708 2388
is_linear=0
shrinkage=0.05


Tree=204
num_leaves=15
num_cat=0
split_feature=6 5 15 6 6 18 18 20 5 6 16 7 4 7
split_gain=5.37672 8.31703 9.711 5.29891 12.8105 8.13874 7.17828 15.3063 8.89952 5.09545 4.78135 2.92789 1.82107 0.240711
threshold=0.99981043035926087 1.0000000180025095e-35 37.500000000000007 0.98486764554468398 0.98174098242282837 96.937500000000014 99.812500000000014 1.0743750000000003 -0.12546116083924153 0.96407344085605606 7.2500000000000009 3.3750000000000004 -0.84874750804349175 2.1250000000000004
decision_type=2 2 2 2 2 2 2 2 2 2 2 2 2 2
left_child=3 10 13 4 9 -6 8 -8 -5 -1 12 -12 -2 -3
right_child=1 2 -4 6 5 -7 7 -9 -10 -11 11 -13 -14 -15
leaf_value=-1.2825477157785148e-05 0.0032650181914691103 -0.0023712640069760735 0.00087252864463731046 -0.0011296439139895033 -0.002266438699379029 0.0046578292908482062 0.0012305272806629381 -0.0024142152372511245 0.0020814217352885384 0.0011085589756017159 -7.1604444856571142e-06 -0.0021823926859216246 -7.9827237755300548e-05 -0.0034386455422912398
leaf_weight=76565 65 41 41 262 248 50 141 287 2003 1307 61 45 50 66
leaf_count=76565 65 41 41 262 248 50 141 287 2003 1307 61 45 50 66
internal_value=-8.00177e-06 -0.00602981 -0.0152027 1.94774e-05 -5.56479e-05 -0.0104027 0.00220015 -0.00373832 0.0033223 -1.6052e-05 0.000113122 -0.00754717 0.00717391 -0.0231308
internal_weight=81232 369 148 80863 78170 298 2693 428 2265 77872 221 106 115 107
internal_count=81232 369 148 80863 78170 298 2693 428 2265 77872 221 106 115 107
is_linear=0
shrinkage=0.05


Tree=205
num_leaves=9
num_cat=0
split_feature=19 10 15 7 15 9 15 18
split_gain=5.79461 5.78304 17.6018 13.5082 24.2672 12.9164 11.2219 11.1826
threshold=-5.4687499999999991 256.9500000000001 189.50000000000003 2.3750000000000004 171.50000000000003 0.96816549174263311 132.50000000000003 68.062500000000014
decision_type=2 2 2 2 2 2 2 2
left_child=-1 3 6 4 -2 -4 -3 -5
right_child=1 2 5 7 -6 -7 -8 -9
leaf_value=-0.0018736663754973738 0.00020351493341446911 -0.00041367276335659844 -1.8665437917914088e-05 0.00038947795691762489 -0.00060896456708152413 0.00062678318884466517 -0.0018178079983967505 5.3706260345471463e-05
leaf_weight=44 16000 2651 16674 12264 10868 152 1415 21314
leaf_count=44 16000 2651 16674 12264 10868 152 1415 21314
internal_value=-4.17783e-05 -3.19654e-05 -0.000749091 0.000215895 -0.000619696 -3.56591e-05 -0.00370143 0.000884508
internal_weight=81382 81338 20892 60446 26868 16826 4066 33578
internal_count=81382 81338 20892 60446 26868 16826 4066 33578
is_linear=0
shrinkage=0.05


Tree=206
num_leaves=16
num_cat=0
split_feature=16 20 1 10 15 10 5 3 11 7 15 15 10 22 7
split_gain=5.74263 18.6244 13.3759 13.3376 13.2402 7.43936 7.33423 6.59655 6.3932 11.6531 12.7647 7.78629 7.17795 14.5677 10.2957
threshold=757.70000000000016 3.7231250000000009 652.34302743252226 524.70000000000016 577.50000000000011 256.9500000000001 0.9962888416657264 0.58216583101416142 0.83960345806004832 0.62500000000000011 230.50000000000003 555.50000000000011 256.9500000000001 0.38722073562583198 2.3750000000000004
decision_type=2 2 2 2 2 2 2 2 2 2 2 2 2 2 2
left_child=8 2 4 -4 -2 7 -7 -3 12 11 -11 -10 14 -14 -1
right_child=1 5 3 -5 -6 6 -8 -9 9 10 -12 -13 13 -15 -16
leaf_value=-0.00016902429620478806 -0.00011312949500930647 0.0010948077778679317 2.4536365084384948e-05 -0.00028128450043059526 -0.00047747767745853488 0.00039370399662925218 -0.00063623829925964497 -0.00012102195789917558 0.0040938993927336605 -0.00046571934766574956 0.0003670279151371081 0.00014671319769194447 -0.0044499553568614347 -0.00018158480450170824 0.00024023293469322416
leaf_weight=26332 535 178 2140 665 542 258 110 41 496 1973 4328 419 651 11018 31677
leaf_count=26332 535 178 2140 665 542 258 110 41 496 1973 4328 419 651 11018 31677
internal_value=-4.20953e-05 -0.00178452 -0.00303967 -0.00122103 -0.00777623 0.00651618 0.00217391 0.0138128 5.91724e-05 0.00147589 0.000710205 0.00674863 -8.75456e-05 -0.00121904 0.000140064
internal_weight=81363 4469 3882 2805 1077 587 368 219 76894 7216 6301 915 69678 11669 58009
internal_count=81363 4469 3882 2805 1077 587 368 219 76894 7216 6301 915 69678 11669 58009
is_linear=0
shrinkage=0.05


Tree=207
num_leaves=15
num_cat=0
split_feature=6 22 19 6 17 16 19 4 5 16 15 9 21 10
split_gain=5.4025 11.6216 11.3907 10.7889 10.6603 12.5324 10.6998 10.584 10.3097 17.906 13.403 9.40778 16.5703 14.8168
threshold=-0.64580103137750788 0.31592674844659024 19.918750000000006 -0.013976481981245173 81.500000000000014 3.4500000000000006 12.606250000000003 -0.91037613702198739 0.65883702558178847 35.350000000000001 540.50000000000011 0.53528585793565375 0.58600450429612294 25.950000000000006
decision_type=2 2 2 2 2 2 2 2 2 2 2 2 2 2
left_child=1 4 11 7 6 -6 -1 -4 10 -10 -3 12 -2 -13
right_child=2 8 3 -5 5 -7 -8 -9 9 -11 -12 13 -14 -15
leaf_value=-0.003509334286622283 0.00010667583767632328 0.00039720763609190637 5.5552726681823432e-05 -0.004339053020081726 -0.0022428162397319746 -0.00092406854435171453 0.00057671340942768714 -0.000555422284478857 -0.0054929969647806894 0.0011836294676285581 -0.00011685970456719043 -0.0012235435344160829 -0.00061228340966483778 0.00027119281383324034
leaf_weight=62 22303 15489 1729 66 298 838 947 2955 127 1667 7121 1063 15077 11314
leaf_count=62 22303 15489 1729 66 298 838 947 2955 127 1667 7121 1063 15077 11314
internal_value=-2.83754e-05 0.000556518 -0.000313263 -0.00265263 -0.00297203 -0.00629401 0.000768087 -0.00236977 0.000866661 0.00451505 0.000577178 -8.99371e-05 -0.000485554 0.00110487
internal_weight=81056 26549 54507 4750 2145 1136 1009 4684 24404 1794 22610 49757 37380 12377
internal_count=81056 26549 54507 4750 2145 1136 1009 4684 24404 1794 22610 49757 37380 12377
is_linear=0
shrinkage=0.05


Tree=208
num_leaves=16
num_cat=0
split_feature=16 0 22 5 13 15 0 20 17 6 2 22 0 22 13
split_gain=5.29147 16.1768 18.416 17.8714 14.0755 9.14098 17.4218 7.57349 17.208 15.3821 9.5628 15.6792 13.0844 5.21913 4.83849
threshold=654.60000000000014 397.57186801638682 0.9713888976263666 0.83849049182116964 0.64509140092520545 466.50000000000006 349.67348706193633 3.5243750000000009 13.500000000000002 0.83258597624099873 0.33951484060677667 0.68698152082440933 85.973868075619308 0.1564803951864866 0.64093471125257928
decision_type=2 2 2 2 2 2 2 2 2 2 2 2 2 2 2
left_child=7 5 3 -3 -4 6 -2 10 13 -10 12 -12 -1 -9 -7
right_child=1 2 4 -5 -6 14 -8 8 9 -11 11 -13 -14 -15 -16
leaf_value=0.00049070901772366171 -0.0006547780419096761 -9.2974891088876143e-05 0.0011828416150977906 -0.0033230576913691467 3.7503497101115672e-05 -0.00056334611822583813 0.00062833344915790294 -0.0010482760022613676 -0.00034106699093962582 0.00090572615003127054 -2.1267911435370046e-05 0.000572203345267755 -0.00030526812644662837 -0.0034633467785640548 -0.0013149064895068092
leaf_weight=9175 652 3048 560 344 3075 104 241 209 15436 2127 14936 14564 16227 300 292
leaf_count=9175 652 3048 560 344 3075 104 241 209 15436 2127 14936 14564 16227 300 292
internal_value=4.05954e-05 -0.0011544 -0.000209905 -0.00285967 0.00226272 -0.00630334 -0.00349944 0.000176775 -0.000711045 -0.000448386 0.000469018 0.00108136 -0.000242107 -0.00977407 -0.0126263
internal_weight=81290 8316 7027 3392 3635 1289 893 72974 18072 17563 54902 29500 25402 509 396
internal_count=81290 8316 7027 3392 3635 1289 893 72974 18072 17563 54902 29500 25402 509 396
is_linear=0
shrinkage=0.05


Tree=209
num_leaves=15
num_cat=0
split_feature=5 5 16 15 6 3 15 6 5 20 20 18 6 20
split_gain=4.78816 12.4114 9.00961 7.57888 7.23816 11.1498 5.81415 5.72366 12.318 7.42299 5.46681 17.1999 7.88594 0.777139
threshold=0.91248814248966237 0.9053161325100999 711.75000000000011 460.50000000000006 0.38043945030393422 -0.41248606129204529 283.50000000000006 -0.16799793862756093 0.96234642434711437 6.2975000000000003 3.7881250000000009 6.8125000000000009 0.92519182738459482 3.2518750000000005
decision_type=2 2 2 2 2 2 2 2 2 2 2 2 2 2
left_child=1 10 3 -3 7 13 -7 8 -2 -9 12 -12 -1 -6
right_child=4 2 -4 -5 5 6 -8 9 -10 -11 11 -13 -14 -15
leaf_value=9.2265692361379056e-05 4.4274132163937831e-05 0.0012733136693421521 -0.00045935494870597563 0.0036381701351265727 -0.0089994436516848738 0.0027063312587883581 -0.00099551123916340471 -2.5365063700111268e-05 -0.0013584021359792698 0.0022528887330230288 0.0009886934000089471 -0.00032134093920489911 -0.00044819634093614671 -0.0018417177955652843
leaf_weight=51686 1949 301 43 111 53 70 205 7209 1433 191 102 12124 5749 80
leaf_count=51686 1949 301 43 111 53 70 205 7209 1433 191 102 12124 5749 80
internal_value=2.21386e-05 0.000175424 0.00840659 0.0106796 -0.000938338 -0.00747549 -0.00172727 -0.000690966 -0.00239503 8.78378e-05 0.000121661 -0.000838377 0.000326021 -0.0193609
internal_weight=81306 70116 455 412 11190 408 275 10782 3382 7400 69661 12226 57435 133
internal_count=81306 70116 455 412 11190 408 275 10782 3382 7400 69661 12226 57435 133
is_linear=0
shrinkage=0.05


Tree=210
num_leaves=14
num_cat=0
split_feature=2 13 19 5 5 5 12 13 6 3 10 18 3
split_gain=5.1983 5.03983 18.6601 7.40174 4.91615 14.1604 12.252 3.17578 2.86758 1.8935 1.11666 1.16059 0.059596
threshold=0.054992037015752067 0.052991996561862202 -1.0562499999999997 -0.98214942551678475 -0.86976336936302323 -0.67803021058859214 246.15000000000003 0.35349836220023151 -0.099822328936730861 -0.77259657388510605 11.250000000000002 75.062500000000014 0.47114434510950071
decision_type=2 2 2 2 2 2 2 2 2 2 2 2 2
left_child=7 2 12 -4 6 -6 -3 8 -1 -10 -9 -12 -2
right_child=1 4 3 -5 5 -7 -8 10 9 -11 11 -13 -14
leaf_value=0.010174360857299747 -0.0054360831874080513 3.72825422584544e-05 -0.0024629082256468569 -5.901228029577127e-05 -0.00039998214468076054 3.1306909988848551e-05 0.00082557712784563368 0.0052555023547162343 -0.0027854903897820641 0.00059971691487784311 0.010898322130718207 0.01080043290761884 -0.0029361006823109799
leaf_weight=56 59 10928 99 1019 8761 56959 3079 40 49 85 56 43 40
leaf_count=56 59 10928 99 1019 8761 56959 3079 40 49 85 56 43 40
internal_value=3.47594e-05 9.26567e-06 -0.00318406 -0.00134168 5.80105e-05 -0.00012325 0.000908474 0.00630699 0.00210526 -0.00186567 0.0120504 0.014899 -0.0239899
internal_weight=81273 80944 1217 1118 79727 65720 14007 329 190 134 139 99 99
internal_count=81273 80944 1217 1118 79727 65720 14007 329 190 134 139 99 99
is_linear=0
shrinkage=0.05


Tree=211
num_leaves=14
num_cat=0
split_feature=5 5 16 15 6 3 4 6 5 15 22 19 1
split_gain=5.6184 10.2328 9.47387 7.63692 6.4839 10.7603 8.29376 7.13238 9.16889 8.0631 6.23926 12.1858 10.0258
threshold=0.91248814248966237 0.9053161325100999 711.75000000000011 460.50000000000006 0.38043945030393422 0.84874750804349197 -0.95642797789208689 -0.16799793862756093 0.96234642434711437 31.500000000000004 0.99469066677254137 -3.9812499999999997 444.32354813928185
decision_type=2 2 2 2 2 2 2 2 2 2 2 2 2
left_child=1 10 3 -3 7 6 -6 8 -2 -9 11 -1 -12
right_child=4 2 -4 -5 5 -7 -8 9 -10 -11 12 -13 -14
leaf_value=-0.0027736831923218562 -0.00020039124052830676 0.0011980326749421732 -0.00043795254677012063 0.0033991206372972153 0.00019204544805340729 0.0027503038413228156 -0.0024519479523866629 -0.0019544192002230692 -0.0012960618443792378 5.5567846422208139e-05 0.00011994190494118707 -1.1618805815222234e-05 0.00018021154953094532
leaf_weight=49 1936 293 41 113 94 49 273 340 1427 7038 4810 63384 1406
leaf_count=49 1936 293 41 113 94 49 273 340 1427 7038 4810 63384 1406
internal_value=-4.46137e-05 0.000121262 0.00766219 0.00997537 -0.00108676 -0.00721154 -0.0101499 -0.000849548 -0.00275795 2.03307e-05 7.28654e-05 -7.52763e-05 0.00158462
internal_weight=81253 70096 447 406 11157 416 367 10741 3363 7378 69649 63433 6216
internal_count=81253 70096 447 406 11157 416 367 10741 3363 7378 69649 63433 6216
is_linear=0
shrinkage=0.05


Tree=212
num_leaves=15
num_cat=0
split_feature=16 20 18 1 19 6 16 6 6 3 4 2 22 12
split_gain=6.62611 17.7837 11.9334 13.9492 10.657 10.5193 10.1145 9.29776 8.73045 6.95995 5.88722 5.61316 2.49398 1.52509
threshold=623.1500000000002 1.4081250000000003 33.937500000000007 893.41343906011468 32.41875000000001 -0.67801649466304881 817.20000000000016 -0.9575230291762723 -0.99938741687870725 -0.58216583101416142 -0.95642797789208689 0.33467382799034445 0.842877962406125 389.25000000000006
decision_type=2 2 2 2 2 2 2 2 2 2 2 2 2 2
left_child=4 6 3 -3 8 -4 7 -2 9 -1 -8 -10 13 -6
right_child=1 2 5 -5 12 -7 10 -9 11 -11 -12 -13 -14 -15
leaf_value=-0.0030622064702425737 3.9723626153453928e-05 4.8976210340523353e-05 3.7159548291310074e-05 0.00085358452822939523 0.0026818213746086063 -0.0005816321684264103 -6.5700962449530281e-05 -0.00068267860278367067 -9.7157107454269595e-05 -0.0002095422000995384 0.00023434831360788499 0.00019370019582578559 0.0002880185580254033 0.0045070035965485032
leaf_weight=289 375 5011 1173 95 63 1305 112 1466 29500 435 116 41158 66 52
leaf_count=289 375 5011 1173 95 63 1305 112 1466 29500 435 116 41158 66 52
internal_value=9.85028e-06 -0.00121983 -9.88924e-05 0.0012828 0.000175719 -0.00294592 -0.00532866 -0.00655894 0.000144995 -0.00531768 0.00460526 0.000200968 0.0122928 0.0167391
internal_weight=81216 9653 7584 5106 71563 2478 2069 1841 71382 724 228 70658 181 115
internal_count=81216 9653 7584 5106 71563 2478 2069 1841 71382 724 228 70658 181 115
is_linear=0
shrinkage=0.05


Tree=213
num_leaves=16
num_cat=0
split_feature=16 3 6 18 19 5 6 22 19 6 22 19 22 15 5
split_gain=6.33445 14.7526 30.4489 17.0082 16.0824 11.3995 11.1005 9.73593 6.72136 7.09951 6.72845 4.34149 3.62565 1.8 1.27346
threshold=623.1500000000002 0.63405362205439464 -0.9575230291762723 38.687500000000007 9.8437500000000018 0.14250626876356556 -0.42179730054635828 0.96698013714576991 32.41875000000001 -0.99938741687870725 0.80364765204188771 -5.4687499999999991 0.842877962406125 367.50000000000006 -0.66528616069191593
decision_type=2 2 2 2 2 2 2 2 2 2 2 2 2 2 2
left_child=8 3 5 4 -2 -3 -4 -5 9 10 -1 -11 14 -14 -10
right_child=1 2 6 7 -6 -7 -8 -9 12 11 -12 -13 13 -15 -16
leaf_value=-0.0021835813207672834 0.00097759871189055376 7.6912973129167347e-05 -0.00036905051008133405 -0.00056120365890481312 4.0311370418133491e-05 0.0013895851565805307 -0.0012395592228183123 7.7379673870520141e-05 0.0050955178715181015 -0.0014508439135149957 0.00036467487384906629 6.5701228979903045e-05 0.00065737819389456308 -0.00035233378504514193 0.0018258244823154135
leaf_weight=579 370 303 1512 1405 4607 149 560 722 45 40 158 70654 40 40 71
leaf_count=579 370 303 1512 1405 4607 149 560 722 45 40 158 70654 40 40 71
internal_value=3.04597e-05 -0.00117366 -0.00445721 -7.03829e-06 0.00159232 0.00730088 -0.0070222 -0.00374941 0.000192316 0.000166944 -0.00471506 0.00021784 0.00943878 0.00125 0.0150862
internal_weight=81255 9628 2524 7104 4977 452 2072 2127 71627 71431 737 70694 196 80 116
internal_count=81255 9628 2524 7104 4977 452 2072 2127 71627 71431 737 70694 196 80 116
is_linear=0
shrinkage=0.05


Tree=214
num_leaves=9
num_cat=0
split_feature=19 16 20 6 10 1 15 18
split_gain=5.56214 4.67081 11.8264 11.0227 6.88594 4.63059 23.1708 21.4018
threshold=-5.4687499999999991 757.70000000000016 3.7231250000000009 -0.99864786094873803 256.9500000000001 387.28301292094443 363.50000000000006 32.062500000000007
decision_type=2 2 2 2 2 2 2 2
left_child=-1 5 3 -3 -4 6 -2 -7
right_child=1 2 4 -5 -6 7 -8 -9
leaf_value=-0.0011365522181367945 -5.2251409020748211e-05 0.00031720791665480476 0.0007864146072191603 -0.00012511523562084293 9.0263597633655223e-05 0.00057847639233739594 -0.001259506388011325 3.5730681321677338e-05
leaf_weight=43 39882 271 206 3576 375 2838 464 33566
leaf_count=43 39882 271 206 3576 375 2838 464 33566
internal_value=-4.52469e-05 -3.5724e-05 -0.00161472 -0.00261892 0.00503442 5.53746e-05 -0.000313538 0.000464235
internal_weight=81221 81178 4428 3847 581 76750 40346 36404
internal_count=81221 81178 4428 3847 581 76750 40346 36404
is_linear=0
shrinkage=0.05


Tree=215
num_leaves=16
num_cat=0
split_feature=3 16 6 6 0 6 22 21 22 6 6 22 13 18 13
split_gain=4.93751 13.9965 17.1061 12.8174 12.0353 10.0951 9.71767 17.0262 15.4293 12.5035 11.1256 10.5897 9.19542 8.77591 0.619096
threshold=-0.8814490726585632 383.90000000000003 -0.9292178835113839 -0.99938741687870725 230.67921666960015 -0.25206183926700709 0.96856514144734418 0.89095253074953418 0.82997987403916851 -0.99983123799342477 0.96633974041180493 0.85835371514692682 0.55974416922385795 84.187500000000014 0.85701206406362873
decision_type=2 2 2 2 2 2 2 2 2 2 2 2 2 2 2
left_child=1 3 12 13 -4 -5 7 8 -2 14 -11 -9 -3 -1 -8
right_child=6 2 4 5 -6 -7 9 11 -10 10 -12 -13 -14 -15 -16
leaf_value=0.00074253281442977358 -3.1936548406269473e-05 0.00050021117348037218 -0.0014894852227952809 0.00029387390721795082 -7.7286145545410473e-05 -0.00099035341081807338 0.00090525416344828255 -0.0031750040435607587 0.00071283223783376879 7.3692576291722878e-05 0.0030916502583294898 -0.00015799437964228447 -0.00054562663810521223 -0.0045485332816770337 0.0010244470865110407
leaf_weight=54 48683 304 788 5945 316 1455 43 1053 5980 8857 522 6755 263 148 48
leaf_count=54 48683 304 788 5945 316 1455 43 1053 5980 8857 522 6755 263 148 48
internal_value=-2.21637e-05 -0.00110806 -0.00525135 -0.000197316 -0.00887681 0.000141892 0.000117805 -0.00010845 0.00020352 0.00161035 0.00143139 -0.00229252 0.00180776 -0.0126238 0.0200549
internal_weight=81214 9273 1671 7602 1104 7400 71941 62471 54663 9470 9379 7808 567 202 91
internal_count=81214 9273 1671 7602 1104 7400 71941 62471 54663 9470 9379 7808 567 202 91
is_linear=0
shrinkage=0.05


Tree=216
num_leaves=13
num_cat=0
split_feature=6 13 15 5 20 16 2 15 4 20 17 5
split_gain=5.41461 6.28409 4.85775 9.26425 6.85385 4.67186 15.4788 17.4844 7.69548 5.22652 16.4107 8.22093
threshold=0.99981043035926087 0.14514526567155514 37.500000000000007 1.0000000180025095e-35 3.3706250000000009 677.4000000000002 0.50371808373035509 504.50000000000006 -0.93540483100319616 3.5981250000000005 9.5000000000000018 0.98213580174693105
decision_type=2 2 2 2 2 2 2 2 2 2 2 2
left_child=5 -2 3 -3 -4 9 8 -8 -7 11 -11 -1
right_child=1 2 4 -5 -6 6 7 -9 -10 10 -12 -13
leaf_value=0.00013926167774758747 0.0023051456784074888 -0.00020778123891874862 0.0011602802536184106 -0.0028919676520235294 -0.0012098726232034529 0.00038417138324676195 0.00087383238391426925 -5.0293307300930404e-05 -0.00099936864506124101 -0.0031078841862064912 -0.00012503298986376796 -0.00058921913892911743
leaf_weight=53902 49 75 55 109 88 89 378 6383 672 260 16936 2137
leaf_count=53902 49 75 55 109 88 89 378 6383 672 260 16936 2137
internal_value=2.15695e-06 -0.00598404 -0.00848624 -0.0138587 -0.00157343 3.00284e-05 -0.00115661 -0.000395652 -0.00791721 0.000151908 -0.000610607 0.000385892
internal_weight=81133 376 327 184 143 80757 7522 6761 761 73235 17196 56039
internal_count=81133 376 327 184 143 80757 7522 6761 761 73235 17196 56039
is_linear=0
shrinkage=0.05


Tree=217
num_leaves=16
num_cat=0
split_feature=16 2 20 6 22 5 5 6 12 17 20 16 17 2 13
split_gain=4.61961 14.971 13.211 14.1762 9.33797 4.8084 17.9338 28.5326 12.3221 12.2732 10.2314 8.90606 3.36524 5.57781 1.70803
threshold=660.05000000000007 0.44171182420491778 2.4631250000000007 1.0000000180025095e-35 0.98923773796635583 -0.86976336936302323 -0.67803021058859214 0.689015599449598 242.85000000000002 263.50000000000006 1.2006250000000003 2.3500000000000001 90.500000000000014 0.39564499835722428 0.53421251105515599
decision_type=2 2 2 2 2 2 2 2 2 2 2 2 2 2 2
left_child=5 12 4 -4 -3 8 7 -7 10 -10 -1 -8 13 -2 -14
right_child=1 2 3 -5 -6 6 11 -9 9 -11 -12 -13 14 -15 -16
leaf_value=-0.0008825449627808999 -0.001388517370006251 -0.00029113459688396296 7.8476257215243105e-06 0.00077430379226382524 2.833798477258065e-05 -0.00045506245702815751 -0.00040897472285943219 -0.0043312835108505008 0.0017658811307182248 -0.0047562122456705465 0.0004480346781438799 0.00015422450852322912 -0.0005523945664785868 -0.00010315311348722268 -0.0016999959530553639
leaf_weight=3731 128 2373 3663 467 1147 7051 8556 722 2701 84 7195 43146 41 158 64
leaf_count=3731 128 2373 3663 467 1147 7051 8556 722 2701 84 7195 43146 41 158 64
internal_value=2.77001e-06 -0.00113481 -0.000647059 0.00127119 -0.00289773 0.000127757 -6.68348e-05 -0.00230606 0.000971847 0.00394075 0.000215083 0.000269815 -0.0106777 -0.00786713 -0.0183333
internal_weight=81227 8041 7650 4130 3520 73186 59475 7773 13711 2785 10926 51702 391 286 105
internal_count=81227 8041 7650 4130 3520 73186 59475 7773 13711 2785 10926 51702 391 286 105
is_linear=0
shrinkage=0.05


Tree=218
num_leaves=16
num_cat=0
split_feature=19 18 15 1 22 20 6 11 6 5 15 2 13 16 6
split_gain=5.29325 10.6843 10.422 25.2441 14.7361 5.65855 14.9103 4.73585 4.63359 9.25432 4.79141 4.60291 5.45732 3.80548 3.41634
threshold=23.493750000000006 96.937500000000014 504.50000000000006 437.81862552477293 0.70879837843732585 3.0868750000000005 -0.95242240592625282 0.27723706781314222 0.99981043035926087 1.0000000180025095e-35 24.500000000000004 0.078267929288525093 0.07223230506449535 17.550000000000004 0.99445195900249039
decision_type=2 2 2 2 2 2 2 2 2 2 2 2 2 2 2
left_child=8 2 3 -2 -4 7 -7 -3 11 13 -11 14 -13 -10 -1
right_child=1 5 4 -5 -6 6 -8 -9 9 10 -12 12 -14 -15 -16
leaf_value=0.0018404063163883475 -0.00014397640665205768 -0.0086298148283577309 0.0094926641825120242 0.0015600023928967366 -0.00013116227239496904 -0.0069850675246771188 0.0019441626320067422 -0.00168047331282572 0.00080944276371713733 -0.0030800086995967225 -0.00037708164848020007 -0.00089816736620984279 3.8548516026773454e-05 -0.0020848985584732867 -0.0025479516985763258
leaf_weight=2049 1657 112 103 1040 4034 129 266 1028 158 92 47 1675 68891 76 109
leaf_count=2049 1657 112 103 1040 4034 129 266 1028 158 92 47 1675 68891 76 109
internal_value=-6.75128e-06 -0.00119787 -0.000351185 0.00206711 -0.00192773 -0.00496743 0.000189873 -0.00675439 0.000129622 -0.00542895 -0.0156475 0.000158132 8.85696e-05 0.000641026 0.00243281
internal_weight=81466 8369 6834 2697 4137 1535 395 1140 73097 373 139 72724 70566 234 2158
internal_count=81466 8369 6834 2697 4137 1535 395 1140 73097 373 139 72724 70566 234 2158
is_linear=0
shrinkage=0.05


Tree=219
num_leaves=16
num_cat=0
split_feature=5 2 19 13 20 6 5 19 16 22 5 22 19 12 0
split_gain=4.76778 15.0596 11.1024 8.81592 7.85548 6.26207 5.91791 17.6946 30.1936 12.826 7.48464 41.7281 5.7371 3.73306 3.4832
threshold=-0.99763297024448894 0.5358844421991763 12.181250000000002 0.77973349484139653 1.8906250000000002 -0.039769286347669845 -0.98523971305672675 14.931250000000004 45.600000000000009 0.7341583334375138 -0.95754239937548935 0.46071061819901421 2.6687500000000006 135.75000000000003 447.3654653627716
decision_type=2 2 2 2 2 2 2 2 2 2 2 2 2 2 2
left_child=1 2 5 -4 14 -1 7 9 -9 -2 11 -8 -12 -6 -3
right_child=6 4 3 -5 13 -7 10 8 -10 -11 12 -13 -14 -15 -16
leaf_value=0.00096262438178605365 -0.0018409230033254065 0.00711016022391591 0.0026995746435622692 -0.0085293823984270694 0.0068285718698599162 -0.0039857334244354841 0.0038053358783102995 0.0042845926271913469 -0.00082279800961589664 0.0021362641265534471 -0.00037971692804325552 -0.00029831488596751001 8.0895086697063689e-06 0.001714043891953887 0.0074958461011031324
leaf_weight=131 1417 44 503 50 102 382 1122 425 436 208 11090 2323 62693 329 94
leaf_count=131 1417 44 503 50 102 382 1122 425 436 208 11090 2323 62693 329 94
internal_value=-5.80831e-05 0.00261468 -0.000891182 0.00402351 0.00918278 -0.00618908 -0.000112904 -0.00251408 0.00328107 -0.00558462 -3.56088e-05 0.00224238 -0.00014197 0.00585847 0.0195652
internal_weight=81349 1635 1066 553 569 513 79714 2486 861 1625 77228 3445 73783 431 138
internal_count=81349 1635 1066 553 569 513 79714 2486 861 1625 77228 3445 73783 431 138
is_linear=0
shrinkage=0.05


Tree=220
num_leaves=14
num_cat=0
split_feature=6 5 15 8 11 6 10 15 10 22 3 16 12
split_gain=4.72017 7.79714 11.5039 5.55023 21.652 18.2421 15.2697 18.4174 11.9546 9.74858 3.35961 3.63555 0.399775
threshold=0.99981043035926087 1.0000000180025095e-35 37.500000000000007 1.0000000180025095e-35 0.017996634441933859 0.94353349168649059 3.1500000000000004 50.500000000000007 25.950000000000006 0.239516344057006 0.5277851165098012 7.2500000000000009 40.050000000000004
decision_type=2 2 2 2 2 2 2 2 2 2 2 2 2
left_child=3 10 12 6 5 -5 9 -8 -6 -1 11 -2 -3
right_child=1 2 -4 4 8 -7 7 -9 -10 -11 -12 -13 -14
leaf_value=-0.00067853907692287392 0.0030876319513781936 -0.0025886673466010771 0.001071525581062574 -0.00087374449501715018 -0.00057129432296440378 -0.0052503034572757212 0.0054564304780574061 0.0005275391337223684 2.8405729133412772e-05 0.00025384928688030467 -0.0013352646874074698 -0.00061151459694540756 -0.0029070224182147237
leaf_weight=4106 85 71 45 264 6066 201 421 1906 55913 11920 63 67 40
leaf_count=4106 85 71 45 264 6066 201 421 1906 55913 11920 63 67 40
internal_value=3.38803e-05 -0.00559299 -0.0141026 5.97176e-05 -0.000164948 -0.010914 0.000824116 0.00460894 -8.43027e-05 0.000274554 0.000581395 0.00460526 -0.0227477
internal_weight=81168 371 156 80797 62444 465 18353 2327 61979 16026 215 152 111
internal_count=81168 371 156 80797 62444 465 18353 2327 61979 16026 215 152 111
is_linear=0
shrinkage=0.05


Tree=221
num_leaves=16
num_cat=0
split_feature=16 7 11 21 7 21 6 16 6 19 13 22 18 20 6
split_gain=5.81199 13.9887 28.2319 24.8092 13.6497 11.4802 15.3692 9.40591 9.5116 11.0847 8.82598 8.31129 9.02023 7.9689 4.50988
threshold=140.35000000000005 1.1250000000000002 0.49057695664981366 0.86136748678527419 1.0000000180025095e-35 0.70244240801757574 0.45082531555062549 118.45000000000002 -0.99864786094873803 14.168750000000003 0.68769027318916287 0.96073463687336347 66.812500000000014 5.7437500000000012 0.96177147954086928
decision_type=2 2 2 2 2 2 2 2 2 2 2 2 2 2 2
left_child=7 2 4 -4 -2 6 -3 8 9 -1 -7 12 -9 -10 -13
right_child=1 5 3 -5 -6 10 -8 11 13 -11 -12 14 -14 -15 -16
leaf_value=0.00023110998134418388 -0.0032076629630505313 -0.00033084598927093369 0.0010906445215830396 -0.00022090333749167357 -0.0014809304677322001 0.00029929610100121743 -0.0027573732667094276 -0.0053553336402845436 0.00013759902088841052 -0.0038318824947615919 -3.733147761047218e-05 0.0043615078989219071 0.0015188666665409689 -0.001024105289805849 -0.0016716364091780844
leaf_weight=227 684 7595 3095 3579 2855 16465 1170 49 32436 264 10160 281 1836 851 60
leaf_count=227 684 7595 3095 3579 2855 16465 1170 49 32436 264 10160 281 1836 851 60
internal_value=-2.91029e-05 -0.00040403 -0.00203417 -0.000119868 -0.00564425 6.64029e-05 -0.00150314 0.000445784 0.000238321 -0.00667006 0.000583099 0.00359389 0.00229443 0.000340223 0.0107771
internal_weight=81607 45603 10213 6674 3539 35390 8765 36004 33778 491 26625 2226 1885 33287 341
internal_count=81607 45603 10213 6674 3539 35390 8765 36004 33778 491 26625 2226 1885 33287 341
is_linear=0
shrinkage=0.05


Tree=222
num_leaves=16
num_cat=0
split_feature=16 22 13 6 6 15 18 20 17 16 6 22 19 5 6
split_gain=4.11552 17.2109 16.8838 15.5538 14.895 9.60473 7.34659 12.479 9.46275 7.27724 7.11191 6.53843 5.85831 3.29445 2.68442
threshold=552.35000000000002 0.93673794425898937 0.53421251105515599 -0.99983123799342477 1.0000000180025095e-35 701.50000000000011 18.687500000000004 2.209375000000001 162.50000000000003 497.85000000000008 -0.99938741687870725 0.80364765204188771 31.243750000000002 0.39827038710620805 -0.88620506325989179
decision_type=2 2 2 2 2 2 2 2 2 2 2 2 2 2 2
left_child=5 6 4 -4 -3 10 7 -2 -8 14 11 -1 -12 -11 -7
right_child=1 2 3 -5 -6 9 8 -9 -10 13 12 -13 -14 -15 -16
leaf_value=-0.0018793187906421295 -0.00054186618248107117 0.00015754463050349221 0.00071521480614911148 -4.8156401701987542e-05 0.0015596522952527115 0.00099909820783751773 -0.00089817932440247605 0.0010960588817040208 -0.00030439194646458004 0.0036459108973369656 3.2680682950858578e-05 0.00059151267754741226 0.000919917322044031 0.0021750415796740227 -0.0036207393094232795
leaf_weight=574 279 1025 141 7091 652 83 1669 275 1832 116 66916 137 245 74 40
leaf_count=574 279 1025 141 7091 652 83 1669 275 1832 116 66916 137 245 74 40
internal_value=-2.80348e-05 -0.000844647 0.000384443 -0.000663717 0.00490459 0.000127227 -0.00354501 0.00180505 -0.0043916 0.00886581 8.69283e-05 -0.00488748 0.00013959 0.015 -0.000609756
internal_weight=81149 12964 8909 7232 1677 68185 4055 554 3501 313 67872 711 67161 190 123
internal_count=81149 12964 8909 7232 1677 68185 4055 554 3501 313 67872 711 67161 190 123
is_linear=0
shrinkage=0.05


Tree=223
num_leaves=6
num_cat=0
split_feature=17 19 6 5 21
split_gain=5.01243 4.02909 3.78874 6.66789 3.59516
threshold=395.50000000000006 -5.4687499999999991 0.99981043035926087 1.0000000180025095e-35 1.0000000180025095e-35
decision_type=2 2 2 2 2
left_child=1 -1 4 -4 -3
right_child=-2 2 3 -5 -6
leaf_value=-0.0010538946257531579 0.0042463628523922992 0.00045929516161794946 4.8221033198915525e-05 -0.0021227123370517334 -1.548496130808208e-05
leaf_weight=42 61 8369 221 154 72522
leaf_count=42 61 8369 221 154 72522
internal_value=1.68983e-05 6.14946e-06 1.41511e-05 -0.005 3.7396e-05
internal_weight=81369 81308 81266 375 80891
internal_count=81369 81308 81266 375 80891
is_linear=0
shrinkage=0.05


Tree=224
num_leaves=16
num_cat=0
split_feature=10 15 11 10 7 15 12 9 7 15 7 18 18 17 2
split_gain=3.92235 15.9707 12.9355 22.3588 13.8811 34.7801 10.4701 9.49115 9.03882 8.9593 7.80691 7.7854 7.65871 4.25096 2.31886
threshold=256.9500000000001 189.50000000000003 0.63016555456806922 23.250000000000004 1.6250000000000002 171.50000000000003 58.650000000000006 0.96816549174263311 0.87500000000000011 501.50000000000006 1.0000000180025095e-35 89.687500000000014 85.937500000000014 43.500000000000007 0.76981060511997124
decision_type=2 2 2 2 2 2 2 2 2 2 2 2 2 2 2
left_child=2 6 4 11 5 -1 13 9 -8 -3 -5 -4 -6 -2 -9
right_child=1 7 3 10 12 -7 8 14 -10 -11 -12 -13 -14 -15 -16
leaf_value=0.00015766924241147757 -0.00071156716824423156 0.00023190051067735473 -0.0024271627927506482 0.0038709033302411211 0.00027183536204582751 -0.0010625925287620242 0.0038509528518065857 0.00086002279194473126 -0.0021100278615376225 -9.7695005247266941e-05 0.00069944116811773704 0.0003627747211489896 -4.6577897012388404e-05 0.0001523327724192003 0.0001359391415535538
leaf_weight=10524 983 8316 408 275 19389 6547 128 122 1710 8357 3427 236 19510 1245 41
leaf_count=10524 983 8316 408 275 19389 6547 128 122 1710 8357 3427 236 19510 1245 41
internal_value=2.09313e-05 -0.000569324 0.000225479 0.0028532 2.14401e-05 -0.00116718 -0.0033817 0.000109884 -0.00617519 -7.49715e-06 0.004349 -0.00574534 0.000543073 -0.0010772 0.0121166
internal_weight=81218 20902 60316 4346 55970 17071 4066 16836 1838 16673 3702 644 38899 2228 163
internal_count=81218 20902 60316 4346 55970 17071 4066 16836 1838 16673 3702 644 38899 2228 163
is_linear=0
shrinkage=0.05


Tree=225
num_leaves=16
num_cat=0
split_feature=18 19 22 7 19 18 3 19 7 11 0 19 1 19 19
split_gain=5.09342 17.1557 16.5219 14.6544 13.871 10.8685 20.5153 19.2983 13.1704 18.3294 11.4776 9.44207 7.55574 7.47766 2.8811
threshold=98.062500000000014 24.481250000000006 0.17842796183671719 2.1250000000000004 10.056250000000004 85.937500000000014 0.16280825711808991 22.306250000000002 1.1250000000000002 0.48638564602649254 349.67348706193633 14.018750000000002 869.62487684614928 32.41875000000001 26.806250000000002
decision_type=2 2 2 2 2 2 2 2 2 2 2 2 2 2 2
left_child=5 2 3 -2 -4 8 7 -7 9 -1 -10 -8 13 -3 -14
right_child=1 12 4 -5 -6 6 11 -9 10 -11 -12 -13 14 -15 -16
leaf_value=-0.0013000198071517312 0.00025845399183026393 -0.0027892031042204002 0.00090186718138618731 -0.0012035740666962065 0.00017189397064816398 -0.0015017976453816891 0.00078114917762749927 0.0005963129986518074 -4.922199313493747e-05 4.0489011737482322e-05 0.00019149181661607951 -0.00062344449468464407 0.0080496766104726641 0.001239502529043346 -4.8456876698771417e-06
leaf_weight=4083 1028 961 5971 1446 13820 6501 4106 1118 18676 5851 15020 2733 40 57 42
leaf_count=4083 1028 961 5971 1446 13820 6501 4106 1118 18676 5851 15020 2733 40 57 42
internal_value=1.74948e-05 0.000640916 0.000942062 -0.00291027 0.00142363 -0.000233267 -0.00142136 -0.0032058 0.00016044 -0.0014395 0.000632123 0.000566603 -0.00545455 -0.00663065 0.00914634
internal_weight=81453 23365 22265 2474 19791 58088 14458 7619 43630 9934 33696 6839 1100 1018 82
internal_count=81453 23365 22265 2474 19791 58088 14458 7619 43630 9934 33696 6839 1100 1018 82
is_linear=0
shrinkage=0.05


Tree=226
num_leaves=9
num_cat=0
split_feature=19 13 6 20 15 22 18 19
split_gain=4.90587 4.12284 14.5414 9.30035 8.25718 19.1541 7.69938 6.77301
threshold=-5.4687499999999991 0.60396141626924715 0.99611390731392835 0.67937500000000017 439.50000000000006 1.0094957306721377 98.062500000000014 -0.20624999999999999
decision_type=2 2 2 2 2 2 2 2
left_child=-1 4 3 -3 6 -6 -2 -4
right_child=1 2 7 -5 5 -7 -8 -9
leaf_value=-0.0012886422453251864 -0.00012674518105021683 0.00041880536226230339 -0.0020759697854692105 -9.1676028416209931e-05 0.00047520482926451948 0.0013213023987764473 0.0002452352463920088 -0.004198717899306606
leaf_weight=40 29556 3373 168 25853 6768 266 14967 141
leaf_count=40 29556 3373 168 25853 6768 266 14967 141
internal_value=6.1628e-06 1.4798e-05 -0.000456238 -0.000342161 0.000284636 0.0018766 3.31289e-05 -0.011246
internal_weight=81132 81092 29535 29226 51557 7034 44523 309
internal_count=81132 81092 29535 29226 51557 7034 44523 309
is_linear=0
shrinkage=0.05


Tree=227
num_leaves=16
num_cat=0
split_feature=16 20 16 1 19 18 13 5 18 10 8 6 19 22 6
split_gain=4.90249 11.8733 10.1475 9.87957 10.9652 9.18248 5.98624 4.95594 4.10502 17.7127 21.6628 17.3608 13.7909 17.0635 16.0755
threshold=654.60000000000014 1.2606250000000003 829.65000000000009 865.7615156383946 30.606250000000006 19.937500000000004 0.33679799580547704 0.88621069759564464 74.062500000000014 41.550000000000004 1.0000000180025095e-35 0.46611290379786346 1.2187500000000002 0.36224104135863394 0.7487283477006671
decision_type=2 2 2 2 2 2 2 2 2 2 2 2 2 2 2
left_child=8 2 6 4 -3 -5 -2 -4 9 10 -1 -11 13 -10 -14
right_child=1 3 7 5 -6 -7 -8 -9 12 11 -12 -13 14 -15 -16
leaf_value=0.00021204729815666319 0.00081635986801077145 -2.1744217345440189e-05 0.00025821936805396905 0.00054660811118220078 -0.00039967084435563183 8.4419743332397889e-06 -0.00044480368412911644 -0.00010135552831994077 0.0023152541476865818 0.00014239640829033506 -0.001238359757096766 0.0016919510876628242 -0.00013451768805716746 -0.0015845169688161202 0.00065294387000003622
leaf_weight=6968 54 6086 108 203 358 282 1158 61 110 12874 3610 3779 39017 1212 5417
leaf_count=6968 54 6086 108 203 358 282 1158 61 110 12874 3610 3779 39017 1212 5417
internal_value=-2.85988e-05 -0.0011793 -0.00541274 -0.000335546 -0.000853507 0.00654639 -0.0070132 0.00606509 0.000102415 0.000588484 -0.00101153 0.00160482 -0.000186861 -0.00521936 -3.71337e-05
internal_weight=81297 8310 1381 6929 6444 485 1212 169 72987 27231 10578 16653 45756 1322 44434
internal_count=81297 8310 1381 6929 6444 485 1212 169 72987 27231 10578 16653 45756 1322 44434
is_linear=0
shrinkage=0.05


Tree=228
num_leaves=15
num_cat=0
split_feature=5 15 22 19 5 19 21 18 5 22 16 18 3 19
split_gain=4.38687 17.9542 8.6191 8.46847 7.69934 18.0652 17.238 13.437 8.42816 31.3554 7.59 7.45263 5.97485 4.93419
threshold=-0.99763297024448894 191.50000000000003 0.22311696133537165 10.393750000000002 -0.98523971305672675 11.856250000000003 0.72335850401626589 97.937500000000014 -0.96689237009891416 0.46071061819901421 486.75000000000006 53.687500000000007 0.16280825711808991 3.3937500000000007
decision_type=2 2 2 2 2 2 2 2 2 2 2 2 2 2
left_child=1 2 12 -3 5 6 -2 -7 9 -6 -5 -4 -1 -10
right_child=4 3 11 10 8 7 -8 -9 13 -11 -12 -13 -14 -15
leaf_value=0.0040157203589843626 -0.0026353214723942838 -0.0030435987937617957 0.0024194929373201669 0.0060128521796634976 0.0039712433017708992 -0.0009847467099176777 0.0019241827961930663 0.0011444958994422745 -0.00031761533334750405 -0.0001819914266070602 -0.00043296646673873784 -0.0035065262029435164 -0.00011681281370307453 8.4601809298687217e-06
leaf_weight=48 457 70 86 735 841 943 120 986 12197 1606 182 461 76 62396
leaf_count=48 457 70 86 735 841 943 120 986 12197 1606 182 461 76 62396
internal_value=-7.26565e-05 0.00247286 -0.00383756 0.00676292 -0.000125713 -0.00285315 -0.0106153 -0.000531363 -3.69938e-05 0.00285043 0.00804253 -0.00653565 0.00806452 -0.000131715
internal_weight=81204 1658 671 987 79546 2506 577 1929 77040 2447 917 547 124 74593
internal_count=81204 1658 671 987 79546 2506 577 1929 77040 2447 917 547 124 74593
is_linear=0
shrinkage=0.05


Tree=229
num_leaves=16
num_cat=0
split_feature=10 15 15 11 10 7 16 22 9 6 3 7 18 13 2
split_gain=5.02955 14.7366 11.6976 11.5481 14.1966 13.6125 25.9951 10.7697 10.681 9.44973 9.28673 7.52419 5.26882 3.68402 2.182
threshold=256.9500000000001 189.50000000000003 171.50000000000003 0.63016555456806922 23.250000000000004 0.37500000000000006 58.150000000000013 0.40175914758651782 0.96816549174263311 -0.77243990499604276 -0.9103761370219875 1.0000000180025095e-35 89.687500000000014 0.69991592982243278 0.76981060511997124
decision_type=2 2 2 2 2 2 2 2 2 2 2 2 2 2 2
left_child=3 2 7 5 12 6 -1 -2 10 -7 -3 -6 -5 -4 -10
right_child=1 8 13 4 11 9 -8 -9 14 -11 -12 -13 -14 -15 -16
leaf_value=0.00035636225866181456 -0.0042721017313804496 -0.00050434784533838213 -0.0017790647496999602 -0.0019623625067069191 0.0036529696948631898 0.0005088519318846241 -0.0013986123526977174 -0.0002291254460761838 0.00082924016699316709 -1.8172479201022941e-07 2.6900869211771153e-05 0.00059335144151973222 0.00039835708711535855 -0.0066953833096646681 0.0001323657371305964
leaf_weight=2228 638 1193 457 398 295 9690 2620 2929 117 41602 15511 3401 229 85 41
leaf_count=2228 638 1193 457 398 295 9690 2620 2929 117 41602 15511 3401 229 85 41
internal_value=4.85055e-05 -0.000618712 -0.00330372 0.000279923 0.00277007 8.81724e-05 -0.00244431 -0.00226381 3.5583e-05 0.000327536 -8.68056e-05 0.00395022 -0.0041866 -0.0101476 0.0129747
internal_weight=81434 20971 4109 60463 4323 56140 4848 3567 16862 51292 16704 3696 627 542 158
internal_count=81434 20971 4109 60463 4323 56140 4848 3567 16862 51292 16704 3696 627 542 158
is_linear=0
shrinkage=0.05


Tree=230
num_leaves=16
num_cat=0
split_feature=13 9 22 4 7 20 19 19 16 5 21 20 13 12 16
split_gain=3.75957 11.1557 11.0905 23.2214 14.3329 9.86785 14.3015 12.7606 11.3573 13.9148 8.72679 20.9357 10.9488 8.47231 7.49322
threshold=0.5663686831294692 0.52389775892219548 0.81122088845107421 -0.5 0.87500000000000011 0.70062500000000016 2.6687500000000006 -0.20624999999999999 671.20000000000016 0.21022171450811275 0.44107972890455122 0.53562500000000013 0.25034717147968283 268.65000000000003 2.3500000000000001
decision_type=2 2 2 2 2 2 2 2 2 2 2 2 2 2 2
left_child=1 10 4 -4 -3 8 7 -7 9 -2 12 -12 -1 -10 -8
right_child=5 2 3 -5 -6 6 14 -9 13 -11 11 -13 -14 -15 -16
leaf_value=-0.00020255180164735349 0.00035872042972918131 0.0017093726600442396 0.0010718018637654869 -5.9930882648717709e-05 -0.00046669330715794492 0.00083542913526998559 -0.0012637980373622834 -0.0028957550497168919 -0.0026025708908332945 0.0018927556568613954 -0.0018169906519064961 -0.00016809993884715939 0.00049749432534821334 -0.00012323381827745729 -5.1183778108386535e-05
leaf_weight=6861 2939 1568 3865 3024 5806 132 1302 465 59 964 1583 15716 9760 405 26854
leaf_count=6861 2939 1568 3865 3024 5806 132 1302 465 59 964 1583 15716 9760 405 26854
internal_value=-1.26072e-05 0.000269286 0.00144254 0.00288503 9.49281e-05 -0.000422705 -0.000759051 -0.00841709 0.00179185 0.00267102 -0.000224057 -0.00101017 0.000594128 -0.00560345 -0.000596676
internal_weight=81303 48183 14263 6889 7374 33120 28753 597 4367 3903 33920 17299 16621 464 28156
internal_count=81303 48183 14263 6889 7374 33120 28753 597 4367 3903 33920 17299 16621 464 28156
is_linear=0
shrinkage=0.05


Tree=231
num_leaves=15
num_cat=0
split_feature=16 4 3 20 19 2 22 2 18 20 21 6 6 6
split_gain=4.98569 13.3709 14.2364 11.6772 8.61341 7.2506 6.3299 23.4995 16.617 11.1951 10.7562 10.1817 8.95743 2.12545
threshold=757.70000000000016 -0.58216583101416164 1.0000000180025095e-35 3.6343750000000008 9.8437500000000018 0.65721385385793796 0.9591057205142951 0.50371808373035509 10.062500000000002 2.209375000000001 0.90281753674034149 -0.99938741687870725 -0.67801649466304881 -0.67801649466304881
decision_type=2 2 2 2 2 2 2 2 2 2 2 2 2 2
left_child=6 2 4 -4 -2 13 10 8 -8 -9 11 -1 -12 -3
right_child=1 5 3 -5 -6 -7 7 9 -10 -11 12 -13 -14 -15
leaf_value=-0.0011960758428865655 0.00071215319955695861 -0.00072853414727199199 -5.7118740835471198e-07 0.00054207178150441628 -0.00022699692156420703 2.1831878317307707e-05 -0.00041718616881988857 0.00017529067081306917 0.00031851708498916446 0.00092547247381381543 2.0660897757734942e-05 7.0324486327016933e-05 -0.00075209914671563465 -0.00093944861853920711
leaf_weight=663 62 64 2155 411 1528 75 2005 676 6053 854 2487 60675 3340 160
leaf_count=663 62 64 2155 411 1528 75 2005 676 6053 854 2487 60675 3340 160
internal_value=4.92562e-05 -0.00157688 -0.000842156 0.00146142 -0.00455975 -0.0117893 0.000143643 0.00134543 0.000266816 0.00702614 -2.79163e-05 0.000167107 -0.00208083 -0.0162946
internal_weight=81208 4455 4156 2566 1590 299 76753 9588 8058 1530 67165 61338 5827 224
internal_count=81208 4455 4156 2566 1590 299 76753 9588 8058 1530 67165 61338 5827 224
is_linear=0
shrinkage=0.05


Tree=232
num_leaves=16
num_cat=0
split_feature=16 0 22 5 16 3 0 9 20 17 5 6 5 9 12
split_gain=4.62628 11.1543 12.7714 17.9292 16.4277 7.99448 5.96009 5.07911 4.82414 13.8943 13.219 7.9283 35.4093 8.00835 3.06725
threshold=654.60000000000014 341.2625035869624 0.9713888976263666 0.83849049182116964 739.80000000000007 -0.68322629814330804 274.45228129906991 0.5910816361929464 3.5981250000000005 9.5000000000000018 0.99274428880883148 0.92519182738459482 0.26866988313759588 0.022415836672230571 11.250000000000002
decision_type=2 2 2 2 2 2 2 2 2 2 2 2 2 2 2
left_child=8 5 3 -3 -4 6 -2 -7 11 14 -11 13 -13 -1 -10
right_child=1 2 4 -5 -6 7 -8 -9 9 10 -12 12 -14 -15 -16
leaf_value=0.00058562828459770015 -0.0011410413397764442 -0.000105435770986681 0.00059213063435517577 -0.003219635082802963 -7.032439934173685e-06 -0.00060630612794701781 0.00024886778920654164 -0.0011566405260209078 -0.0022511394666368425 -0.00028733588302864434 0.0010643713737582912 7.8312362173880992e-05 -0.0025104315448878974 6.1972305120777679e-05 -0.0029889530483917918
leaf_weight=11578 73 3220 717 397 3369 196 137 199 119 15611 1205 4668 855 38651 143
leaf_count=11578 73 3220 717 397 3369 196 137 199 119 15611 1205 4668 855 38651 143
internal_value=1.0476e-05 -0.00110737 -0.000593924 -0.00275781 0.00132159 -0.00764463 0.000238095 -0.0118354 0.000137993 -0.00059726 -0.000419244 0.000363216 -0.00143491 0.000560931 -0.0120229
internal_weight=81138 8308 7703 3617 4086 605 210 395 72830 17078 16816 55752 5523 50229 262
internal_count=81138 8308 7703 3617 4086 605 210 395 72830 17078 16816 55752 5523 50229 262
is_linear=0
shrinkage=0.05


Tree=233
num_leaves=16
num_cat=0
split_feature=16 1 6 11 9 9 5 2 11 7 15 10 7 10 5
split_gain=4.76865 11.0901 16.3743 13.8265 11.412 10.7203 9.80869 5.91296 4.66613 22.0823 15.8191 9.36412 9.46745 8.80819 7.49226
threshold=757.70000000000016 652.34302743252226 0.2499757677084001 0.87734479179255043 0.67111820838877223 0.66584296016619204 0.74443451080969758 0.54756622103451391 0.70875988035401705 0.37500000000000006 504.50000000000006 244.95000000000002 1.0000000180025095e-35 12.750000000000002 0.14250626876356556
decision_type=2 2 2 2 2 2 2 2 2 2 2 2 2 2 2
left_child=8 2 7 5 -4 -3 -5 -2 11 10 -10 12 -1 -11 -13
right_child=1 3 4 6 -6 -7 -8 -9 9 13 -12 14 -14 -15 -16
leaf_value=-0.00069847177106751321 -0.001128891701136256 -2.7318138988624563e-05 0.000694763691338135 -0.00014587909235771467 -0.00026086603853434087 0.00018469878813378584 -0.00060810786241161097 -0.00024063600182227531 0.0037049248029240728 -0.0060202442497316773 3.3771647408498141e-05 -1.4306300771310677e-05 5.8075843794644368e-05 5.0502450259753973e-05 -0.0014662023230933214
leaf_weight=2532 146 1557 193 657 111 911 97 801 783 92 569 2947 53218 12772 3701
leaf_count=2532 146 1557 193 657 111 911 97 801 783 92 569 2947 53218 12772 3701
internal_value=-7.30697e-05 -0.00165996 -0.00565548 -0.000108628 0.00444079 0.00170178 -0.00603448 -0.00889652 1.95787e-05 0.000837085 0.00691568 -0.000166672 4.4843e-05 0.000198228 -0.00194043
internal_weight=81087 4473 1251 3222 304 2468 754 947 76614 14216 1352 62398 55750 12864 6648
internal_count=81087 4473 1251 3222 304 2468 754 947 76614 14216 1352 62398 55750 12864 6648
is_linear=0
shrinkage=0.05


Tree=234
num_leaves=15
num_cat=0
split_feature=9 16 5 10 22 10 16 11 3 10 16 12 6 13
split_gain=5.57984 10.3539 7.06322 5.97401 7.62389 12.0945 6.72324 5.21071 10.6206 8.57292 5.15865 4.45301 3.87544 1.23272
threshold=0.90230665866437232 2.8500000000000001 0.73283908552571664 556.35000000000014 0.88207739598940205 623.25000000000011 18.350000000000005 0.75572656613960043 1.0000000180025095e-35 256.9500000000001 284.35000000000008 467.85000000000008 0.80290535434334509 0.35349836220023151
decision_type=2 2 2 2 2 2 2 2 2 2 2 2 2 2
left_child=3 12 11 7 6 -6 -5 9 -9 -1 -4 -3 -2 -14
right_child=1 2 10 4 5 -7 -8 8 -10 -11 -12 -13 13 -15
leaf_value=4.6828333398911407e-06 0.00069143562635587972 0.00084967557477323436 0.0021103171903278485 -0.009540361174852123 -0.0004900028332258 0.00075835782064699597 0.00022633585406702517 -2.841794046209989e-06 0.00026841195234637849 -0.00062056034556493835 -0.00072101145074442152 -5.1514719259793118e-06 -0.0097315837089672515 -0.005623535965894183
leaf_weight=58912 40 1005 55 50 1017 130 1332 7106 2934 7928 278 275 47 48
leaf_count=58912 40 1005 55 50 1017 130 1332 7106 2934 7928 278 275 47 48
internal_value=-4.8363e-05 0.002746 0.00385927 -0.000109874 -0.00250099 -0.00551439 0 -3.12175e-05 0.00103088 -0.000190754 -0.00262763 0.00554687 -0.0105556 -0.0160526
internal_weight=81157 1748 1613 79409 2529 1147 1382 76880 10040 66840 333 1280 135 95
internal_count=81157 1748 1613 79409 2529 1147 1382 76880 10040 66840 333 1280 135 95
is_linear=0
shrinkage=0.05


Tree=235
num_leaves=16
num_cat=0
split_feature=19 18 16 15 18 18 15 6 18 3 6 5 3 21 5
split_gain=4.29142 10.3541 13.2231 14.6582 9.9204 6.40663 16.443 15.3675 13.3264 22.5651 13.442 6.05667 5.84784 5.74127 1.93924
threshold=23.031250000000004 97.437500000000014 394.25000000000006 211.50000000000003 0.93750000000000011 98.062500000000014 20.500000000000004 0.82293497932636273 85.937500000000014 -0.41248606129204529 -0.98521978256641018 0.85226249403558707 0.5277851165098012 0.69611922244257685 -0.30983472475487867
decision_type=2 2 2 2 2 2 2 2 2 2 2 2 2 2 2
left_child=5 2 4 -4 -2 8 11 -8 10 -10 -1 -7 13 -3 -14
right_child=1 12 3 -5 -6 6 7 -9 9 -11 -12 -13 14 -15 -16
leaf_value=0.0010751404390867499 -0.0015776422113231215 -0.0032455239155303075 -0.0017686224342061436 -4.7341630397185197e-05 0.0011922312085856813 -0.0008801537533792759 0.00023432285970409472 0.0010334014629938381 -0.0016601182089563717 -3.4664416358778928e-05 3.7479274000090661e-05 -0.0047145511949811319 -0.014124255647351841 -9.3318058636898685e-05 -0.0062043994209398162
leaf_weight=1390 89 849 204 5818 1682 1518 17637 2283 3908 9463 35407 180 40 821 51
leaf_count=1390 89 849 204 5818 1682 1518 17637 2283 3908 9463 35407 180 40 821 51
internal_value=4.30293e-05 -0.000952481 -0.000170024 -0.00128695 0.00362789 0.000175522 0.000895087 0.00129769 -0.000134548 -0.00148643 0.000356687 -0.00382803 -0.00441511 -0.00374251 -0.0167582
internal_weight=81340 9554 7793 6022 1771 71786 21618 19920 50168 13371 36797 1698 1761 1670 91
internal_count=81340 9554 7793 6022 1771 71786 21618 19920 50168 13371 36797 1698 1761 1670 91
is_linear=0
shrinkage=0.05


Tree=236
num_leaves=12
num_cat=0
split_feature=6 13 12 0 20 21 18 18 22 5 13
split_gain=4.50812 6.62955 5.32173 3.68827 7.77693 6.125 14.2118 5.45135 4.60373 3.6789 3.59545
threshold=0.99981043035926087 0.14514526567155514 33.750000000000007 36.354587091161655 5.470625000000001 1.0392045756306625 34.687500000000007 22.187500000000004 1.0711392147425018 1.0000000180025095e-35 0.29678178505227409
decision_type=2 2 2 2 2 2 2 2 2 2 2
left_child=3 -2 9 4 7 8 -7 -1 -5 -3 -4
right_child=1 2 10 5 -6 6 -8 -9 -10 -11 -12
leaf_value=0.0024737928919020824 0.0039709093536286714 -0.0014214357984842657 0.00078567840396422117 1.428252469182212e-07 -0.0044885350296361625 -0.00067835939950243451 0.00089459383211185908 0.0002790895329683796 0.00067194850865244244 -0.00234293111315297 -0.0015758290655074128
leaf_weight=1195 49 114 62 73653 62 1216 694 3160 761 59 94
leaf_count=1195 49 114 62 73653 62 1216 694 3160 761 59 94
internal_value=2.43469e-05 -0.00542328 -0.00797872 4.98508e-05 0.00145461 -3.14449e-05 -0.00282723 0.00170494 4.0315e-05 -0.0140173 -0.00128205
internal_weight=81119 378 329 80741 4417 76324 1910 4355 74414 173 156
internal_count=81119 378 329 80741 4417 76324 1910 4355 74414 173 156
is_linear=0
shrinkage=0.05


Tree=237
num_leaves=13
num_cat=0
split_feature=1 13 19 21 5 17 22 13 18 20 15 18
split_gain=3.8442 3.89815 14.5339 9.8532 26.0274 21.7647 9.08737 1.90297 2.75568 6.52179 4.84868 0.904348
threshold=14.069689152548628 0.22378443260234238 -1.8812499999999996 0.080309471516416917 -0.96235977360714686 27.500000000000004 0.19486995852259767 1.2628353117770914 66.062500000000014 1.8381250000000005 33.500000000000007 96.562500000000014
decision_type=2 2 2 2 2 2 2 2 2 2 2 2
left_child=7 2 11 4 -3 -5 -4 8 9 -1 -10 -2
right_child=1 3 6 5 -6 -7 -8 -9 10 -11 -12 -13
leaf_value=0.0044959436903175779 -0.004693977144705353 0.0050062131977439937 -0.00078704741098690751 -0.0014951996498486796 0.00041037297542766973 1.8326610874204452e-05 2.7389073414260668e-05 0.010268167845053168 -0.0018441005783132404 0.015776437710165524 0.0094953443208596749 -0.0021526138866832674
leaf_weight=218 52 532 3508 2588 5407 59032 9377 79 247 45 62 40
leaf_count=218 52 532 3508 2588 5407 59032 9377 79 247 45 62 40
internal_value=-2.49424e-05 -5.58756e-05 -0.00084958 9.65822e-05 0.00204159 -9.08796e-05 -0.000708188 0.00380184 0.0027972 0.00655894 -0.000404531 -0.0206522
internal_weight=81187 80536 12977 67559 5939 61620 12885 651 572 263 309 92
internal_count=81187 80536 12977 67559 5939 61620 12885 651 572 263 309 92
is_linear=0
shrinkage=0.05


Tree=238
num_leaves=13
num_cat=0
split_feature=6 15 17 18 10 16 5 5 5 19 16 11
split_gain=4.21886 11.8357 9.78301 8.98969 12.3091 13.5809 11.3861 8.83031 11.8742 8.72678 8.27246 3.46197
threshold=-0.6652727025667432 839.50000000000011 341.50000000000006 93.937500000000014 0.45000000000000001 131.45000000000002 -0.55657520495441892 0.64579916509010216 0.36648264796514479 19.806250000000006 822.45000000000016 0.83960345806004832
decision_type=2 2 2 2 2 2 2 2 2 2 2 2
left_child=3 2 9 7 6 -6 -5 8 -1 -2 -9 -3
right_child=1 11 -4 4 5 -7 -8 10 -10 -11 -12 -13
leaf_value=0.00018605761239373078 -1.270948666257099e-05 -0.00058607829544140568 0.0060072762376617104 0.0026351718362419788 0.00043540797684036572 -0.00099461612896994413 -0.0037118580931789994 0.0011184535230044478 -0.00075991224976147968 -0.00020923015646596711 0.0013599836329616782 -0.00016137075561122594
leaf_weight=12151 49984 58 63 129 5707 3323 581 1053 2727 5208 70 54
leaf_count=12151 49984 58 63 129 5707 3323 581 1053 2727 5208 70 54
internal_value=-3.45219e-05 -0.000280402 -0.000247489 0.000494348 -0.000703285 -0.000204873 -0.00704225 0.00122336 0.000900659 -0.000269967 0.00549866 -0.0165179
internal_weight=81108 55367 55255 25741 9740 9030 710 16001 14878 55192 1123 112
internal_count=81108 55367 55255 25741 9740 9030 710 16001 14878 55192 1123 112
is_linear=0
shrinkage=0.05


Tree=239
num_leaves=9
num_cat=0
split_feature=17 6 15 5 8 6 6 5
split_gain=4.72694 4.23121 6.15529 7.95123 5.45053 3.97121 10.0088 5.7602
threshold=395.50000000000006 0.99981043035926087 33.500000000000007 1.0000000180025095e-35 1.0000000180025095e-35 0.98486764554468398 0.97263757644091875 0.15951094710994371
decision_type=2 2 2 2 2 2 2 2
left_child=1 5 3 -3 -4 6 -1 -7
right_child=-2 2 4 -5 -6 7 -8 -9
leaf_value=-1.5815217301040629e-07 0.0040875102379276827 -0.00016596525777114459 -0.0010936875451091441 -0.0022721153978790157 0.00092030848777837769 0.00046891918589980763 -0.0013261375794342612 0.0044957439123653993
leaf_weight=77204 65 101 85 112 78 2508 1035 156
leaf_count=77204 65 101 85 112 78 2508 1035 156
internal_value=-1.65962e-05 -2.73748e-05 -0.00531915 -0.0109155 0.00199387 -2.78111e-06 -6.74216e-05 0.00189565
internal_weight=81344 81279 376 213 163 80903 78239 2664
internal_count=81344 81279 376 213 163 80903 78239 2664
is_linear=0
shrinkage=0.05


Tree=240
num_leaves=14
num_cat=0
split_feature=13 6 9 16 20 3 22 4 7 21 20 13 14
split_gain=4.08253 12.5255 10.9541 10.344 14.7712 14.7316 9.33609 19.0359 11.0715 7.70387 15.2638 9.96756 3.24119
threshold=0.56324587400574067 0.9989598388634241 0.52389775892219548 552.35000000000002 0.94062500000000016 0.63405362205439464 0.81122088845107421 -0.5 0.87500000000000011 0.44107972890455122 0.61812500000000015 0.25034717147968283 1.0000000180025095e-35
decision_type=2 2 2 2 2 2 2 2 2 2 2 2 2
left_child=2 3 9 4 -2 -5 8 -8 -4 11 -11 -1 -3
right_child=1 12 6 5 -6 -7 7 -9 -10 10 -12 -13 -14
leaf_value=-0.00020767345262250327 0.0010502880651690027 -0.0014746038348687426 0.0017145926639804132 -3.4965349466486993e-05 -0.00014030181677437137 -0.00039994708724055142 0.00098587107897853696 -2.0304600724255219e-05 -0.00033899302623629645 -0.0015509841192488522 -0.00014408263782804133 0.00048294893027346912 -0.003672459449513265
leaf_weight=6848 4764 40 1539 7407 18876 2390 3822 3038 5812 1910 15266 9623 79
leaf_count=6848 4764 40 1539 7407 18876 2390 3822 3038 5812 1910 15266 9623 79
internal_value=1.90385e-05 -0.000403803 0.000315517 -0.000346173 0.000219966 -0.00171226 0.00147949 0.00280612 0.000241464 -0.000176093 -0.000916977 0.000596503 -0.0165966
internal_weight=81414 33556 47858 33437 23640 9797 14211 6860 7351 33647 17176 16471 119
internal_count=81414 33556 47858 33437 23640 9797 14211 6860 7351 33647 17176 16471 119
is_linear=0
shrinkage=0.05


Tree=241
num_leaves=13
num_cat=0
split_feature=6 15 6 15 16 5 12 10 17 6 4 11
split_gain=4.09352 11.573 8.85348 12.7528 13.1932 12.6723 13.6475 9.7911 8.245 7.59893 6.72184 3.73862
threshold=-0.6652727025667432 839.50000000000011 -0.6905596507703472 171.50000000000003 45.600000000000009 0.69676570133721638 129.15000000000003 181.80000000000004 341.50000000000006 -0.074115882986646633 -0.47114434510950048 0.84269951048867664
decision_type=2 2 2 2 2 2 2 2 2 2 2 2
left_child=2 8 5 10 -5 7 -7 -1 9 -2 -4 -3
right_child=1 11 3 4 -6 6 -8 -9 -10 -11 -12 -13
leaf_value=0.00041144465631354768 -0.00016146643789321515 -0.00046551076889582714 0.0069806621102046279 -0.0052952080623674767 0.00056114524916553443 0.0013699044828933617 -0.00323320058100212 -5.2701330445259489e-05 0.0056287210444656349 5.4631878297876918e-05 0.0013724250174188214 -0.00014431700990447661
leaf_weight=10747 17894 72 151 88 574 156 346 13496 57 37507 216 47
leaf_count=10747 17894 72 151 88 574 156 346 13496 57 37507 216 47
internal_value=6.11547e-05 -0.00018038 0.000581982 0.00512634 0.000981873 0.000393009 -0.00747012 0.000555831 -0.000146958 -0.000166513 0.0126022 -0.0157563
internal_weight=81351 55577 25774 1029 662 24745 502 24243 55458 55401 367 119
internal_count=81351 55577 25774 1029 662 24745 502 24243 55458 55401 367 119
is_linear=0
shrinkage=0.05


Tree=242
num_leaves=16
num_cat=0
split_feature=22 6 6 5 11 6 21 20 1 5 20 22 17 6 1
split_gain=4.69488 13.475 25.0728 13.8848 10.3281 10.2705 9.42165 14.2642 12.8955 11.0755 8.86972 8.55616 10.8126 8.76584 4.2383
threshold=0.97318512561689607 0.96633974041180493 0.94353349168649059 0.19337368024598436 0.23856359631167101 -0.99983123799342477 0.89095253074953418 1.2206250000000003 152.13102538209441 -0.30983472475487867 2.1106250000000006 0.82147700513670652 42.500000000000007 -0.99938741687870725 246.532870270698
decision_type=2 2 2 2 2 2 2 2 2 2 2 2 2 2 2
left_child=6 2 5 10 -4 -2 11 9 -9 -8 -3 13 -13 -1 -5
right_child=1 3 4 14 -6 -7 7 8 -10 -11 -12 12 -14 -15 -16
leaf_value=-0.0018731928428408263 0.00068370566991164119 -0.00066367291595976769 -0.0045794934300634419 0.0077785768673548196 -0.00033318880464554561 5.8746795281688915e-05 -0.0009639580994325992 0.0022491992189203713 -0.00011628939273867212 -0.00014022391848062533 0.0064778363477743413 -0.0036472899832942665 0.0005407051695245108 -1.312334705482754e-05 0.001385659077831511
leaf_weight=592 106 229 188 133 125 10201 1385 556 6414 1280 110 349 7494 52220 48
leaf_count=592 106 229 188 133 125 10201 1385 556 6414 1280 110 349 7494 52220 48
internal_value=3.37713e-05 0.000987433 0.000602637 0.00884615 -0.0133387 0.001026 -0.000117371 -0.0015698 -0.000380201 -0.00468105 0.00287611 0.000113346 0.00165434 -0.000115504 0.0200276
internal_weight=81430 11140 10620 520 313 10307 70290 9635 6970 2665 339 60655 7843 52812 181
internal_count=81430 11140 10620 520 313 10307 70290 9635 6970 2665 339 60655 7843 52812 181
is_linear=0
shrinkage=0.05


Tree=243
num_leaves=13
num_cat=0
split_feature=5 16 5 6 5 11 20 15 11 19 2 4
split_gain=4.11289 9.04222 9.85962 26.2384 12.076 6.42514 10.1151 11.4482 9.43755 11.3479 11.1408 8.21023
threshold=0.86113431103781346 887.05000000000007 0.7210268013660811 0.689015599449598 0.69676570133721638 0.2833720123647136 0.83312500000000012 56.500000000000007 0.75905044448415715 18.431250000000002 0.7802651399660504 -0.68322629814330815
decision_type=2 2 2 2 2 2 2 2 2 2 2 2
left_child=1 2 4 -4 -1 6 11 -8 9 -7 -10 -2
right_child=5 -3 3 -5 -6 8 7 -9 10 -11 -12 -13
leaf_value=9.1241590044074946e-06 -0.00048748100234304872 -0.00036270678916169863 0.00033737698162063234 0.0073732757084324476 -0.0019054679893991166 -0.00034030364909897333 -0.001636353751656436 0.00017171842154791174 1.4789184865460215e-05 -0.0013546801518458066 0.00044597397952909624 0.0020090839893394524
leaf_weight=60354 149 79 5761 188 898 5614 540 3815 2230 936 141 600
leaf_count=60354 149 79 5761 188 898 5614 540 3815 2230 936 141 600
internal_value=-2.8596e-05 0.000133769 0.000153644 0.00209699 -3.51009e-05 -0.000807487 0.000607367 -0.000315729 -0.00161697 -0.00259542 0.00108604 0.00597463
internal_weight=81305 67280 67201 5949 61252 14025 5104 4355 8921 6550 2371 749
internal_count=81305 67280 67201 5949 61252 14025 5104 4355 8921 6550 2371 749
is_linear=0
shrinkage=0.05


Tree=244
num_leaves=9
num_cat=0
split_feature=17 9 21 11 10 10 5 11
split_gain=4.10799 3.46835 11.0862 6.60356 5.55016 4.62869 11.807 9.48388
threshold=395.50000000000006 0.90230665866437232 0.22823408004988138 1.1374882056746016 27.750000000000004 474.15000000000003 0.878110924644389 0.70875988035401705
decision_type=2 2 2 2 2 2 2 2
left_child=1 5 4 -4 -3 7 -7 -1
right_child=-2 2 3 -5 -6 6 -8 -9
leaf_value=-3.1277946594221449e-05 0.0042015988993401475 -0.0086728794355455385 0.00015731432201168962 0.005072798587430147 -2.1524071768314059e-05 -0.00025057729290124399 0.00031182999998260465 0.00017057258811400966
leaf_weight=64235 62 79 1478 124 67 5535 649 9074
leaf_count=64235 62 79 1478 124 67 5535 649 9074
internal_value=3.78215e-05 2.80031e-05 0.00223112 0.00343321 -0.0109589 -2.04421e-05 -0.00133409 9.03709e-05
internal_weight=81303 81241 1748 1602 146 79493 6184 73309
internal_count=81303 81241 1748 1602 146 79493 6184 73309
is_linear=0
shrinkage=0.05


Tree=245
num_leaves=15
num_cat=0
split_feature=5 5 20 3 6 3 15 22 17 13 3 22 18 20
split_gain=3.41389 10.3781 7.88428 8.32318 6.7684 10.4885 8.92135 5.78585 14.8568 11.1707 5.14643 5.29883 4.22947 0.367021
threshold=0.91248814248966237 0.9053161325100999 1.0556250000000003 -0.16280825711808958 0.38043945030393422 -0.58216583101416142 283.50000000000006 0.37986553897203074 162.50000000000003 0.54068680549741455 0.99892946161930185 0.99469066677254137 28.187500000000004 3.2518750000000005
decision_type=2 2 2 2 2 2 2 2 2 2 2 2 2 2
left_child=1 10 -3 -4 7 13 -7 8 -2 -9 11 -1 -12 -6
right_child=4 2 3 -5 5 6 -8 9 -10 -11 12 -13 -14 -15
leaf_value=-6.2106555114682667e-06 -0.00027827772223464471 -0.00065461362271157237 0.00031993585968689012 0.0061564257967920812 -0.009637151371336956 0.0022777105447719659 -0.00090074355684808269 0.00044561763136118375 -0.0030276928208010641 -0.00019559496786684949 -0.0012521530277329552 0.00013217055936353694 -0.00055422063275164244 -0.0017489769954049468
leaf_weight=62942 1439 60 196 192 46 77 233 4893 246 4244 109 6167 457 48
leaf_count=62942 1439 60 196 192 46 77 233 4893 246 4244 109 6167 457 48
internal_value=-1.44439e-05 0.000115155 0.00770089 0.0103093 -0.00082398 -0.00717822 -0.00274194 -0.000586768 -0.00327893 -9.02922e-05 6.63796e-05 0.000105268 -0.00468198 -0.0218085
internal_weight=81349 70123 448 388 11226 404 310 10822 1685 9137 69675 69109 566 94
internal_count=81349 70123 448 388 11226 404 310 10822 1685 9137 69675 69109 566 94
is_linear=0
shrinkage=0.05


Tree=246
num_leaves=9
num_cat=0
split_feature=17 19 22 3 19 5 10 15
split_gain=4.10777 3.78328 10.0906 9.41054 8.42901 13.7388 12.4898 7.54523
threshold=395.50000000000006 21.556250000000006 1.0547836068262837 0.58216583101416142 18.256250000000005 0.38243310158943505 486.15000000000003 85.500000000000014
decision_type=2 2 2 2 2 2 2 2
left_child=1 4 3 -3 6 -6 -1 -4
right_child=-2 2 7 -5 5 -7 -8 -9
leaf_value=1.2618711686464279e-05 0.0036197294614667228 -6.8810012930020653e-06 -0.00056629706297383069 -0.00032552634035874496 0.00075831616261281545 -0.00022255484996620557 -0.0011208717769017607 -0.0016616690838345606
leaf_weight=56256 62 12025 223 1378 7213 2860 1049 114
leaf_count=56256 62 12025 223 1378 7213 2860 1049 114
internal_value=3.81867e-05 2.83538e-05 -0.000727802 -0.000512945 0.000182552 0.00151643 -5.19152e-05 -0.009273
internal_weight=81180 81118 13740 13403 67378 10073 57305 337
internal_count=81180 81118 13740 13403 67378 10073 57305 337
is_linear=0
shrinkage=0.05


Tree=247
num_leaves=15
num_cat=0
split_feature=16 20 11 5 16 2 15 3 11 2 22 9 12 17
split_gain=4.51929 9.19475 6.03942 10.2519 5.81398 16.4719 13.1391 8.56516 5.50123 5.15579 12.1351 10.93 3.58163 0.659143
threshold=860.80000000000007 3.7881250000000009 0.89343160785122744 0.19337368024598436 660.05000000000007 0.50371808373035509 504.50000000000006 -0.68322629814330804 0.84590029614191475 0.33467382799034445 0.9591057205142951 0.83856673744782662 576.45000000000016 101.50000000000001
decision_type=2 2 2 2 2 2 2 2 2 2 2 2 2 2
left_child=4 2 3 -2 9 7 -7 -6 13 11 -11 -1 -4 -3
right_child=1 8 12 -5 5 6 -8 -9 -10 10 -12 -13 -14 -15
leaf_value=-4.3815318096443459e-05 0.00047656250781437652 0.00051832684925073869 -0.00037800888472817043 2.4118701740347138e-05 3.6363010224471639e-06 0.00065522544456772806 -4.9876567340489958e-05 -0.00090348512647472901 6.9131920830828308e-05 0.0001043702891253745 0.00054405358498499921 -0.00067473833332821207 -7.4071310564943765e-06 0.0008223401829584088
leaf_weight=28418 57 43 49 434 252 404 6012 655 48 41794 1519 1437 42 59
leaf_count=28418 57 43 49 434 252 404 6012 655 48 41794 1519 1437 42 59
internal_value=5.07861e-05 0.00396175 0.00111684 0.00330957 1.52191e-05 -0.00132801 -0.000436409 -0.00763506 0.015 0.000149656 0.000498118 -0.000355887 -0.0107143 0.0215686
internal_weight=81223 732 582 491 80491 7323 6416 907 150 73168 43313 29855 91 102
internal_count=81223 732 582 491 80491 7323 6416 907 150 73168 43313 29855 91 102
is_linear=0
shrinkage=0.05


Tree=248
num_leaves=9
num_cat=0
split_feature=17 5 5 18 12 18 16 17
split_gain=3.68779 3.46172 13.4283 19.4383 9.97311 10.7256 9.79207 8.75059
threshold=395.50000000000006 -0.86976336936302323 -0.65234524191686594 44.187500000000007 252.45000000000002 83.937500000000014 2.3500000000000001 263.50000000000006
decision_type=2 2 2 2 2 2 2 2
left_child=1 4 3 -3 5 -1 -4 -6
right_child=-2 2 6 -5 7 -7 -8 -9
leaf_value=0.00049054336040553904 0.0035061694710173175 0.00012583296243257603 -0.00043811317721274747 -0.0010755767420136564 0.00080340998104826979 -0.00052403514603372727 6.7331788046026691e-05 -0.0044775241749496304
leaf_weight=5758 57 3731 8272 6113 2858 5497 48913 82
leaf_count=5758 57 3731 8272 6113 2858 5497 48913 82
internal_value=5.84392e-06 -3.07791e-06 -0.000153292 -0.001859 0.000706235 2.88761e-05 0.000140334 0.00329932
internal_weight=81281 81224 67029 9844 14195 11255 57185 2940
internal_count=81281 81224 67029 9844 14195 11255 57185 2940
is_linear=0
shrinkage=0.05


Tree=249
num_leaves=15
num_cat=0
split_feature=16 20 21 5 11 16 4 11 5 22 2 21 11 17
split_gain=3.97681 8.76562 6.79462 7.85455 5.58107 5.36765 11.7843 9.35767 7.50054 4.92059 20.0059 8.88906 4.66625 1.3732
threshold=860.80000000000007 3.7681250000000008 1.0164138957129636 0.88621069759564464 0.89343160785122744 757.70000000000016 -0.63405362205439475 0.86753702545146505 0.76696112484652035 0.9591057205142951 0.50371808373035509 0.90281753674034149 0.84590029614191475 101.50000000000001
decision_type=2 2 2 2 2 2 2 2 2 2 2 2 2 2
left_child=5 2 4 -4 -2 9 7 -7 -8 11 -11 -1 13 -3
right_child=1 12 3 -5 -6 6 8 -9 -10 10 -12 -13 -14 -15
leaf_value=3.1530900582638077e-05 0.00031463999876584772 0.00031652370522961551 -0.0003267940777252565 6.2163090524999803e-05 -9.4707064037335981e-05 4.0317822986873922e-05 -0.00017485142469735873 -0.00024641370306624499 -0.00087288350328500468 1.8538087591746245e-05 0.0005642178712439522 -0.00026614187784390619 0.00011918835122555482 0.00076504457660377394
leaf_weight=61199 180 43 145 178 68 2439 237 781 193 8023 1554 5793 52 62
leaf_count=61199 180 43 145 178 68 2439 237 781 193 8023 1554 5793 52 62
internal_value=2.99579e-05 0.00370879 0.000831874 -0.00394737 0.00705645 -3.42812e-06 -0.00187671 -0.000838509 -0.00965116 8.58703e-05 0.00114597 -6.56795e-05 0.014172 0.0202381
internal_weight=80947 728 571 323 248 80219 3650 3220 430 76569 9577 66992 157 105
internal_count=80947 728 571 323 248 80219 3650 3220 430 76569 9577 66992 157 105
is_linear=0
shrinkage=0.05


Tree=250
num_leaves=16
num_cat=0
split_feature=22 21 22 16 20 10 4 12 11 22 20 7 4 6 6
split_gain=3.40601 10.3977 11.8577 11.755 11.6589 10.9162 9.27715 22.1077 16.1043 9.94828 13.9281 11.6416 7.94979 6.20804 5.90491
threshold=0.99214247489978813 0.95822069235233565 0.96446072324501853 539.20000000000016 2.3756250000000008 524.70000000000016 -0.55557023301960251 45.45000000000001 0.52109842013701513 1.0805533552804751 1.9581250000000003 0.87500000000000011 0.065403129230142729 -0.99938741687870725 -0.92272482904738262
decision_type=2 2 2 2 2 2 2 2 2 2 2 2 2 2 2
left_child=1 2 13 -4 14 -6 9 12 -9 11 -11 -2 -8 -1 -3
right_child=6 4 3 -5 5 -7 7 8 -10 10 -12 -13 -14 -15 -16
leaf_value=-0.00070822142669732047 -0.00029647164090240154 6.7689023829101141e-06 4.5564923338348162e-05 0.00078169462290391127 0.00014312200058578807 -0.00033205611005260316 3.3138320834652513e-05 -8.0217253996262006e-05 -0.0010431849581470324 0.00088121980667635194 0.0051835823491358851 0.00012273900525460734 0.0016353182274148504 8.3796258724511137e-06 -0.00068726262610859521
leaf_weight=790 653 548 521 466 1763 438 1812 755 688 631 253 3407 695 65787 2059
leaf_count=790 653 548 521 466 1763 438 1812 755 688 631 253 3407 695 65787 2059
internal_value=9.84422e-06 -0.000103631 5.6243e-05 0.00549645 -0.00235025 0.000329396 0.000933213 -0.000873418 -0.00580388 0.00237662 0.00718326 0.00133005 0.0019645 -2.44078e-05 -0.00461258
internal_weight=81266 72372 67564 987 4808 2201 8894 3950 1443 4944 884 4060 2507 66577 2607
internal_count=81266 72372 67564 987 4808 2201 8894 3950 1443 4944 884 4060 2507 66577 2607
is_linear=0
shrinkage=0.05


Tree=251
num_leaves=15
num_cat=0
split_feature=18 17 6 22 5 3 5 7 9 18 10 20 6 22
split_gain=4.67771 13.2996 13.5034 19.436 15.9877 8.35415 12.4285 10.3647 26.2683 10.3245 7.92084 5.82011 11.6225 6.1742
threshold=99.062500000000014 32.500000000000007 0.097680735332368748 0.1145841159740669 -0.9905448150984083 0.88144907265856365 -0.99940763397299126 3.1250000000000004 0.26978851478610233 80.562500000000014 99.750000000000014 4.0256250000000007 0.99748108949426018 0.30376240739439458
decision_type=2 2 2 2 2 2 2 2 2 2 2 2 2 2
left_child=5 11 3 -3 -4 7 -7 8 -1 -9 -8 12 -2 -13
right_child=1 2 4 -5 -6 6 10 9 -10 -11 -12 13 -14 -15
leaf_value=-0.0014114975684880711 -0.0001548639182132855 -0.0019207590702832512 0.006505407799804833 0.00010327066916911016 0.00062626788398253703 -0.007660107714617951 0.00025145119024176931 0.00015222488949166447 -6.6497971889922799e-05 -0.00040985626201236195 0.0014331273010479068 -0.00093411333059267995 -0.003126987927611645 -0.0036521585499520977
leaf_weight=5777 1889 148 169 11280 5757 65 6197 15832 24205 8523 440 686 89 120
leaf_count=5777 1889 148 169 11280 5757 65 6197 15832 24205 8523 440 686 89 120
internal_value=-7.48365e-05 0.000585957 0.00110061 9.62548e-05 0.00303746 -0.000292846 0.00137272 -0.000498279 -0.00112067 0.000267912 0.00158581 -0.00262213 -0.00116279 -0.00620347
internal_weight=81177 20138 17354 11428 5926 61039 6702 54337 29982 24355 6637 2784 1978 806
internal_count=81177 20138 17354 11428 5926 61039 6702 54337 29982 24355 6637 2784 1978 806
is_linear=0
shrinkage=0.05


Tree=252
num_leaves=9
num_cat=0
split_feature=17 16 20 21 11 16 20 19
split_gain=3.59406 3.1953 7.46087 5.60912 4.89133 4.23295 12.5104 3.6881
threshold=395.50000000000006 860.80000000000007 3.7881250000000009 1.0164138957129636 0.85101783554567856 660.05000000000007 2.4631250000000007 32.41875000000001
decision_type=2 2 2 2 2 2 2 2
left_child=1 5 3 -3 -4 7 -7 -1
right_child=-2 2 4 -5 -6 6 -8 -9
leaf_value=3.1667711738964098e-05 0.0032104591870297907 0.0001467168708508493 0.00069703497509072683 -9.6126978696420287e-05 -7.7756903418035875e-05 -0.0001785368335668891 4.6438594664288682e-05 0.00047504099312163515
leaf_weight=72973 62 245 101 345 43 3495 3791 266
leaf_count=72973 62 245 101 345 43 3495 3791 266
internal_value=6.30219e-05 5.38402e-05 0.00333787 0.000847458 0.0135417 2.39056e-05 -0.00112545 0.000138246
internal_weight=81321 81259 734 590 144 80525 7286 73239
internal_count=81321 81259 734 590 144 80525 7286 73239
is_linear=0
shrinkage=0.05


Tree=253
num_leaves=12
num_cat=0
split_feature=3 18 5 6 14 0 5 16 3 11 12
split_gain=4.46574 5.88048 3.59849 21.0769 18.4108 14.4197 12.3422 8.29662 8.15348 3.0627 2.76971
threshold=0.99892946161930185 0.43750000000000006 -0.65234524191686594 0.63755505330306683 1.0000000180025095e-35 253.23302865894664 -0.58482361983252518 2.3500000000000001 -0.93540483100319605 0.61663529182563115 66.450000000000003
decision_type=2 2 2 2 2 2 2 2 2 2 2
left_child=2 -2 3 4 -1 -5 8 -8 -4 10 -3
right_child=1 9 6 5 -6 -7 7 -9 -10 -11 -12
leaf_value=0.0015567441459461706 -0.0016406806261135554 -0.00010656484420738244 -0.0013775300458767764 -0.0012832511270226708 -0.00010783317695453182 -0.0043833327565560203 -0.00043561254715639088 6.4083887840857287e-05 0.00045424904598934113 0.0035755052366771459 -0.0012000292482896636
leaf_weight=2708 66 320 192 1767 18970 324 7788 47074 1844 44 267
leaf_count=2708 66 320 192 1767 18970 324 7788 47074 1844 44 267
internal_value=3.68713e-06 -0.00398135 3.81197e-05 -0.000478565 -1.61454e-05 -0.0052726 0.000253963 0.000112099 0.00407662 -0.00249604 -0.00344974
internal_weight=81364 697 80667 23769 21678 2091 56898 54862 2036 631 587
internal_count=81364 697 80667 23769 21678 2091 56898 54862 2036 631 587
is_linear=0
shrinkage=0.05


Tree=254
num_leaves=16
num_cat=0
split_feature=0 13 22 15 19 19 21 18 17 18 5 16 15 12 5
split_gain=4.3088 5.38904 10.7539 9.33429 7.7333 5.79705 5.73701 5.2381 4.79439 8.4995 6.93611 5.70992 4.97714 4.1449 3.59092
threshold=36.354587091161655 0.052991996561862202 0.76974246247178868 128.50000000000003 20.218750000000004 -3.3124999999999996 1.0392045756306625 99.062500000000014 30.500000000000004 99.562500000000014 0.3504237462291826 7.2500000000000009 28.500000000000004 8.5500000000000025 0.67167992559793654
decision_type=2 2 2 2 2 2 2 2 2 2 2 2 2 2 2
left_child=8 2 4 -4 -2 7 -7 -3 9 12 11 -10 -1 -12 -11
right_child=1 5 3 -5 -6 6 -8 -9 10 14 13 -13 -14 -15 -16
leaf_value=0.0020338523124379172 -0.00060085353979483919 0.0037422467968244557 7.9679394002996062e-05 -0.0054681812392507606 0.0091010787588569151 4.3674681373062634e-06 -0.00040335245152196554 3.666898744928149e-05 0.013369592066862973 -0.001000790769712101 0.010031535366552742 -0.00010224485084489033 -0.0027262488185832269 0.0036061180780805309 -0.0040724640133335968
leaf_weight=2017 673 44 75 135 64 73955 1868 40 48 585 155 717 413 382 175
leaf_count=2017 673 44 75 135 64 73955 1868 40 48 585 155 717 413 382 175
internal_value=8.60522e-06 -7.93713e-05 -0.00382788 -0.0138095 -0.000983718 -3.26057e-05 -4.71493e-05 0.0130952 0.0015138 0.000470219 0.00407066 0.00101307 0.00191358 0.00842644 -0.00414474
internal_weight=81346 76854 947 210 737 75907 75823 84 4492 3190 1302 765 2430 537 760
internal_count=81346 76854 947 210 737 75907 75823 84 4492 3190 1302 765 2430 537 760
is_linear=0
shrinkage=0.05


Tree=255
num_leaves=15
num_cat=0
split_feature=5 4 20 15 16 5 3 19 22 5 22 15 4 16
split_gain=3.47724 15.2793 6.73194 8.60058 4.73525 4.46233 16.6028 20.1991 7.82135 6.7239 25.0503 4.16578 1.90254 1.35057
threshold=-0.99940763397299126 -0.44228869021900119 1.1856250000000002 288.50000000000006 35.350000000000001 -0.98523971305672675 -0.58216583101416142 10.731250000000003 0.33937597761445287 -0.96689237009891416 0.46071061819901421 132.50000000000003 -0.81241147629689003 198.85000000000005
decision_type=2 2 2 2 2 2 2 2 2 2 2 2 2 2
left_child=1 2 12 -4 -3 6 8 -8 -2 10 -7 -11 -1 -6
right_child=5 4 3 -5 13 9 7 -9 -10 11 -12 -13 -14 -15
leaf_value=0.013621776713690643 -0.0032622442022245458 0.0023419731091613868 0.0026108280768063624 -0.0005280210751864745 -0.0082654920668142184 0.0037522147126251154 -0.0019770797202197351 0.00081036368184518495 -0.0018466182964440526 0.00013552862175766344 -0.00015494030518062307 -5.3216402004935274e-05 0.0035290337587726263 -0.0057903232237703746
leaf_weight=50 226 42 270 331 47 839 508 2074 523 27307 1591 47435 51 40
leaf_count=50 226 42 270 331 47 839 508 2074 523 27307 1591 47435 51 40
internal_value=1.2295e-06 0.00321901 0.00612536 0.00411814 -0.0125969 -3.19864e-05 -0.00182378 7.74593e-05 -0.00837784 4.53532e-05 0.00263374 -3.88001e-05 0.0180693 -0.0192529
internal_weight=81334 831 702 601 129 80503 3331 2582 749 77172 2430 74742 101 87
internal_count=81334 831 702 601 129 80503 3331 2582 749 77172 2430 74742 101 87
is_linear=0
shrinkage=0.05


Tree=256
num_leaves=9
num_cat=0
split_feature=17 13 6 20 22 20 21 18
split_gain=4.09165 3.75666 11.2923 8.53536 7.13665 18.2259 10.9911 3.86322
threshold=395.50000000000006 0.62070473886382349 0.99611390731392835 0.67937500000000017 0.86257055245193748 1.9581250000000003 0.86786824711423971 99.062500000000014
decision_type=2 2 2 2 2 2 2 2
left_child=1 4 3 -3 6 -6 -1 -4
right_child=-2 2 7 -5 5 -7 -8 -9
leaf_value=1.5076155208376685e-05 0.0031880735771941727 0.0003955972624565235 -0.0025482576867060752 -8.8861653155736245e-05 -0.00011183108483074357 0.00058325901977416834 -0.002099499237977706 -0.0036849259817243367
leaf_weight=40199 59 3014 217 24607 5971 5615 1386 65
leaf_count=40199 59 3014 217 24607 5971 5615 1386 65
internal_value=-2.68078e-05 -3.63865e-05 -0.000506218 -0.000404583 0.000210171 0.00130761 -9.55874e-05 -0.010461
internal_weight=81133 81074 27903 27621 53171 11586 41585 282
internal_count=81133 81074 27903 27621 53171 11586 41585 282
is_linear=0
shrinkage=0.05


Tree=257
num_leaves=16
num_cat=0
split_feature=16 2 15 18 5 5 19 20 5 22 5 20 15 20 5
split_gain=3.87475 12.6376 16.1211 19.0928 13.4402 10.7645 18.5875 15.701 14.6509 21.2455 11.8485 8.83062 5.2449 5.58651 4.93324
threshold=140.35000000000005 0.14959150140535873 224.50000000000003 10.062500000000002 -0.99630266176052629 -0.98523971305672675 11.856250000000003 0.67937500000000017 -0.95754239937548935 0.46071061819901421 -0.94705910369513524 3.5793750000000006 54.500000000000007 1.9906250000000003 -0.57078386445773377
decision_type=2 2 2 2 2 2 2 2 2 2 2 2 2 2 2
left_child=5 12 3 -3 -4 6 11 -8 9 -7 -10 -1 14 -14 -2
right_child=1 2 4 -5 -6 8 7 -9 10 -11 -12 -13 13 -15 -16
leaf_value=-0.0017550411893822672 0.0020216622738791711 -0.0011018692254061047 0.0027566444027553039 -0.0005025610320511714 -2.304286485572682e-05 0.0034591330218771313 -0.0026483401298439862 0.00069262279287099363 -0.0023453718573834825 -0.00074337565895569448 0.00015053883741775743 -0.0025729118510025733 0.00088439851041742241 0.0035724301758471967 -0.0018919672608879946
leaf_weight=567 149 697 921 7880 34169 1083 201 1307 555 637 31380 171 989 351 191
leaf_count=567 149 697 921 7880 34169 1083 201 1307 555 637 31380 171 989 351 191
internal_value=-1.96928e-05 -0.000326924 -0.000490645 -0.00243383 -1.5674e-05 0.000368374 -0.00298308 0.000198939 0.000592037 0.00508721 0.00034993 -0.00948509 0.00392857 0.00533582 -0.00161765
internal_weight=81248 45347 43667 8577 35090 35901 2246 1508 33655 1720 31935 738 1680 1340 340
internal_count=81248 45347 43667 8577 35090 35901 2246 1508 33655 1720 31935 738 1680 1340 340
is_linear=0
shrinkage=0.05


Tree=258
num_leaves=15
num_cat=0
split_feature=15 22 17 19 12 17 22 10 7 3 13 16 22 0
split_gain=3.98099 19.1097 14.8708 13.8761 12.1769 10.3354 11.6037 8.329 17.6931 8.56223 7.34713 6.36571 10.6587 3.28603
threshold=132.50000000000003 0.28194005727844645 60.500000000000007 6.2312500000000011 9.4500000000000011 90.500000000000014 0.13849184191420508 33.45000000000001 0.87500000000000011 -0.47114434510950071 0.87037615127808998 28.050000000000004 0.16893310100493922 660.11395110446017
decision_type=2 2 2 2 2 2 2 2 2 2 2 2 2 2
left_child=5 11 3 -3 -4 7 -7 9 -9 -1 -8 12 -2 -13
right_child=1 2 4 -5 -6 6 10 8 -10 -11 -12 13 -14 -15
leaf_value=-0.0011880315712846576 -0.0025307882688728467 0.0045273333425395468 -0.0040395491303462849 -0.0013967472625662726 -1.1042143485345825e-05 -0.002314643924058152 0.0010345218307833942 0.0011944362303561553 2.9430230397253787e-05 -9.5608447777462146e-05 -0.0020736722226920587 -0.0041618894699757243 -0.00029753711864603381 -0.00076875287203924121
leaf_weight=1246 92 41 150 289 49994 49 2873 2675 10467 12625 66 252 452 41
leaf_count=1246 92 41 150 289 49994 49 2873 2675 10467 12625 66 252 452 41
internal_value=-3.50502e-05 -0.000302567 -0.00017831 -0.0107576 -0.000108687 0.000422486 0.00321285 0.000113834 0.00101583 -0.000740754 0.00361518 -0.0077957 -0.00459559 -0.0137372
internal_weight=81312 51311 50474 330 50144 30001 2988 27013 13142 13871 2939 837 544 293
internal_count=81312 51311 50474 330 50144 30001 2988 27013 13142 13871 2939 837 544 293
is_linear=0
shrinkage=0.05


Tree=259
num_leaves=15
num_cat=0
split_feature=21 5 17 3 9 5 19 3 6 20 6 6 9 5
split_gain=4.44456 30.6405 13.7777 13.6866 12.3226 11.38 9.63123 19.8515 13.5824 7.40994 5.69328 5.14429 4.403 0.612504
threshold=1.0000000180025095e-35 -0.96235977360714686 13.500000000000002 -0.52778511650980109 0.96816549174263311 0.17646842360078763 0.46250000000000002 1.0000000180025095e-35 0.7487283477006671 0.53562500000000013 0.99249573635719013 0.19969739736768838 0.4807094703518508 -0.39036798905311365
decision_type=2 2 2 2 2 2 2 2 2 2 2 2 2 2
left_child=1 3 9 11 5 -3 7 -4 -8 -2 -11 -1 -5 -6
right_child=2 4 6 12 13 -7 8 -9 -10 10 -12 -13 -14 -15
leaf_value=-0.0048457198616046254 0.0017756813530556458 0.00038474887468862716 -0.0043308994500398353 0.0093007725532239984 -0.0065705662297989497 -0.0012113045397763695 -4.7316895314530873e-05 -0.00033634968221469278 0.00049563354233606797 -0.0017046398259228839 -0.003460379466680956 0.0014628110512183131 0.0041278570930659902 -0.008885600699507671
leaf_weight=49 54 7002 169 269 42 884 63365 1271 6968 919 42 100 131 44
leaf_count=49 54 7002 169 269 42 884 63365 1271 6968 919 42 100 131 44
internal_value=-7.41e-05 0.00100634 -0.000200583 0.0124317 0.000219518 0.000424803 -0.000118777 -0.00416667 -3.59006e-05 -0.00598522 -0.00699792 -0.000503356 0.01725 -0.0186047
internal_weight=81309 8521 72788 549 7972 7886 71773 1440 70333 1015 961 149 400 86
internal_count=81309 8521 72788 549 7972 7886 71773 1440 70333 1015 961 149 400 86
is_linear=0
shrinkage=0.05


Tree=260
num_leaves=15
num_cat=0
split_feature=22 19 22 20 18 6 4 6 22 7 22 16 10 17
split_gain=3.00121 9.04305 11.1432 10.3796 3.64255 3.52711 3.29209 3.19654 9.776 12.1853 8.18349 17.9121 9.41449 8.06341
threshold=1.3065123111929533 13.643750000000002 1.3520815728244231 0.61812500000000015 42.562500000000007 0.84199059757024453 -0.5277851165098012 -0.64580103137750788 0.53904678953955576 1.1250000000000002 0.57612621656552421 131.45000000000002 168.15000000000003 241.50000000000003
decision_type=2 2 2 2 2 2 2 2 2 2 2 2 2 2
left_child=7 3 -3 5 -4 -2 -5 10 13 -10 11 -1 -12 -9
right_child=1 2 4 6 -6 -7 -8 8 9 -11 12 -13 -14 -15
leaf_value=3.0397511865043472e-05 0.0012906883427594052 0.0052539688659289097 -0.0020386651220139162 0.0084989789877197019 3.7415819727970595e-05 -0.0033847954719641252 0.0015942140049149513 0.00018890156218129145 -0.00043734741123898637 -5.2497506840101798e-05 0.00047017316204958637 -0.0027124904852910124 9.1029401959472064e-06 -0.0021756205281401016
leaf_weight=5719 44 60 141 113 55 61 321 22199 6965 24414 7275 1202 12342 541
leaf_count=5719 44 60 141 113 55 61 321 22199 6965 24414 7275 1202 12342 541
internal_value=-6.75244e-06 0.00305031 -0.0046875 0.00672542 -0.0104592 -0.00738095 0.0101382 -3.68846e-05 -0.000257303 -0.000829376 0.000412616 -0.0010656 0.000934139 0.000532102
internal_weight=81452 795 256 539 196 105 434 80657 54119 31379 26538 6921 19617 22740
internal_count=81452 795 256 539 196 105 434 80657 54119 31379 26538 6921 19617 22740
is_linear=0
shrinkage=0.05


Tree=261
num_leaves=16
num_cat=0
split_feature=1 15 22 5 17 4 20 6 12 18 15 9 18 17 16
split_gain=3.84219 15.815 14.1635 11.4456 9.71113 7.76091 7.70491 7.42276 7.11447 12.4797 10.61 6.46038 6.22772 5.17347 1.83378
threshold=539.57530530599058 504.50000000000006 0.14729741543744454 -0.94139628442229062 65.500000000000014 -0.91037613702198739 2.4631250000000007 -0.67801649466304881 275.55000000000001 19.937500000000004 371.50000000000006 0.14931537394693967 1.9375000000000002 95.500000000000014 1.0000000180025095e-35
decision_type=2 2 2 2 2 2 2 2 2 2 2 2 2 2 2
left_child=1 8 11 6 -5 12 -4 -7 10 -10 -1 14 -3 -13 -2
right_child=2 5 3 4 -6 7 -8 -9 9 -11 -12 13 -14 -15 -16
leaf_value=-3.0630979182971756e-05 -0.0015457855254186797 0.0011739046844152308 0.0016451202216663519 0.007228695451011638 3.0472923310963241e-05 -0.00038441509463066348 0.00051404340620162523 -0.00092964336782369323 0.0009637052116644951 0.00022046864299621745 -0.00062210944456879695 0.00079676097955795958 -0.00024191115290876921 -0.0011571703687814233 -0.0021205383253873581
leaf_weight=47791 94 42 603 125 25775 203 1275 328 373 1928 2591 56 75 42 68
leaf_count=47791 94 42 603 125 25775 203 1275 328 373 1928 2591 56 75 42 68
internal_value=-1.19825e-05 -0.000261105 0.000461873 0.000570595 0.000297297 -0.00802469 0.00433972 -0.0105932 -0.000165613 0.00255324 -0.000289786 -0.0111538 0.00363248 -0.00102041 -0.017284
internal_weight=81369 53331 28038 27778 25900 648 1878 531 52683 2301 50382 260 117 98 162
internal_count=81369 53331 28038 27778 25900 648 1878 531 52683 2301 50382 260 117 98 162
is_linear=0
shrinkage=0.05


Tree=262
num_leaves=16
num_cat=0
split_feature=2 18 19 15 19 22 12 6 5 16 16 15 12 18 19
split_gain=3.99551 7.69441 9.80268 6.10218 8.72602 6.31271 4.40222 5.65984 13.1292 8.20963 4.10545 11.8805 6.50175 2.59982 0.126099
threshold=0.86386093431986388 12.812500000000002 26.806250000000002 398.50000000000006 18.256250000000005 0.31592674844659024 512.85000000000014 -0.86974577485258975 -0.45274443793211405 32.70000000000001 677.4000000000002 668.50000000000011 226.05000000000004 1.5625000000000002 23.268750000000008
decision_type=2 2 2 2 2 2 2 2 2 2 2 2 2 2 2
left_child=6 2 14 5 -5 -3 10 8 -8 -9 12 -12 -1 -4 -2
right_child=1 3 13 4 -6 -7 7 9 -10 -11 11 -13 -14 -15 -16
leaf_value=-4.0005687788269298e-05 0.0013431672440980535 -0.00030472465917415415 -0.0002079126952753252 -0.0030422017894620595 0.000262520049111209 0.0037193911796788745 -0.0010406628862328017 -0.0021561643941748476 -0.00025458035188323237 2.4445058433572587e-05 -0.00017580434876176556 9.4165895168113467e-05 0.00027532685019446556 0.00032198215401894328 0.00046626940901445539
leaf_weight=53872 51 194 49 491 1619 367 163 179 1641 2398 3682 1577 14804 44 40
leaf_count=53872 51 194 49 491 1619 367 163 179 1641 2398 3682 1577 14804 44 40
internal_value=-4.21949e-05 0.0017951 0.0116848 0.00111382 -0.000118483 0.00574866 -0.000109173 -0.00164917 -0.00379712 -0.000145518 -1.79211e-05 -0.00136433 8.51826e-05 0.000268817 0.0233516
internal_weight=81171 2855 184 2671 2110 561 78316 4381 1804 2577 73935 5259 68676 93 91
internal_count=81171 2855 184 2671 2110 561 78316 4381 1804 2577 73935 5259 68676 93 91
is_linear=0
shrinkage=0.05


Tree=263
num_leaves=9
num_cat=0
split_feature=17 6 6 20 22 16 5 17
split_gain=3.80767 3.38009 8.44258 17.1439 8.37638 10.7572 10.086 7.57749
threshold=395.50000000000006 -0.64580103137750788 -0.62587551141915865 1.4256250000000004 0.55256609089504527 9.1500000000000004 -0.55657520495441892 341.50000000000006
decision_type=2 2 2 2 2 2 2 2
left_child=1 4 3 -3 6 -6 -1 -4
right_child=-2 2 7 -5 5 -7 -8 -9
leaf_value=0.0025239647787705603 0.0029807847441138181 0.00060334454396342163 -3.1288967460255811e-05 -0.0012073179905033012 0.0056025755622384939 0.00011863940332043078 -0.00060021129917038347 0.0068430611127095814
leaf_weight=517 63 176 53832 586 303 19912 5752 51
leaf_count=517 63 176 53832 586 303 19912 5752 51
internal_value=1.4164e-05 4.62227e-06 -0.000220057 -0.00544619 0.000468207 0.000963394 -0.00112857 -0.00014615
internal_weight=81192 81129 54645 762 26484 20215 6269 53883
internal_count=81192 81129 54645 762 26484 20215 6269 53883
is_linear=0
shrinkage=0.05


Tree=264
num_leaves=13
num_cat=0
split_feature=1 13 6 12 20 19 15 16 5 5 5 21
split_gain=3.05097 3.06579 9.04655 7.60199 7.08511 6.29054 6.08778 4.96673 2.68978 3.34867 4.94925 1.25
threshold=14.069689152548628 0.60396141626924715 0.99611390731392835 252.45000000000002 0.67937500000000017 -0.20624999999999999 774.50000000000011 65.950000000000017 -0.97509794945709805 -0.8781231054254196 -0.70898476237405783 0.64833893865180892
decision_type=2 2 2 2 2 2 2 2 2 2 2 2
left_child=8 3 4 6 -3 -4 -2 -5 -1 11 -11 -10
right_child=1 2 5 7 -6 -7 -8 -9 9 10 -12 -13
leaf_value=-0.0055144018056423215 -6.0289992984789717e-07 0.00031080432588426746 -0.0011946238494873662 0.0022936401894906116 -8.6932224911762121e-05 -0.0031407031273052877 -0.0021690315541361862 0.00050186612394994006 0.014464909139450803 -0.0028475243967898967 0.004774693851668222 0.0049765354283251217
leaf_weight=43 47374 3274 166 701 25792 131 83 3109 40 71 453 40
leaf_count=43 47374 3274 166 701 25792 131 83 3109 40 71 453 40
internal_value=-5.81345e-05 -8.55761e-05 -0.000492967 0.000147756 -0.000404252 -0.00917508 -2.47593e-05 0.00229659 0.00336167 0.00422185 0.00276718 0.01375
internal_weight=81277 80630 29363 51267 29066 297 47457 3810 647 604 524 80
internal_count=81277 80630 29363 51267 29066 297 47457 3810 647 604 524 80
is_linear=0
shrinkage=0.05


Tree=265
num_leaves=16
num_cat=0
split_feature=22 6 6 5 21 5 22 22 6 20 11 5 6 5 1
split_gain=3.67281 10.7693 27.4764 13.8214 10.2763 9.50626 12.0925 10.2133 8.21121 7.59536 7.31628 5.76566 44.0349 9.92879 3.80709
threshold=0.97318512561689607 0.96633974041180493 0.94353349168649059 0.19337368024598436 0.95459619071755297 0.83849049182116964 0.92574000005323087 0.91951189572853198 0.90070004940655357 2.1106250000000006 0.23512483159381967 -0.67803021058859214 0.65071284653328287 -0.58482361983252518 246.532870270698
decision_type=2 2 2 2 2 2 2 2 2 2 2 2 2 2 2
left_child=4 2 8 9 11 6 -6 -7 -2 -3 -4 12 -1 -13 -5
right_child=1 3 10 14 5 7 -8 -9 -10 -11 -12 13 -14 -15 -16
leaf_value=-3.201617913904387e-05 5.6672126438803155e-05 -0.00062197823314714691 -0.003940645736747796 0.0073239716913415303 0.00097437314095742971 -0.0049972277665257638 -0.00022077316191136399 -0.00080352478102985604 0.0031005381655272086 0.0059786906400454976 -0.0012122814886647267 0.00057851835754234033 -0.0038967539445884606 3.4680560930104577e-05 0.001017369740812929
leaf_weight=18719 10140 237 177 136 754 275 2166 380 138 105 141 2049 1223 44601 46
leaf_count=18719 10140 237 177 136 754 275 2166 380 138 105 141 2049 1223 44601 46
internal_value=-1.69154e-05 0.000827338 0.000481314 0.00782443 -0.000150712 -0.00276224 -0.0015411 -0.00820611 0.000929169 0.00190058 -0.0139937 -1.05118e-05 -0.000722094 0.000293676 0.018956
internal_weight=81287 11120 10596 524 70167 3575 2920 655 10278 342 318 66592 19942 46650 182
internal_count=81287 11120 10596 524 70167 3575 2920 655 10278 342 318 66592 19942 46650 182
is_linear=0
shrinkage=0.05


Tree=266
num_leaves=15
num_cat=0
split_feature=9 16 11 11 21 6 5 17 6 19 20 5 3 13
split_gain=3.86728 9.71157 5.85113 5.44799 4.80039 25.6514 24.7128 13.0122 12.9138 9.53673 4.98763 2.51089 1.8015 0.779213
threshold=0.90230665866437232 2.8500000000000001 1.1374882056746016 1.0197147412827536 0.080309471516416917 0.26659387353423869 0.17646842360078763 13.500000000000002 0.21652257995689161 3.3937500000000007 0.53562500000000013 -0.58482361983252518 0.58216583101416142 0.34697194315678848
decision_type=2 2 2 2 2 2 2 2 2 2 2 2 2 2
left_child=4 11 3 -3 5 8 -7 10 -1 -9 -6 -2 -4 -13
right_child=1 2 12 -5 7 6 -8 9 -10 -11 -12 13 -14 -15
leaf_value=0.0020627162902998293 -5.7321239724728026e-05 0.00026186366853805655 0.0030352835186986228 -0.0021029486036113153 0.0013792985366101547 0.00034608637827752698 -0.0018522739210725123 -0.00051396746638437615 0.0062632951663063319 6.5390583947971819e-06 -0.0018935859862505705 -0.0084217388732124362 0.0065109069855327495 -0.0045966353158842501
leaf_weight=819 43 1352 78 136 49 6849 722 4438 310 65342 949 42 41 50
leaf_count=819 43 1352 78 136 49 6849 722 4438 310 65342 949 42 41 50
internal_value=-5.54051e-06 0.00232491 0.00340697 0.00255376 -5.66194e-05 0.00105172 3.30207e-06 -0.000192857 0.00808237 -0.00011178 -0.00586172 -0.0105556 0.0140756 -0.0152174
internal_weight=81220 1742 1607 1488 79478 8700 7571 70778 1129 69780 998 135 119 92
internal_count=81220 1742 1607 1488 79478 8700 7571 70778 1129 69780 998 135 119 92
is_linear=0
shrinkage=0.05


Tree=267
num_leaves=9
num_cat=0
split_feature=17 13 20 22 2 20 19 16
split_gain=4.02561 4.14876 8.53118 15.1204 10.5711 7.07329 12.7698 9.55049
threshold=395.50000000000006 0.56324587400574067 1.5818750000000004 0.86257055245193748 0.5358844421991763 0.67937500000000017 2.6687500000000006 623.1500000000002
decision_type=2 2 2 2 2 2 2 2
left_child=1 2 4 -4 -1 7 -7 -3
right_child=-2 5 3 -5 -6 6 -8 -9
leaf_value=-0.00029486373614857068 0.0028524563640737327 0.00072453368739107968 6.6955553985531546e-05 0.00056169955653465606 0.0010052023646312193 -0.0016779366173012601 -7.7910380474148502e-05 -0.00025540938913393152
leaf_weight=16463 56 3750 23997 5733 1631 620 28542 541
leaf_count=16463 56 3750 23997 5733 1631 620 28542 541
internal_value=-8.29921e-06 -1.75326e-05 0.00028124 0.00080222 -0.000574776 -0.000444654 -0.000723544 0.00145071
internal_weight=81333 81277 47824 29730 18094 33453 29162 4291
internal_count=81333 81277 47824 29730 18094 33453 29162 4291
is_linear=0
shrinkage=0.05


Tree=268
num_leaves=16
num_cat=0
split_feature=0 17 18 5 21 6 0 22 22 6 21 10 6 12 20
split_gain=3.61494 5.73808 5.33702 5.16587 5.13693 12.1784 12.2547 7.41207 4.29963 12.5535 8.53006 4.28176 4.08853 4.00316 3.68534
threshold=36.354587091161655 30.500000000000004 99.812500000000014 0.3504237462291826 1.0392045756306625 -0.099822328936730861 85.973868075619308 1.021961954068239 0.96856514144734418 -0.9292178835113839 0.89095253074953418 6.4500000000000002 0.9980355542543059 8.5500000000000025 4.7031250000000009
decision_type=2 2 2 2 2 2 2 2 2 2 2 2 2 2 2
left_child=1 2 12 11 8 6 -6 -7 10 -10 -2 -3 -1 -5 -4
right_child=4 3 14 13 5 7 -8 -9 9 -11 -12 -13 -14 -15 -16
leaf_value=0.0012480145278167959 1.4867099338433665e-05 -0.00094487644085994305 -0.0011448135838548286 0.010510555965607172 -0.0004689259338579888 -0.00315825287458712 -0.0020287810387842084 0.00018738825969202844 0.00041302577572938375 2.0493101772497969e-05 -0.00017439229512005439 0.0021909914010107947 -0.0058020023121604838 0.00362902819284818 -0.0037012605690251938
leaf_weight=2399 57688 258 619 149 478 112 289 1034 870 7508 8833 483 84 380 74
leaf_count=2399 57688 258 619 149 478 112 289 1034 870 7508 8833 483 84 380 74
internal_value=-1.41525e-05 0.00137202 0.000236146 0.0042126 -9.43863e-05 -0.0026529 -0.00752934 0.00061082 -2.90391e-05 0.00103843 -0.000163482 0.00151822 0.00131897 0.00798677 -0.00364358
internal_weight=81258 4446 3176 1270 76812 1913 767 1146 74899 8378 66521 741 2483 529 693
internal_count=81258 4446 3176 1270 76812 1913 767 1146 74899 8378 66521 741 2483 529 693
is_linear=0
shrinkage=0.05


Tree=269
num_leaves=15
num_cat=0
split_feature=16 20 20 11 16 6 4 20 2 11 7 10 9 17
split_gain=4.11494 8.67569 5.90696 5.52676 5.38532 9.29489 13.6554 8.71011 5.1545 5.11639 16.452 7.43292 3.96814 0.666667
threshold=860.80000000000007 3.7881250000000009 3.0868750000000005 0.84590029614191475 757.70000000000016 -0.99864786094873803 -0.58216583101416164 2.4456250000000006 0.81505192488176303 0.70875988035401705 0.37500000000000006 466.05000000000001 0.62443686975610102 101.50000000000001
decision_type=2 2 2 2 2 2 2 2 2 2 2 2 2 2
left_child=4 2 8 13 9 7 -7 -6 -2 11 -11 -1 -4 -3
right_child=1 3 12 -5 5 6 -8 -9 -10 10 -12 -13 -14 -15
leaf_value=-4.3967325444403686e-05 0.00017371754742808723 0.00034815939549706913 -0.00032159145714829034 8.2747439317204521e-05 -3.8362701606808881e-05 -6.3682572510304075e-05 -0.00070496556150985163 0.00068022441135045522 -0.00010241770969334208 0.0012273733258897552 4.1483254753871274e-05 -0.0058308812637243527 2.1248227246289942e-05 0.00069864323763639828
leaf_weight=62440 231 42 102 50 153 3189 271 108 79 1354 12957 76 164 56
leaf_count=62440 231 42 102 50 153 3189 271 108 79 1354 12957 76 164 56
internal_value=-2.33783e-05 0.00372928 0.000954861 0.014527 -5.71088e-05 -0.00191481 -0.00260116 0.00718391 0.00564516 3.2866e-05 0.000885682 -0.000162358 -0.00451128 0.0214286
internal_weight=81272 724 576 148 80548 3721 3460 261 310 76827 14311 62516 266 98
internal_count=81272 724 576 148 80548 3721 3460 261 310 76827 14311 62516 266 98
is_linear=0
shrinkage=0.05


Tree=270
num_leaves=15
num_cat=0
split_feature=16 3 6 18 11 21 19 20 6 18 19 19 22 5
split_gain=3.64949 15.1094 22.0913 13.3338 14.1807 13.1364 12.2144 9.4279 5.586 7.98077 7.38291 6.43826 4.66945 3.99844
threshold=623.1500000000002 0.58216583101416142 -0.9575230291762723 37.937500000000007 0.86753702545146505 0.98781659971371172 20.218750000000004 3.7881250000000009 -0.99938741687870725 34.687500000000007 18.906250000000004 32.41875000000001 0.79037747127593116 -0.66528616069191593
decision_type=2 2 2 2 2 2 2 2 2 2 2 2 2 2
left_child=8 3 6 4 -2 -4 -3 -5 9 -1 -11 13 -13 -10
right_child=1 2 5 7 -6 -7 -8 -9 11 10 -12 12 -14 -15
leaf_value=0.0010593827126146038 0.0001543952286141931 0.0017606506311504207 -0.00094324193562036476 -0.0001092954061887863 -9.1542036839836749e-05 -8.1582746221470215e-05 2.1293893897483819e-05 -0.002374995661662849 -0.00013577259792429963 -0.00056265951876498525 -0.0011992863141083374 0.0047292867661408227 0.00015163566659683327 0.00010951562768156675
leaf_weight=48 3356 158 1304 1868 1306 1035 335 267 21573 493 230 55 81 49280
leaf_count=48 3356 158 1304 1868 1306 1035 335 267 21573 493 230 55 81 49280
internal_value=-7.67917e-06 -0.000921695 -0.00399011 0.000356775 0.00185543 -0.00601753 0.0056288 -0.00291569 0.000114967 -0.00411803 -0.00542877 0.00016094 0.0110294 0.000140079
internal_weight=81389 9629 2832 6797 4662 2339 493 2135 71760 771 723 70989 136 70853
internal_count=81389 9629 2832 6797 4662 2339 493 2135 71760 771 723 70989 136 70853
is_linear=0
shrinkage=0.05


Tree=271
num_leaves=15
num_cat=0
split_feature=13 9 0 15 16 7 5 5 5 18 17 2 6 21
split_gain=4.0942 9.34371 8.57902 19.6159 8.15701 17.6206 8.87797 7.83509 11.2874 29.5408 8.73539 8.82569 7.40746 5.21608
threshold=0.56324587400574067 0.52389775892219548 100.50080628182536 191.50000000000003 143.35000000000005 1.8750000000000002 -0.98523971305672675 -0.86976336936302323 -0.8041866928211282 47.437500000000007 271.50000000000006 0.50780424332885465 0.99611390731392835 0.77029506023990613
decision_type=2 2 2 2 2 2 2 2 2 2 2 2 2 2
left_child=1 4 13 -4 6 -6 -1 10 9 -9 11 -2 -10 -3
right_child=7 2 3 -5 5 -7 -8 8 12 -11 -12 -13 -14 -15
leaf_value=-0.00079929872691016654 -8.1837990418048853e-05 0.00026909807529881536 -0.00058765111768353806 0.00044548306787346031 -0.0013618426003511514 2.9716858474357345e-05 0.00019239878720052618 0.00020793137232654748 -4.9583045600276603e-05 -0.0043132214013773757 -0.015221922373461309 0.00066224521747820233 -0.0022526678501906929 0.001720900757877042
leaf_weight=1562 2889 608 3584 8756 3608 8391 20160 565 26630 759 45 2220 391 1203
leaf_count=1562 2889 608 3584 8756 3608 8391 20160 565 26630 759 45 2220 391 1203
internal_value=8.29534e-06 0.00030498 0.00138329 0.000911669 -0.000147534 -0.00119385 0.000430439 -0.000415684 -0.000741753 -0.00524924 0.00137757 0.00157076 -0.000520891 0.00459691
internal_weight=81371 47872 14151 12340 33721 11999 21722 33499 28345 1324 5154 5109 27021 1811
internal_count=81371 47872 14151 12340 33721 11999 21722 33499 28345 1324 5154 5109 27021 1811
is_linear=0
shrinkage=0.05


Tree=272
num_leaves=16
num_cat=0
split_feature=6 6 20 4 10 11 21 22 19 7 6 4 16 5 3
split_gain=3.39645 8.53124 12.7842 10.2296 8.34755 22.4412 10.3094 9.12303 8.62061 7.63335 7.42186 7.10438 19.0485 11.6904 5.92662
threshold=-0.64580103137750788 -0.62587551141915865 1.4256250000000004 -0.32143946530316164 211.35000000000002 0.52900256586437266 0.94387790197969024 0.38722073562583198 23.493750000000006 1.3750000000000002 -0.7444366621422277 -0.77259657388510627 483.50000000000006 -0.99630266176052629 0.47114434510950071
decision_type=2 2 2 2 2 2 2 2 2 2 2 2 2 2 2
left_child=4 2 3 -2 5 8 -7 9 -1 -6 -9 13 -13 -3 -4
right_child=1 11 14 -5 7 6 -8 10 -10 -11 -12 12 -14 -15 -16
leaf_value=0.00030910041858694395 0.00095850312134983522 0.0023362240243841969 -0.00084341362021896635 -0.00041817798755010576 0.0016237881995966404 0.0013839515303988859 0.0012885017851216693 -7.3293546269947996e-05 -0.00038547007264726489 -0.0037020658986358121 0.00042653265208289493 -7.4869473718071352e-05 -0.00046293206818983636 2.7251216970969329e-05 -0.0013241190150829474
leaf_weight=10475 69 1055 457 110 117 975 312 11169 1047 527 1974 20866 3057 28977 141
leaf_count=10475 69 1055 457 110 117 975 312 11169 1047 527 1974 20866 3057 28977 141
internal_value=-1.04515e-05 -0.000235694 -0.00543758 0.00628492 0.000453076 0.00137208 0.00763403 -0.00040074 0.000672626 -0.00621118 -0.000116031 -0.000160782 -0.00080362 0.000351292 -0.00894649
internal_weight=81328 54732 777 179 26596 12809 1287 13787 11522 644 13143 53955 23923 30032 598
internal_count=81328 54732 777 179 26596 12809 1287 13787 11522 644 13143 53955 23923 30032 598
is_linear=0
shrinkage=0.05


Tree=273
num_leaves=14
num_cat=0
split_feature=19 20 22 15 18 22 6 19 18 3 7 17 19
split_gain=3.62181 10.1511 8.32491 8.21005 5.7585 15.4768 22.2857 14.9752 10.6956 18.8899 14.3103 4.92931 0.613017
threshold=23.393750000000004 0.37687500000000007 0.63896188710792401 504.50000000000006 98.062500000000014 0.31592674844659024 0.82293497932636273 2.1562500000000004 85.937500000000014 0.16280825711808991 0.62500000000000011 338.50000000000006 25.643750000000004
decision_type=2 2 2 2 2 2 2 2 2 2 2 2 2
left_child=4 12 11 -4 8 6 -6 -7 10 -10 -1 -3 -2
right_child=1 2 3 -5 5 7 -8 -9 9 -11 -12 -13 -14
leaf_value=-0.00036270563751112099 -0.0010589482385532812 -0.0020251828204929864 0.00021227753173885534 -9.6610214414566409e-05 -0.00054221111459328323 -0.0011092800659202064 0.00092661397881654709 0.00070511840636818814 -0.0011017290056625163 0.00019555614248373821 0.00012738264507138609 -0.010778995556347171 -0.001109288258999619
leaf_weight=5149 41 490 3280 4742 5716 842 1421 13786 6887 6669 32086 49 42
leaf_count=5149 41 490 3280 4742 5716 842 1421 13786 6887 6669 32086 49 42
internal_value=-4.31034e-06 -0.000971772 -0.00080306 -0.000398903 0.000110949 0.000791408 -0.00111742 0.00172272 -0.000180642 -0.00138315 0.000257151 -0.00681818 -0.0183735
internal_weight=81200 8644 8561 8022 72556 21765 7137 14628 50791 13556 37235 539 83
internal_count=81200 8644 8561 8022 72556 21765 7137 14628 50791 13556 37235 539 83
is_linear=0
shrinkage=0.05


Tree=274
num_leaves=16
num_cat=0
split_feature=3 16 6 12 6 5 22 7 6 21 22 10 12 18 20
split_gain=4.23983 22.4158 11.0065 17.8439 10.5722 7.30502 7.25704 9.21218 8.59644 7.49927 12.4239 10.4739 7.35578 6.83859 5.95999
threshold=-0.9103761370219875 383.90000000000003 -0.9292178835113839 140.85000000000002 -0.99938741687870725 -0.98523971305672675 0.96856514144734418 0.87500000000000011 -0.92272482904738262 0.89095253074953418 0.81924015842869291 96.750000000000014 30.150000000000002 84.187500000000014 0.98062500000000019
decision_type=2 2 2 2 2 2 2 2 2 2 2 2 2 2 2
left_child=1 4 3 -3 13 -6 9 12 -9 10 -2 -11 -8 -1 -4
right_child=6 2 14 -5 5 -7 7 8 -10 11 -12 -13 -14 -15 -16
leaf_value=0.000323608419017557 -4.2080809035241473e-05 0.00044572736312595285 1.0124217508303279e-06 -0.0014315478993215558 -0.0027254627471417106 0.00013817515232013856 0.0015094218188912156 0.00043784053569322914 0.00012450798539362929 -0.00054069130812566262 0.00059715951868609678 -5.5742259745805711e-06 -0.00022605306416093182 -0.0037628806477620403 -0.001462870607469613
leaf_weight=55 48334 291 118 161 131 6356 491 511 7153 3190 7058 4783 1520 132 733
leaf_count=55 48334 291 118 161 131 6356 491 511 7153 3190 7058 4783 1520 132 733
internal_value=1.32688e-05 -0.00108123 -0.00707982 -0.000774336 8.99011e-05 0.000427779 0.000132804 0.00140827 0.00219859 -6.19427e-05 0.000144425 -0.00149567 -0.00160368 -0.011631 -0.0104289
internal_weight=81017 7977 1303 452 6674 6487 73040 9675 7664 63365 55392 7973 2011 187 851
internal_count=81017 7977 1303 452 6674 6487 73040 9675 7664 63365 55392 7973 2011 187 851
is_linear=0
shrinkage=0.05


Tree=275
num_leaves=16
num_cat=0
split_feature=11 10 22 7 15 3 7 19 7 16 18 18 18 6 6
split_gain=2.99505 9.87433 13.0761 9.4716 12.6803 12.6801 11.5121 7.87893 7.33799 26.4981 10.573 5.8861 6.07635 5.36461 4.31076
threshold=0.75572656613960043 256.9500000000001 0.38722073562583198 2.1250000000000004 501.50000000000006 1.0000000180025095e-35 1.0000000180025095e-35 14.168750000000003 1.6250000000000002 355.60000000000008 85.062500000000014 94.687500000000014 5.9375000000000009 -0.8611288361322974 -0.99273797715557011
decision_type=2 2 2 2 2 2 2 2 2 2 2 2 2 2 2
left_child=1 8 7 4 6 -6 -2 -3 9 -1 -10 12 -5 -13 -4
right_child=3 2 14 11 5 -7 -8 -9 10 -11 -12 13 -14 -15 -16
leaf_value=3.3261106603649226e-05 0.0042998521164436367 -0.0074014665359947761 0.0010811231963276352 -0.00014879176576233777 -0.00022302557766266107 0.00013876376549029067 0.00073641575452866874 -0.0028422045150546475 0.00023498166842750025 -0.00079166440220612699 -9.519832824388397e-05 -0.0029500893255368921 8.5537264727934836e-05 -0.0002150251495127431 -0.00051639050434011409
leaf_weight=15094 279 147 552 1250 1411 2013 2519 387 20186 3403 20542 645 5106 1009 6824
leaf_count=15094 279 147 552 1250 1411 2013 2519 387 20186 3403 20542 645 5106 1009 6824
internal_value=-8.91025e-06 -0.000148581 -0.00180784 0.000649944 0.00211347 7.3014e-05 0.00461044 -0.0093633 7.30266e-05 -0.000752825 0.000448095 -0.000486891 0.000204531 -0.00314389 -0.00126085
internal_weight=81367 67135 7910 14232 6222 3424 2798 534 59225 18497 40728 8010 6356 1654 7376
internal_count=81367 67135 7910 14232 6222 3424 2798 534 59225 18497 40728 8010 6356 1654 7376
is_linear=0
shrinkage=0.05


Tree=276
num_leaves=16
num_cat=0
split_feature=5 20 12 3 5 10 6 6 10 19 10 4 20 17 22
split_gain=3.7526 19.2333 9.11325 7.73078 5.68061 7.34682 12.7449 7.38859 6.22512 17.2338 9.91241 4.46698 3.95817 11.7383 2.73366
threshold=0.99700008544936913 3.1706250000000007 31.950000000000006 -0.9103761370219875 0.8697513045430848 57.750000000000007 0.31595530242620651 0.19969739736768838 466.05000000000001 17.668750000000006 76.050000000000026 -0.95642797789208689 5.988125000000001 251.50000000000003 0.68698152082440933
decision_type=2 2 2 2 2 2 2 2 2 2 2 2 2 2 2
left_child=4 2 3 -2 8 7 -7 -6 10 -10 -1 -4 13 -3 -14
right_child=1 12 11 -5 5 6 -8 -9 9 -11 -12 -13 14 -15 -16
leaf_value=-7.6139810766590052e-05 -0.0052504238980014308 0.00044899444524434398 0.00059540346557229176 0.0050681562890221316 -0.00014017988634992262 -0.00012774803070584318 -0.00076490134318760454 0.00070142708469970181 -0.0023146074184498809 -4.0650921681967271e-05 0.00021946585932375862 -0.0011787530010342858 0.0056628200137875482 -0.0079781346635138198 0.00096316556612710276
leaf_weight=32244 49 1301 41 55 2401 6412 1364 1485 736 6108 28607 292 110 67 138
leaf_count=32244 49 1301 41 55 2401 6412 1364 1485 736 6108 28607 292 110 67 138
internal_value=4.48348e-05 0.00215538 -0.00715103 0.00576923 -9.76599e-06 -0.00102898 -0.00191615 0.000746269 0.000165817 -0.00126388 0.000326617 -0.0111862 0.00467203 0.00361842 0.0104839
internal_weight=81410 2053 437 104 79357 11662 7776 3886 67695 6844 60851 333 1616 1368 248
internal_count=81410 2053 437 104 79357 11662 7776 3886 67695 6844 60851 333 1616 1368 248
is_linear=0
shrinkage=0.05


Tree=277
num_leaves=14
num_cat=0
split_feature=6 15 6 15 20 0 22 10 10 19 6 2 11
split_gain=3.01534 8.41431 8.31743 10.881 15.5708 9.52476 9.20199 13.5137 7.34083 6.97021 11.8236 9.04573 5.34709
threshold=-0.6652727025667432 839.50000000000011 -0.6905596507703472 154.50000000000003 2.6306250000000007 314.71832301356096 0.42172708390400521 0.45000000000000001 168.15000000000003 19.806250000000006 -0.013976481981245173 0.82204944766637267 0.84269951048867664
decision_type=2 2 2 2 2 2 2 2 2 2 2 2 2
left_child=2 9 6 5 -5 -4 7 -1 -8 11 -11 -2 -3
right_child=1 12 3 4 -6 -7 8 -9 -10 10 -12 -13 -14
leaf_value=-0.0037433032799019496 -3.7405572953348732e-06 -0.00043133399447423115 0.0013553049653261457 -0.0010796105254575362 0.0015171900466915411 0.0062548452322473084 0.00039918787226349425 -0.00034004505173312123 -1.1309771402118197e-05 -0.00016452171309204455 -0.0040243184829041505 0.0045082186395025868 -3.0146320197976809e-05
leaf_weight=413 50003 71 201 380 295 128 8404 3040 13018 5142 82 239 44
leaf_count=413 50003 71 201 380 295 128 8404 3040 13018 5142 82 239 44
internal_value=2.27105e-05 -0.000184865 0.000468527 0.00493028 0.0012963 0.012386 0.000288442 -0.00210686 0.00067454 -0.000156853 -0.0018951 2.38844e-05 -0.0136957
internal_weight=81460 55581 25879 1004 675 329 24875 3453 21422 55466 5224 50242 115
internal_count=81460 55581 25879 1004 675 329 24875 3453 21422 55466 5224 50242 115
is_linear=0
shrinkage=0.05


Tree=278
num_leaves=15
num_cat=0
split_feature=11 7 15 3 19 5 7 18 11 11 10 10 16 11
split_gain=3.07553 12.2022 24.7789 11.0633 10.5495 8.9608 8.02328 18.825 13.7003 12.5271 6.7559 5.40199 4.8256 3.95863
threshold=0.70875988035401705 0.37500000000000006 577.50000000000011 -0.097964660725097089 5.1312500000000005 0.49065764355977465 1.0000000180025095e-35 97.437500000000014 0.14495974648127971 0.51674081762622892 466.05000000000001 231.75000000000003 518.1500000000002 0.8157019903499424
decision_type=2 2 2 2 2 2 2 2 2 2 2 2 2 2
left_child=6 2 12 4 -3 -5 7 9 -9 -1 11 -8 -2 -4
right_child=1 3 13 5 -6 -7 10 8 -10 -11 -12 -13 -14 -15
leaf_value=-0.0020269911041020483 0.0044917302452728959 0.0027937996824363488 -0.00087120677277631735 5.0947803138473585e-05 -0.00011105210684381195 0.00040386403149374477 3.472703125145804e-05 -0.0012408495640005819 0.0014760796289092161 0.0001030089046278715 -0.0053776372593363798 -0.00047059662698478445 0.00025780650674259165 -3.6163055506929774e-05
leaf_weight=1272 763 385 145 2667 10747 1369 54175 243 789 569 78 7282 273 530
leaf_count=1272 763 385 145 2667 10747 1369 54175 243 789 569 78 7282 273 530
internal_value=-9.22657e-07 0.000599858 0.00460257 0.000148339 -0.00066475 0.00239098 -0.000158365 -0.00274104 0.00266473 -0.00577132 -3.77834e-05 -1.91191e-05 0.00945946 -0.00285185
internal_weight=81287 16879 1711 15168 11132 4036 64408 2873 1032 1841 61535 61457 1036 675
internal_count=81287 16879 1711 15168 11132 4036 64408 2873 1032 1841 61535 61457 1036 675
is_linear=0
shrinkage=0.05


Tree=279
num_leaves=15
num_cat=0
split_feature=19 22 15 4 2 17 12 19 5 5 6 10 11 3
split_gain=3.05989 10.8572 8.65718 20.9692 9.50526 4.30497 6.12296 4.21179 15.7822 14.2715 13.0918 12.064 9.12196 7.22233
threshold=23.493750000000006 0.62724991379826556 504.50000000000006 -0.47114434510950048 0.59296116594961423 338.50000000000006 502.35000000000008 18.256250000000005 0.38243310158943505 0.30164402523644185 0.19969739736768838 420.15000000000003 0.63016555456806922 0.097964660725097366
decision_type=2 2 2 2 2 2 2 2 2 2 2 2 2 2
left_child=7 5 3 -3 -4 6 -2 11 9 -9 -10 12 -1 -13
right_child=1 2 4 -5 -6 -7 -8 8 10 -11 -12 13 -14 -15
leaf_value=-4.6677159339934829e-05 -0.0029970863174823034 0.0011349565039626476 -0.00090383088639484359 -0.00021620853849605993 -8.1547532908676779e-05 -0.01113631160719923 0.0029588550838009209 0.00032918399632405894 -0.00014772688844065241 0.0016765665579703245 -0.0044267372751566336 -0.00090026027443305132 0.00033457364081839196 0.00049789621481871051
leaf_weight=48488 385 1475 140 1744 4509 50 56 11149 3846 364 105 1860 6625 331
leaf_count=48488 385 1475 140 1744 4509 50 56 11149 3846 364 105 1860 6625 331
internal_value=2.37282e-05 -0.000882283 -0.00043213 0.00156104 -0.00181222 -0.00809572 -0.00651927 0.000127803 0.000860062 0.0017958 -0.00186662 -6.98032e-05 7.48462e-05 -0.00370835
internal_weight=81127 8359 7868 3219 4649 491 441 72768 15464 11513 3951 57304 55113 2191
internal_count=81127 8359 7868 3219 4649 491 441 72768 15464 11513 3951 57304 55113 2191
is_linear=0
shrinkage=0.05


Tree=280
num_leaves=16
num_cat=0
split_feature=18 19 16 21 7 9 8 18 10 11 19 22 20 3 20
split_gain=3.49757 13.7669 13.4092 15.0498 9.88964 21.2185 19.7934 10.5107 10.6815 9.09591 9.08638 7.34136 6.86674 5.62504 4.73799
threshold=98.062500000000014 24.481250000000006 2.3500000000000001 0.36814919812918984 2.1250000000000004 0.29699486938318004 1.0000000180025095e-35 86.937500000000014 0.75000000000000011 0.75572656613960043 10.056250000000004 0.72330867534265242 3.0868750000000005 0.97335555334614954 1.1143750000000003
decision_type=2 2 2 2 2 2 2 2 2 2 2 2 2 2 2
left_child=4 2 3 -2 5 6 -1 13 -9 -7 -4 14 -13 -6 -3
right_child=1 11 10 -5 7 9 -8 8 -10 -11 -12 12 -14 -15 -16
leaf_value=-0.00012405735011538355 -0.00063618778031748757 0.0027681967397623075 0.00076054529505721028 0.0015914542570460962 0.0001020006109223981 -0.00019282899194328907 -0.0019314300448539075 0.00067698649903089882 -0.00090065293275840008 0.00011492390417644217 0.00024149538064068555 -0.0012262420890406689 0.0012822044160570147 0.0010811959063300792 -0.0048606660971923302
leaf_weight=2846 4199 44 5054 910 25888 11932 3277 2133 5856 5414 11979 577 174 617 312
leaf_count=2846 4199 44 5054 910 25888 11932 3277 2133 5856 5414 11979 577 174 617 312
internal_value=2.27799e-05 0.000540883 0.000812935 -0.00143374 -0.000185032 -0.00097682 -0.00350727 0.000353685 -0.00123607 -8.35928e-05 0.00148682 -0.00490063 -0.0020972 0.000832862 -0.0108146
internal_weight=81212 23249 22142 5109 57963 23469 6123 34494 7989 17346 17033 1107 751 26505 356
internal_count=81212 23249 22142 5109 57963 23469 6123 34494 7989 17346 17033 1107 751 26505 356
is_linear=0
shrinkage=0.05


Tree=281
num_leaves=16
num_cat=0
split_feature=13 9 21 7 19 21 5 20 18 5 19 5 5 12 20
split_gain=3.46826 7.31479 9.53686 12.0319 8.45361 13.394 11.31 7.0745 11.6434 15.4314 10.1391 10.1524 10.1344 6.98902 6.56698
threshold=0.56324587400574067 0.52596492835607933 0.42141510910277197 1.1250000000000002 21.981250000000006 0.76695557973610662 0.76696112484652035 0.70062500000000016 46.812500000000007 -0.26866367175705824 2.6687500000000006 0.7210268013660811 -0.96235977360714686 58.650000000000006 6.1281250000000007
decision_type=2 2 2 2 2 2 2 2 2 2 2 2 2 2 2
left_child=1 2 13 -4 5 -3 -6 8 12 -10 11 -9 -2 -1 -12
right_child=7 4 3 -5 6 -7 -8 10 9 -11 14 -13 -14 -15 -16
leaf_value=-4.4406676566899342e-05 0.0035702741568420572 9.7595942306344394e-05 -0.0010655346223311672 -7.8650632404261852e-05 -4.0191192819477584e-05 0.0007530776341885038 -0.0024795805391115591 -0.0026421318908958894 -0.00015396443648039925 0.0027479038859112349 -5.5910471045753088e-05 0.00059031367106355268 -0.00029745966906378487 0.0005061205283289974 -0.003417700516266828
leaf_weight=8233 267 5864 3570 14313 2889 5077 195 466 822 1069 28181 150 2282 7739 170
leaf_count=8233 267 5864 3570 14313 2889 5077 195 466 822 1069 28181 150 2282 7739 170
internal_value=4.15196e-05 0.000314327 -8.34441e-05 -0.000876531 0.00127451 0.00192624 -0.00103761 -0.000349478 0.00150901 0.00448176 -0.000634343 -0.00698052 -0.000696352 0.000804533 -0.000496455
internal_weight=81287 47880 33855 17883 14025 10941 3084 33407 4440 1891 28967 616 2549 15972 28351
internal_count=81287 47880 33855 17883 14025 10941 3084 33407 4440 1891 28967 616 2549 15972 28351
is_linear=0
shrinkage=0.05


Tree=282
num_leaves=15
num_cat=0
split_feature=22 19 20 22 20 2 15 3 15 22 5 4 6 0
split_gain=3.46609 9.57283 8.5967 8.47558 4.65025 3.52354 19.3276 16.115 15.5074 14.5081 6.84041 2.64447 2.47509 0.810965
threshold=1.3065123111929533 13.643750000000002 0.61812500000000015 1.3520815728244231 1.8056250000000003 0.50780424332885465 371.50000000000006 0.58216583101416142 38.500000000000007 0.12676750667661249 0.3342611484689354 -0.55557023301960251 0.84199059757024453 391.64149114090839
decision_type=2 2 2 2 2 2 2 2 2 2 2 2 2 2
left_child=5 2 12 -3 -5 6 10 -8 13 -10 -1 -4 -2 -7
right_child=1 3 11 4 -6 8 7 -9 9 -11 -12 -13 -14 -15
leaf_value=-0.00015784886318563341 0.0014872434391223933 0.0043645500201635046 0.0087769894981790612 -0.0024604665408206328 -1.4289594295235909e-05 0.010489085430834898 -0.00024439598693226373 -0.0015226155011214993 -0.0013623810135681355 4.6694383704312671e-05 0.00018314347392562049 0.0014464187133202357 -0.0033445452033128154 0.013467075150263694
leaf_weight=29703 44 62 107 109 81 40 1264 655 183 32939 15750 317 62 95
leaf_count=29703 44 62 107 109 81 40 1264 655 183 32939 15750 317 62 95
internal_value=-5.18972e-05 0.00326087 0.00707547 -0.0047619 -0.01 -8.40268e-05 -0.000360973 -0.00527619 0.000310461 0.000241531 -0.000153455 0.0102594 -0.00566038 0.0172222
internal_weight=81411 782 530 252 190 80629 47372 1919 33257 33122 45453 424 106 135
internal_count=81411 782 530 252 190 80629 47372 1919 33257 33122 45453 424 106 135
is_linear=0
shrinkage=0.05


Tree=283
num_leaves=14
num_cat=0
split_feature=22 20 19 22 6 21 18 12 17 22 17 16 12
split_gain=3.5178 7.22289 8.4344 8.33114 3.69533 3.1637 10.6252 10.2609 8.60767 3.28414 10.3783 5.06339 2.50181
threshold=1.3065123111929533 0.70062500000000016 13.643750000000002 1.3520815728244231 0.56901594657981336 1.0392045756306625 33.062500000000007 38.250000000000007 30.500000000000004 1.0094957306721377 137.50000000000003 757.70000000000016 10.350000000000001
decision_type=2 2 2 2 2 2 2 2 2 2 2 2 2
left_child=5 4 12 -4 -2 9 7 -7 -8 11 -11 -1 -3
right_child=1 2 3 -5 -6 6 8 -9 -10 10 -12 -13 -14
leaf_value=-3.3955100807114836e-06 0.00068952178124448427 0.0083381400232701072 0.0045427528465958765 -0.0010481934286672601 -0.0026388403339370065 4.1631828828575523e-05 -0.003761827691018238 -0.00084543482715956908 0.0016696415669536725 4.9247707123334372e-05 0.00093760915651431578 -9.3111711066856678e-05 0.001386969648096037
leaf_weight=71009 61 109 59 169 76 530 343 677 707 4269 152 2999 305
leaf_count=71009 61 109 59 169 76 530 343 677 707 4269 152 2999 305
internal_value=-3.836e-05 0.00330552 0.0055296 -0.00219298 -0.00711679 -7.06442e-05 -0.00191626 -0.00511599 0.0017619 -1.75318e-05 0.00130627 -9.66112e-05 0.00978261
internal_weight=81465 779 642 228 137 80686 2257 1207 1050 78429 4421 74008 414
internal_count=81465 779 642 228 137 80686 2257 1207 1050 78429 4421 74008 414
is_linear=0
shrinkage=0.05


Tree=284
num_leaves=15
num_cat=0
split_feature=16 20 21 5 11 20 16 16 5 11 20 19 4 9
split_gain=3.33365 6.4748 6.80165 6.33517 5.96099 5.53551 3.39905 8.63236 12.3906 3.67835 9.47973 5.40787 2.40797 0.899167
threshold=860.80000000000007 3.8093750000000006 1.0164138957129636 0.88621069759564464 0.84590029614191475 2.6968750000000008 757.70000000000016 761.05000000000007 -0.78326540922535159 0.83960345806004832 2.2768750000000009 23.493750000000006 -0.84874750804349175 0.61270089033533259
decision_type=2 2 2 2 2 2 2 2 2 2 2 2 2 2
left_child=6 2 5 -4 13 -2 9 12 -9 11 -11 -1 -8 -3
right_child=1 4 3 -5 -6 -7 7 8 -10 10 -12 -13 -14 -15
leaf_value=-2.1241220469203628e-07 0.00039372578554815185 0.00028436609120120748 -0.00032469097514563621 4.289472264009664e-05 -4.9948404222627257e-05 1.0774036771027396e-05 -0.00023564645251153982 0.00018791452782946917 -8.2790627991291562e-05 -0.00016240579625715346 0.00040757827829560056 -0.00028879627979273018 -0.00072418719034180736 0.00082674291082029125
leaf_weight=65350 106 46 149 201 47 134 160 429 3051 3264 3935 4326 89 48
leaf_count=65350 106 46 149 201 47 134 160 429 3051 3264 3935 4326 89 48
internal_value=-4.3954e-05 0.00331737 0.00101695 -0.00342857 0.0129433 0.0075 -7.4438e-05 -0.00154867 -0.000905172 -2.92683e-06 0.00107307 -0.0001141 -0.0105422 0.0202128
internal_weight=81335 731 590 350 141 240 80604 3729 3480 76875 7199 69676 249 94
internal_count=81335 731 590 350 141 240 80604 3729 3480 76875 7199 69676 249 94
is_linear=0
shrinkage=0.05


Tree=285
num_leaves=14
num_cat=0
split_feature=6 15 18 21 10 22 11 18 0 10 4 15 18
split_gain=3.18451 8.35979 7.04437 8.95522 10.2386 8.88769 6.18144 6.14982 8.98022 6.60406 5.57484 19.0636 12.5365
threshold=-0.6652727025667432 839.50000000000011 93.937500000000014 0.10510035440265739 0.45000000000000001 0.20742823990558748 0.84269951048867664 1.0000000180025095e-35 264.45769540065601 168.15000000000003 -0.77259657388510627 478.50000000000006 65.312500000000014
decision_type=2 2 2 2 2 2 2 2 2 2 2 2 2
left_child=2 10 7 5 -5 -4 -3 8 -1 -9 12 -12 -2
right_child=1 6 3 4 -6 -7 -8 9 -10 -11 11 -13 -14
leaf_value=-0.0012445069625700745 0.00018684785361668956 -0.00044770533144426473 0.00043434368807172206 -0.0026219121753280812 -0.00016725904185899005 0.0057968369900403775 -3.5257622188666905e-05 0.00060702216706768621 5.8325796845531966e-06 5.6021456849525425e-05 -0.00010616236572470462 -0.00051483559307583806 -0.00014516458809307812
leaf_weight=269 11999 67 254 663 8766 109 48 5694 758 9293 23571 1190 18534
leaf_count=269 11999 67 254 663 8766 109 48 5694 758 9293 23571 1190 18534
internal_value=-1.50834e-05 -0.000228753 0.000443695 -0.000612745 -0.000909428 0.00709366 -0.0136957 0.00108967 -0.00265336 0.00134617 -0.000200745 -0.000758249 0.000251367
internal_weight=81215 55409 25806 9792 9429 363 115 16014 1027 14987 55294 24761 30533
internal_count=81215 55409 25806 9792 9429 363 115 16014 1027 14987 55294 24761 30533
is_linear=0
shrinkage=0.05


Tree=286
num_leaves=15
num_cat=0
split_feature=3 3 10 5 5 22 5 18 18 5 11 21 18 21
split_gain=3.07207 4.53669 12.0054 8.94105 5.24858 7.64247 4.97091 4.47098 5.40964 3.43924 2.3529 1.6111 2.50406 0.875448
threshold=0.99892946161930185 0.88144907265856365 92.850000000000009 -0.99940763397299126 -0.99940763397299126 0.80616246075339437 -0.98523971305672675 73.312500000000014 84.187500000000014 0.69676570133721638 0.35377960811187364 0.97339569023402228 6.8125000000000009 0.83712162974109916
decision_type=2 2 2 2 2 2 2 2 2 2 2 2 2 2
left_child=1 4 3 -3 5 -1 -6 11 -9 -4 -10 13 -13 -2
right_child=7 2 9 -5 6 -7 -8 8 10 -11 -12 12 -14 -15
leaf_value=0.0029441207853712834 -0.0010165731980720765 -0.0056736193490885545 0.0016745530231137174 0.00020641877610811377 -0.0005780480975925373 -0.00020543856421799124 -1.0966416514246458e-05 0.0037382627226234533 -0.0012456932425372186 -0.0024063231559065925 0.0013876172809803246 -0.0010817577875741641 0.00051455720597488039 -0.0011455298696013874
leaf_weight=388 49 93 497 7770 2869 316 68725 51 295 43 71 51 53 122
leaf_count=388 49 93 497 7770 2869 316 68725 51 295 43 71 51 53 122
internal_value=-6.45019e-06 2.19948e-05 0.00112162 0.000626351 -0.000105812 0.00419034 -0.000148057 -0.0033237 -5.9952e-05 0.00833333 -0.00218579 -0.00827273 -0.00336538 -0.0112573
internal_weight=81393 80701 8403 7863 72298 704 71594 692 417 540 366 275 104 171
internal_count=81393 80701 8403 7863 72298 704 71594 692 417 540 366 275 104 171
is_linear=0
shrinkage=0.05


Tree=287
num_leaves=15
num_cat=0
split_feature=17 15 21 22 22 1 15 13 22 12 6 16 0 21
split_gain=3.88648 9.3261 10.7018 9.51513 8.54588 6.0604 12.9083 16.9037 11.9131 11.717 8.86337 5.48468 3.77706 1.85853
threshold=241.50000000000003 271.50000000000006 0.37350113878892161 0.48771597661162774 0.55979860518181901 539.57530530599058 466.50000000000006 0.4237218599860359 0.14729741543744454 278.85000000000008 -0.074115882986646633 1.0000000180025095e-35 536.74801252264331 0.33570038468827329
decision_type=2 2 2 2 2 2 2 2 2 2 2 2 2 2
left_child=5 12 3 -3 -4 6 9 -8 11 -1 -10 -7 -2 -14
right_child=1 2 4 -5 -6 8 7 -9 10 -11 -12 -13 13 -15
leaf_value=-5.7184181622001177e-05 -0.00078944982617084605 0.0014363830017095154 -0.0021479664303002441 0.010019411730752832 -0.00014350556303552588 -0.0012830068622334267 0.0012016530898513317 -0.00063638603423728799 4.6240350017545673e-05 0.00097723393677398031 0.00043858356778087861 -0.00049381203353454845 -0.0021686001255274367 -0.0051925060264449239
leaf_weight=49976 41 141 1545 72 6374 107 166 1088 16873 1801 2718 158 46 61
leaf_count=49976 41 141 1545 72 6374 107 166 1088 16873 1801 2718 158 46 61
internal_value=-4.83571e-05 -0.00107488 -0.0008485 0.0102113 -0.00114598 6.82563e-05 -0.000210726 -0.00522329 0.000813356 -8.93254e-05 0.000955796 -0.00971698 -0.0135135 -0.0184579
internal_weight=81167 8280 8132 213 7919 72887 53031 1254 19856 51777 19591 265 148 107
internal_count=81167 8280 8132 213 7919 72887 53031 1254 19856 51777 19591 265 148 107
is_linear=0
shrinkage=0.05


Tree=288
num_leaves=16
num_cat=0
split_feature=13 6 12 6 6 22 2 18 16 6 15 22 18 3 8
split_gain=3.19297 7.84834 7.30494 7.4192 5.73579 5.42878 16.0408 14.7179 7.73771 14.0455 8.67616 6.90898 4.04796 2.98577 0.724855
threshold=0.59698841391104474 0.99611390731392835 33.750000000000007 0.98332250088165762 -0.99628250747696534 0.81637714676284501 0.46683087568681542 10.062500000000002 140.35000000000005 0.46611290379786346 91.500000000000014 1.0094957306721377 99.062500000000014 0.097964660725097366 1.0000000180025095e-35
decision_type=2 2 2 2 2 2 2 2 2 2 2 2 2 2 2
left_child=5 2 3 -2 -4 8 7 -7 10 -10 -1 -8 13 -3 -14
right_child=1 12 4 -5 -6 6 11 -9 9 -11 -12 -13 14 -15 -16
leaf_value=-5.8807821303574759e-05 0.00079308565245212533 -0.0026282088239960493 0.00028684015867477819 0.0088215648429493809 -7.3591983404541766e-05 -0.00051550163247212765 0.0007051565775943986 0.00015301525684466717 -0.00011038857522467222 -0.0018082988054894445 0.00056195904717072089 0.00094262877544974428 -0.0027642390559581022 0.0011111290413772096 -0.0040670726240103327
leaf_weight=15613 2196 156 1420 86 26215 1268 3740 8262 10302 2217 9349 228 40 87 42
leaf_count=15613 2196 156 1420 86 26215 1268 3740 8262 10302 2217 9349 228 40 87 42
internal_value=5.81746e-05 -0.000348853 -0.0002649 0.00245399 -0.000489416 0.000299633 0.00115943 4.72193e-05 -1.00051e-05 -0.00102444 0.000498758 0.00383065 -0.00807692 -0.00483539 -0.0176829
internal_weight=81221 30242 29917 2282 27635 50979 13498 9530 37481 12519 24962 3968 325 243 82
internal_count=81221 30242 29917 2282 27635 50979 13498 9530 37481 12519 24962 3968 325 243 82
is_linear=0
shrinkage=0.05


Tree=289
num_leaves=15
num_cat=0
split_feature=5 5 16 15 6 3 15 6 12 15 22 1 5 20
split_gain=3.36345 8.59325 8.47322 7.2356 6.28206 10.4138 6.86257 5.4712 10.0447 6.46788 4.43868 12.2938 9.46666 0.713592
threshold=0.91248814248966237 0.9053161325100999 648.6500000000002 408.50000000000006 0.38043945030393422 -0.58216583101416142 283.50000000000006 -0.16799793862756093 209.55000000000004 31.500000000000004 0.99469066677254137 444.32354813928185 0.8697513045430848 3.2518750000000005
decision_type=2 2 2 2 2 2 2 2 2 2 2 2 2 2
left_child=1 10 3 -3 7 13 -7 8 -2 -9 12 -12 -1 -6
right_child=4 2 -4 -5 5 6 -8 9 -10 -11 11 -13 -14 -15
leaf_value=1.2796014375804355e-05 -8.6086048080238903e-05 0.0012301984202361671 -0.00025187512319170823 0.0040891895786865449 -0.0088127219323028503 0.0020803883755450281 -0.00084841489109586119 -0.0018109829967023622 -0.0023908606270629297 7.0252043688065485e-05 2.9537120252495775e-05 0.00018827615615628902 -0.0013381606508821532 -0.0017339344949128201
leaf_weight=62225 2250 279 67 100 49 79 224 341 1087 7032 4781 1400 1185 54
leaf_count=62225 2250 279 67 100 49 79 224 341 1087 7032 4781 1400 1185 54
internal_value=1.63272e-05 0.000144566 0.00706278 0.00996042 -0.000791652 -0.00689655 -0.00222772 -0.000560224 -0.00224004 0.000200054 0.000100228 0.00137923 -2.44441e-05 -0.0206311
internal_weight=81153 70037 446 379 11116 406 303 10710 3337 7373 69591 6181 63410 103
internal_count=81153 70037 446 379 11116 406 303 10710 3337 7373 69591 6181 63410 103
is_linear=0
shrinkage=0.05


Tree=290
num_leaves=15
num_cat=0
split_feature=16 2 15 22 1 3 4 6 21 19 5 6 5 3
split_gain=3.77721 15.9223 13.1957 10.2294 9.3496 8.20468 10.5502 5.50096 9.06359 5.5808 4.53409 30.3105 7.09062 3.77666
threshold=677.4000000000002 0.50371808373035509 504.50000000000006 0.9301592074984143 522.90198098501025 -0.68322629814330804 -0.93540483100319616 -0.99938741687870725 0.93461343866581614 14.168750000000003 -0.67803021058859214 0.689015599449598 -0.03977009085991149 -0.81241147629688981
decision_type=2 2 2 2 2 2 2 2 2 2 2 2 2 2
left_child=7 5 3 -3 -4 13 -7 8 9 -1 11 -9 -12 -2
right_child=1 2 4 -5 -6 6 -8 10 -10 -11 12 -13 -14 -15
leaf_value=0.00026867854717356617 -0.00067150610991421617 -0.0046974527261302197 -0.00066713447152100258 0.00083290047228068431 -1.6095364040263904e-05 0.00023710816131102821 -0.00098570788017906543 -2.7328073084909035e-05 0.00068847084743124958 -0.0015456204330253631 0.0003414950170457919 -0.0037130878658853785 1.7666904165991593e-07 0.00031795438660784384
leaf_weight=217 103 40 297 329 6092 87 467 20931 71 513 15828 725 35342 88
leaf_count=217 103 40 297 329 6092 87 467 20931 71 513 15828 725 35342 88
internal_value=-1.41748e-05 -0.0010829 -0.000318141 0.00887534 -0.000849116 -0.00802013 -0.0111011 9.47343e-05 -0.00402622 -0.00568493 0.00014006 -0.000466383 0.000396717 0.00091623
internal_weight=81130 7503 6758 369 6389 745 554 73627 801 730 72826 21656 51170 191
internal_count=81130 7503 6758 369 6389 745 554 73627 801 730 72826 21656 51170 191
is_linear=0
shrinkage=0.05


Tree=291
num_leaves=16
num_cat=0
split_feature=16 7 11 16 1 22 16 16 20 19 5 5 18 5 19
split_gain=3.79258 10.998 23.0146 12.5355 9.74936 9.44858 7.92912 7.16882 7.15282 7.36075 7.50606 6.56542 11.6712 8.637 4.24941
threshold=143.35000000000005 1.1250000000000002 0.35988785582701888 419.85000000000008 47.875556161554172 0.68366916196406025 153.75000000000003 163.95000000000002 5.7437500000000012 13.718750000000002 -0.66528616069191593 -0.99275805973510278 99.687500000000014 -0.96235977360714686 15.231250000000003
decision_type=2 2 2 2 2 2 2 2 2 2 2 2 2 2 2
left_child=8 2 4 -4 -2 6 -3 -7 11 10 -10 12 -1 -13 -11
right_child=1 5 3 -5 -6 7 -8 -9 9 14 -12 13 -14 -15 -16
leaf_value=-0.0017336596872803451 0.0037640831048756321 -0.0030244113074012233 0.00051225514614640095 -0.00020126983265285892 -0.0028486212346432796 0.0017663588089204874 -0.00056812080918829946 5.4267034735003272e-05 -0.0060641099675481152 -0.0047478969916229371 -4.2514478872437289e-05 0.0013214974739038793 0.00037422966380792726 0.00014101626547714796 -0.00098320852021485249
leaf_weight=809 116 425 3771 4402 1768 541 6089 27858 59 104 681 2308 648 31506 47
leaf_count=809 116 425 3771 4402 1768 541 6089 27858 59 104 681 2308 648 31506 47
internal_value=3.0814e-05 -0.000275739 -0.00173262 -0.000584241 -0.00671444 0.000143929 -0.00157353 0.000537871 0.000412035 -0.00401235 -0.00195946 0.000523801 -0.00276253 0.000665405 -0.0140728
internal_weight=81132 44970 10057 8173 1884 34913 6514 28399 36162 891 740 35271 1457 33814 151
internal_count=81132 44970 10057 8173 1884 34913 6514 28399 36162 891 740 35271 1457 33814 151
is_linear=0
shrinkage=0.05


Tree=292
num_leaves=9
num_cat=0
split_feature=17 6 6 14 6 16 10 10
split_gain=3.63221 3.20899 9.87409 37.6096 23.975 7.95977 8.9804 5.69595
threshold=395.50000000000006 0.98486764554468398 0.97263757644091875 1.0000000180025095e-35 0.96407344085605606 278.75000000000006 2.2500000000000004 59.850000000000009
decision_type=2 2 2 2 2 2 2 2
left_child=1 2 4 -4 -1 6 -3 -7
right_child=-2 5 3 -5 -6 7 -8 -9
leaf_value=-1.3643074052249738e-05 0.0024578457800985445 -0.00017068831101436368 -0.0028088079276166939 0.0010508594358662304 0.003224240048385263 -0.00046016808671844601 0.001471275844002476 -0.0029902690780602582
leaf_weight=76697 54 1251 498 509 586 157 1555 86
leaf_count=76697 54 1251 498 509 586 157 1555 86
internal_value=-3.07152e-07 -8.91331e-06 -7.08903e-05 -0.00499007 -6.79321e-06 0.00158249 0.00233428 -0.00709877
internal_weight=81393 81339 78290 1007 77283 3049 2806 243
internal_count=81393 81339 78290 1007 77283 3049 2806 243
is_linear=0
shrinkage=0.05


Tree=293
num_leaves=14
num_cat=0
split_feature=12 12 15 18 1 5 1 6 5 15 13 5 20
split_gain=3.49546 8.35909 13.9555 15.8709 15.6067 7.54235 6.40553 6.28729 6.22085 5.30148 4.2309 3.38914 1.29691
threshold=412.05000000000001 275.55000000000001 466.50000000000006 19.937500000000004 522.90198098501025 -0.99866806308218525 869.62487684614928 -0.82413948779581736 0.65883702558178847 774.50000000000011 0.55974416922385795 0.56369777965491019 2.0781250000000004
decision_type=2 2 2 2 2 2 2 2 2 2 2 2 2
left_child=1 9 3 -3 -4 12 7 -7 -8 10 -1 -11 -2
right_child=5 2 4 -5 -6 6 8 -9 -10 11 -12 -13 -14
leaf_value=4.9251254916882897e-05 0.0017454578900812313 0.0016097794424313279 -0.0006208168163168243 0.0010285475459813926 4.8562217328229631e-05 -0.00040164420365724763 0.00018139472897424903 -2.2302711650928898e-05 0.0024665489589094261 -0.00087038537145924248 -0.00017575278129073891 -0.002359308141542199 0.0038803922337037667
leaf_weight=45626 42 256 484 4890 4131 3921 1459 5899 41 62 14491 41 44
leaf_count=45626 42 256 484 4890 4131 3921 1459 5899 41 62 14491 41 44
internal_value=1.38228e-05 0.000146111 0.00150343 0.00329382 -0.000492958 -0.000797826 -0.000909894 -0.00137475 0.00213333 -7.38957e-05 -5.44771e-05 -0.0114078 0.0139535
internal_weight=81387 69981 9761 5146 4615 11406 11320 9820 1500 60220 60117 103 86
internal_count=81387 69981 9761 5146 4615 11406 11320 9820 1500 60220 60117 103 86
is_linear=0
shrinkage=0.05


Tree=294
num_leaves=14
num_cat=0
split_feature=22 21 20 5 18 21 21 16 12 21 22 22 22
split_gain=3.35934 10.1498 10.965 11.1433 9.04281 7.45449 8.32573 15.0103 9.80692 6.7814 6.45166 6.87905 3.48106
threshold=0.96446072324501853 0.89095253074953418 1.2206250000000003 -0.74441730022405961 19.937500000000004 0.73137540962676895 0.96281366759331821 502.00000000000006 43.650000000000006 0.71228335671602239 0.96252557479398182 0.81924015842869291 0.98672435450526208
decision_type=2 2 2 2 2 2 2 2 2 2 2 2 2
left_child=1 10 3 -3 -4 9 7 -7 -8 12 11 -1 -2
right_child=5 2 4 -5 -6 6 8 -9 -10 -11 -12 -13 -14
leaf_value=-3.0562083588409065e-05 -0.0045134661771869065 -0.0017557001902429052 0.00020405623723518951 -0.00027332778828545733 -0.000202233853238315 0.00014511640231700264 0.00070496215086826575 0.00067209831720841393 -3.7683692163642535e-05 -0.0072054936510583664 -0.0059830112328387031 0.00039719558769069356 0.00051901858800211184
leaf_weight=52531 46 584 1186 1868 4987 1474 2865 785 6950 56 40 7964 48
leaf_count=52531 46 584 1186 1868 4987 1474 2865 785 6950 56 40 7964 48
internal_value=-1.96599e-05 -0.000154714 -0.00175942 -0.00458809 -0.000635833 0.000744437 0.000882061 0.00361886 0.000252165 -0.0103333 7.39242e-05 8.71973e-05 -0.00212766
internal_weight=81384 69160 8625 2452 6173 12224 12074 2259 9815 150 60535 60495 94
internal_count=81384 69160 8625 2452 6173 12224 12074 2259 9815 150 60535 60495 94
is_linear=0
shrinkage=0.05


Tree=295
num_leaves=14
num_cat=0
split_feature=1 0 16 6 5 3 4 22 5 5 5 9 21
split_gain=2.79189 2.63878 10.2672 10.1753 7.3241 7.11506 14.3448 5.69797 2.4128 5.08446 3.38434 2.35878 1.2519
threshold=14.069689152548628 190.8813224029654 316.45000000000005 0.2332836900311728 -0.97113884758256674 0.97335555334614954 -0.065403129230143256 1.0805533552804751 -0.8781231054254196 -0.70898476237405783 -0.97509794945709805 0.35811692819421032 0.64833893865180892
decision_type=2 2 2 2 2 2 2 2 2 2 2 2 2
left_child=8 2 4 -4 -2 7 -7 -3 10 -10 -1 -11 -12
right_child=1 5 3 -5 -6 6 -8 -9 9 11 12 -13 -14
leaf_value=-0.0016209611766912547 -0.0013511174660659209 1.004810863070027e-07 -0.00077050500005458882 4.1334908781504037e-05 4.6062234767983713e-05 0.0013512382309394694 -0.00029368878789119289 0.0017464499173402094 -0.002383780130147456 -6.4742545901265433e-05 0.013583012750269555 0.0073867032218373598 0.0079424948772309489
leaf_weight=45 1331 54749 1767 1251 19598 978 830 81 75 218 42 231 41
leaf_count=45 1331 54749 1767 1251 19598 978 830 81 75 218 42 231 41
internal_value=-3.78522e-05 -6.42179e-05 -0.000504239 -0.00323062 -0.00011109 0.000121826 0.00320796 2.0062e-05 0.00322086 0.00171756 0.009375 0.00373051 0.0153614
internal_weight=81237 80585 23947 3018 20929 56638 1808 54830 652 524 128 449 83
internal_count=81237 80585 23947 3018 20929 56638 1808 54830 652 524 128 449 83
is_linear=0
shrinkage=0.05


Tree=296
num_leaves=16
num_cat=0
split_feature=19 22 22 16 15 20 6 20 19 22 5 10 11 22 22
split_gain=2.9952 8.38659 15.7958 15.659 12.7045 11.5448 7.79576 6.12856 5.63594 12.5795 15.7669 12.0286 8.58865 6.85405 6.36074
threshold=21.556250000000006 0.48228749441569657 0.57120044777500334 4.6500000000000012 249.50000000000003 2.9443750000000009 -0.6652727025667432 1.1143750000000003 18.256250000000005 0.55256609089504527 0.38243310158943505 432.30000000000007 0.70328109534296401 0.54843259826653223 0.87113877711141308
decision_type=2 2 2 2 2 2 2 2 2 2 2 2 2 2 2
left_child=8 3 4 7 -3 -5 -4 -2 11 13 -11 12 -1 -10 -13
right_child=1 2 6 5 -6 -7 -8 -9 9 10 -12 14 -14 -15 -16
leaf_value=-3.1114769736313026e-05 0.0014652813026322584 0.00033195921180583096 1.1681528628326721e-05 0.0028118347830180025 -0.0046160799325274731 0.0077725844096798993 -0.00021452102214591375 -0.0042435454197804401 -0.00061200150483241018 0.00097043243164397503 -9.2566206776428805e-05 -0.0026451849892474262 0.00033614422309269365 -0.0059186188541983159 -5.5386012096703133e-06
leaf_weight=50822 42 162 9237 371 385 104 3402 94 2011 5279 2739 1286 4506 59 715
leaf_count=50822 42 162 9237 371 385 104 3402 94 2011 5279 2739 1286 4506 59 715
internal_value=-2.27793e-05 -0.000693991 -0.000959351 0.00503273 -0.00927788 0.00931579 -0.000599335 -0.00992647 0.000114585 0.0012044 0.00210152 -7.71861e-05 6.0548e-05 -0.00227053 -0.00388556
internal_weight=81214 13797 13186 611 547 475 12639 136 67417 10088 8018 57329 55328 2070 2001
internal_count=81214 13797 13186 611 547 475 12639 136 67417 10088 8018 57329 55328 2070 2001
is_linear=0
shrinkage=0.05


Tree=297
num_leaves=14
num_cat=0
split_feature=2 6 5 13 6 11 0 3 6 4 19 9 13
split_gain=3.96201 3.51987 13.0033 9.90573 6.70871 6.38769 4.5 3.63754 3.17683 2.96474 3.25844 2.48383 1.58251
threshold=0.078267929288525093 0.99024581825578073 -0.03977009085991149 0.50732677589719077 0.98899263613956456 0.55880532436380415 189.52682818608477 -0.22695468355932411 -0.99273797715557011 0.22695468355932455 16.456250000000008 0.60917170651114538 0.62755103922913047
decision_type=2 2 2 2 2 2 2 2 2 2 2 2 2
left_child=8 4 5 -4 6 -3 -2 -6 11 10 -10 -1 -11
right_child=1 2 3 -5 7 -7 -8 -9 9 12 -12 -13 -14
leaf_value=0.00088980009035782848 -0.00017778469759729065 0.0029622334742869408 0.00018175810054570085 -0.0022240407497352427 0.00058065275643193746 -0.0026107896806487176 2.1386710046528147e-05 -0.0024368157104662671 0.0018480892576208359 0.001906170764808398 -0.0016699730155763537 -0.0042814933842331123 0.0054531726612885969
leaf_weight=48 20058 627 1260 341 44 49 56485 101 1569 86 288 46 186
leaf_count=48 20058 627 1260 341 44 49 56485 101 1569 86 288 46 186
internal_value=-1.23171e-06 -5.98366e-05 0.00187747 -0.000577764 -0.000117359 0.00769231 -9.70043e-05 -0.0108621 0.00208052 0.00247769 0.0017636 -0.00691489 0.00735294
internal_weight=81188 78965 2277 1601 76688 676 76543 145 2223 2129 1857 94 272
internal_count=81188 78965 2277 1601 76688 676 76543 145 2223 2129 1857 94 272
is_linear=0
shrinkage=0.05


Tree=298
num_leaves=16
num_cat=0
split_feature=16 7 11 7 16 10 21 3 20 5 3 13 3 19 20
split_gain=3.09894 10.0015 21.8498 13.6267 9.13737 8.55961 7.569 7.3782 7.07717 7.41196 6.50544 6.17445 5.50235 9.46982 6.56047
threshold=140.35000000000005 2.1250000000000004 0.42950371689067829 1.0000000180025095e-35 118.45000000000002 63.45000000000001 0.65851684378343556 -0.77259657388510605 5.7437500000000012 -0.66528616069191593 -0.52778511650980109 0.07223230506449535 0.097964660725097366 6.0812500000000016 2.8568750000000009
decision_type=2 2 2 2 2 2 2 2 2 2 2 2 2 2 2
left_child=4 2 3 -2 8 -4 7 -3 10 -10 -1 -8 13 -6 -14
right_child=1 6 5 -5 12 -7 11 -9 9 -11 -12 -13 14 -15 -16
leaf_value=-0.00030885153599064798 -0.003513228969326597 -0.0031017472498314201 -0.00080823297483553769 -0.001042638212885723 0.0054318580040264497 2.3111948509485503e-05 -0.0032453152707190625 -0.00042091145735890655 -0.005203623624364502 -0.00053015144653334912 0.00019720875514460669 0.00011068429432865013 0.0020041275517899831 0.0020719189569470566 -0.0014370695757062917
leaf_weight=9411 507 436 774 4736 84 12168 267 4226 84 766 23409 22209 572 1068 502
leaf_count=9411 507 436 774 4736 84 12168 267 4226 84 766 23409 22209 572 1068 502
internal_value=9.5421e-06 -0.000265318 -0.00117267 -0.00389567 0.000356586 -6.9541e-05 0.000342693 -0.00149078 0.00015147 -0.00435294 0.000268129 0.000722993 0.00345912 0.00585938 0.000884544
internal_weight=81219 45323 18185 5243 35896 12942 27138 4662 33670 850 32820 22476 2226 1152 1074
internal_count=81219 45323 18185 5243 35896 12942 27138 4662 33670 850 32820 22476 2226 1152 1074
is_linear=0
shrinkage=0.05


Tree=299
num_leaves=16
num_cat=0
split_feature=10 22 7 15 19 6 5 6 20 11 3 6 15 16 7
split_gain=3.44751 12.7852 9.30415 7.79135 6.2035 10.8194 12.5109 11.3019 10.3151 9.87261 5.87794 9.51963 7.80631 1.37243 1.0177
threshold=256.9500000000001 0.38722073562583198 0.87500000000000011 10.500000000000002 23.031250000000004 -0.29342786347392819 -0.94139628442229062 -0.11692317777808843 4.8256250000000014 0.51199220228528997 1.0000000180025095e-35 -0.80926783187727869 569.50000000000011 373.50000000000006 0.37500000000000006
decision_type=2 2 2 2 2 2 2 2 2 2 2 2 2 2 2
left_child=4 2 14 -4 5 6 -1 -7 9 -6 12 -12 -3 -10 -2
right_child=1 10 3 -5 8 7 -8 -9 13 -11 11 -13 -14 -15 -16
leaf_value=0.0036585798684385831 0.0063913865840636913 -4.2562586023220385e-05 0.00024178981831483594 -0.0045749650037418153 -0.0005701334770095212 -0.0005038778258998122 0.00029359108661707392 2.3136782559141091e-05 0.01321786527803291 0.00012361296370018706 -0.00012698990590359616 0.00021206743675317719 -0.0001851758230745404 0.00056484462126901171 0.0019988698301448616
leaf_weight=439 47 12127 140 559 1773 3435 18288 35405 42 870 2159 2559 3260 43 45
leaf_count=439 47 12127 140 559 1773 3435 18288 35405 42 870 2159 2559 3260 43 45
internal_value=-6.46623e-06 -0.000559916 -0.0067952 -0.00876252 0.000185339 0.000295742 0.00128291 -0.000180227 -0.00214443 -0.0026958 -0.000314598 0.00122933 -0.000788003 0.015 0.00815217
internal_weight=81191 20896 791 699 60295 57567 18727 38840 2728 2643 20105 4718 15387 85 92
internal_count=81191 20896 791 699 60295 57567 18727 38840 2728 2643 20105 4718 15387 85 92
is_linear=0
shrinkage=0.05


end of trees

feature_importances:
kcs_fc_ens=534
doy_cos=400
doy_sin=399
temp_fc_c=280
ghi_fc_wm2=265
kcs_last=235
cloud_fc_pct=226
wind_fc_ms=218
dni_fc_wm2=212
kcs_lag_24h=187
tod_sin=146
dhi_fc_wm2=139
kcs_fc=136
pv_lag_24h_kw=125
pv_last_kw=121
lead_time_hours=96
kcs_recent=92
clear_sky_kw=88
clear_sky_ghi_wm2=85
cos_zenith=85
tod_cos=76
has_recent=41
has_weather=3

parameters:
[boosting: gbdt]
[objective: quantile]
[metric: quantile]
[tree_learner: serial]
[device_type: cpu]
[data_sample_strategy: bagging]
[data: ]
[valid: ]
[num_iterations: 300]
[learning_rate: 0.05]
[num_leaves: 16]
[num_threads: 8]
[seed: 42]
[deterministic: 1]
[force_col_wise: 0]
[force_row_wise: 1]
[histogram_pool_size: -1]
[max_depth: 4]
[min_data_in_leaf: 40]
[min_sum_hessian_in_leaf: 0.001]
[bagging_fraction: 0.85]
[pos_bagging_fraction: 1]
[neg_bagging_fraction: 1]
[bagging_freq: 1]
[bagging_seed: 400]
[bagging_by_query: 0]
[feature_fraction: 1]
[feature_fraction_bynode: 1]
[feature_fraction_seed: 30056]
[extra_trees: 0]
[extra_seed: 12879]
[early_stopping_round: 0]
[early_stopping_min_delta: 0]
[first_metric_only: 0]
[max_delta_step: 0]
[lambda_l1: 0]
[lambda_l2: 0]
[linear_lambda: 0]
[min_gain_to_split: 0]
[drop_rate: 0.1]
[max_drop: 50]
[skip_drop: 0.5]
[xgboost_dart_mode: 0]
[uniform_drop: 0]
[drop_seed: 17869]
[top_rate: 0.2]
[other_rate: 0.1]
[min_data_per_group: 100]
[max_cat_threshold: 32]
[cat_l2: 10]
[cat_smooth: 10]
[max_cat_to_onehot: 4]
[top_k: 20]
[monotone_constraints: ]
[monotone_constraints_method: basic]
[monotone_penalty: 0]
[feature_contri: ]
[forcedsplits_filename: ]
[refit_decay_rate: 0.9]
[cegb_tradeoff: 1]
[cegb_penalty_split: 0]
[cegb_penalty_feature_lazy: ]
[cegb_penalty_feature_coupled: ]
[path_smooth: 0]
[interaction_constraints: ]
[verbosity: -1]
[saved_feature_importance_type: 0]
[use_quantized_grad: 0]
[num_grad_quant_bins: 4]
[quant_train_renew_leaf: 0]
[stochastic_rounding: 1]
[linear_tree: 0]
[max_bin: 255]
[max_bin_by_feature: ]
[min_data_in_bin: 3]
[bin_construct_sample_cnt: 200000]
[data_random_seed: 175]
[is_enable_sparse: 1]
[enable_bundle: 1]
[use_missing: 1]
[zero_as_missing: 0]
[feature_pre_filter: 1]
[pre_partition: 0]
[two_round: 0]
[header: 0]
[label_column: ]
[weight_column: ]
[group_column: ]
[ignore_column: ]
[categorical_feature: ]
[forcedbins_filename: ]
[precise_float_parser: 0]
[parser_config_file: ]
[objective_seed: 16083]
[num_class: 1]
[is_unbalance: 0]
[scale_pos_weight: 1]
[sigmoid: 1]
[boost_from_average: 1]
[reg_sqrt: 0]
[alpha: 0.5]
[fair_c: 1]
[poisson_max_delta_step: 0.7]
[tweedie_variance_power: 1.5]
[lambdarank_truncation_level: 30]
[lambdarank_norm: 1]
[label_gain: ]
[lambdarank_position_bias_regularization: 0]
[eval_at: ]
[multi_error_top_k: 1]
[auc_mu_weights: ]
[num_machines: 1]
[local_listen_port: 12400]
[time_out: 120]
[machine_list_filename: ]
[machines: ]
[gpu_platform_id: -1]
[gpu_device_id: -1]
[gpu_device_id_list: ]
[gpu_use_dp: 0]
[num_gpu: 1]

end of parameters

pandas_categorical:[]
