tree
version=v4
num_class=1
num_tree_per_iteration=1
label_index=0
max_feature_idx=23
objective=quantile
feature_names=clear_sky_kw clear_sky_ghi_wm2 cos_zenith tod_sin tod_cos doy_sin doy_cos lead_time_hours has_recent kcs_recent pv_last_kw kcs_last pv_lag_24h_kw kcs_lag_24h has_weather ghi_fc_wm2 dni_fc_wm2 dhi_fc_wm2 cloud_fc_pct temp_fc_c wind_fc_ms kcs_fc kcs_fc_ens nwp_lead_d
feature_infos=[8.0067576055486445:662.72299999999996] [10.013128144343288:900.75728806310656] [0.050188670617315613:0.89684342909509362] [-1:1] [-1:0.50000000000000011] [-0.9999994220246925:0.99998555065071859] [-0.99997919295908233:1] [0:5.75] [0:1] [-1:1.3] [0:751.20000000000005] [-1:1.3] [0:751.20000000000005] [-1:1.3] [0:1] [-1:896] [-1:915.10000000000002] [-1:426] [-1:100] [-6.7999999999999998:36.600000000000001] [-1:10.180000000000001] [-1:1.5] [-1:1.5] [-1:1]
tree_sizes=1545 1644 1634 1635 1637 1639 1644 1646 1635 1541 1656 1653 1632 1641 1641 1638 1638 1634 1645 1629 1631 1623 1618 1629 1632 1616 1522 1626 1636 1438 1443 1626 1629 1627 1650 1643 1612 1646 1656 1650 1643 1633 1652 1643 1605 1638 1623 1437 1544 1609 1623 1616 1647 1452 1628 1620 1627 1549 1623 1621 1534 1537 1534 1624 1535 1621 1624 1618 1619 1515 1618 1625 1641 1601 1611 1608 1627 1357 1617 1533 1531 1435 1532 1541 1533 1543 1430 1434 1530 1619 1601 1614 1619 1627 1442 1617 1616 1538 1529 1607 1612 1429 1529 1618 1626 1611 1527 1617 1545 1621 1522 1624 1628 1626 1643 1616 1429 1620 1375 1617 1634 1629 1505 1615 1637 1623 1650 1634 1607 1628 1514 1529 1261 1438 1332 1244 1628 1231 1603 1422 1521 1521 1521 1267 1240 1531 1434 1244 1338 1323 1518 1411 1422 1431 1425 1437 1336 1610 1603 1498 1425 1622 1518 1414 1506 1604 1505 1604 1515 1493 1531 1433 1507 1536 1640 1526 1626 1522 1432 1541 1534 1631 1427 1606 1398 1243 1535 1494 1327 1628 1623 1625 1428 1516 1440 1624 1514 1543 1631 1343 1641 1627 1435 1615 1624 1530 1639 1636 1524 1629 1643 1553 1624 1631 1314 1626 1613 1348 1555 1621 1643 1638 1423 1547 1546 1532 1524 1583 1162 1598 1250 1623 1531 1134 1359 1530 1641 1632 1239 1418 1602 1611 1632 1626 1641 1124 1530 1639 1539 1349 1534 1333 1399 1246 1055 1535 1417 1509 1528 1245 1599 1414 1235 1531 1626 1620 1072 1528 1075 1620 1067 1402 1596 1606 1144 1587 1620 1406 1638 1535 1155 1529 1403 1429 1235 1638 1411 1526 1531 1510 1614 1621 1336 1352 1578 1650 1427 1149 1408 1554

Tree=0
num_leaves=16
num_cat=0
split_feature=22 11 18 22 22 13 19 6 8 18 21 16 15 20 11
split_gain=910.283 223.153 161.101 104.28 71.329 41.4904 84.3131 33.5557 27.4352 27.1184 21.0011 14.3492 13.7035 13.0878 11.9336
threshold=0.42172708390400521 0.22418022026895809 98.937500000000014 0.2012342086653004 0.56690128432086129 0.039047919899800984 0.46250000000000002 0.92519182738459482 1.0000000180025095e-35 98.687500000000014 0.2473852111211377 93.750000000000014 70.500000000000014 6.2975000000000003 0.33853830530126588
decision_type=2 2 2 2 2 2 2 2 2 2 2 2 2 2 2
left_child=1 2 8 -4 7 6 -6 12 -1 14 -11 -7 -2 -9 -3
right_child=4 9 3 -5 5 11 -8 13 -10 10 -12 -13 -14 -15 -16
leaf_value=0.16435332931578159 0.16458719335496425 0.16567287080688436 0.16174730067963425 0.16328520588576795 0.15892485082149505 0.16906892061233519 0.17197646328097838 0.1627946027277265 0.16249892386751194 0.16387395998766532 0.16637935861945152 0.17517769442980757 0.16765743431190042 0.16965937034313625 0.16860126703977585
leaf_weight=4337 1124 1227 2461 3537 145 4951 312 369 2714 2028 1821 45153 7472 73 3519
leaf_count=4337 1124 1227 2461 3537 145 4951 312 369 2714 2028 1821 45153 7472 73 3519
internal_value=0.167283 0.1585 0.15438 0.148356 0.170472 0.171203 0.156206 0.166381 0.159504 0.164756 0.161637 0.17134 0.167072 0.152945 0.167285
internal_weight=81243 21644 13049 5998 59599 50561 457 9038 7051 8595 3849 50104 8596 442 4746
internal_count=81243 21644 13049 5998 59599 50561 457 9038 7051 8595 3849 50104 8596 442 4746
is_linear=0
shrinkage=1


Tree=1
num_leaves=16
num_cat=0
split_feature=22 11 18 22 22 13 19 6 18 8 22 21 15 5 11
split_gain=832.938 221.199 148.77 105.177 69.0651 40.2201 80.4836 31.2845 29.8826 27.9723 17.6097 16.3877 13.5563 11.9587 11.3259
threshold=0.42172708390400521 0.20706569879850267 98.937500000000014 0.2012342086653004 0.56690128432086129 0.039047919899800984 0.46250000000000002 0.92519182738459482 98.687500000000014 1.0000000180025095e-35 0.72632186182927649 0.2473852111211377 70.500000000000014 -1.0000000180025095e-35 0.33853830530126588
decision_type=2 2 2 2 2 2 2 2 2 2 2 2 2 2 2
left_child=1 2 9 -4 7 6 -6 12 14 -1 -7 -10 -2 -9 -3
right_child=4 8 3 -5 5 10 -8 13 11 -11 -12 -13 -14 -15 -16
leaf_value=-0.0026509038879524898 -0.0025701484164475877 -0.0014925614340739884 -0.005264915230629357 -0.0039159670193932659 -0.0079462425410747519 0.002399539894369607 0.0044028721112577829 -0.0043653919207968022 -0.0032431545197836131 -0.0046828548647198671 0.009506051870221844 -0.0011024403152554106 0.00034129473728965328 -0.0014951347219862245 0.0013966049998998644
leaf_weight=4268 1136 1456 2365 3405 142 12896 334 238 2230 2466 37187 1935 7476 212 3534
leaf_count=4268 1136 1456 2365 3405 142 12896 334 238 2230 2466 37187 1935 7476 212 3534
internal_value=4.30612e-05 -0.00835473 -0.0126783 -0.0185702 0.00309379 0.00381426 -0.0106513 -0.000925844 -0.00244948 -0.00762994 0.00395174 -0.00557623 -0.000254296 -0.0137778 0.000160321
internal_weight=81280 21659 12504 5770 59621 50559 476 9062 9155 6734 50083 4165 8612 450 4990
internal_count=81280 21659 12504 5770 59621 50559 476 9062 9155 6734 50083 4165 8612 450 4990
is_linear=0
shrinkage=0.05


Tree=2
num_leaves=16
num_cat=0
split_feature=22 11 18 22 22 13 19 17 18 6 16 16 5 19 11
split_gain=759.003 198.481 133.484 107.487 63.8799 45.7699 67.7003 29.2879 27.3156 24.8333 20.6887 16.9999 12.6838 10.6357 9.40896
threshold=0.42172708390400521 0.20706569879850267 98.937500000000014 0.2012342086653004 0.56690128432086129 0.017875073899448646 1.2187500000000002 37.500000000000007 99.062500000000014 0.63755505330306683 2.3500000000000001 189.65000000000001 0.92602006027323147 -0.38124999999999992 0.33853830530126588
decision_type=2 2 2 2 2 2 2 2 2 2 2 2 2 2 2
left_child=1 2 9 -4 7 6 -6 12 14 -1 -10 -7 -2 -9 -3
right_child=4 8 3 -5 5 11 -8 13 10 -11 -12 -13 -14 -15 -16
leaf_value=-0.0021800090459905483 -0.0037038608354848443 -0.0012988080356512389 -0.0050461667306755725 -0.0036361867938964469 -0.0075489304140210142 0.0021823774119074991 0.0062693559890628142 -0.0079572586802166521 -0.0033415710065828846 -0.0041741349635444503 -0.0014319591545361721 0.0080688875813341304 -0.0060287131020735577 0.00011621426050741486 0.0012422711239230529
leaf_weight=2733 647 1539 2327 3407 135 11044 215 50 1465 4029 2486 39272 52 8265 3700
leaf_count=2733 647 1539 2327 3407 135 11044 215 50 1465 4029 2486 39272 52 8265 3700
internal_value=0.000131873 -0.00787928 -0.0119814 -0.0175933 0.0030429 0.00373288 -0.0142857 -0.000835367 -0.00230141 -0.00722271 -0.00544039 0.00385822 -0.0106652 -9.01966e-06 6.58524e-05
internal_weight=81366 21686 12496 5734 59680 50666 350 9014 9190 6762 3951 50316 699 8315 5239
internal_count=81366 21686 12496 5734 59680 50666 350 9014 9190 6762 3951 50316 699 8315 5239
is_linear=0
shrinkage=0.05


Tree=3
num_leaves=16
num_cat=0
split_feature=22 11 18 22 22 13 19 18 17 3 16 6 11 11 16
split_gain=708.003 176.706 114.913 110.288 64.2081 44.9141 59.5616 26.8814 25.9845 25.0248 22.4847 15.326 13.1504 10.5979 8.928
threshold=0.42172708390400521 0.19641918352098156 98.812500000000014 0.239516344057006 0.67123303296748926 0.017875073899448646 1.2187500000000002 99.062500000000014 34.500000000000007 -0.47114434510950071 2.3500000000000001 0.93158198870884079 0.34478620775616037 0.33853830530126588 192.95000000000002
decision_type=2 2 2 2 2 2 2 2 2 2 2 2 2 2 2
left_child=1 2 9 -4 8 6 -6 13 11 -1 -9 -2 -10 -3 -7
right_child=4 7 3 -5 5 14 -8 10 12 -11 -12 -13 -14 -15 -16
leaf_value=-0.0056630060878028231 -0.0035179207700880449 -0.0013374191452966561 -0.0048285386666692453 -0.0029738871096349224 -0.0071714838933199633 0.0028172407557322116 0.0068537941432114252 -0.0034346362009716001 -0.00037394677619501939 -0.0030355353665147979 -0.0013794467454106244 -0.0048581968734906587 0.0026374531186488417 0.0012218637151561601 0.0087343612770470602
leaf_weight=601 761 1710 3017 2679 126 6902 181 1562 8057 5911 2578 186 7769 3670 35588
leaf_count=601 761 1710 3017 2679 126 6902 181 1562 8057 5911 2578 186 7769 3670 35588
internal_value=0.000177618 -0.00754832 -0.0115301 -0.016717 0.00299564 0.0040233 -0.0150326 -0.00244223 0.000373517 -0.00699324 -0.00547101 -0.00767159 0.000854922 -0.000111524 0.00416098
internal_weight=81298 21728 12208 5696 59570 42797 307 9520 16773 6512 4140 947 15826 5380 42490
internal_count=81298 21728 12208 5696 59570 42797 307 9520 16773 6512 4140 947 15826 5380 42490
is_linear=0
shrinkage=0.05


Tree=4
num_leaves=16
num_cat=0
split_feature=22 11 18 22 16 12 6 11 3 13 18 16 22 11 22
split_gain=642.863 162.748 117.219 106.971 58.9171 35.2732 30.4829 29.0822 28.2668 27.2644 24.5792 24.3324 7.9004 7.77413 4.98342
threshold=0.42172708390400521 0.19641918352098156 98.937500000000014 0.2012342086653004 214.35000000000005 4.9500000000000002 0.94353349168649059 0.35722776337198869 -0.47114434510950071 0.017875073899448646 98.187500000000014 2.3500000000000001 0.76000456740168709 0.33853830530126588 0.54421993449831618
decision_type=2 2 2 2 2 2 2 2 2 2 2 2 2 2 2
left_child=1 2 8 -4 7 6 -6 9 -1 -2 13 -12 -7 -3 -9
right_child=4 10 3 -5 5 12 -8 14 -10 -11 11 -13 -14 -15 -16
leaf_value=-0.0054795891951819279 -0.0068129096986539661 -0.0012074353718151917 -0.0045806310551098212 -0.0032358135635903746 0.0033425660627758357 0.0029456582457166023 -0.0079355482625925976 0.00060620058358909078 -0.0026944587518884372 -0.00039947224720675583 -0.0033880277055702637 -0.0012121092696553732 0.0102965970666301 0.0013666820788432454 0.0048905254756394833
leaf_weight=598 170 1580 2249 3266 71 9831 74 2571 6001 10522 1584 3039 28863 3431 7406
leaf_count=598 170 1580 2249 3266 71 9831 74 2571 6001 10522 1584 3039 28863 3431 7406
internal_value=0.000261273 -0.00709536 -0.0109526 -0.0163327 0.00294986 0.00409756 -0.0205172 0.000793217 -0.00645628 -0.00101852 -0.00224517 -0.00487454 0.0041898 0.000180603 0.00273479
internal_weight=81256 21748 12114 5515 59508 38839 145 20669 6599 10692 9634 4623 38694 5011 9977
internal_count=81256 21748 12114 5515 59508 38839 145 20669 6599 10692 9634 4623 38694 5011 9977
is_linear=0
shrinkage=0.05


Tree=5
num_leaves=16
num_cat=0
split_feature=16 11 8 22 9 13 19 20 20 21 11 11 12 22 22
split_gain=592.871 153.784 105.188 79.4917 66.6194 37.7991 55.805 31.7055 19.9679 19.942 18.843 15.9299 15.8085 6.25397 3.36355
threshold=18.350000000000005 0.20706569879850267 1.0000000180025095e-35 0.67123303296748926 0.13997968757694565 0.017875073899448646 1.2187500000000002 3.8093750000000006 3.2981250000000006 0.139200615034903 0.33589743655148635 0.37535254672877411 2.5500000000000003 0.82450478041733322 0.54421993449831618
decision_type=2 2 2 2 2 2 2 2 2 2 2 2 2 2 2
left_child=1 2 7 10 -4 6 -5 -1 11 -10 12 -3 -2 -7 -12
right_child=3 8 4 5 -6 13 -8 -9 9 -11 14 -13 -14 -15 -16
leaf_value=-0.0025646845116269268 -0.0068121410695775146 -0.0015583863484202854 -0.0053341603958976637 -0.0064722642137212674 -0.0035645565931073683 0.0039462453153367499 0.0091134293304403532 -0.0044237477074793195 -0.0038200033254281785 -0.0019056138544571333 0.000528880086880907 0.0011333756448899958 -0.00066173135385582164 0.010113699519588267 0.0033650084889474438
leaf_weight=5553 54 2777 1956 113 2972 14855 151 913 310 1384 4328 3941 10299 26818 4843
leaf_count=5553 54 2777 1956 113 2972 14855 151 913 310 1384 4328 3941 10299 26818 4843
internal_value=0.00032221 -0.00720085 -0.0109865 0.00274654 -0.0164894 0.00397346 -0.0148864 -0.00679245 -0.00207323 -0.00692444 0.000111145 -0.000849955 -0.00135082 0.00409294 0.00176153
internal_weight=81267 19806 11394 61461 4928 41937 264 6466 8412 1694 19524 6718 10353 41673 9171
internal_count=81267 19806 11394 61461 4928 41937 264 6466 8412 1694 19524 6718 10353 41673 9171
is_linear=0
shrinkage=0.05


Tree=6
num_leaves=16
num_cat=0
split_feature=22 11 8 16 11 12 6 11 13 18 18 16 22 11 22
split_gain=545.271 139.509 122.632 57.1787 49.4901 36.9096 36.0263 28.9485 32.166 25.9583 24.7411 21.8286 10.4807 6.85273 5.86954
threshold=0.42172708390400521 0.18123950969161126 1.0000000180025095e-35 214.35000000000005 0.11193744418006889 4.9500000000000002 0.94353349168649059 0.31577560854913594 0.017875073899448646 99.312500000000014 98.687500000000014 2.3500000000000001 0.82450478041733322 0.33853830530126588 0.56690128432086129
decision_type=2 2 2 2 2 2 2 2 2 2 2 2 2 2 2
left_child=1 2 9 7 -4 6 -5 8 -2 -1 13 -12 -7 -3 -9
right_child=3 10 4 5 -6 12 -8 14 -10 -11 11 -13 -14 -15 -16
leaf_value=-0.0019674737570379605 -0.0063440299881399216 -0.0010264408874975457 -0.0054756428579357044 0.0034029407579047183 -0.0030341959092016857 0.003525353092972726 -0.0080444558254423801 0.0005535410594408812 -0.00052189186957428066 -0.0030679941694896338 -0.0032310824396396516 -0.0012325546423408572 0.010697104652480314 0.0010785651217642496 0.0045789260766320337
leaf_weight=4435 168 2102 2007 76 2629 15495 76 3574 9664 2407 1674 2904 23233 3546 7376
leaf_count=4435 168 2102 2007 76 2629 15495 76 3574 9664 2407 1674 2904 23233 3546 7376
internal_value=0.000332203 -0.00645411 -0.0102378 0.00280095 -0.0165164 0.00393261 -0.0206579 0.000683765 -0.0012856 -0.00598363 -0.00220712 -0.00493884 0.00402913 7.08234e-06 0.00245205
internal_weight=81366 21704 11478 59662 4636 38880 152 20782 9832 6842 10226 4578 38728 5648 10950
internal_count=81366 21704 11478 59662 4636 38880 152 20782 9832 6842 10226 4578 38728 5648 10950
is_linear=0
shrinkage=0.05


Tree=7
num_leaves=16
num_cat=0
split_feature=22 11 8 22 11 13 19 17 18 18 16 6 11 15 11
split_gain=505.537 117.256 103.319 54.4937 48.9265 41.1748 61.9943 26.7205 23.1133 21.5942 20.8201 12.8829 9.09859 8.18047 7.24085
threshold=0.42172708390400521 0.18462241367182999 1.0000000180025095e-35 0.72632186182927649 0.11193744418006889 0.039047919899800984 0.46250000000000002 59.500000000000007 98.687500000000014 99.812500000000014 2.3500000000000001 0.93158198870884079 0.33853830530126588 16.500000000000004 0.34478620775616037
decision_type=2 2 2 2 2 2 2 2 2 2 2 2 2 2 2
left_child=1 2 9 7 -4 6 -5 11 14 -1 -10 -2 -9 -7 -3
right_child=3 8 4 5 -6 13 -8 12 10 -11 -12 -13 -14 -15 -16
leaf_value=-0.002001642981193322 -0.002006994423996582 -0.00097792467826541283 -0.0051187852970280062 -0.0065130972133041615 -0.0027867349527660144 -0.0036064445407607421 0.002129065341860407 9.8253638074912307e-05 -0.0030746553583946307 -0.0028605281215995384 -0.0012085706165140598 -0.0049393002806484539 0.0024969126433193409 0.0073999045282384657 0.0010348478025704322
leaf_weight=4797 2201 1988 1993 125 2783 216 229 8964 1658 2109 2902 304 10507 37048 3429
leaf_count=4797 2201 1988 1993 125 2783 216 229 8964 1658 2109 2902 304 10507 37048 3429
internal_value=0.000359556 -0.00618242 -0.00958226 0.00273719 -0.0152366 0.00389282 -0.0130791 0.00075901 -0.00220156 -0.00567188 -0.00482456 -0.0041018 0.00138437 0.00405405 6.46133e-06
internal_weight=81253 21659 11682 59594 4776 37618 354 21976 9977 6906 4560 2505 19471 37264 5417
internal_count=81253 21659 11682 59594 4776 37618 354 21976 9977 6906 4560 2505 19471 37264 5417
is_linear=0
shrinkage=0.05


Tree=8
num_leaves=16
num_cat=0
split_feature=16 11 20 22 22 13 19 5 15 19 20 5 7 6 22
split_gain=455.321 110.182 72.2451 64.6024 61.0795 32.9006 47.6981 21.8116 21.1921 21.0764 18.9386 15.1809 11.6872 10.4795 7.78276
threshold=18.350000000000005 0.20706569879850267 2.2256250000000004 0.72330867534265242 0.239516344057006 0.017875073899448646 1.2187500000000002 -0.75579217237767959 161.50000000000003 1.8812500000000003 4.7393750000000017 -0.2102246306142678 2.1250000000000004 0.94353349168649059 0.57612621656552421
decision_type=2 2 2 2 2 2 2 2 2 2 2 2 2 2 2
left_child=1 2 7 8 -4 6 -5 -1 9 -2 12 -12 -3 -7 -10
right_child=3 10 4 5 -6 13 -8 -9 14 -11 11 -13 -14 -15 -16
leaf_value=-0.0013373134809938738 -0.0050474414908339271 0.00045932292969473246 -0.0038673109804534299 -0.0055057946429630002 -0.0029491960937531453 0.0077774733632012391 0.0082162194340034897 -0.0033305254301421688 0.0001715605328547145 -0.00060792156846759676 -0.0042226036967332866 -0.0022730561116636109 -0.0016869096818761923 -0.00022537775454985754 0.0022681232054466557
leaf_weight=1987 320 3795 2497 100 1697 35420 139 5187 7263 7403 145 268 4196 1395 9274
leaf_count=1987 320 3795 2497 100 1697 35420 139 5187 7263 7403 145 268 4196 1395 9274
internal_value=0.000385147 -0.00621283 -0.00942206 0.0025128 -0.0146352 0.00382604 -0.0146653 -0.00637441 0.000507008 -0.00165544 -0.00187173 -0.0123123 -0.00133212 0.00394608 0.0015169
internal_weight=81086 19772 11368 61314 4194 37054 239 7174 24260 7723 8404 413 7991 36815 16537
internal_count=81086 19772 11368 61314 4194 37054 239 7174 24260 7723 8404 413 7991 36815 16537
is_linear=0
shrinkage=0.05


Tree=9
num_leaves=15
num_cat=0
split_feature=16 11 3 22 20 13 19 9 11 20 5 12 7 11
split_gain=399.632 97.0652 65.8509 60.8489 32.3277 32.027 56.1777 31.8685 17.8365 15.9357 12.876 11.0668 9.55142 9.3092
threshold=18.350000000000005 0.20706569879850267 -0.47114434510950071 0.59684832315422798 2.2443750000000007 0.017875073899448646 1.2187500000000002 0.13997968757694565 0.36593827834114911 4.7818750000000003 -0.2102246306142678 2.5500000000000003 2.8750000000000004 0.22795530887694801
decision_type=2 2 2 2 2 2 2 2 2 2 2 2 2 2
left_child=1 2 7 11 -4 6 -5 -1 -7 12 -11 -2 -3 -13
right_child=3 9 4 5 -6 8 -8 -9 -10 10 -12 13 -14 -15
leaf_value=-0.0060129167440262478 -0.0056549954281175235 0.00019936272890265649 -0.0023217827272036039 -0.0052305049108148502 -0.0029112131513121535 0.0016082299472623103 0.0078054084623033152 -0.0041134500305916007 0.0079746838955250393 -0.0040129696262015584 -0.0018121895380493033 -0.0007955513837009159 -0.0016342672640549942 0.00059251920177841148
leaf_weight=508 69 4856 6330 108 3228 15423 169 1293 31544 124 255 6025 3177 7967
leaf_count=508 69 4856 6330 108 3228 15423 169 1293 31544 124 255 6025 3177 7967
internal_value=0.000506685 -0.00567473 -0.00868958 0.0025002 -0.00703704 0.00335958 -0.0135921 -0.0174597 0.00345956 -0.00160366 -0.0116227 -0.000387241 -0.00113096 -0.000288736
internal_weight=81076 19771 11359 61305 9558 47244 277 1801 46967 8412 379 14061 8033 13992
internal_count=81076 19771 11359 61305 9558 47244 277 1801 46967 8412 379 14061 8033 13992
is_linear=0
shrinkage=0.05


Tree=10
num_leaves=16
num_cat=0
split_feature=16 11 3 22 13 13 19 9 11 20 21 7 11 11 7
split_gain=368.736 90.2774 73.1817 53.9551 34.0775 32.1659 56.3637 32.0294 15.0034 14.8881 17.5864 13.012 8.96028 8.36978 4.21345
threshold=29.850000000000005 0.20706569879850267 -0.47114434510950071 0.72632186182927649 0.017875073899448646 0.039047919899800984 0.46250000000000002 0.12303653757168284 0.31577560854913594 2.3068750000000007 0.26090223171635446 0.87500000000000011 0.37535254672877411 0.35988785582701888 1.1250000000000002
decision_type=2 2 2 2 2 2 2 2 2 2 2 2 2 2 2
left_child=1 2 7 8 -4 6 -5 -1 11 13 -11 -2 -7 -3 -10
right_child=3 9 4 5 -6 12 -8 -9 14 10 -12 -13 -14 -15 -16
leaf_value=-0.0057231979932666792 -0.0018922813483526271 -0.00098687388234126655 -0.0063165521606318642 -0.0065807641213975398 -0.0021165873711026088 0.0027653556256917594 0.003830695490416067 -0.0039498717102225793 0.0040892549384600706 -0.0025448299269206051 -0.00024872205455195377 -7.2572897129952191e-05 0.0089194094071077205 0.0012034771414546732 0.0011430238400036983
leaf_weight=402 1326 2348 242 101 10206 10887 196 1552 3189 1717 1605 9199 25517 3943 8723
leaf_count=402 1326 2348 242 101 10206 10887 196 1552 3189 1717 1605 9199 25517 3943 8723
internal_value=0.000473981 -0.00504997 -0.00786889 0.00253035 -0.00620789 0.00371121 -0.0126768 -0.0167503 0.000598788 -0.00141319 -0.00412101 -0.000776722 0.00384491 1.66907e-05 0.00181414
internal_weight=81153 22015 12402 59138 10448 36701 297 1954 22437 9613 3322 10525 36404 6291 11912
internal_count=81153 22015 12402 59138 10448 36701 297 1954 22437 9613 3322 10525 36404 6291 11912
is_linear=0
shrinkage=0.05


Tree=11
num_leaves=16
num_cat=0
split_feature=22 11 8 11 13 19 11 6 3 5 4 22 9 7 22
split_gain=343.781 81.2609 92.1571 53.528 68.1725 50.7621 40.2989 22.6453 20.5224 21.1517 17.7818 15.869 7.87253 3.94965 3.78045
threshold=0.42172708390400521 0.16205649047747453 1.0000000180025095e-35 0.36593827834114911 0.039047919899800984 1.2187500000000002 0.017996634441933859 0.5403928698825039 -0.63405362205439464 -0.98523971305672675 -0.065403129230143256 0.72330867534265242 0.31596485240951494 1.1250000000000002 0.85835371514692682
decision_type=2 2 2 2 2 2 2 2 2 2 2 2 2 2 2
left_child=1 2 10 4 5 -2 -4 -6 9 -3 -1 13 -10 -5 -13
right_child=3 8 6 11 7 -7 -8 -9 12 -11 -12 14 -14 -15 -16
leaf_value=-0.0016901647422181796 -0.0060084065606771748 -0.0066252575856361705 -0.0059447793583126546 0.0046865558550962345 0.0016309281049564019 -0.0026637519024650873 -0.0028504601070014571 -0.00066189195347131564 -0.00097668972207120598 -0.0023593871221684742 -0.0041439280999380004 0.0043316640218514536 0.00039620100546374252 0.0012467861956562474 0.010453804360955899
leaf_weight=6410 160 140 266 2724 16808 187 3796 5585 3124 2458 487 8898 4997 7578 17645
leaf_count=6410 160 140 266 2724 16808 187 3796 5585 3124 2458 487 8898 4997 7578 17645
internal_value=0.000425348 -0.00496633 -0.00799389 0.00238693 0.000479332 -0.021513 -0.0139685 0.000820123 -0.00187098 -0.00573903 -0.00447513 0.00356426 -0.000633542 0.00189866 0.00421071
internal_weight=81263 21678 10959 59585 22740 347 4062 22393 10719 2598 6897 36845 8121 10302 26543
internal_count=81263 21678 10959 59585 22740 347 4062 22393 10719 2598 6897 36845 8121 10302 26543
is_linear=0
shrinkage=0.05


Tree=12
num_leaves=16
num_cat=0
split_feature=16 11 16 3 9 12 6 20 13 19 11 20 21 22 11
split_gain=309.733 72.2862 56.5071 53.4452 30.4359 27.8381 27.739 27.0209 24.4011 42.954 19.0014 15.5195 17.1218 14.931 8.28588
threshold=18.350000000000005 0.22418022026895809 235.45000000000002 -0.47114434510950071 0.13352981246318527 4.9500000000000002 0.94353349168649059 1.8568750000000003 0.017875073899448646 1.2187500000000002 0.33589743655148635 3.2981250000000006 0.139200615034903 0.8500827406574144 0.37535254672877411
decision_type=2 2 2 2 2 2 2 2 2 2 2 2 2 2 2
left_child=1 3 8 4 -1 6 -4 -5 9 -2 -10 14 -13 -7 -3
right_child=2 11 5 7 -6 13 -8 -9 10 -11 -12 12 -14 -15 -16
leaf_value=-0.0051397991256877124 -0.0047705741145807751 -0.0010852436565497408 0.0013873488960587095 -0.0019483502892338684 -0.0034533313116270666 0.0027238259715723898 -0.0067209980922781553 -0.0024701047756134561 -0.00044389771378276766 0.0078295885130622508 0.0019635442094931557 -0.0029141159475225167 -0.0013861695567563761 0.0091950352126653374 0.0011757432726225169
leaf_weight=486 94 2424 69 6137 1503 16019 65 3687 12264 137 11832 272 1343 20950 3913
leaf_count=486 94 2424 69 6137 1503 16019 65 3687 12264 137 11832 272 1343 20950 3913
internal_value=0.000515118 -0.00492917 0.00226681 -0.00741006 -0.0148844 0.00349473 -0.0192537 -0.00589678 0.000394007 -0.0157792 0.000549054 -0.00124371 -0.00561919 0.00357719 -0.00012861
internal_weight=81195 19765 61430 11813 1989 37103 134 9824 24327 231 24096 7952 1615 36969 6337
internal_count=81195 19765 61430 11813 1989 37103 134 9824 24327 231 24096 7952 1615 36969 6337
is_linear=0
shrinkage=0.05


Tree=13
num_leaves=16
num_cat=0
split_feature=22 11 3 13 19 16 22 11 11 7 20 11 20 22 3
split_gain=295.62 69.4273 63.7133 53.0053 82.7445 29.1412 29.1365 28.7624 22.2966 15.9131 9.39975 5.80816 3.81251 3.47276 0.452523
threshold=0.50241255184352929 0.19641918352098156 -0.47114434510950071 0.039047919899800984 0.46250000000000002 483.50000000000006 0.29624720954083728 0.11971012901092888 0.35722776337198869 1.6250000000000002 3.3168750000000005 0.29625334347963328 2.9081250000000005 0.8527836386774853 0.58216583101416142
decision_type=2 2 2 2 2 2 2 2 2 2 2 2 2 2 2
left_child=1 2 7 4 14 8 -4 -1 -5 11 -11 -3 -6 -7 -2
right_child=3 9 6 5 12 13 -8 -9 -10 10 -12 -13 -14 -15 -16
leaf_value=-0.0045426485428384407 -0.0049942691678626968 -0.00064344162337680029 -0.0022234321421456217 0.00035332732389518066 0.0040779310766971546 0.0031781072923451588 -0.00065285975647541333 -0.0027211977791407145 0.0038952734309266714 -0.00073259598084398801 -0.0018252880144168716 0.0017425799201307151 -0.0035812231778846199 0.011734624038702644 -0.0054694575269142766
leaf_weight=730 118 1388 7927 15534 259 2207 4168 1150 21956 5212 2337 3449 76 14740 41
leaf_count=730 118 1388 7927 15534 259 2207 4168 1150 21956 5212 2337 3449 76 14740 41
internal_value=0.000490946 -0.00386158 -0.00627728 0.00257969 -0.0137247 0.00272765 -0.00494626 -0.0148404 0.00194985 -0.00113596 -0.00257054 0.00110296 0.000373135 0.00444828 -0.0434277
internal_weight=81292 26361 13975 54931 494 54437 12095 1880 37490 12386 7549 4837 335 16947 159
internal_count=81292 26361 13975 54931 494 54437 12095 1880 37490 12386 7549 4837 335 16947 159
is_linear=0
shrinkage=0.05


Tree=14
num_leaves=16
num_cat=0
split_feature=22 11 8 13 19 13 22 20 16 7 17 6 21 11 0
split_gain=267.279 61.602 58.2005 50.1793 40.6429 85.3072 26.6228 20.9278 17.6398 13.7753 12.5509 8.17494 5.92563 4.9427 4.44295
threshold=0.54421993449831618 0.19641918352098156 1.0000000180025095e-35 0.017875073899448646 1.8812500000000003 0.039047919899800984 0.8500827406574144 3.8093750000000006 9.1500000000000004 1.6250000000000002 76.500000000000014 -0.99864786094873803 0.72890976714801181 0.28847425333536558 72.999368342700805
decision_type=2 2 2 2 2 2 2 2 2 2 2 2 2 2 2
left_child=1 2 8 -4 5 14 10 -7 -1 13 -6 -11 -8 -3 -2
right_child=4 9 3 -5 6 7 12 -9 -10 11 -12 -13 -14 -15 -16
leaf_value=-0.0019572171496730121 -0.0042929460991140318 -0.00064584551930995759 -0.0053333716943155069 -0.0023300644783000373 -0.0010117988769607152 -0.00013004990742731775 -0.00056029010593762615 -0.0067119508883502297 -8.6020628042688605e-06 -0.0049120707238525423 0.0022537368945387002 -0.0010452089175344598 0.0082233288960238717 0.0016940372379165678 -0.0053036993706389252
leaf_weight=5145 54 1412 127 6311 3240 1912 601 64 3336 141 23207 8516 22990 4059 107
leaf_count=5145 54 1412 127 6311 3240 1912 601 64 3336 141 23207 8516 22990 4059 107
internal_value=0.000511069 -0.00333305 -0.00557376 -0.00915812 0.00265117 -0.00410154 0.00293957 -0.00125 -0.00285285 -0.000966874 0.0018503 -0.00220804 0.0041607 0.000997076 -0.0390994
internal_weight=81222 29047 14919 6438 52175 2137 50038 1976 8481 14128 26447 8657 23591 5471 161
internal_count=81222 29047 14919 6438 52175 2137 50038 1976 8481 14128 26447 8657 23591 5471 161
is_linear=0
shrinkage=0.05


Tree=15
num_leaves=16
num_cat=0
split_feature=22 11 8 13 19 12 16 11 16 3 20 10 22 5 0
split_gain=249.978 55.0952 76.7291 43.7043 85.0887 39.414 25.8085 19.3605 14.8109 13.737 16.759 5.03471 4.08359 3.35233 1.15591
threshold=0.54421993449831618 0.16205649047747453 1.0000000180025095e-35 0.039047919899800984 0.46250000000000002 3.7500000000000004 483.50000000000006 0.33589743655148635 5.9500000000000011 -0.22695468355932411 3.2831250000000005 23.250000000000004 0.89080602986632906 -0.65234524191686594 72.999368342700805
decision_type=2 2 2 2 2 2 2 2 2 2 2 2 2 2 2
left_child=1 2 8 4 14 -4 7 -5 -1 10 -3 -11 -8 -6 -2
right_child=3 9 5 6 13 -7 12 -9 -10 11 -12 -13 -14 -15 -16
leaf_value=-0.0019506503093048454 -0.0042167725801181867 -0.00082881638095140672 -0.0048974426648095608 0.00030325806135709409 -0.0067538490333148614 -0.0022764708786408602 0.0042238938962077203 0.0036924501324839087 -0.00013692657925222377 -0.00099495048339376304 -0.0021791401172462318 0.00052394667854602185 0.011452349599050322 0.0063010368181080599 -0.0054082342688093581
leaf_weight=4829 41 5772 188 13289 45 4636 3711 21696 3644 1311 2168 6464 13267 286 117
leaf_count=4829 41 5772 188 13289 45 4636 3711 21696 3644 1311 2168 6464 13267 286 117
internal_value=0.000537906 -0.00318627 -0.00555501 0.0025978 -0.0122802 -0.0105887 0.00273781 0.00196156 -0.00268913 -0.00118199 -0.00264484 0.000311897 0.00433738 0.00212991 -0.0424684
internal_weight=81464 29012 13297 52452 489 4824 51963 34985 8473 15715 7940 7775 16978 331 158
internal_count=81464 29012 13297 52452 489 4824 51963 34985 8473 15715 7940 7775 16978 331 158
is_linear=0
shrinkage=0.05


Tree=16
num_leaves=16
num_cat=0
split_feature=22 11 3 13 6 16 10 13 11 7 18 22 19 11 16
split_gain=232.306 56.3739 48.9338 47.6897 66.5498 29.8045 28.6714 26.3266 20.2776 12.1377 7.75287 5.16058 3.63548 3.59163 1.56262
threshold=0.50241255184352929 0.19641918352098156 -0.47114434510950071 0.017875073899448646 0.93769647993491489 483.50000000000006 22.350000000000005 0.017875073899448646 0.35722776337198869 1.3750000000000002 99.937500000000014 0.89080602986632906 1.0000000180025095e-35 0.29625334347963328 40.350000000000001
decision_type=2 2 2 2 2 2 2 2 2 2 2 2 2 2 2
left_child=1 2 6 4 14 8 -1 -4 -5 13 -11 -7 -6 -3 -2
right_child=3 9 7 5 12 11 -8 -9 -10 10 -12 -13 -14 -15 -16
leaf_value=-0.004652570531569083 -0.0021003793213506595 -0.0004163493053683086 -0.0055799318585926516 0.00022025496024033337 -0.0039428220677354036 0.0038298276429954738 -0.0023672755923836754 -0.0014181858511608954 0.0034009897618916792 -0.00037437934732017836 -0.0016638956104610024 0.010735154271133671 -0.0030520914383234485 0.0017876253546020315 0.0066770394797664029
leaf_weight=383 57 1214 183 15646 115 3752 1537 11869 22024 5109 3177 13106 40 3040 159
leaf_count=383 57 1214 183 15646 115 3752 1537 11869 22024 5109 3177 13106 40 3040 159
internal_value=0.000524561 -0.00331887 -0.00550315 0.00238064 -0.0154852 0.0025022 -0.0129167 -0.0043221 0.0017202 -0.000885167 -0.00199976 0.00424961 -0.0404839 0.00128585 0.0024537
internal_weight=81411 26512 13972 54899 371 54528 1920 12052 37670 12540 8286 16858 155 4254 216
internal_count=81411 26512 13972 54899 371 54528 1920 12052 37670 12540 8286 16858 155 4254 216
is_linear=0
shrinkage=0.05


Tree=17
num_leaves=16
num_cat=0
split_feature=16 22 11 8 13 19 12 6 20 12 6 22 20 15 11
split_gain=209.293 48.177 43.5159 52.8184 40.2923 56.5502 38.4373 18.9611 14.9691 14.914 15.3929 13.7605 12.399 8.92764 7.23693
threshold=18.350000000000005 0.72330867534265242 0.15786936491413883 1.0000000180025095e-35 0.039047919899800984 0.46250000000000002 3.7500000000000004 0.5403928698825039 2.2256250000000004 3.7500000000000004 0.93769647993491489 0.33937597761445287 4.1256250000000012 161.50000000000003 0.37535254672877411
decision_type=2 2 2 2 2 2 2 2 2 2 2 2 2 2 2
left_child=2 9 3 12 5 -3 -5 -6 14 10 -2 -10 -1 -11 -4
right_child=1 4 8 6 7 -7 -8 -9 11 13 -12 -13 -14 -15 -16
leaf_value=-0.0013572883995894866 0.003305665201664048 -0.0033898823038795733 -0.00082509011570744905 -0.0045090040801099157 0.0061917522957465028 0.0033687883551722789 -0.0023140537679884952 0.00023342175248365835 -0.0022426049660782348 -0.00049824906088637762 -0.004137986987375838 -0.00014476409921718544 -0.0031027189891557425 0.00076940666789573051 0.0014226913900995592
leaf_weight=5682 62 120 3131 193 31820 200 3367 5060 1908 7544 71 1442 686 16534 3360
leaf_count=5682 62 120 3131 193 31820 200 3367 5060 1908 7544 71 1442 686 16534 3360
internal_value=0.000564179 0.00200461 -0.00391042 -0.00624597 0.00313441 -0.0145312 -0.0111236 0.00328769 -0.00155421 0.00026868 -0.0164286 -0.00426866 -0.00351916 0.000360911 -0.000153289
internal_weight=81180 61411 19769 9928 37200 320 3560 36880 9841 24211 133 3350 6368 24078 6491
internal_count=81180 61411 19769 9928 37200 320 3560 36880 9841 24211 133 3350 6368 24078 6491
is_linear=0
shrinkage=0.05


Tree=18
num_leaves=16
num_cat=0
split_feature=22 13 19 11 8 11 16 9 16 3 20 22 22 5 4
split_gain=197.362 47.5795 83.7421 42.9872 57.0073 40.8759 27.4065 15.3382 14.7468 12.4839 13.3754 5.14362 4.74088 2.03077 1.20494
threshold=0.54421993449831618 0.039047919899800984 0.46250000000000002 0.16205649047747453 1.0000000180025095e-35 0.017996634441933859 491.25000000000006 0.52389775892219548 5.9500000000000011 -0.22695468355932411 3.2981250000000006 0.89080602986632906 0.30973942200225313 -0.65234524191686594 -0.68322629814330815
decision_type=2 2 2 2 2 2 2 2 2 2 2 2 2 2 2
left_child=3 2 14 4 8 -6 7 -3 -1 10 -5 -8 -11 -4 -2
right_child=1 6 13 9 5 -7 11 -9 -10 12 -12 -13 -14 -15 -16
leaf_value=-0.0017459934528884981 -0.0046714644153070207 0.00059008902446100052 -0.0010204784517301236 -0.00068310555333554518 -0.0048329887869440081 -0.0018556452977194046 0.0034321291158956589 0.0039688766983562952 2.8229001280266427e-06 -0.00035753221855352367 -0.0020408663718264638 0.010467071657972234 0.0010413485463421381 0.0048493102477194386 -0.0037409284359997148
leaf_weight=4835 122 19775 44 5798 286 4540 3384 15634 3668 3539 2162 12992 4220 286 40
leaf_count=4835 122 19775 44 5798 286 4540 3384 15634 3668 3539 2162 12992 4220 286 40
internal_value=0.000549954 0.00238604 -0.0130894 -0.00275441 -0.0048432 -0.00918359 0.00253307 0.00175083 -0.00237975 -0.000983205 -0.00237437 0.00422447 0.000444001 0.00136364 -0.0425309
internal_weight=81325 52277 492 29048 13329 4826 51785 35409 8503 15719 7960 16376 7759 330 162
internal_count=81325 52277 492 29048 13329 4826 51785 35409 8503 15719 7960 16376 7759 330 162
is_linear=0
shrinkage=0.05


Tree=19
num_leaves=16
num_cat=0
split_feature=16 16 9 13 12 6 13 19 3 22 5 20 21 11 19
split_gain=176.934 45.7462 38.335 32.3187 27.9097 24.7697 24.0293 37.8212 23.0152 17.3104 12.6196 11.024 24.3847 10.0795 6.60436
threshold=18.350000000000005 235.45000000000002 0.30898671565133895 0.017875073899448646 4.9500000000000002 0.94353349168649059 0.017875073899448646 1.2187500000000002 -0.52778511650980109 0.86257055245193748 0.28519915169571858 3.2981250000000006 0.139200615034903 0.33589743655148635 23.781250000000004
decision_type=2 2 2 2 2 2 2 2 2 2 2 2 2 2 2
left_child=2 6 3 10 5 -3 7 -2 -5 -6 -1 14 -13 -8 -4
right_child=1 4 11 8 9 -7 13 -9 -10 -11 -12 12 -14 -15 -16
leaf_value=-0.0048901258816859425 -0.0033349754446597175 0.00085433920681379511 0.00059735941251383689 -0.0030185023514331479 0.0020198937908024353 -0.0052357947815004566 -0.00032008703379847908 0.0051823914889397096 -0.001305343337194211 0.0069715054518499136 -0.0050896724482613828 -0.0031345145262234387 -0.0010547208344044291 0.0013187694888691765 -0.0049123083914202224
leaf_weight=124 88 66 5268 2117 17030 63 12282 123 10764 20014 185 180 1070 11899 108
leaf_count=124 88 66 5268 2117 17030 63 12282 123 10764 20014 185 180 1070 11899 108
internal_value=0.000596024 0.0019187 -0.00351332 -0.00507202 0.00302276 -0.0201938 0.000236143 -0.016564 -0.00468869 0.00310361 -0.0210518 -0.000410504 -0.00464 0.000382739 0.000572917
internal_weight=81381 61565 19816 13190 37173 129 24392 211 12881 37044 309 6626 1250 24181 5376
internal_count=81381 61565 19816 13190 37173 129 24392 211 12881 37044 309 6626 1250 24181 5376
is_linear=0
shrinkage=0.05


Tree=20
num_leaves=16
num_cat=0
split_feature=16 13 6 22 11 8 11 6 20 22 10 6 17 0 19
split_gain=167.487 46.6662 69.3048 41.5457 36.4936 36.1474 33.8268 22.7199 11.9536 12.3471 11.0886 6.39065 6.23681 3.44167 0.497449
threshold=18.350000000000005 0.017875073899448646 0.93769647993491489 0.72632186182927649 0.16205649047747453 1.0000000180025095e-35 0.017996634441933859 0.5403928698825039 2.3068750000000007 0.33937597761445287 1.3500000000000003 -0.99864786094873803 91.500000000000014 68.083898450267029 8.2687500000000025
decision_type=2 2 2 2 2 2 2 2 2 2 2 2 2 2 2
left_child=4 2 14 12 5 10 -7 -5 11 -10 -1 -6 -3 -4 -2
right_child=1 3 13 7 8 6 -8 -9 9 -11 -12 -13 -14 -15 -16
leaf_value=-0.001663757811458275 -0.00052432700636036655 -0.00059437454824605169 -0.0030606745578212989 0.0054197986234136106 -0.004341132087774628 -0.0045229882695591748 -0.0018370258343112962 -2.61851814173375e-05 -0.00200835513245808 -8.0046379082042435e-05 0.0017409531391960331 0.00010595881452447513 0.00053700658057067544 -0.0029889401537666997 0.0056731630011865103
leaf_weight=5764 40 4711 42 31464 127 256 3427 5081 1807 1340 657 6407 19715 118 156
leaf_count=5764 40 4711 42 31464 127 256 3427 5081 1807 1340 657 6407 19715 118 156
internal_value=0.00055183 0.00184234 -0.0162079 0.00194773 -0.00344832 -0.00555028 -0.00949905 0.00301478 -0.00125452 -0.00378615 -0.00328531 -3.52003e-05 0.000351265 -0.040625 0.00372449
internal_weight=81112 61327 356 60971 19785 10104 3683 36545 9681 3147 6421 6534 24426 160 196
internal_count=81112 61327 356 60971 19785 10104 3683 36545 9681 3147 6421 6534 24426 160 196
is_linear=0
shrinkage=0.05


Tree=21
num_leaves=16
num_cat=0
split_feature=22 13 19 13 16 11 7 11 5 5 21 7 22 20 0
split_gain=156.856 47.3824 78.7136 34.0507 27.8245 26.1539 24.2967 16.8627 15.5107 23.2578 15.4773 11.4978 3.66524 3.56576 1.46618
threshold=0.54421993449831618 0.039047919899800984 0.46250000000000002 0.017875073899448646 527.35000000000002 0.21916250449816324 2.1250000000000004 0.45330388417155904 0.28519915169571858 0.3504237462291826 1.0000000180025095e-35 2.8750000000000004 0.89080602986632906 2.9081250000000005 72.999368342700805
decision_type=2 2 2 2 2 2 2 2 2 2 2 2 2 2 2
left_child=3 2 14 8 7 6 -5 -3 10 -10 -1 -7 -6 -4 -2
right_child=1 4 13 5 12 11 -8 -9 9 -11 -12 -13 -14 -15 -16
leaf_value=0.0065774144355429656 -0.0029076408299302339 0.00042084888965869955 0.0049353527615115271 -0.0019005234687603139 0.004235193187441472 0.00047124592616569477 -0.00092824678504090661 0.0034851164845073504 -0.0053263563287038133 -0.0024836320900346711 -0.0056273122500482805 -0.0011592726891730034 0.011358459466215092 -0.0012554670834473785 -0.0039224428607250459
leaf_weight=110 41 18920 257 5329 2178 7849 10297 18863 95 96 49 5199 11909 70 118
leaf_count=110 41 18920 257 5329 2178 7849 10297 18863 95 96 49 5199 11909 70 118
internal_value=0.000592283 0.00222668 -0.0133128 -0.00235598 0.00237228 -0.00216677 -0.00354665 0.00166517 -0.0178571 -0.0274607 -0.00632075 -0.000514255 0.00426883 0.000718655 -0.0421698
internal_weight=81380 52356 486 29024 51870 28674 15626 37783 350 191 159 13048 14087 327 159
internal_count=81380 52356 486 29024 51870 28674 15626 37783 350 191 159 13048 14087 327 159
is_linear=0
shrinkage=0.05


Tree=22
num_leaves=16
num_cat=0
split_feature=16 16 13 6 13 11 9 3 6 5 10 20 22 6 16
split_gain=143.506 44.8615 38.7765 68.3306 29.176 23.4972 20.1797 19.5025 15.316 28.9065 10.7159 8.52447 7.15018 6.36167 1.36589
threshold=18.350000000000005 491.25000000000006 0.017875073899448646 0.93769647993491489 0.017875073899448646 0.33147565027900833 0.61928046795725755 -0.47114434510950071 0.93769647993491489 0.28519915169571858 440.85000000000008 1.6568750000000003 0.878997400948477 -0.59177783207548873 689.20000000000016
decision_type=2 2 2 2 2 2 2 2 2 2 2 2 2 2 2
left_child=4 2 3 -2 8 7 -4 -6 11 -10 -7 -1 13 -3 -14
right_child=1 12 6 -5 5 10 -8 -9 9 -11 -12 -13 14 -15 -16
leaf_value=0.0026327669053308389 0.0050676648688158478 0.0066087050210528499 0.00027879354539388782 -0.0027867641277542739 -0.0023846640002631722 0.0001777226005010218 0.00335782057459096 -0.0011047088965447285 0.0043910195159331767 -0.0051381409922987955 -0.0033869866147206436 -0.0046085807589342003 0.0054958559958044918 -0.00053678214127168887 0.017285088273709351
leaf_weight=90 198 1434 33600 153 2850 5370 11232 10917 41 98 262 136 6581 1411 6910
leaf_count=90 198 1434 33600 153 2850 5370 11232 10917 41 98 262 136 6581 1411 6910
internal_value=0.000519974 0.00171077 0.0008989 -0.0156553 -0.0031866 -0.00292309 0.00102851 -0.0040361 -0.0171918 -0.0302518 -0.000202415 -0.00915929 0.00395629 0.00167838 0.00443666
internal_weight=81283 61519 45183 351 19764 19399 44832 13767 365 139 5632 226 16336 2845 13491
internal_count=81283 61519 45183 351 19764 19399 44832 13767 365 139 5632 226 16336 2845 13491
is_linear=0
shrinkage=0.05


Tree=23
num_leaves=16
num_cat=0
split_feature=22 6 5 22 13 13 16 6 6 5 17 21 12 6 6
split_gain=136.295 45.2952 96.4648 35.1309 33.289 32.9803 24.5043 29.4243 16.8531 24.208 14.3215 10.767 6.45939 6.41686 4.95059
threshold=0.54421993449831618 0.93158198870884079 0.26866988313759588 0.86257055245193748 0.017875073899448646 0.098774069619316937 6.8500000000000005 -0.099822328936730861 0.93769647993491489 0.28519915169571858 90.500000000000014 0.11500706421605308 94.350000000000009 -0.86974577485258975 0.99981043035926087
decision_type=2 2 2 2 2 2 2 2 2 2 2 2 2 2 2
left_child=4 3 14 10 8 -4 7 -6 11 -10 -2 -1 -5 -8 -3
right_child=1 2 5 12 6 -7 13 -9 9 -11 -12 -13 -14 -15 -16
leaf_value=0.00071189962431358585 -0.00095895543331367319 0.0031884094878655584 -0.0033711181657299482 0.0028800086559744534 -0.0021296120940058473 -0.0027268694649831338 -0.0013834337492516422 -0.0010005588498942003 0.00015074384459058573 -0.0046859778109826838 0.0015203446735300339 -0.0046069547873761312 0.0094428600474470419 3.1713332879023757e-07 -0.0048982070956523453
leaf_weight=121 4444 1326 154 7399 2857 398 2705 11540 45 96 23087 93 15347 11516 51
leaf_count=121 4444 1326 154 7399 2857 398 2705 11540 45 96 23087 93 15347 11516 51
internal_value=0.000572747 0.00209899 -0.00541991 0.00238747 -0.00217737 -0.0230797 -0.00198861 -0.00344273 -0.0173944 -0.0308156 0.00118612 -0.0085514 0.00384155 -0.00051649 0.0016594
internal_weight=81179 52206 1929 50277 28973 552 28618 14397 355 141 27531 214 22746 14221 1377
internal_count=81179 52206 1929 50277 28973 552 28618 14397 355 141 27531 214 22746 14221 1377
is_linear=0
shrinkage=0.05


Tree=24
num_leaves=16
num_cat=0
split_feature=16 13 6 16 5 13 19 11 17 11 7 20 22 19 12
split_gain=125.283 41.5491 42.7636 32.0693 30.3704 25.1889 56.2481 24.8205 27.6498 15.4781 8.96024 5.64266 3.37184 4.50096 1.05551
threshold=88.550000000000011 0.017875073899448646 0.93769647993491489 539.20000000000016 0.28519915169571858 0.039047919899800984 0.46250000000000002 0.33589743655148635 59.500000000000007 0.45330388417155904 1.1250000000000002 1.6568750000000003 0.878997400948477 14.168750000000003 90.450000000000003
decision_type=2 2 2 2 2 2 2 2 2 2 2 2 2 2 2
left_child=1 2 11 5 -4 6 -2 8 -3 -7 -9 -1 13 -5 -14
right_child=3 7 4 12 -6 9 -8 10 -10 -11 -12 -13 14 -15 -16
leaf_value=0.0056616328047764987 -0.0034130322637961823 -0.0016261537534065465 -0.00092739578113589308 -0.0014108933952572532 -0.0042966773676580477 0.00029797700243013904 0.0026620799961317131 0.0029664873488066349 -0.00013342203832416951 0.0030012012482064157 -0.00040004167143700811 -0.0030019031092147729 0.0017874414428084573 0.0056025902462564338 0.010813661358364158
leaf_weight=128 109 12088 52 297 153 18675 217 2757 7674 18498 7383 169 602 1115 11478
leaf_count=128 109 12088 52 297 153 18675 217 2757 7674 18498 7383 169 602 1115 11478
internal_value=0.000590638 -0.00194974 -0.0162151 0.00210537 -0.0337805 0.00135324 -0.0124847 -0.00171025 -0.00274213 0.00147459 0.000300789 -0.00409091 0.00419582 0.00188385 0.00446606
internal_weight=81395 30404 502 50991 205 37499 326 29902 19762 37173 10140 297 13492 1412 12080
internal_count=81395 30404 502 50991 205 37499 326 29902 19762 37173 10140 297 13492 1412 12080
is_linear=0
shrinkage=0.05


Tree=25
num_leaves=16
num_cat=0
split_feature=22 13 19 13 16 6 5 17 20 6 18 22 22 20 0
split_gain=113.72 42.7632 68.4338 33.2476 26.6909 22.2555 33.02 21.1597 32.1653 17.5997 10.779 7.69491 4.47074 4.37125 1.45857
threshold=0.59184232273624404 0.039047919899800984 0.46250000000000002 0.039047919899800984 530.85000000000014 0.93769647993491489 0.28519915169571858 59.500000000000007 3.2831250000000005 0.5403928698825039 99.812500000000014 0.1145841159740669 0.89080602986632906 3.1368750000000007 88.588822211154294
decision_type=2 2 2 2 2 2 2 2 2 2 2 2 2 2 2
left_child=3 2 14 5 9 10 -7 8 -5 -3 -1 -9 -6 -4 -2
right_child=1 4 13 7 12 6 -8 11 -10 -11 -12 -13 -14 -15 -16
leaf_value=-0.00043024738192039161 -0.0024305316334328943 0.0022182904166879211 0.0038807289995025085 -0.00088058484645763013 0.0035018085470730378 -0.00044124492611477637 -0.004236845052050648 -0.0024542455011473323 -0.0019205639953074971 -0.00050795747409779321 -0.0037682854208596658 -0.00011730545296020781 0.0095887868292240386 -0.0019785472230375578 -0.0033766577137844312
leaf_weight=257 40 28411 242 11410 1995 71 111 47 3131 6275 166 17163 11837 54 103
leaf_count=257 40 28411 242 11410 1995 71 111 47 3131 6275 166 17163 11837 54 103
internal_value=0.000564055 0.00208418 -0.013451 -0.001736 0.00222474 -0.0133471 -0.027967 -0.00151476 -0.00291899 0.00148417 -0.00705674 -0.000328297 0.00408184 0.00027027 -0.0418531
internal_weight=81313 48957 439 32356 48518 605 182 31751 14541 34686 423 17210 13832 296 143
internal_count=81313 48957 439 32356 48518 605 182 31751 14541 34686 423 17210 13832 296 143
is_linear=0
shrinkage=0.05


Tree=26
num_leaves=15
num_cat=0
split_feature=16 13 6 12 5 21 6 20 16 19 22 5 22 0
split_gain=103.858 46.4379 55.0425 42.3538 33.1098 30.7654 29.0273 23.575 18.9671 10.822 10.4382 6.51478 3.99875 0.11363
threshold=219.65000000000001 0.017875073899448646 0.93769647993491489 4.9500000000000002 0.28519915169571858 0.26090223171635446 0.94353349168649059 2.3231250000000006 595.50000000000011 14.093750000000002 0.26880829936081596 -0.98214942551678475 0.82748357702474928 188.06201638309764
decision_type=2 2 2 2 2 2 2 2 2 2 2 2 2 2
left_child=1 2 11 6 -4 7 -2 -3 9 -5 -7 -1 -10 -8
right_child=3 5 4 8 -6 10 13 -9 12 -11 -12 -13 -14 -15
leaf_value=-0.0048461327978933768 0.00019385223858481328 -0.00069398174914520635 0.00091414432391586893 0.00044696421088999687 -0.003758693560913795 -0.0014155605970484139 -0.0014266323567952998 -0.0015842451798516223 -0.0011761355305265635 0.0031536827116531783 0.00016651257710928861 -5.1589022301361953e-05 0.010635009022444547 -0.0042998604919443168
leaf_weight=45 74 10609 56 10494 178 792 41 5210 241 16851 25632 316 10714 44
leaf_count=45 74 10609 56 10494 178 792 41 5210 241 16851 25632 316 10714 44
internal_value=0.000564412 -0.0011289 -0.015 0.00245053 -0.0338889 -0.000933527 -0.0233019 -0.00267748 0.00255744 0.00185317 0.000110506 -0.00275623 0.00431538 -0.0432353
internal_weight=81297 42838 595 38459 234 42243 159 15819 38300 27345 26424 361 10955 85
internal_count=81297 42838 595 38459 234 42243 159 15819 38300 27345 26424 361 10955 85
is_linear=0
shrinkage=0.05


Tree=27
num_leaves=16
num_cat=0
split_feature=11 13 6 16 5 22 8 5 7 22 3 11 5 12 7
split_gain=99.9936 79.8133 56.9974 43.7315 33.7495 29.587 27.0535 20.9226 7.99242 6.91738 5.05147 3.06694 4.05651 2.82159 1.89366
threshold=0.37809436374106387 0.017875073899448646 0.93769647993491489 1.6500000000000001 0.28519915169571858 0.86257055245193748 1.0000000180025095e-35 0.22700754078277605 1.6250000000000002 0.59184232273624404 -0.68322629814330804 0.42197687478401996 0.95998215779580554 112.05000000000003 0.37500000000000006
decision_type=2 2 2 2 2 2 2 2 2 2 2 2 2 2 2
left_child=1 2 10 7 -4 8 -5 -3 14 -10 -1 12 -7 -13 -2
right_child=5 3 4 6 -6 11 -8 -9 9 -11 -12 13 -14 -15 -16
leaf_value=-0.0043192599370463543 0.0048547266512347989 -0.0010374651233681922 0.0040114663044407816 0.0011167976686225934 -0.0033483403664582691 0.0016913063416858544 -0.00066122731801024771 -0.002541167457450456 -0.00056875467828047322 0.0015116786951822432 0.00020807449556437777 0.0031456990454488882 -0.0039300128526430526 0.0099369586321667435 0.001916832463835539
leaf_weight=98 2625 7618 49 13988 233 555 15974 2165 5849 9435 176 5040 40 11488 6114
leaf_count=98 2625 7618 49 13988 233 555 15974 2165 5849 9435 176 5040 40 11488 6114
internal_value=0.000583017 -0.00118719 -0.02 -0.000924015 -0.0357801 0.00231687 2.36969e-05 -0.00382654 0.00118491 0.000495289 -0.00375912 0.00390498 0.000378151 0.00403195 0.00239101
internal_weight=81447 40301 556 39745 282 41146 29962 9783 24023 15284 274 17123 595 16528 8739
internal_count=81447 40301 556 39745 282 41146 29962 9783 24023 15284 274 17123 595 16528 8739
is_linear=0
shrinkage=0.05


Tree=28
num_leaves=16
num_cat=0
split_feature=11 13 6 15 22 5 8 20 7 22 3 12 10 11 20
split_gain=95.4398 79.1854 52.8857 38.6905 30.7195 27.9973 25.3396 17.1805 8.35729 5.80412 4.59224 3.11741 3.04831 2.21404 1.63167
threshold=0.37809436374106387 0.017875073899448646 0.93769647993491489 54.500000000000007 0.86257055245193748 0.28519915169571858 1.0000000180025095e-35 3.4581250000000008 1.6250000000000002 0.72632186182927649 -0.72947329433276231 112.05000000000003 11.250000000000002 0.42197687478401996 3.7043750000000006
decision_type=2 2 2 2 2 2 2 2 2 2 2 2 2 2 2
left_child=1 2 10 7 8 -4 -5 -3 14 -10 -1 12 -6 -13 -2
right_child=4 3 5 6 11 -7 -8 -9 9 -11 -12 13 -14 -15 -16
leaf_value=-0.0040585784994449014 0.0031213506909103161 -0.0011002117674778344 0.0032853232495024445 0.0012330906162156957 -0.0021111427797859124 -0.002996108667451129 -0.00056695376085452807 -0.0018747756346164876 -0.00027199303889442354 0.0019430233456788596 0.00012765833882791007 0.00022377737505212823 0.0029894417584413651 0.0094567716781621437 0.0012537540950719166
leaf_weight=85 6878 9719 43 12255 60 232 15253 2403 9752 5524 180 292 5228 11491 1908
leaf_count=85 6878 9719 43 12255 60 232 15253 2403 9752 5524 180 292 5228 11491 1908
internal_value=0.000565969 -0.00116754 -0.0201852 -0.000908403 0.00225889 -0.0355455 0.00012869 -0.00326184 0.00110797 0.000401283 -0.00424528 0.00388114 0.00287254 0.00433379 0.00233667
internal_weight=81303 40170 540 39630 41133 275 27508 12122 24062 15276 265 17071 5288 11783 8786
internal_count=81303 40170 540 39630 41133 275 27508 12122 24062 15276 265 17071 5288 11783 8786
is_linear=0
shrinkage=0.05


Tree=29
num_leaves=14
num_cat=0
split_feature=16 13 6 5 11 12 16 22 6 19 5 7 5
split_gain=96.5199 48.6585 56.8833 34.3766 26.6756 21.3609 19.6028 18.3119 18.1483 12.1315 9.31276 8.64493 5.66604
threshold=235.45000000000002 0.017875073899448646 0.93769647993491489 0.28519915169571858 0.33589743655148635 4.9500000000000002 1.6500000000000001 0.878997400948477 0.94353349168649059 2.1562500000000004 0.79904096188274243 2.1250000000000004 -0.98214942551678475
decision_type=2 2 2 2 2 2 2 2 2 2 2 2 2
left_child=1 2 12 -4 6 8 -3 10 -2 -9 -7 -6 -1
right_child=5 4 3 -5 11 7 -8 9 -10 -11 -12 -13 -14
leaf_value=-0.0041849342361741457 0.0010175684844891608 -0.0013550640320226649 0.0029458671215778945 -0.0031285691562986774 0.0018166091705453466 0.0021113805919018677 -0.00035843862606567108 -0.00076779591125504813 -0.0040131236664917398 0.0054137873157932342 -0.00054225021737664542 -0.00026115343368696343 0.00013569664631890625
leaf_weight=47 66 9182 55 193 8000 14072 16820 808 63 17618 4264 9396 305
leaf_count=47 66 9182 55 193 8000 14072 16820 808 63 17618 4264 9396 305
internal_value=0.000556256 -0.00102527 -0.0151667 -0.0335081 -0.000829762 0.00244247 -0.0018437 0.00251374 -0.0178682 0.00362694 0.00139507 0.00068579 -0.00224432
internal_weight=80889 43998 600 248 43398 36891 26002 36762 129 18426 18336 17396 352
internal_count=80889 43998 600 248 43398 36891 26002 36762 129 18426 18336 17396 352
is_linear=0
shrinkage=0.05


Tree=30
num_leaves=14
num_cat=0
split_feature=16 13 6 5 12 21 20 22 6 19 12 18 5
split_gain=83.2327 42.6755 61.1129 32.808 26.4805 24.7584 18.6216 16.4478 10.1575 10.0365 8.08955 7.5246 4.91134
threshold=281.95000000000005 0.017875073899448646 0.93769647993491489 0.28519915169571858 4.9500000000000002 0.26090223171635446 2.2918750000000006 0.878997400948477 -0.64580103137750788 -0.087499999999999981 79.950000000000003 52.562500000000007 -0.98214942551678475
decision_type=2 2 2 2 2 2 2 2 2 2 2 2 2
left_child=1 2 12 -4 9 6 -3 8 -6 -2 -9 -7 -1
right_child=4 5 3 -5 7 11 -8 10 -10 -11 -12 -13 -14
leaf_value=-0.0040492009807948049 -0.0038228022300792748 -0.00049917447455274315 0.00086733949276588784 -0.0029721406984837434 0.0036994511762445978 0.0050259787546347873 -0.0013210959671752344 0.00097209929942706119 0.00013977674516702724 -0.00050299135899268947 0.0066744604626781381 2.3020147867655342e-05 0.00022698313396979911
leaf_weight=47 40 10522 57 185 6996 1398 5256 2987 8217 43 14739 30417 326
leaf_count=47 40 10522 57 185 6996 1398 5256 2987 8217 43 14739 30417 326
internal_value=0.000549674 -0.000774975 -0.0138618 -0.0334298 0.0024835 -0.000605866 -0.00222525 0.00255457 0.00134852 -0.0257229 0.00358964 0.000197234 -0.00116622
internal_weight=81230 48208 615 242 33022 47593 15778 32939 15213 83 17726 31815 373
internal_count=81230 48208 615 242 33022 47593 15778 32939 15213 83 17726 31815 373
is_linear=0
shrinkage=0.05


Tree=31
num_leaves=16
num_cat=0
split_feature=15 13 6 5 9 22 22 12 6 5 2 18 20 18 16
split_gain=77.4945 49.8246 55.8862 32.4894 28.9502 21.8566 11.1623 9.74485 14.7464 8.22965 13.5384 7.28749 6.20002 4.41919 2.43137
threshold=224.50000000000003 0.017875073899448646 0.93769647993491489 0.28519915169571858 0.50376447874621288 0.878997400948477 0.31592674844659024 72.15000000000002 0.94353349168649059 0.9193901325473397 0.6495955484553505 50.812500000000007 0.41937500000000011 75.062500000000014 697.55000000000007
decision_type=2 2 2 2 2 2 2 2 2 2 2 2 2 2 2
left_child=1 2 13 -4 6 9 -3 8 -7 12 -11 -6 -2 -1 -9
right_child=5 4 3 -5 11 7 -8 14 -10 10 -12 -13 -14 -15 -16
leaf_value=0.0086103331208108088 -0.0019137232924819503 -0.00091412721144856356 0.0027552067908607051 -0.0026162177942808357 0.0030897903055510578 0.00042691771725073945 -0.00032575409503157293 0.0044310972455237413 -0.0035860632149044037 0.0017815741036487063 -0.0023338357328949056 0.00062289699582087276 0.0017432182162130322 -0.0026982411405088542 0.013641712340450913
leaf_weight=140 363 13905 57 213 3347 542 16940 7677 65 2562 1567 6986 19978 220 6671
leaf_count=140 363 13905 57 213 3347 542 16940 7677 65 2562 1567 6986 19978 220 6671
internal_value=0.000613236 -0.000886433 -0.0148413 -0.032037 -0.000672932 0.00220355 -0.00144027 0.00370946 -0.00249588 0.0012832 -0.000751998 0.00161763 0.00169633 -0.00194444 0.00397198
internal_weight=81233 41808 630 270 41178 39425 30845 14955 607 24470 4129 10333 20341 360 14348
internal_count=81233 41808 630 270 41178 39425 30845 14955 607 24470 4129 10333 20341 360 14348
is_linear=0
shrinkage=0.05


Tree=32
num_leaves=16
num_cat=0
split_feature=22 12 6 13 5 6 20 17 20 22 19 6 21 5 20
split_gain=74.8622 34.094 28.6729 27.1057 24.852 35.556 18.5015 16.5727 17.6486 13.6877 10.8501 10.8202 7.02732 6.66794 2.1563
threshold=0.72632186182927649 3.7500000000000004 0.5403928698825039 0.039047919899800984 0.28519915169571858 0.93769647993491489 1.5056250000000002 59.500000000000007 3.218125000000001 0.93673794425898937 0.46250000000000002 -0.64580103137750788 0.14736819709807156 -0.95244167294248061 0.24937500000000004
decision_type=2 2 2 2 2 2 2 2 2 2 2 2 2 2 2
left_child=1 4 9 10 12 -6 -5 8 -3 11 -4 -2 -1 -9 -11
right_child=2 7 3 6 5 -7 -8 13 -10 14 -12 -13 -14 -15 -16
leaf_value=-0.00013978216501351755 0.0041565748790248205 -0.00051918176134061974 -0.0029035318609053405 -0.0013795878551459057 -0.0023099799241694226 -0.0031816273109160037 0.001850408538812775 0.001116621052964097 -0.0014140411482237297 -0.00072933049835956784 -0.0014198221006080027 0.00072179236670834594 -0.0040615461173259685 -8.6876351717710891e-05 0.0053835226446828947
leaf_weight=411 9777 11903 117 2425 223 146 2765 3376 3366 129 67 9475 159 24203 12741
leaf_count=411 9777 11903 117 2425 223 146 2765 3376 3366 129 67 9475 159 24203 12741
internal_value=0.000599941 -0.000804234 0.00223971 -0.00114068 -0.010229 -0.0203388 -0.000472061 -0.000597694 -0.00191925 0.00280524 -0.02 0.00196135 -0.00368421 0.000133979 0.0040676
internal_weight=81283 43787 37496 5374 939 369 5190 42848 15269 32122 184 19252 570 27579 12870
internal_count=81283 43787 37496 5374 939 369 5190 42848 15269 32122 184 19252 570 27579 12870
is_linear=0
shrinkage=0.05


Tree=33
num_leaves=16
num_cat=0
split_feature=22 12 6 11 20 5 5 17 22 20 6 10 5 5 12
split_gain=73.8146 30.7589 26.9192 26.4167 28.1345 23.372 37.735 15.9247 14.5387 12.9104 9.96865 8.62439 6.56771 5.35163 2.20968
threshold=0.72632186182927649 4.9500000000000002 0.5403928698825039 0.35377960811187364 1.5056250000000002 0.28519915169571858 0.3504237462291826 91.500000000000014 0.93673794425898937 3.2518750000000005 -0.64580103137750788 10.350000000000001 -0.94139628442229062 -0.98214942551678475 292.9500000000001
decision_type=2 2 2 2 2 2 2 2 2 2 2 2 2 2 2
left_child=1 5 8 4 -4 13 -7 9 10 -3 -2 -5 -9 -1 -10
right_child=2 7 3 11 -6 6 -8 12 14 -11 -12 -13 -14 -15 -16
leaf_value=-0.0037007776604547522 0.0039665953698386318 -0.00044843074144813107 -0.001937277572867835 -0.002598128189424097 0.00056396005518926924 -0.0031201740534091641 -0.0021653962141594866 0.0015828588854497295 0.0029893150621973712 -0.0011303893132463036 0.00075470833848221414 0.0036048024166022681 -2.0074867922383795e-05 -0.0022603885243395491 0.01528377414881916
leaf_weight=85 9801 14572 1547 62 1183 154 293 3099 7186 5130 9489 2619 19850 626 5681
leaf_count=85 9801 14572 1547 62 1183 154 293 3099 7186 5130 9489 2619 19850 626 5681
internal_value=0.000574917 -0.00081958 0.00220108 -0.00106173 -0.00452381 -0.0088601 -0.0178188 -0.000601275 0.0027501 -0.001644 0.0018818 0.00246363 0.000293913 -0.00322785 0.00405184
internal_weight=81377 43809 37568 5411 2730 1158 447 42651 32157 19702 19290 2681 22949 711 12867
internal_count=81377 43809 37568 5411 2730 1158 447 42651 32157 19702 19290 2681 22949 711 12867
is_linear=0
shrinkage=0.05


Tree=34
num_leaves=16
num_cat=0
split_feature=22 12 19 5 5 13 20 22 4 22 3 21 3 5 3
split_gain=66.8225 27.9841 26.8127 22.0601 28.1106 16.0617 24.7068 12.5416 13.4371 8.42402 7.45625 7.13268 5.64558 4.08751 1.1159
threshold=0.72632186182927649 3.7500000000000004 14.168750000000003 0.28519915169571858 0.3504237462291826 0.39598389517932747 1.5056250000000002 0.32530976124318417 -0.72947329433276242 0.93673794425898937 -0.22695468355932411 0.14736819709807156 -0.22695468355932411 0.75580964594513067 -0.8814490726585632
decision_type=2 2 2 2 2 2 2 2 2 2 2 2 2 2 2
left_child=1 3 5 11 -5 6 -2 8 -3 13 -9 -1 -7 -4 -11
right_child=2 7 9 4 -6 12 -8 10 -10 14 -12 -13 -14 -15 -16
leaf_value=0.00016651050340939292 -0.0016668824281356493 -0.00025040733037932049 0.0035260333878039799 -0.0029641653507387062 -0.0021638099929997714 -9.7546567927969685e-05 0.00091516124070377186 -0.00060729781411095749 -0.0014369692709739047 0.0017322787980848066 0.00046918789174037071 -0.003730635650149318 0.0029001649661969443 0.00036165189718148085 0.0094659960110473652
leaf_weight=419 2047 10461 12788 149 212 2781 2914 10387 5592 2097 16393 164 5769 1985 7196
leaf_count=419 2047 10461 12788 149 212 2781 2914 10387 5592 2097 16393 164 5769 1985 7196
internal_value=0.000595177 -0.000732462 0.00214187 -0.00924788 -0.0189612 0.000359337 -0.00190385 -0.00054479 -0.00164985 0.00314261 0.000117625 -0.00323328 0.00167251 0.00240066 0.00432207
internal_weight=81354 43777 37577 944 361 13511 4961 42833 16053 24066 26780 583 8550 14773 9293
internal_count=81354 43777 37577 944 361 13511 4961 42833 16053 24066 26780 583 8550 14773 9293
is_linear=0
shrinkage=0.05


Tree=35
num_leaves=16
num_cat=0
split_feature=9 12 12 22 5 8 22 12 22 21 6 5 2 5 17
split_gain=64.3107 35.818 23.8314 21.2137 20.7288 15.5413 9.7916 9.44387 5.31748 3.77569 8.85264 3.96179 2.16882 1.9151 1.20262
threshold=0.52389775892219548 66.450000000000003 1.3500000000000003 0.878997400948477 0.28519915169571858 1.0000000180025095e-35 0.33289616684484374 140.85000000000002 0.54421993449831618 0.56756382091553237 -0.89404254237865755 0.99966190462023474 0.48441564494918493 -0.99630266176052629 197.50000000000003
decision_type=2 2 2 2 2 2 2 2 2 2 2 2 2 2 2
left_child=1 2 4 9 -1 8 -4 -7 -3 10 -2 -11 13 -5 -14
right_child=3 5 6 12 -6 7 -8 -9 -10 11 -12 -13 14 -15 -16
leaf_value=-0.0021271759976455654 -0.0025845358819154875 0.0002736724065080781 -0.001391840041829296 -0.0012928854378547656 -0.0021477101872414443 -0.00065988724225026732 -0.00054375745551708409 0.00032687036682552232 0.0028855139919778759 0.0019409573152112905 0.0008814952233711208 -0.0028191807042082517 0.012269257461025742 0.0025279245158954023 0.0073717546550257571
leaf_weight=265 1033 3616 7707 154 288 7706 11386 12751 6228 11846 4387 58 6784 5723 1472
leaf_count=265 1033 3616 7707 154 288 7706 11386 12751 6228 11846 4387 58 6784 5723 1472
internal_value=0.000560415 -0.000554888 -0.00221775 0.00233128 -0.0124503 0.00052325 -0.00192138 -0.000262257 0.00215563 0.00115851 6.45758e-05 0.00165659 0.00376884 0.00303471 0.00429142
internal_weight=81404 49947 19646 31457 553 30301 19093 20457 9844 17324 5420 11904 14133 5877 8256
internal_count=81404 49947 19646 31457 553 30301 19093 20457 9844 17324 5420 11904 14133 5877 8256
is_linear=0
shrinkage=0.05


Tree=36
num_leaves=16
num_cat=0
split_feature=15 22 12 6 9 3 12 22 19 5 19 20 18 18 16
split_gain=58.0598 23.1143 22.9919 27.8588 19.45 9.35644 7.20581 7.16895 6.7124 6.11678 15.1295 4.79893 4.45714 3.35058 2.13133
threshold=224.50000000000003 0.878997400948477 1.0000000180025095e-35 0.93769647993491489 0.50142405061816253 -0.3520614488341251 85.65000000000002 0.99214247489978813 2.4312500000000008 0.99865421017599998 13.943750000000003 0.3206250000000001 84.187500000000014 75.062500000000014 697.55000000000007
decision_type=2 2 2 2 2 2 2 2 2 2 2 2 2 2 2
left_child=2 9 3 13 5 -4 8 -6 -3 11 -11 -2 -5 -1 -8
right_child=1 6 4 12 7 -7 14 -9 -10 10 -12 -13 -14 -15 -16
leaf_value=0.0035335251157514952 -0.0017355421352240219 -0.0015072671678992428 -0.0010376840347427344 -0.0027085715738396987 0.00044406354786246229 -0.0002991612227281296 0.0040114883367213727 0.0029551544158723298 0.000630878232395471 0.00038307981969208329 -0.0041217039754096584 0.0011092571498725399 -0.0019570966373555813 -0.0025925791236140619 0.011612134666599704
leaf_weight=82 217 149 9697 60 8000 21663 7310 2407 810 289 97 23751 52 94 6660
leaf_count=82 217 149 9697 60 8000 21663 7310 2407 810 289 97 23751 52 94 6660
internal_value=0.000578328 0.00196052 -0.000712757 -0.0147917 -0.000615677 -0.00123724 0.00350961 0.00125733 -0.000683003 0.00101092 -0.00523316 0.00111148 -0.0342857 -0.00238636 0.00379742
internal_weight=81338 39283 42055 288 41767 31360 14929 10407 959 24354 386 23968 112 176 13970
internal_count=81338 39283 42055 288 41767 31360 14929 10407 959 24354 386 23968 112 176 13970
is_linear=0
shrinkage=0.05


Tree=37
num_leaves=16
num_cat=0
split_feature=11 12 22 8 12 6 21 7 5 12 22 0 10 7 17
split_gain=56.089 29.9072 23.1807 18.6998 16.1752 18.14 11.0938 8.70602 7.46293 6.60147 6.0038 4.96715 3.07451 1.89679 1.40698
threshold=0.42197687478401996 63.150000000000006 0.86257055245193748 1.0000000180025095e-35 1.0000000180025095e-35 0.93769647993491489 0.29126962693461228 1.6250000000000002 0.99907018497641664 140.85000000000002 0.70566999488926674 346.81542648591363 12.750000000000002 0.37500000000000006 197.50000000000003
decision_type=2 2 2 2 2 2 2 2 2 2 2 2 2 2 2
left_child=1 4 7 10 5 -1 -6 13 -9 -5 -3 12 -4 -2 -13
right_child=2 3 11 9 6 -7 -8 8 -10 -11 -12 14 -14 -15 -16
leaf_value=-0.00084536552705945114 0.0049231809975971916 0.00042532582951008497 -0.0017276523256779858 -0.00072173205194438249 -0.0014548385839093987 -0.0025731429951477139 -0.0005035190462329334 0.00019295110734000341 -0.0041001707528429722 0.00010228293747450443 0.0032803714131885487 0.010644667448334755 0.0018231702722696431 0.0017849941179096257 0.0070924914420204162
leaf_weight=119 2306 5387 88 6516 6984 107 9860 13681 109 9475 4828 7619 6713 5423 2019
leaf_count=119 2306 5387 88 6516 6984 107 9860 13681 109 9475 4828 7619 6713 5423 2019
internal_value=0.000571436 -0.000659026 0.00197429 0.000401817 -0.00228764 -0.0155752 -0.00210936 0.000894326 0.000141407 -0.000665687 0.00207293 0.00338798 0.00235333 0.00223768 0.00411807
internal_weight=81234 43276 37958 26206 17070 226 16844 21519 13790 15991 10215 16439 6801 7729 9638
internal_count=81234 43276 37958 26206 17070 226 16844 21519 13790 15991 10215 16439 6801 7729 9638
is_linear=0
shrinkage=0.05


Tree=38
num_leaves=16
num_cat=0
split_feature=11 12 12 22 6 21 3 22 7 5 6 2 22 22 3
split_gain=51.1119 27.2634 19.498 16.767 15.7117 11.5567 10.8917 6.04503 5.84504 5.38759 4.15369 3.70427 2.41308 1.26141 0.820998
threshold=0.49291209176998463 88.050000000000026 1.0000000180025095e-35 0.86257055245193748 0.93158198870884079 0.34205952333336392 0.032701564615071628 0.89080602986632906 0.87500000000000011 0.9916835347852474 -0.99938741687870725 0.48441564494918493 0.97984190780597336 0.93673794425898937 -0.097964660725097089
decision_type=2 2 2 2 2 2 2 2 2 2 2 2 2 2 2
left_child=1 2 4 8 -1 -4 9 -8 14 -3 -10 12 -5 -13 -2
right_child=3 6 5 11 -6 -7 7 -9 10 -11 -12 13 -14 -15 -16
leaf_value=-0.00071257337756489925 0.003154410102074655 -0.00020467456399921396 -0.0010681152441996786 0.00093699035583306761 -0.0024444858453903282 -0.00027766305922434384 0.0005593615682824585 0.0045346779111767668 -0.0026517505288149008 -0.0023044241515131712 0.00071779464767139471 0.0064486079226839209 0.0027162381814652306 0.011686939611261838 0.0055429165929365282
leaf_weight=112 1628 8311 10151 2795 136 13583 13277 3595 156 418 13230 3351 3374 5305 1879
leaf_count=112 1628 8311 10151 2795 136 13583 13277 3595 156 418 13230 3351 3374 5305 1879
internal_value=0.00059661 -0.000406087 -0.00161746 0.00216407 -0.0155645 -0.00147173 0.000728683 0.00147048 0.00108714 -0.000705121 0.000611086 0.00339123 0.00245502 0.00405846 0.00290419
internal_weight=81301 49583 23982 31718 248 23734 25601 16872 16893 8729 13386 14825 6169 8656 3507
internal_count=81301 49583 23982 31718 248 23734 25601 16872 16893 8729 13386 14825 6169 8656 3507
is_linear=0
shrinkage=0.05


Tree=39
num_leaves=16
num_cat=0
split_feature=11 12 22 8 12 6 22 7 22 11 5 16 10 7 1
split_gain=49.6423 24.8831 20.9959 14.7306 14.261 13.3376 9.23559 6.52934 5.73507 5.48277 5.09111 3.44639 1.95268 1.56855 0.818371
threshold=0.42197687478401996 63.150000000000006 0.878997400948477 1.0000000180025095e-35 1.0000000180025095e-35 0.93769647993491489 1.0805533552804751 1.1250000000000002 0.54421993449831618 0.13676466440457474 0.79904096188274243 757.70000000000016 12.750000000000002 0.37500000000000006 441.07863090064728
decision_type=2 2 2 2 2 2 2 2 2 2 2 2 2 2 2
left_child=1 4 7 8 5 -1 -6 13 -3 -5 -9 12 -4 -2 -13
right_child=2 3 11 9 6 -7 -8 10 -10 -11 -12 14 -14 -15 -16
leaf_value=-0.0017175317048172861 0.0045451080298187221 0.00011777661671182033 -0.0015919583196014305 -0.00078294748476347934 -0.00094173910869020997 -0.0023222615531208117 0.0013093627427507174 0.00074060882628945897 0.0024403761793852828 -9.4008877792074364e-05 -0.0010523729740205157 -0.0038944536558447929 0.0030746621412585302 0.002059622785849004 0.01235201517555657
leaf_weight=127 2405 3769 90 2573 15500 109 1248 13644 6362 13374 3052 40 11243 3575 3856
leaf_count=127 2405 3769 90 2573 15500 109 1248 13644 6362 13374 3052 40 11243 3575 3856
internal_value=0.000576593 -0.00058497 0.00189619 0.000384999 -0.0020743 -0.0142797 -0.00190232 0.000931822 0.00187593 -0.000562175 0.000424054 0.00333213 0.00289111 0.0023495 0.00461499
internal_weight=80967 43062 37905 26078 16984 236 16748 22676 10131 15947 16696 15229 11333 5980 3896
internal_count=80967 43062 37905 26078 16984 236 16748 22676 10131 15947 16696 15229 11333 5980 3896
is_linear=0
shrinkage=0.05


Tree=40
num_leaves=16
num_cat=0
split_feature=12 9 22 12 8 5 5 22 22 16 19 3 17 13 15
split_gain=47.0589 24.6744 24.2736 15.2549 10.5345 8.1811 5.34295 4.93884 4.85796 3.98698 3.20338 2.78425 2.3728 1.63626 1.39924
threshold=140.85000000000002 0.50376447874621288 0.81924015842869291 4.9500000000000002 1.0000000180025095e-35 0.28519915169571858 -0.95244167294248061 0.99469066677254137 0.31592674844659024 752.60000000000014 14.018750000000002 -0.3520614488341251 143.50000000000003 0.448721122025727 457.50000000000006
decision_type=2 2 2 2 2 2 2 2 2 2 2 2 2 2 2
left_child=1 3 6 5 -5 -1 12 11 -8 10 -4 -3 -2 -9 -11
right_child=2 7 9 4 -6 -7 8 13 -10 14 -12 -13 -14 -15 -16
leaf_value=-0.002497366824917171 0.00047470559708680693 0.00011116622738013612 0.0017618502253326077 4.116163380899761e-06 -0.00074875684394954756 -0.0019818738563432111 -0.00044806258321947423 0.00077507124391615063 0.00064972260826745565 -0.0056050619886394044 0.0058019183487845183 0.0017736125931221731 0.0040180167384442122 0.0026644442474093675 0.01174654911019859
leaf_weight=855 1162 6812 2541 12688 16957 694 2680 874 16291 42 8510 3396 1480 1907 4631
leaf_count=855 1162 6812 2541 12688 16957 694 2680 874 16291 42 8510 3396 1480 1907 4631
internal_value=0.000535452 -0.000568884 0.00184227 -0.00133135 -0.0010786 -0.0061685 0.00075487 0.00126222 0.000461494 0.00333694 0.0028192 0.000753331 0.00286147 0.00313017 0.00456131
internal_weight=81520 44183 37337 31194 29645 1549 21613 12989 18971 15724 11051 10208 2642 2781 4673
internal_count=81520 44183 37337 31194 29645 1549 21613 12989 18971 15724 11051 10208 2642 2781 4673
is_linear=0
shrinkage=0.05


Tree=41
num_leaves=16
num_cat=0
split_feature=22 2 11 12 12 6 4 9 21 8 16 19 21 5 0
split_gain=45.8535 20.4528 19.3941 18.2492 11.011 8.53642 7.76376 8.22477 7.70369 7.39207 3.82713 3.19277 3.0783 2.96558 1.4001
threshold=0.81637714676284501 0.15681335542566763 0.28140163767282411 149.55000000000004 4.9500000000000002 0.93769647993491489 -0.16280825711808977 0.49599887872926235 0.2546089027582365 1.0000000180025095e-35 757.70000000000016 25.056250000000006 0.75870891776124827 0.69676570133721638 354.71157955474035
decision_type=2 2 2 2 2 2 2 2 2 2 2 2 2 2 2
left_child=1 2 9 6 5 -3 7 -2 -6 -1 13 -4 -8 -5 -12
right_child=3 4 11 10 8 -7 12 -9 -10 -11 14 -13 -14 -15 -16
leaf_value=-0.00210705478264761 -0.00061055447528111928 -0.0015895002904047356 0.0010456184668742687 0.006139436674538778 -0.00036999348829734016 -0.0018836473073698288 -0.0015053795744965602 0.00089919727266860733 0.00025884722585158346 -0.0024743459685686478 -0.0053248088892074337 -0.0045017563589804513 0.0023773939158574283 0.002679674456581255 0.011398433676086735
leaf_weight=2004 4432 203 1845 7573 12883 141 322 4839 34638 1203 42 71 3392 3406 4284
leaf_count=2004 4432 203 1845 7573 12883 141 322 4839 34638 1203 42 71 3392 3406 4284
internal_value=0.000506164 -0.000361591 -0.00336424 0.0021315 -4.02171e-05 -0.00895349 0.000752792 -2.10331e-05 2.43052e-05 -0.00574213 0.00330121 0.000615867 0.00268444 0.0028049 0.0045608
internal_weight=81278 52988 5123 28290 47865 344 12985 9271 47521 3207 15305 1916 3714 10979 4326
internal_count=81278 52988 5123 28290 47865 344 12985 9271 47521 3207 15305 1916 3714 10979 4326
is_linear=0
shrinkage=0.05


Tree=42
num_leaves=16
num_cat=0
split_feature=11 12 22 15 5 3 3 5 7 22 3 5 9 18 20
split_gain=41.5755 19.4337 14.2631 8.5856 12.7279 8.01566 7.45966 6.96508 4.99521 4.2739 3.9868 3.05385 2.88743 1.64898 0.899786
threshold=0.49291209176998463 140.85000000000002 0.878997400948477 54.500000000000007 -0.98523971305672675 0.032701564615071628 0.72947329433276253 0.9916835347852474 0.62500000000000011 0.93223833136274059 -0.81241147629688981 0.79904096188274243 0.62687683846776554 18.687500000000004 3.4718750000000007
decision_type=2 2 2 2 2 2 2 2 2 2 2 2 2 2 2
left_child=1 3 8 4 -1 7 -5 -3 14 -7 12 -10 -4 -12 -2
right_child=2 5 10 6 -6 9 -8 -9 11 -11 13 -13 -14 -15 -16
leaf_value=-0.0023549746195190451 0.0054141433697180337 -8.9529387449075091e-05 -0.001428080823346875 -0.00041840439853953605 -0.00075685562659016275 0.0007456258071481532 0.00052662422992728886 -0.0024025705934881442 0.00096828918357662092 0.0075539078453595492 0.0081664154582549633 -0.00077524272250149764 0.0010111761160411098 0.0054986736734451841 0.002316401473926759
leaf_weight=672 2103 5514 543 12484 12636 9844 5886 312 12551 2195 3737 2688 2915 6501 701
leaf_count=672 2103 5514 543 12484 12636 9844 5886 312 12551 2195 3737 2688 2915 6501 701
internal_value=0.000556212 -0.000348889 0.00196903 -0.00109256 -0.00205966 0.000969773 -0.000391943 -0.000552695 0.00104556 0.00170654 0.0031856 0.000688694 0.00171776 0.00368138 0.00298502
internal_weight=81282 49543 31739 31678 13308 17865 18370 5826 18043 12039 13696 15239 3458 10238 2804
internal_count=81282 49543 31739 31678 13308 17865 18370 5826 18043 12039 13696 15239 3458 10238 2804
is_linear=0
shrinkage=0.05


Tree=43
num_leaves=16
num_cat=0
split_feature=22 17 13 19 17 13 6 4 22 21 16 5 5 5 20
split_gain=40.2774 17.8437 14.7959 12.1653 12.1199 9.01845 11.2776 8.40623 6.86943 8.41624 6.41034 5.70306 4.58913 2.81124 0.927846
threshold=0.86257055245193748 91.500000000000014 0.448721122025727 2.1562500000000004 66.500000000000014 0.017875073899448646 0.93769647993491489 -0.84874750804349175 0.2870468908445819 0.39328011397731505 697.55000000000007 0.9193901325473397 -0.69674959280705229 -0.99866806308218525 0.3206250000000001
decision_type=2 2 2 2 2 2 2 2 2 2 2 2 2 2 2
left_child=1 5 3 4 -2 6 -1 -7 9 -3 13 -10 -5 -4 -12
right_child=2 8 10 12 -6 7 -8 -9 11 -11 14 -13 -14 -15 -16
leaf_value=-0.00081259092696937785 0.00026734587150605813 -0.00051266940648738183 -0.0029589981499357331 -0.00077069087952528689 -0.0019550251137503897 0.00011429576245224261 -0.0019390023129710111 -0.00088204952324093657 0.00070592381876163337 -0.002139755657229942 -0.0026079416520762414 -0.00054707219222605182 0.0017959067133188657 0.0023588661703499558 0.0090373466205405512
leaf_weight=222 327 1780 172 1705 487 7293 161 15367 27162 57 57 5161 3738 11395 6081
leaf_count=222 327 1780 172 1705 487 7293 161 15367 27162 57 57 5161 3738 11395 6081
internal_value=0.000566439 -0.00015445 0.00228737 0.000197379 -0.00550369 -0.00122966 -0.00883812 -0.00110106 0.000570843 -0.00240337 0.00302598 0.000739876 0.00104997 0.00233293 0.00433203
internal_weight=81165 57203 23962 6257 814 23043 383 22660 34160 1837 17705 32323 5443 11567 6138
internal_count=81165 57203 23962 6257 814 23043 383 22660 34160 1837 17705 32323 5443 11567 6138
is_linear=0
shrinkage=0.05


Tree=44
num_leaves=16
num_cat=0
split_feature=16 11 12 22 9 10 9 7 17 9 5 22 3 15 20
split_gain=37.9265 20.6556 12.6208 7.87669 7.63787 5.97302 9.37058 5.37804 4.05528 8.90057 13.9176 4.41941 5.93713 2.40857 0.996278
threshold=636.90000000000009 0.45914056461772595 66.450000000000003 1.0805533552804751 1.0000000180025095e-35 8.8500000000000014 0.53213845993229458 0.62500000000000011 197.50000000000003 0.54317198169887881 0.75580964594513067 0.83292035615162685 -0.29012925520284066 377.50000000000006 3.1368750000000007
decision_type=2 2 2 2 2 2 2 2 2 2 2 2 2 2 2
left_child=1 2 3 -1 -4 6 -3 -7 11 10 -10 12 -2 -13 -11
right_child=8 5 4 -5 -6 7 -8 -9 9 14 -12 13 -14 -15 -16
leaf_value=-0.00071775366627982212 0.0084102852672742964 -0.0071809405514851659 0.00079650670546820067 0.001226137682668188 -0.00016267754893556642 0.003553001981160743 0.0024173975381283764 0.00088759525619474676 0.00049301024921123986 0.007484400939271019 -0.023895102135622154 0.00017484057707551877 -0.011182399558983862 0.0079634688034818189 -0.0018047660637030942
leaf_weight=17232 48 58 8649 1351 17431 4521 64 22892 67 248 41 485 43 8073 81
leaf_count=17232 48 58 8649 1351 17431 4521 64 22892 67 248 41 485 43 8073 81
internal_value=0.000590768 0.000207624 -0.000456418 -0.00145213 0.000253068 0.00128473 -0.0097541 0.00133386 0.00363526 -0.00106407 -0.0135185 0.0038727 -0.00708791 0.00398925 0.00302432
internal_weight=81284 72198 44663 18583 26080 27535 122 27413 9086 437 108 8649 91 8558 329
internal_count=81284 72198 44663 18583 26080 27535 122 27413 9086 437 108 8649 91 8558 329
is_linear=0
shrinkage=0.05


Tree=45
num_leaves=16
num_cat=0
split_feature=15 11 22 12 6 22 5 5 21 10 22 16 13 3 5
split_gain=36.5586 12.9107 12.4518 11.2741 9.72968 6.02364 5.99899 23.5676 5.33719 4.52587 4.28457 2.21202 2.07927 1.8547 1.79088
threshold=408.50000000000006 0.49291209176998463 0.91676932285090895 110.85000000000001 0.97461712852231652 0.99214247489978813 0.75580964594513067 0.76696112484652035 0.97906082590804389 306.00000000000006 0.55979860518181901 757.70000000000016 0.448721122025727 -0.72947329433276231 0.69676570133721638
decision_type=2 2 2 2 2 2 2 2 2 2 2 2 2 2 2
left_child=1 3 6 4 -1 8 10 -8 -3 -5 -2 14 -7 -13 -4
right_child=2 5 11 9 -6 12 7 -9 -10 -11 -12 13 -14 -15 -16
leaf_value=-0.00062985566863473712 -0.0019960360104060789 0.00067390627144825748 0.0080352339090785721 0.00027212004771665213 0.00079440619314581705 0.00062922653992876227 -0.021018190830612338 -3.2537228318634754e-05 -0.0023242517094636673 -0.0021655417659886306 0.0031859011235439295 -0.004053837006163386 0.0025793282618094878 0.0096985170360493096 0.003199138746161909
leaf_weight=23664 672 14236 2766 15105 3293 766 53 2844 477 61 9418 72 2205 4175 1668
leaf_count=23664 672 14236 2766 15105 3293 766 53 2844 477 61 9418 72 2205 4175 1668
internal_value=0.000582081 -5.54281e-05 0.0023417 -0.00053142 -0.00114497 0.00107838 0.00136175 -0.000643769 0.000663699 0.000559146 0.00193756 0.00380774 0.00313194 0.00462326 0.00302661
internal_weight=81475 59807 21668 42123 26957 17684 12987 2897 14713 15166 10090 8681 2971 4247 4434
internal_count=81475 59807 21668 42123 26957 17684 12987 2897 14713 15166 10090 8681 2971 4247 4434
is_linear=0
shrinkage=0.05


Tree=46
num_leaves=16
num_cat=0
split_feature=16 11 12 22 3 22 7 22 5 0 15 22 13 17 22
split_gain=36.2529 19.0826 12.7732 7.67458 7.32758 5.2559 6.01432 3.18842 9.42611 9.43131 3.13768 4.0137 2.51895 1.75805 1.24461
threshold=636.90000000000009 0.45914056461772595 67.65000000000002 1.0805533552804751 0.032701564615071628 0.86511951892301531 0.87500000000000011 0.91256779852044179 0.75580964594513067 598.76002013358823 377.50000000000006 0.99708070307500396 0.448721122025727 185.50000000000003 0.83617410800114989
decision_type=2 2 2 2 2 2 2 2 2 2 2 2 2 2 2
left_child=1 2 3 -1 -4 6 -3 8 14 -10 11 -9 -7 -12 -2
right_child=7 5 4 -5 -6 12 -8 10 9 -11 13 -13 -14 -15 -16
leaf_value=-0.00075374078984333497 -0.0045828511735760734 0.0030964204084764223 -0.00042043905485363578 0.0011091386986010823 0.00041407764762656685 0.0007110437370326611 0.00031063721924263896 -0.0029312724007831848 -0.00093268953614241464 -0.019987651826976701 0.0078078768826733373 0.0020879699637195979 0.0024378159072313364 0.0013849634579390282 0.0058351513532990144
leaf_weight=17549 83 3973 9475 1360 16412 2501 15073 153 113 42 7193 316 5924 441 730
leaf_count=17549 83 3973 9475 1360 16412 2501 15073 153 113 42 7193 316 5924 441 730
internal_value=0.000548821 0.000174838 -0.000461425 -0.00144931 0.000260169 0.00121237 0.000752389 0.00352828 0.000816116 -0.0104839 0.00385228 -0.000117271 0.00225223 0.00409615 0.00297048
internal_weight=81338 72267 44796 18909 25887 27471 19046 9071 968 155 8103 469 8425 7634 813
internal_count=81338 72267 44796 18909 25887 27471 19046 9071 968 155 8103 469 8425 7634 813
is_linear=0
shrinkage=0.05


Tree=47
num_leaves=14
num_cat=0
split_feature=16 11 12 8 21 7 22 22 3 17 5 15 5
split_gain=36.23 17.4246 9.98311 8.38753 6.5308 5.15925 6.56623 3.24416 7.40488 2.52063 7.87149 2.59488 1.25256
threshold=636.90000000000009 0.37809436374106387 63.150000000000006 1.0000000180025095e-35 0.29126962693461228 0.87500000000000011 0.72632186182927649 0.83292035615162685 0.29012925520284144 183.50000000000003 0.69676570133721638 377.50000000000006 0.99939377080793557
decision_type=2 2 2 2 2 2 2 2 2 2 2 2 2
left_child=1 2 4 -4 -1 12 -7 8 -2 11 -11 -9 -3
right_child=7 5 3 -5 -6 6 -8 9 -10 10 -12 -13 -14
leaf_value=-0.0010931927989671537 0.0068903802729347544 0.0023553301394098401 0.00076576502843318035 -0.00026332700333412513 -0.00030718610683083312 -0.0001175466981350289 0.0012328803147968221 0.00030789037620593398 -0.011908511028916871 0.0060999202369041482 -0.017263855081720344 0.0071310951458159249 -0.0008198993162148422
leaf_weight=6816 69 7332 8889 13713 9398 12032 14038 479 41 492 182 7883 68
leaf_count=6816 69 7332 8889 13713 9398 12032 14038 479 41 492 182 7883 68
internal_value=0.000569924 0.000194782 -0.000526072 0.000153084 -0.0014728 0.00103077 0.000700039 0.00353488 -0.005 0.00363878 0.00069733 0.00387587 0.00219595
internal_weight=81432 72286 38816 22602 16214 33470 26070 9146 110 9036 674 8362 7400
internal_count=81432 72286 38816 22602 16214 33470 26070 9146 110 9036 674 8362 7400
is_linear=0
shrinkage=0.05


Tree=48
num_leaves=15
num_cat=0
split_feature=16 11 12 6 22 7 7 3 16 21 22 17 3 13
split_gain=34.0103 16.1024 11.032 8.1039 5.06412 5.13808 4.90693 2.31661 1.711 2.25096 6.74336 1.72225 0.895942 0.537734
threshold=684.50000000000011 0.45914056461772595 140.85000000000002 0.97461712852231652 0.86257055245193748 0.37500000000000006 2.1250000000000004 -0.68322629814330804 757.70000000000016 0.98612669923180774 0.98923773796635583 197.50000000000003 -0.72947329433276231 0.36283148700803924
decision_type=2 2 2 2 2 2 2 2 2 2 2 2 2 2
left_child=1 2 3 -1 5 -3 -4 -6 9 11 -11 -2 -10 -14
right_child=8 4 6 -5 7 -7 -8 -9 12 10 -12 -13 13 -15
leaf_value=-0.00050333379908957805 0.0059107285094702686 0.0039892951598393036 -0.00026278968007977595 0.0007718273965012898 0.00063544652872199459 0.00039768160218390755 0.00082461823249675248 0.0038733387040928769 -0.0019124580802610258 -0.0033816457951440452 0.0045167312816968347 -0.0042328345481600065 0.0044301935048577613 0.0084718967322593326
leaf_weight=26903 1792 1999 4761 3356 4846 16922 10263 5000 75 266 599 149 169 4230
leaf_count=26903 1792 1999 4761 3356 4846 16922 10263 5000 75 266 599 149 169 4230
internal_value=0.000550842 0.00023025 -0.000357419 -0.000907333 0.00115532 0.000676761 0.000750133 0.00207495 0.00381181 0.00284391 0.000722544 0.00378928 0.00441886 0.00451125
internal_weight=81330 74050 45283 30259 28767 18921 15024 9846 7280 2806 865 1941 4474 4399
internal_count=81330 74050 45283 30259 28767 18921 15024 9846 7280 2806 865 1941 4474 4399
is_linear=0
shrinkage=0.05


Tree=49
num_leaves=16
num_cat=0
split_feature=16 11 6 5 6 3 22 22 17 3 12 12 21 2 18
split_gain=33.3001 15.8248 8.83569 17.4758 8.36439 5.0756 4.84551 3.63884 2.32675 6.01559 2.85839 1.74263 1.83462 1.11958 0.0783784
threshold=684.50000000000011 0.49291209176998463 0.99981043035926087 1.0000000180025095e-35 0.97461712852231652 -0.22695468355932411 1.0805533552804751 0.77871894710103329 185.50000000000003 0.2269546835593246 533.25000000000011 268.65000000000003 0.98612669923180774 0.50780424332885465 57.562500000000007
decision_type=2 2 2 2 2 2 2 2 2 2 2 2 2 2 2
left_child=1 2 4 -4 -1 6 -3 -7 11 14 -11 12 -2 -13 -10
right_child=8 5 3 -5 -6 7 -8 -9 9 10 -12 13 -14 -15 -16
leaf_value=-0.00022569596170594344 0.0047362313030877012 0.00032813944202669787 0.00018326641321292998 -0.0028734264068890174 0.0012496555365534444 0.0010400231861172414 0.0032044055000515995 0.0040021640743565625 0.0057797564203141971 -0.019626490573092532 -0.0044698535352182848 0.0033287949252903681 0.0010971505587083485 0.0079443237381380538 0.01153599681940653
leaf_weight=44470 530 14489 219 148 3120 5351 1334 4933 145 43 50 152 848 5480 40
leaf_count=44470 530 14489 219 148 3120 5351 1334 4933 145 43 50 152 848 5480 40
internal_value=0.00050595 0.000188621 -0.000350626 -0.00807902 -0.000291027 0.00117919 0.00061714 0.00204395 0.00373079 -0.000755395 -0.011129 0.0039087 0.00231495 0.00429865 0.00445946
internal_weight=81352 74064 47957 367 47590 26107 15823 10284 7288 278 93 7010 1378 5632 185
internal_count=81352 74064 47957 367 47590 26107 15823 10284 7288 278 93 7010 1378 5632 185
is_linear=0
shrinkage=0.05


Tree=50
num_leaves=16
num_cat=0
split_feature=16 11 16 5 8 7 22 12 18 21 17 0 17 17 20
split_gain=31.199 15.9013 9.24805 15.749 8.01036 4.63087 4.86651 2.08025 1.82133 4.3697 1.68157 1.50284 5.01357 1.07898 1.06377
threshold=689.20000000000016 0.49057695664981366 1.6500000000000001 1.0000000180025095e-35 1.0000000180025095e-35 0.62500000000000011 0.81637714676284501 268.65000000000003 16.812500000000004 0.98612669923180774 80.500000000000014 380.8431342789001 99.500000000000014 207.50000000000003 1.5818750000000004
decision_type=2 2 2 2 2 2 2 2 2 2 2 2 2 2 2
left_child=1 2 3 -1 -4 14 -7 8 10 -10 -2 12 -9 -13 -3
right_child=7 5 4 -5 -6 6 -8 11 9 -11 -12 13 -14 -15 -16
leaf_value=-0.00012500331092461897 -0.0044616523938202854 0.0037595241188880173 0.00060976237680407711 -0.00140622413528739 -0.00025474287442902357 0.00026469163708079432 0.0014914748079775011 0.0056880610906824619 0.0035778792751800848 -0.0018811059471783673 0.0050812618883461676 0.0075173511790500762 -0.0052779875452505735 -0.004838859251110942 0.0028941807269190281
leaf_weight=7563 87 1388 13005 3644 23270 12313 9979 101 306 268 679 5488 41 49 2889
leaf_count=7563 87 1388 13005 3644 23270 12313 9979 101 306 268 679 5488 41 49 2889
internal_value=0.000489084 0.000187101 -0.000360979 -0.0016164 2.68782e-05 0.00116659 0.000877445 0.00367503 0.00190299 -0.000226481 0.00349869 0.00409315 -0.000985915 0.00422341 0.0026736
internal_weight=81070 74051 47482 11207 36275 26569 22292 7019 1340 574 766 5679 142 5537 4277
internal_count=81070 74051 47482 11207 36275 26569 22292 7019 1340 574 766 5679 142 5537 4277
is_linear=0
shrinkage=0.05


Tree=51
num_leaves=16
num_cat=0
split_feature=16 11 3 17 13 10 9 3 12 18 21 17 0 15 21
split_gain=30.7654 14.6604 9.19671 9.11378 6.7687 4.793 9.1498 3.97129 2.18754 2.0413 3.35106 1.37903 1.34035 2.65638 1.18907
threshold=689.20000000000016 0.45914056461772595 -0.3520614488341251 21.500000000000004 0.36981498322312417 10.350000000000001 0.50669096962772453 -0.22695468355932411 268.65000000000003 4.9375000000000009 0.98612669923180774 76.500000000000014 371.73531947232772 466.50000000000006 0.95003132134324331
decision_type=2 2 2 2 2 2 2 2 2 2 2 2 2 2 2
left_child=1 2 3 -1 -4 6 -3 -7 9 11 -11 -2 13 -10 -14
right_child=8 5 4 -5 -6 7 -8 -9 12 10 -12 -13 14 -15 -16
leaf_value=-0.001597503503089497 -0.0065973387442085753 -0.0068558619278124532 -0.0003191822724420187 -0.00039306827894374804 0.00032930069579491548 0.00048220432820608451 -0.00042300292072796676 0.0020720699879670282 0.0072512525645159146 0.0033989853114210823 -0.00099417249829599733 0.0052950064302191239 0.0053317750188451368 -0.0050140881679880461 0.0071603019419743067
leaf_weight=2675 42 41 14336 9295 19033 17192 118 11657 65 378 431 510 596 44 5046
leaf_count=2675 42 41 14336 9295 19033 17192 118 11657 65 378 431 510 596 44 5046
internal_value=0.000501418 0.000200883 -0.000360727 -0.00154971 6.57798e-05 0.00107867 -0.00757862 0.00112638 0.00364314 0.00184056 0.000241038 0.00418478 0.00406973 -0.00142202 0.00417582
internal_weight=81459 74347 45339 11970 33369 29008 159 28849 7112 1361 809 552 5751 109 5642
internal_count=81459 74347 45339 11970 33369 29008 159 28849 7112 1361 809 552 5751 109 5642
is_linear=0
shrinkage=0.05


Tree=52
num_leaves=16
num_cat=0
split_feature=22 1 11 2 4 13 17 6 5 18 16 5 21 5 22
split_gain=29.7469 13.2687 12.2424 11.4317 8.11301 8.01388 5.60669 6.97944 6.42564 5.2186 4.77818 3.22996 2.96057 2.11315 0.86363
threshold=0.86257055245193748 64.870294458150809 0.27723706781314222 0.39564499835722428 -0.16280825711808977 0.52541011980594521 133.50000000000003 0.97461712852231652 -0.95244167294248061 99.937500000000014 757.70000000000016 0.69676570133721638 0.14736819709807156 -0.95754239937548935 0.91676932285090895
decision_type=2 2 2 2 2 2 2 2 2 2 2 2 2 2 2
left_child=1 2 9 4 5 -2 7 -3 -8 -1 11 -5 -4 -6 -12
right_child=3 6 12 10 13 -7 8 -9 -10 -11 14 -13 -14 -15 -16
leaf_value=-0.0017078148772111659 -0.00064830455625583712 -0.00027407433620365435 0.0046447481885832954 0.0048180399518018245 -0.00088208062283998969 0.0013580493624557066 0.0022916621866259381 0.00093309560638006432 0.00029772348101167229 -0.0026295220088285226 0.003041324708816026 0.0016176043313601695 -0.0014647598218862086 0.0019770221091808932 0.0069119489032512978
leaf_weight=1599 4051 25650 787 6182 121 3055 2749 2724 22462 691 185 3078 749 3138 4253
leaf_count=1599 4051 25650 787 6182 121 3055 2749 2724 22462 691 185 3078 749 3138 4253
internal_value=0.000517589 -0.000100939 -0.00294563 0.00199331 0.000740473 -0.000206867 0.000102174 -0.000379925 0.000644758 -0.00526201 0.00294131 0.00229482 0.000507813 0.00280608 0.00429022
internal_weight=81474 57411 3826 24063 10365 7106 53585 28374 25211 2290 13698 9260 1536 3259 4438
internal_count=81474 57411 3826 24063 10365 7106 53585 28374 25211 2290 13698 9260 1536 3259 4438
is_linear=0
shrinkage=0.05


Tree=53
num_leaves=14
num_cat=0
split_feature=16 11 8 11 10 7 21 17 4 10 13 18 2
split_gain=29.5847 12.7343 9.19816 18.3339 10.5162 4.88671 6.58745 3.01061 7.34774 2.891 2.49611 2.31681 1.2082
threshold=684.50000000000011 0.37809436374106387 1.0000000180025095e-35 0.017996634441933859 1.0500000000000003 2.1250000000000004 0.56756382091553237 194.50000000000003 -0.97335555334614932 139.05000000000004 0.73618828286826277 10.937500000000002 0.50780424332885465
decision_type=2 2 2 2 2 2 2 2 2 2 2 2 2
left_child=1 2 4 -4 -1 9 -7 10 -9 -3 11 -2 -12
right_child=7 5 3 -5 -6 6 -8 8 -10 -11 12 -13 -14
leaf_value=-8.3393919105648461e-05 0.0045521739993269585 0.0021699836182256542 -0.0029552297803915957 -0.0003736312068372907 0.0027055584974229807 -0.00075910633661498464 0.00076313089896668049 0.00614226557060122 -0.018260162958168975 0.00097019795453753127 0.0021697920511033696 0.00050338518523175937 0.0068105255601294858
leaf_weight=14450 919 5538 454 21084 3168 5475 13365 116 71 10447 196 1081 4925
leaf_count=14450 919 5538 454 21084 3168 5475 13365 116 71 10447 196 1081 4925
internal_value=0.000473557 0.000173761 -0.000444887 -0.00113799 0.00040243 0.000869347 0.000323779 0.00350848 -0.00275401 0.00151236 0.00367294 0.002175 0.00425796
internal_weight=81289 73981 39156 21538 17618 34825 18840 7308 187 15985 7121 2000 5121
internal_count=81289 73981 39156 21538 17618 34825 18840 7308 187 15985 7121 2000 5121
is_linear=0
shrinkage=0.05


Tree=54
num_leaves=16
num_cat=0
split_feature=16 21 19 12 22 22 4 16 20 21 22 18 13 18 22
split_gain=28.1657 11.6479 7.45818 6.91449 9.71953 5.84067 5.40444 3.95834 3.94048 2.44522 8.52695 2.53533 1.25309 1.93545 0.298727
threshold=636.90000000000009 0.5103384380108541 25.431250000000002 142.65000000000003 1.0805533552804751 0.45621943920528563 -0.93540483100319616 757.70000000000016 3.561875000000001 0.97753646129640492 0.99214247489978813 56.437500000000007 0.7541655036525089 10.937500000000002 0.91676932285090895
decision_type=2 2 2 2 2 2 2 2 2 2 2 2 2 2 2
left_child=1 2 6 4 -3 -4 -1 9 -5 11 -11 -2 13 -9 -14
right_child=7 3 5 8 -6 -7 -8 12 -10 10 -12 -13 14 -15 -16
leaf_value=0.00026023224353434948 0.0054599040255048298 -0.00014064325147707693 0.0028264316730231848 0.0020954039162447116 0.0017416875590096537 -0.0044168332710328518 -0.00045171333513875021 0.0058630749274441105 0.00026705661785157448 -0.0011496069252960601 0.0035512364323125531 0.00099906513443732427 0.0070444174871017902 -0.00026920064465528747 0.0066757240190791437
leaf_weight=8562 2211 20393 40 14064 2928 79 20771 540 5311 675 994 769 164 359 3353
leaf_count=8562 2211 20393 40 14064 2928 79 20771 540 5311 675 994 769 164 359 3353
internal_value=0.000519806 0.000189749 -0.000575173 0.000717398 0.00013743 -0.0130672 -0.000524494 0.00314672 0.00141548 0.00212841 0.000596166 0.00298658 0.00421875 0.00255284 0.00464458
internal_weight=81213 72148 29452 42696 23321 119 29333 9065 19375 4649 1669 2980 4416 899 3517
internal_count=81213 72148 29452 42696 23321 119 29333 9065 19375 4649 1669 2980 4416 899 3517
is_linear=0
shrinkage=0.05


Tree=55
num_leaves=16
num_cat=0
split_feature=16 12 22 21 19 6 16 20 18 13 21 22 17 20 21
split_gain=28.6183 10.3046 10.3016 7.68156 5.72988 5.68708 5.54944 5.12563 2.44687 2.58666 3.42036 2.16329 1.87102 2.76957 1.72774
threshold=684.50000000000011 140.85000000000002 1.0805533552804751 0.56756382091553237 17.668750000000006 0.97461712852231652 21.400000000000002 3.6881250000000008 10.937500000000002 0.71737646351107986 0.97753646129640492 1.0309857003039347 80.500000000000014 3.2668750000000006 0.94387790197969024
decision_type=2 2 2 2 2 2 2 2 2 2 2 2 2 2 2
left_child=1 2 5 4 -3 -1 -4 -5 12 10 -10 -11 13 -2 -14
right_child=8 3 6 7 -6 -7 -8 -9 9 11 -12 -13 14 -15 -16
leaf_value=-0.00032946449028543 0.0019237571982198979 0.00024966011554201304 -0.0034688577003950194 0.0023048674098982008 -0.0013228133691562715 0.00069831357303522723 0.001789442979323833 8.5526838265889585e-05 0.0028099817577149893 0.0055077244300254583 -0.00092956564004275765 -0.0038887661351213439 -0.0048831861302674291 -0.0071338316984992656 0.0058874662072303206
leaf_weight=37126 52 7722 126 14558 3295 3651 2836 4585 473 2564 568 51 77 40 3427
leaf_count=37126 52 7722 126 14558 3295 3651 2836 4585 473 2564 568 51 77 40 3427
internal_value=0.000506525 0.000212385 -0.000277898 0.000923409 -0.000128438 -0.000484709 0.00256921 0.00152876 0.00350386 0.002593 0.000485111 0.00343212 0.00442992 -0.0026087 0.00461473
internal_weight=81151 73899 43739 30160 11017 40777 2962 19143 7252 3656 1041 2615 3596 92 3504
internal_count=81151 73899 43739 30160 11017 40777 2962 19143 7252 3656 1041 2615 3596 92 3504
is_linear=0
shrinkage=0.05


Tree=56
num_leaves=16
num_cat=0
split_feature=16 11 1 21 8 22 5 0 22 3 1 18 19 20 16
split_gain=25.1228 9.80851 7.95695 9.92718 5.24138 3.8859 8.36691 9.55107 3.80073 4.86719 2.6924 2.06558 1.51373 1.40016 0.760513
threshold=636.90000000000009 0.49057695664981366 64.870294458150809 0.76134384827971913 1.0000000180025095e-35 0.91951189572853198 0.75580964594513067 602.04601419728726 1.0805533552804751 -0.22695468355932411 383.67251874929428 14.812500000000002 22.306250000000002 1.9906250000000003 62.150000000000013
decision_type=2 2 2 2 2 2 2 2 2 2 2 2 2 2 2
left_child=1 2 3 -1 -4 6 13 -8 9 -3 12 -12 -7 -2 -10
right_child=5 8 4 -5 -6 10 7 -9 14 -11 11 -13 -14 -15 -16
leaf_value=-0.0018098489857107912 0.007554540423458718 0.00015031916982785658 0.00032976830601667622 0.0004186691453981456 -0.00022639423225723164 0.00015203681233024691 -0.00095289173994500586 -0.019130142568104136 0.0018153537626090094 0.0018093428870607298 0.0056339111467571829 0.0042729912153912451 -0.00081190572378292978 0.0011450282223007767 0.0028098733500094126
leaf_weight=2995 331 13979 15059 1602 27408 428 136 40 156 9952 3866 3451 71 721 1226
leaf_count=2995 331 13979 15059 1602 27408 428 136 40 156 9952 3866 3451 71 721 1226
internal_value=0.000447735 0.000137268 -0.000289605 -0.00226561 -7.57057e-05 0.00293233 0.00031759 -0.00977273 0.000930945 0.000783712 0.00334314 0.00358549 -0.000210421 0.0020057 0.00348046
internal_weight=81421 72377 47064 4597 42467 9044 1228 176 25313 23931 7816 7317 499 1052 1382
internal_count=81421 72377 47064 4597 42467 9044 1228 176 25313 23931 7816 7317 499 1052 1382
is_linear=0
shrinkage=0.05


Tree=57
num_leaves=15
num_cat=0
split_feature=16 9 3 6 13 21 6 18 5 21 22 17 21 17
split_gain=25.0622 8.74272 7.61161 6.69248 4.54857 3.98599 8.55937 3.60543 3.13615 3.08486 7.10108 2.52208 1.92133 1.05393
threshold=684.50000000000011 0.52389775892219548 -0.3520614488341251 -0.99864786094873803 0.43456433492176261 0.57798077407604831 -0.89404254237865755 10.937500000000002 0.99939377080793557 0.98612669923180774 0.98923773796635583 194.50000000000003 0.94387790197969024 80.500000000000014
decision_type=2 2 2 2 2 2 2 2 2 2 2 2 2 2
left_child=1 2 3 -1 -4 6 -3 12 -7 11 -11 -9 -2 -14
right_child=7 5 4 -5 -6 8 -8 9 -10 10 -12 -13 13 -15
leaf_value=-0.0026039014842804582 -0.0052793416165755119 -0.0022201786728732044 -0.00019579127167155099 -0.00050240062496325038 0.00037390008637986152 0.0012272385887378764 0.00054850291575751092 0.0040578144098838299 -0.0013910746069304997 -0.0028644355082023901 0.005081894522790625 -0.0019506388802080184 -0.0034061877881600257 0.0053144210437140686
leaf_weight=208 77 1170 18373 13113 16766 19570 4570 2320 179 492 715 189 83 3418
leaf_count=208 77 1170 18373 13113 16766 19570 4570 2320 179 492 715 189 83 3418
internal_value=0.000442069 0.000166263 -0.000228023 -0.00124578 0.000157802 0.000915885 -0.000243902 0.00323828 0.00125297 0.00214747 7.04227e-05 0.00314667 0.00437116 0.00454299
internal_weight=81243 73949 48460 13321 35139 25489 5740 7294 19749 3716 1207 2509 3578 3501
internal_count=81243 73949 48460 13321 35139 25489 5740 7294 19749 3716 1207 2509 3578 3501
is_linear=0
shrinkage=0.05


Tree=58
num_leaves=16
num_cat=0
split_feature=16 12 22 6 22 5 16 18 5 21 22 17 1 21 22
split_gain=25.2963 8.05669 10.1311 5.45322 5.23877 5.58096 4.5181 4.1239 3.9301 3.40085 6.03798 2.48507 1.68861 1.98972 0.840418
threshold=636.90000000000009 140.85000000000002 1.0805533552804751 0.97461712852231652 0.79037747127593116 -0.96235977360714686 21.400000000000002 14.812500000000002 -0.99866806308218525 0.98612669923180774 0.98923773796635583 194.50000000000003 383.67251874929428 0.99376977840234615 0.95086663917336323
decision_type=2 2 2 2 2 2 2 2 2 2 2 2 2 2 2
left_child=1 2 3 -1 5 -3 -4 12 -6 11 -11 -9 13 -2 -14
right_child=7 4 6 -5 8 -7 -8 9 -10 10 -12 -13 14 -15 -16
leaf_value=-0.0003335002431621783 -0.0021265636016209294 0.0016110819877409957 -0.0031182506471486345 0.00064658051160626463 -0.0027624791359087608 8.381398554612733e-07 0.0016997640495170357 0.0036249562723590896 0.0028596006487937812 -0.0029205117916966173 0.0042630225168147351 -0.0010138858558901838 0.0039644577652518777 0.0013736710585813567 0.0052736553736282225
leaf_weight=37097 122 2151 128 3637 195 17850 2858 2986 8514 496 668 469 521 298 3525
leaf_count=37097 122 2151 128 3637 195 17850 2858 2986 8514 496 668 469 521 298 3525
internal_value=0.00039962 8.7671e-05 -0.000339661 -0.000545736 0.000738419 0.000292736 0.00247153 0.00288663 0.00176197 0.00183914 -0.000498282 0.00262663 0.00397 0.000952381 0.00428324
internal_weight=81515 72430 43720 40734 28710 20001 2986 9085 8709 4619 1164 3455 4466 420 4046
internal_count=81515 72430 43720 40734 28710 20001 2986 9085 8709 4619 1164 3455 4466 420 4046
is_linear=0
shrinkage=0.05


Tree=59
num_leaves=16
num_cat=0
split_feature=16 11 6 5 6 22 3 7 18 21 22 22 21 3 17
split_gain=25.9169 9.42512 6.29439 13.5943 7.93378 4.12334 4.79002 3.75335 3.04135 2.15243 3.72348 1.93502 0.76596 1.0491 0.686918
threshold=697.55000000000007 0.49057695664981366 0.99981043035926087 1.0000000180025095e-35 0.97461712852231652 0.86257055245193748 -0.8814490726585632 2.3750000000000004 14.812500000000002 0.98612669923180774 0.98923773796635583 0.92574000005323087 0.94387790197969024 0.29012925520284144 80.500000000000014
decision_type=2 2 2 2 2 2 2 2 2 2 2 2 2 2 2
left_child=1 2 4 -4 -1 7 -7 -3 12 11 -11 -10 13 -2 -14
right_child=8 5 3 -5 -6 6 -8 -9 9 10 -12 -13 14 -15 -16
leaf_value=-0.00016453578416273024 0.0081060422103334945 0.0013537991955821851 0.00040082763007502631 -0.0025387254358045096 0.0011556338084113766 6.063746843291266e-05 0.0028023060246084365 -0.00022959504620107403 0.00024398975863369559 -0.0014702500841700019 0.0044432441284718658 0.0046607641214624768 2.8723687355014516e-05 -0.0078250840208682667 0.0049089371996609175
leaf_weight=44047 43 8262 215 150 3135 3031 6743 8649 429 415 573 1460 94 40 3703
leaf_count=44047 43 8262 215 150 3135 3031 6743 8649 429 415 573 1460 94 40 3703
internal_value=0.000451852 0.000181997 -0.000240078 -0.00678082 -0.000189479 0.000934046 0.00175159 0.000461534 0.00341646 0.00218457 0.000293522 0.00317364 0.0043299 -0.000421687 0.00443376
internal_weight=80989 74232 47547 365 47182 26685 9774 16911 6757 2877 988 1889 3880 83 3797
internal_count=80989 74232 47547 365 47182 26685 9774 16911 6757 2877 988 1889 3880 83 3797
is_linear=0
shrinkage=0.05


Tree=60
num_leaves=15
num_cat=0
split_feature=16 12 22 6 22 5 16 5 18 13 21 0 17 16
split_gain=25.2143 8.64596 10.3589 6.4035 5.48104 5.01178 4.70335 3.63126 3.03958 2.33117 2.96618 2.07192 1.34775 0.0659413
threshold=684.50000000000011 140.85000000000002 1.0805533552804751 0.99981043035926087 0.81457238162785284 -0.94139628442229062 21.400000000000002 -0.99866806308218525 1.5625000000000002 0.73618828286826277 0.97753646129640492 380.8431342789001 77.500000000000014 697.55000000000007
decision_type=2 2 2 2 2 2 2 2 2 2 2 2 2 2
left_child=1 2 3 -1 5 -3 -4 -6 12 10 -10 -11 -2 -14
right_child=8 4 6 -5 7 -7 -8 -9 9 11 -12 -13 13 -15
leaf_value=-0.00021073538519498499 -0.0053659610250321966 0.0013660149274529023 -0.0030454138945523162 -0.0012873095048458337 -0.0030032192071880112 2.5374374654124915e-05 0.0018824408630620246 0.0029295460311600892 0.0027329185304559027 -0.0043442395290028786 -0.00071733517328638669 0.0047381987656187454 0.0034368003490906798 0.0048258133002483054
leaf_weight=40493 46 2909 126 357 190 18418 2830 8632 597 133 866 3483 59 2097
leaf_count=40493 46 2909 126 357 190 18418 2830 8632 597 133 866 3483 59 2097
internal_value=0.000413979 0.000137584 -0.000310916 -0.000517748 0.000789247 0.000355653 0.00254736 0.00183745 0.0032214 0.00254873 0.000864662 0.00323009 0.00477293 0.00495362
internal_weight=81236 73955 43806 40850 30149 21327 2956 8822 7281 5079 1463 3616 2202 2156
internal_count=81236 73955 43806 40850 30149 21327 2956 8822 7281 5079 1463 3616 2202 2156
is_linear=0
shrinkage=0.05


Tree=61
num_leaves=15
num_cat=0
split_feature=16 11 6 5 6 7 22 18 12 21 17 20 21 0
split_gain=25.2896 8.97808 5.86802 11.4645 7.21554 4.40819 3.79083 2.66675 2.32022 2.05736 1.45871 1.28625 1.10203 3.55271e-15
threshold=697.55000000000007 0.49057695664981366 0.99981043035926087 1.0000000180025095e-35 0.97461712852231652 0.87500000000000011 0.86257055245193748 1.5625000000000002 458.55000000000001 0.97753646129640492 77.500000000000014 1.4443750000000002 0.92543480890136687 656.93936174024941
decision_type=2 2 2 2 2 2 2 2 2 2 2 2 2 2
left_child=1 2 4 -4 -1 11 -7 10 9 -9 -2 -3 -10 -12
right_child=7 5 3 -5 -6 6 -8 8 12 -11 13 -13 -14 -15
leaf_value=-0.00015742284129038333 -0.0058598993730599918 0.0029793250050250786 0.00023799303602973604 -0.002290348410888589 0.0011060106909746964 6.9516128243937283e-05 0.0010730845953712182 0.0032178018969747785 -0.00059821721164881605 0.00023250401579130782 0.0044555831532861918 0.0020483910770483431 0.0052314433452497816 0.0073804552528334288
leaf_weight=44198 43 1660 211 152 3135 13465 7647 807 120 1553 1877 4026 2144 238
leaf_count=44198 43 1660 211 152 3135 13465 7647 807 120 1553 1877 4026 2144 238
internal_value=0.000440229 0.000174108 -0.000237336 -0.00657025 -0.000188769 0.000906411 0.000573608 0.00336331 0.00268599 0.00158898 0.00481464 0.0021421 0.00382951 0.005
internal_weight=81276 74494 47696 363 47333 26798 21112 6782 4624 2360 2158 5686 2264 2115
internal_count=81276 74494 47696 363 47333 26798 21112 6782 4624 2360 2158 5686 2264 2115
is_linear=0
shrinkage=0.05


Tree=62
num_leaves=15
num_cat=0
split_feature=16 12 22 21 19 6 20 16 18 13 16 22 17 21
split_gain=23.4677 7.32876 8.07781 5.72055 5.60342 5.14852 4.2503 4.19255 3.82503 2.79583 4.07807 3.97057 1.53699 1.2092
threshold=684.50000000000011 140.85000000000002 1.0805533552804751 0.5990034477310654 9.6562500000000018 0.97461712852231652 3.7456250000000009 21.400000000000002 10.937500000000002 0.7541655036525089 766.60000000000014 1.0309857003039347 76.500000000000014 0.94387790197969024
decision_type=2 2 2 2 2 2 2 2 2 2 2 2 2 2
left_child=1 2 5 4 -3 -1 -5 -4 12 10 -10 -11 -2 -14
right_child=8 3 7 6 -6 -7 -8 -9 9 11 -12 -13 13 -15
leaf_value=-0.00028158470062006954 -0.0060750621553693597 0.00092784517911324047 -0.002725516127119073 0.0020025540732773357 -0.00031118933309116594 0.00066472066783726991 -0.00018992248776664834 0.0014162417737995569 0.001027896991567964 0.0044745601306884928 -0.0016566806730443631 -0.0056333479370842265 -0.0049349884339799886 0.004198096214902536
leaf_weight=37196 46 1865 130 14121 10199 3630 3940 2863 923 2461 269 50 71 3443
leaf_count=37196 46 1865 130 14121 10199 3630 3940 2863 923 2461 269 50 71 3443
internal_value=0.00041542 0.000149032 -0.000263698 0.000749378 -9.36669e-05 -0.000447509 0.0013125 0.00224357 0.0031275 0.00200243 8.38945e-06 0.00294902 0.00429775 0.00441662
internal_weight=81207 73944 43819 30125 12064 40826 18061 2993 7263 3703 1192 2511 3560 3514
internal_count=81207 73944 43819 30125 12064 40826 18061 2993 7263 3703 1192 2511 3560 3514
is_linear=0
shrinkage=0.05


Tree=63
num_leaves=16
num_cat=0
split_feature=16 11 1 22 8 22 7 13 18 16 3 6 3 21 17
split_gain=22.4714 7.78285 6.36083 7.55774 6.37661 4.14301 3.51936 3.30909 3.98041 4.21548 3.27092 1.74883 2.69775 1.71827 0.998395
threshold=718.55000000000007 0.49291209176998463 64.870294458150809 0.85534932525842533 1.0000000180025095e-35 0.878997400948477 0.87500000000000011 0.7541655036525089 7.9375000000000009 842.6500000000002 -0.8814490726585632 0.48126256173783166 1.0000000180025095e-35 0.93003015483094009 84.500000000000014
decision_type=2 2 2 2 2 2 2 2 2 2 2 2 2 2 2
left_child=1 2 3 -1 -4 6 -3 8 14 -10 -7 13 -13 -9 -2
right_child=7 5 4 -5 -6 10 -8 11 9 -11 -12 12 -14 -15 -16
leaf_value=-0.0016274228114374839 -0.00091294734592689553 0.0024281879281736851 0.00038714977981764518 0.00046491419943333196 -0.00019018864840288357 0.00010794912210767561 7.3661564559104013e-05 -0.0010186622326544049 -2.322500734367563e-05 -0.0032022460993312036 0.0024788046319981086 -0.0053516805402300145 0.0077980271992332045 0.0044239969138974936 0.003216710564907516
leaf_weight=3048 81 3684 15616 1528 27988 2759 14270 50 804 50 6329 40 49 4283 673
leaf_count=3048 81 3684 15616 1528 27988 2759 14270 50 804 50 6329 40 49 4283 673
internal_value=0.000429651 0.000194225 -0.000186799 -0.00196023 -6.87824e-07 0.000873086 0.000432773 0.0033665 0.00142413 -0.000913349 0.00174296 0.00407282 -0.00286517 0.00421532 0.00407162
internal_weight=81252 75222 48180 4576 43604 27042 17954 6030 1608 854 9088 4422 89 4333 754
internal_count=81252 75222 48180 4576 43604 27042 17954 6030 1608 854 9088 4422 89 4333 754
is_linear=0
shrinkage=0.05


Tree=64
num_leaves=15
num_cat=0
split_feature=16 17 22 5 2 13 6 21 18 5 22 17 6 16
split_gain=22.372 6.7694 8.07533 5.58369 9.52138 5.4357 4.924 4.64001 3.4372 2.51428 3.32964 1.43078 0.963975 0.0634962
threshold=684.50000000000011 134.50000000000003 1.0094957306721377 0.9193901325473397 0.6495955484553505 0.50450017557654248 0.99981043035926087 0.2473852111211377 1.5625000000000002 -0.35846811432664222 0.99214247489978813 77.500000000000014 1.0000000180025095e-35 697.55000000000007
decision_type=2 2 2 2 2 2 2 2 2 2 2 2 2 2
left_child=1 2 6 7 -5 -4 -1 -3 11 12 -11 -2 -10 -13
right_child=8 3 5 4 -6 -7 -8 -9 9 10 -12 13 -14 -15
leaf_value=-0.00019980015268745478 -0.0057256616803045505 -0.0015821653173643088 -2.0305449524312318e-05 0.00082183802921976926 -0.0018800113766402713 0.0028090930970186296 -0.0011266297008478499 0.0010327058491208046 0.0038614148378207872 0.00037825216965221099 0.0034822825259949401 0.0023934027150825064 -0.0012073971993340838 0.0039133534396520037
leaf_weight=38654 43 453 2272 3048 1974 2799 347 24353 1555 2186 1282 58 52 2116
leaf_count=38654 43 453 2272 3048 1974 2799 347 24353 1555 2186 1282 58 52 2116
internal_value=0.000444748 0.000184033 -0.000209657 0.000765724 -0.000754679 0.00166732 -0.000453706 0.00107353 0.00308694 0.00236946 0.00161188 0.00472936 0.00400436 0.004908
internal_weight=81192 73900 44072 29828 5022 5071 39001 24806 7292 5075 3468 2217 1607 2174
internal_count=81192 73900 44072 29828 5022 5071 39001 24806 7292 5075 3468 2217 1607 2174
is_linear=0
shrinkage=0.05


Tree=65
num_leaves=16
num_cat=0
split_feature=16 12 22 22 5 6 19 13 18 11 19 6 3 21 17
split_gain=21.8737 6.1627 6.46845 5.94928 4.54657 4.36492 3.60697 3.44816 3.6309 3.47055 3.00601 2.11084 3.00872 2.12358 1.28126
threshold=718.55000000000007 142.65000000000003 0.81457238162785284 1.1514808641025693 -0.96235977360714686 0.97461712852231652 0.84375000000000011 0.7541655036525089 7.9375000000000009 0.73929176020299814 17.243750000000006 0.48126256173783166 1.0000000180025095e-35 0.94740775439615788 77.500000000000014
decision_type=2 2 2 2 2 2 2 2 2 2 2 2 2 2 2
left_child=1 3 4 5 -3 -1 -5 8 14 -10 -4 13 -13 -9 -2
right_child=7 2 10 6 -6 -7 -8 11 9 -11 -12 12 -14 -15 -16
leaf_value=-0.00022911176357339556 -0.0054393785962893243 0.0014240860128133317 0.00072401298539246631 -0.0012785088229747264 -8.5526114786524589e-06 0.00063892746246706808 0.0039288420447296862 -0.00078267657137636555 -0.0013179310070121975 0.004092274691828178 0.0034077113854224629 -0.0052582106395182571 0.0072340117129717999 0.0040365527703190183 0.0029793805999999662
leaf_weight=38425 41 2207 3744 239 18860 3763 1616 210 521 362 6280 40 46 4111 740
leaf_count=38425 41 2207 3744 239 18860 3763 1616 210 521 362 6280 40 46 4111 740
internal_value=0.000416539 0.000183273 0.000722235 -0.000197193 0.000224759 -0.000319048 0.00257412 0.00330341 0.00136418 -0.000832389 0.00176776 0.00403563 -0.00372093 0.00419 0.00384763
internal_weight=81205 75134 31091 44043 21067 42188 1855 6071 1664 883 10024 4407 86 4321 781
internal_count=81205 75134 31091 44043 21067 42188 1855 6071 1664 883 10024 4407 86 4321 781
is_linear=0
shrinkage=0.05


Tree=66
num_leaves=16
num_cat=0
split_feature=16 22 6 2 11 18 19 3 13 18 21 6 20 21 17
split_gain=21.0314 6.24004 10.2624 6.73671 7.53426 6.65861 4.91464 3.15724 2.94704 2.81792 3.00595 2.43514 3.97431 1.45023 1.12577
threshold=718.55000000000007 0.72632186182927649 -0.64580103137750788 0.15681335542566763 0.28140163767282411 99.062500000000014 13.943750000000003 -0.22695468355932411 0.7541655036525089 7.9375000000000009 0.97753646129640492 0.48126256173783166 1.4081250000000003 0.94740775439615788 84.500000000000014
decision_type=2 2 2 2 2 2 2 2 2 2 2 2 2 2 2
left_child=1 3 7 4 -1 -4 -5 -3 9 14 -11 13 -13 -10 -2
right_child=8 2 5 6 -6 -7 -8 -9 11 10 -12 12 -14 -15 -16
leaf_value=-0.0014264518678887034 -0.0016717574727341895 0.00072720943660987134 -0.00015680019592670622 0.00019546327372387489 0.00086101011243501285 0.0022725642410088239 -0.00039321104285725683 0.0032254688283270905 0.0011124664602097378 0.0032176894186262458 -0.0012784214153953631 -0.0049953001075423442 0.0086633010463564846 0.0038347251318030687 0.0030409394523383871
leaf_weight=2982 77 6021 17721 23344 1693 1819 15759 6039 213 299 557 41 53 4085 708
leaf_count=2982 77 6021 17721 23344 1693 1819 15759 6039 213 299 557 41 53 4085 708
internal_value=0.000402341 0.000174985 0.000710443 -0.000211522 -0.00200535 2.55904e-06 2.94114e-06 0.00185738 0.003243 0.0014351 -0.000549065 0.00391849 -0.00404255 0.0040926 0.00359873
internal_weight=81411 75378 31600 43778 4675 19540 39103 12060 6033 1641 856 4392 94 4298 785
internal_count=81411 75378 31600 43778 4675 19540 39103 12060 6033 1641 856 4392 94 4298 785
is_linear=0
shrinkage=0.05


Tree=67
num_leaves=16
num_cat=0
split_feature=16 9 3 6 12 5 19 13 18 4 9 1 21 20 6
split_gain=21.8971 6.27563 5.18539 5.65369 4.31372 3.31211 5.15714 3.16865 2.8569 2.818 2.4528 1.60682 1.23694 4.52533 0.917291
threshold=718.55000000000007 0.62249554882484703 -0.29012925520284066 -0.99864786094873803 6.7500000000000009 -0.99866806308218525 14.781250000000002 0.78450705776158003 10.937500000000002 -0.4124860612920454 0.7872370226426656 519.32383402025414 0.94740775439615788 3.4581250000000008 0.48126256173783166
decision_type=2 2 2 2 2 2 2 2 2 2 2 2 2 2 2
left_child=1 2 3 -1 -4 6 -3 8 11 -7 -10 -2 13 -9 -14
right_child=7 5 4 -5 -6 9 -8 12 10 -11 -12 -13 14 -15 -16
leaf_value=-0.0022564069706032916 0.00037769168043966304 -0.002088054588407909 -0.0013650406166822694 -0.00036718880792352697 0.00016366329584953685 0.0014306315235110103 -0.0043274249605259251 0.0052402790648694575 -0.00081355402978908068 3.8929568427365107e-05 0.0049796977025380598 0.0035019919751403078 0.0038304374010675333 -0.0088344437217508631 -0.00027274351389511845
leaf_weight=249 384 120 1200 18384 38103 12337 42 165 704 4733 180 642 3879 51 85
leaf_count=249 384 120 1200 18384 38103 12337 42 165 704 4733 180 642 3879 51 85
internal_value=0.000400453 0.000166826 -8.2332e-05 -0.000769334 0.000243366 0.00100453 -0.00611111 0.00328407 0.00159686 0.00107206 -0.000486425 0.00339181 0.00405502 0.000370371 0.0042558
internal_weight=81258 75168 57936 18633 39303 17232 162 6090 1910 17070 884 1026 4180 216 3964
internal_count=81258 75168 57936 18633 39303 17232 162 6090 1910 17070 884 1026 4180 216 3964
is_linear=0
shrinkage=0.05


Tree=68
num_leaves=16
num_cat=0
split_feature=16 12 22 6 18 20 6 16 13 18 21 21 20 6 1
split_gain=20.9586 6.33375 6.19546 4.42626 4.39595 5.48655 4.26115 3.42798 2.75597 2.29158 2.48636 1.89801 4.75535 1.40984 1.21787
threshold=718.55000000000007 146.25000000000003 1.0805533552804751 0.97461712852231652 92.937500000000014 3.561875000000001 0.3484035575467645 14.050000000000002 0.7541655036525089 7.9375000000000009 0.97753646129640492 0.94740775439615788 3.4581250000000008 0.48126256173783166 515.30576638867876
decision_type=2 2 2 2 2 2 2 2 2 2 2 2 2 2 2
left_child=1 2 3 -1 5 -3 -6 -4 9 14 -11 12 -10 -13 -2
right_child=8 4 7 -5 6 -7 -8 -9 11 10 -12 13 -14 -15 -16
leaf_value=-0.00025575090103755057 0.00039137447989704425 0.0017947523210209864 -0.002795253419881179 0.00065165844927945723 -0.00012945907352156452 -0.00021743621621180925 0.001528930848874269 0.0011323345094261458 0.0041780715930102427 0.0031504452688900144 -0.0012450378633490733 0.0034514651264933118 -0.0085877814726630555 -0.0011208703992946574 0.0038974418683246598
leaf_weight=38191 294 12661 79 3637 11960 4568 1270 2924 159 292 568 4089 49 81 483
leaf_count=38191 294 12661 79 3637 11960 4568 1270 2924 159 292 568 4089 49 81 483
internal_value=0.000397577 0.000170674 -0.000207334 -0.000364827 0.000727043 0.00125341 4.15724e-05 0.00198635 0.00323774 0.00148748 -0.000290697 0.00389219 -0.000769231 0.0041247 0.0034556
internal_weight=81305 75290 44831 41828 30459 17229 13230 3003 6015 1637 860 4378 208 4170 777
internal_count=81305 75290 44831 41828 30459 17229 13230 3003 6015 1637 860 4378 208 4170 777
is_linear=0
shrinkage=0.05


Tree=69
num_leaves=15
num_cat=0
split_feature=16 6 5 15 17 6 5 13 16 18 11 20 1 21
split_gain=21.7022 6.09412 10.725 10.6047 5.0558 7.1392 5.40157 2.9324 2.34105 2.33659 2.92446 1.6741 0.953765 0.660445
threshold=718.55000000000007 0.99981043035926087 1.0000000180025095e-35 37.500000000000007 135.50000000000003 0.97461712852231652 -0.95244167294248061 0.7541655036525089 17.550000000000004 7.9375000000000009 0.74742002255459139 0.34625000000000011 515.30576638867876 0.94740775439615788
decision_type=2 2 2 2 2 2 2 2 2 2 2 2 2 2
left_child=1 4 8 -4 5 -1 -6 9 -3 12 -11 -9 -2 -13
right_child=7 2 3 -5 6 -7 -8 11 -10 10 -12 13 -14 -15
leaf_value=-0.00014076920105207948 0.00056596045394054001 0.0013337656412960475 -0.0027131303585188199 0.00072903819266195041 0.0023730149254962783 0.0010811591503842497 0.00040091311844185336 -0.0046758544065057363 -0.00062584588074197792 -0.0012034973474119206 0.0042090497742012737 0.0031149609486705605 0.0036231788777393264 0.0032734476899163034
leaf_weight=41028 296 141 107 41 3181 3559 27142 49 69 536 339 203 478 4137
leaf_count=41028 296 141 107 41 3181 3559 27142 49 69 536 339 203 478 4137
internal_value=0.000426537 0.000195169 -0.00631285 -0.0166216 0.000226272 -0.000112477 0.000724368 0.0033107 0.000952381 0.00151304 -0.000257143 0.0039861 0.00351421 0.00408986
internal_weight=81306 75268 358 148 74910 44587 30323 6038 210 1649 875 4389 774 4340
internal_count=81306 75268 358 148 74910 44587 30323 6038 210 1649 875 4389 774 4340
is_linear=0
shrinkage=0.05


Tree=70
num_leaves=16
num_cat=0
split_feature=16 11 6 5 6 5 19 5 18 12 20 21 17 15 21
split_gain=21.4494 6.2071 5.26473 9.3534 4.36501 3.76078 4.54665 3.44261 2.40372 3.48293 2.95536 1.48835 1.09402 2.48984 0.918916
threshold=718.55000000000007 0.49291209176998463 0.99981043035926087 1.0000000180025095e-35 0.97461712852231652 0.75580964594513067 21.881250000000005 -0.99275805973510278 19.937500000000004 360.4500000000001 0.86937500000000012 0.93003015483094009 84.500000000000014 413.50000000000006 0.94387790197969024
decision_type=2 2 2 2 2 2 2 2 2 2 2 2 2 2 2
left_child=1 2 4 -4 -1 7 -7 -3 12 10 -10 -11 13 -2 -14
right_child=8 5 3 -5 -6 6 -8 -9 9 11 -12 -13 14 -15 -16
leaf_value=-0.00011475457606371788 0.0032004226032223584 -0.001063382766203294 0.00024087345470610009 -0.0020598801444054555 0.00087237796893440203 8.4465547326836575e-05 -0.0039149233113506829 0.0010868936051972417 -0.0045442722265435923 -0.0032411132864609165 -0.00039821911666265995 0.0031402794779472466 -0.0049423644380843686 -0.0026097851638146848 0.0030239336343544842
leaf_weight=44749 75 881 219 149 3111 5590 453 20132 41 47 496 1383 81 48 3853
leaf_count=44749 75 881 219 149 3111 5590 453 20132 41 47 496 1383 81 48 3853
internal_value=0.000386063 0.000156342 -0.000183711 -0.0061413 -0.000137902 0.000762493 -0.000336753 0.00107862 0.00325697 0.00182257 -0.0016108 0.00311189 0.00395243 -0.000691057 0.00409761
internal_weight=81308 75284 48228 368 47860 27056 6043 21013 6024 1967 537 1430 4057 123 3934
internal_count=81308 75284 48228 368 47860 27056 6043 21013 6024 1967 537 1430 4057 123 3934
is_linear=0
shrinkage=0.05


Tree=71
num_leaves=16
num_cat=0
split_feature=16 11 1 17 8 10 9 7 12 18 21 22 20 5 16
split_gain=19.6226 5.04323 4.45884 5.64895 4.90578 4.35852 6.55749 3.65721 3.45354 2.37008 3.06588 2.19119 2.06604 1.3686 0.816442
threshold=697.55000000000007 0.47379425364570832 64.870294458150809 21.500000000000004 1.0000000180025095e-35 10.350000000000001 0.50669096962772453 1.0000000180025095e-35 356.55000000000001 29.062500000000004 1.0045728249868822 0.92574000005323087 3.3706250000000009 0.41398981800788198 794.90000000000009
decision_type=2 2 2 2 2 2 2 2 2 2 2 2 2 2 2
left_child=1 2 3 -1 -4 6 -3 -7 9 13 -11 12 -10 -2 -13
right_child=8 5 4 -5 -6 7 -8 -9 11 10 -12 14 -14 -15 -16
leaf_value=-0.0015215693770812971 0.0021458948818981749 -0.0065026822912317905 0.00034535757059314773 2.6994177677633856e-05 -0.0001832761939954123 0.0030828703830899822 -0.0005408184185822949 0.00045563795413912898 0.0036101536326750673 0.00013156838041146203 -0.0032580651762554344 0.0029685734930312777 -0.002865627615256874 0.00054268940990532968 0.0033595250028755023
leaf_weight=2535 680 40 15464 1922 26607 1545 131 26358 356 446 85 1682 125 989 2463
leaf_count=2535 680 40 15464 1922 26607 1545 131 26358 356 446 85 1682 125 989 2463
internal_value=0.000383038 0.000148254 -0.00017108 -0.00167489 -1.17656e-05 0.000677495 -0.0072807 0.000726266 0.00294902 0.00131818 -0.00159134 0.0037246 0.000530146 0.00224386 0.0040953
internal_weight=81428 74602 46528 4457 42071 28074 171 27903 6826 2200 531 4626 481 1669 4145
internal_count=81428 74602 46528 4457 42071 28074 171 27903 6826 2200 531 4626 481 1669 4145
is_linear=0
shrinkage=0.05


Tree=72
num_leaves=16
num_cat=0
split_feature=16 22 6 6 16 12 1 13 3 11 9 6 2 20 22
split_gain=18.7499 5.93586 11.4103 10.0078 7.30181 7.21177 5.36188 3.30709 2.68322 2.29886 4.96356 1.42755 1.27177 2.94285 0.815072
threshold=718.55000000000007 0.59184232273624404 -0.64580103137750788 0.11478523713130605 1.0000000180025095e-35 458.55000000000001 64.870294458150809 0.78450705776158003 -0.22695468355932411 0.82157523751099237 0.60422544701570324 -0.99628250747696534 0.54351136375314157 1.5256250000000005 0.98448316466045982
decision_type=2 2 2 2 2 2 2 2 2 2 2 2 2 2 2
left_child=1 3 8 4 -1 -4 -5 9 -3 10 -2 -11 13 -9 -14
right_child=7 2 5 6 -6 -7 -8 12 -10 11 -12 -13 14 -15 -16
leaf_value=-0.0013071601719154091 0.0018202194557181779 0.00068444961953298021 2.5644468793752163e-05 -0.00095790910389514049 -0.00041432074369637323 -0.0058397245750938824 0.00028177705650916598 -0.0041717207914757776 0.0027271898291537284 -0.0013663154146790646 -0.0012636446347062736 0.0031098390148871866 0.0027946754661212383 0.0021994037753310211 0.0036307513281331827
leaf_weight=2096 765 8388 25557 2128 12148 901 16168 59 8051 47 503 582 2000 139 1922
leaf_count=2096 765 8388 25557 2128 12148 901 16168 59 8051 47 503 582 2000 139 1922
internal_value=0.000377759 0.000163514 0.000549806 -0.000345728 -0.00133951 -9.29774e-05 0.000427963 0.00306382 0.00158434 0.00133632 0.00011041 0.00380763 0.00385922 -5.05049e-05 0.0040566
internal_weight=81454 75437 42897 32540 14244 26458 18296 6017 16439 1897 1268 629 4120 198 3922
internal_count=81454 75437 42897 32540 14244 26458 18296 6017 16439 1897 1268 629 4120 198 3922
is_linear=0
shrinkage=0.05


Tree=73
num_leaves=16
num_cat=0
split_feature=16 6 5 15 22 12 13 16 11 9 6 19 21 20 15
split_gain=19.1181 5.3076 8.68356 9.56334 5.04709 6.00643 3.54919 2.87323 1.89534 3.889 1.80961 1.26074 1.0913 3.44139 0.791076
threshold=718.55000000000007 0.99981043035926087 1.0000000180025095e-35 37.500000000000007 1.1514808641025693 140.85000000000002 0.80201572222245476 17.550000000000004 0.82561808577086626 0.60422544701570324 -0.99628250747696534 0.84375000000000011 0.94740775439615788 3.4581250000000008 530.50000000000011
decision_type=2 2 2 2 2 2 2 2 2 2 2 2 2 2 2
left_child=1 4 7 -4 5 -1 8 -3 9 -2 -10 -6 13 -8 -14
right_child=6 2 3 -5 11 -7 12 -9 10 -11 -12 -13 14 -15 -16
leaf_value=-0.00014032909618334847 0.0017532552152396464 0.0012342795077136357 -0.0022850013605858937 0.00076422354256367874 -0.0010238248878848973 0.00046690002052585306 0.0041096723223660375 -0.00063795399079530086 -0.0012979996439451136 -0.00093620273180839851 0.0027439922470457808 0.0036389177842789211 0.0008755641568480633 -0.0082412849364722051 0.0031479403092387484
leaf_weight=41736 841 149 116 45 240 31214 158 72 54 588 622 1609 231 50 3493
leaf_count=41736 841 149 116 45 240 31214 158 72 54 588 622 1609 231 50 3493
internal_value=0.000363097 0.000145715 -0.00573298 -0.0145652 0.000175738 0.00011035 0.00307023 0.000701358 0.0014133 0.000381386 0.00359467 0.00275554 0.00395727 0.000432692 0.00415414
internal_weight=81218 75181 382 161 74799 72950 6037 221 2105 1429 676 1849 3932 208 3724
internal_count=81218 75181 382 161 74799 72950 6037 221 2105 1429 676 1849 3932 208 3724
is_linear=0
shrinkage=0.05


Tree=74
num_leaves=16
num_cat=0
split_feature=16 22 21 2 5 13 5 13 11 11 16 3 18 15 17
split_gain=18.1513 5.63051 8.9839 6.71144 5.73562 4.44577 3.52878 2.61414 1.62793 4.39999 1.42559 1.08066 1.45739 0.790193 0.284981
threshold=718.55000000000007 1.0094957306721377 0.97906082590804389 0.33722635925880923 -0.814291907305839 0.50450017557654248 -0.29343379936893921 0.8274919578580725 0.48210033091605869 0.68888423410785304 12.250000000000002 0.84874750804349197 1.5625000000000002 530.50000000000011 145.50000000000003
decision_type=2 2 2 2 2 2 2 2 2 2 2 2 2 2 2
left_child=1 2 3 -1 -4 6 -3 8 14 -10 -7 13 -13 -9 -2
right_child=7 5 4 -5 -6 10 -8 11 9 -11 -12 12 -14 -15 -16
leaf_value=-0.00027917659873204762 0.0030395964561359223 -0.0012271493204331673 -0.0036992118106628918 0.00031847052433282066 -0.0011309108356223653 -0.0025807748064802429 0.00026255032835159078 0.00018818949913989582 -0.00070022720174685109 0.0013656900655574134 0.0026637737469183327 0.0032217404698405686 -0.0069797316594356678 0.0032952545000079661 0.00053305112978751666
leaf_weight=24457 586 812 258 43790 1338 47 1566 123 583 1359 2929 40 41 3210 57
leaf_count=24457 586 812 258 43790 1338 47 1566 123 583 1359 2929 40 41 3210 57
internal_value=0.000361225 0.000150073 3.02824e-05 0.000117002 -0.00367794 0.00171274 0.000100925 0.003008 0.00180851 0.00108651 0.00300067 0.00391623 -0.00179012 0.00405491 0.00398911
internal_weight=81196 75197 69843 68247 1596 5354 2378 5999 2585 1942 2976 3414 81 3333 643
internal_count=81196 75197 69843 68247 1596 5354 2378 5999 2585 1942 2976 3414 81 3333 643
is_linear=0
shrinkage=0.05


Tree=75
num_leaves=16
num_cat=0
split_feature=16 22 2 15 22 12 19 19 18 20 4 19 22 20 0
split_gain=18.2868 4.9628 5.12405 7.27824 5.54621 3.16346 1.9952 4.73587 1.61067 1.46699 1.25255 2.04049 0.392297 0.203626 1.77636e-15
threshold=697.55000000000007 1.1514808641025693 0.33722635925880923 285.50000000000006 0.81457238162785284 356.55000000000001 12.393750000000002 13.031250000000002 1.9375000000000002 3.3318750000000006 -0.16280825711808977 18.818750000000005 0.98672435450526208 0.63812500000000016 662.72089260756707
decision_type=2 2 2 2 2 2 2 2 2 2 2 2 2 2 2
left_child=1 2 3 -1 -4 6 12 -8 14 -10 11 -3 -2 -12 -7
right_child=5 10 4 -5 -6 8 7 -9 9 -11 13 -13 -14 -15 -16
leaf_value=-0.00017292111013210293 0.0002285348894212128 0.0011725210080965748 4.9604980158622575e-05 -0.0033069757088359506 0.0015983887691135041 0.0027062667247171436 -0.0056095917834440966 0.00044661921083860362 0.0025525422161865987 0.0011780557363109782 0.0011438512778595984 -0.009902585425407397 0.0028564720133700044 0.0053893288276459263 0.005005080229719655
leaf_weight=28157 84 1170 32599 201 11792 1225 60 1614 2459 654 92 43 450 559 212
leaf_count=28157 84 1170 32599 201 11792 1225 60 1614 2459 654 92 43 450 559 212
internal_value=0.000371201 0.000145618 8.03449e-05 -0.000444672 0.000415738 0.00286179 0.00130888 0.000459976 0.00361538 0.00297623 0.00269313 0.00174361 0.00397004 0.00446237 0.005
internal_weight=81371 74613 72749 28358 44391 6758 2208 1674 4550 3113 1864 1213 534 651 1437
internal_count=81371 74613 72749 28358 44391 6758 2208 1674 4550 3113 1864 1213 534 651 1437
is_linear=0
shrinkage=0.05


Tree=76
num_leaves=16
num_cat=0
split_feature=16 9 2 17 8 6 6 20 13 11 10 16 20 15 6
split_gain=16.9696 4.86208 4.88376 4.92867 4.49771 3.71796 5.01988 3.70904 2.95983 2.14039 4.76217 1.48068 1.71238 0.73164 0.67942
threshold=718.55000000000007 0.52596492835607933 0.12850530831242515 21.500000000000004 1.0000000180025095e-35 0.41985448298472511 0.38043945030393422 5.6206250000000013 0.80201572222245476 0.82561808577086626 95.250000000000014 776.45000000000016 3.3706250000000009 540.50000000000011 -0.99628250747696534
decision_type=2 2 2 2 2 2 2 2 2 2 2 2 2 2 2
left_child=1 2 3 -1 -4 6 -3 -7 9 10 -2 12 -10 -13 -11
right_child=8 5 4 -5 -6 7 -8 -9 11 14 -12 13 -14 -15 -16
leaf_value=-0.0015254188950815234 0.0017140017649711289 0.00038198520690062093 0.00034360891943973883 4.3718213522378615e-05 -0.00017023613159406777 0.0022742546412777829 -0.0032454044856499564 -0.0031031459479872762 0.0024446205019750468 -0.0008037477437981722 -0.00061202966867188744 -0.0010189190842457025 -0.0029775641069835451 0.0027288079188241077 0.0022587952923233514
leaf_weight=2666 650 21919 15604 2011 28891 3913 320 64 922 51 785 55 223 2694 636
leaf_count=2666 650 21919 15604 2011 28891 3913 320 64 922 51 785 55 223 2694 636
internal_value=0.000341752 0.000137821 -0.000155373 -0.00169232 6.18066e-06 0.000687748 0.000435946 0.0020958 0.00289727 0.00139491 0.000296167 0.00371597 0.00220524 0.00434522 0.00368996
internal_weight=81404 75388 49172 4677 44495 26216 22239 3977 6016 2122 1435 3894 1145 2749 687
internal_count=81404 75388 49172 4677 44495 26216 22239 3977 6016 2122 1435 3894 1145 2749 687
is_linear=0
shrinkage=0.05


Tree=77
num_leaves=13
num_cat=0
split_feature=16 22 2 5 2 9 17 21 19 18 13 2
split_gain=17.1676 5.1855 5.64001 6.8531 5.42234 7.10751 4.81266 4.57564 3.561 2.36052 2.94794 0.75909
threshold=752.60000000000014 0.81457238162785284 0.44813218379086411 -0.29343379936893921 0.15681335542566763 0.18901511687183553 84.500000000000014 0.80497935202590232 16.993750000000006 10.937500000000002 0.78450705776158003 0.57278257993638404
decision_type=2 2 2 2 2 2 2 2 2 2 2 2
left_child=1 4 3 -3 5 -1 -2 -6 -4 11 -11 -8
right_child=6 2 8 -5 7 -7 9 -9 -10 10 -12 -13
leaf_value=-0.0013592754436590674 -0.0043988709860358658 -0.00056080903995609367 0.00023222728669746175 0.00046525905904255669 8.8027456971841392e-05 0.00014724451234975544 0.00073269245308003493 -0.0012332090970434478 0.00313256660662535 -0.00076356035660826163 0.0021893615408318584 0.0026196656257251151
leaf_weight=2494 44 5490 3242 8095 44971 2575 417 2610 7051 458 1380 2432
leaf_count=2494 44 5490 3242 8095 44971 2575 417 2610 7051 458 1380 2432
internal_value=0.000354361 0.000173662 0.000784823 0.000115937 -0.000103514 -0.00165812 0.00327732 6.21048e-05 0.00166764 0.00343183 0.00203482 0.0043331
internal_weight=81259 76528 23878 13585 52650 5069 4731 47581 10293 4687 1838 2849
internal_count=81259 76528 23878 13585 52650 5069 4731 47581 10293 4687 1838 2849
is_linear=0
shrinkage=0.05


Tree=78
num_leaves=16
num_cat=0
split_feature=16 22 21 12 12 13 16 4 5 6 22 19 19 6 13
split_gain=17.6564 4.72759 7.03339 5.62876 4.79982 3.52977 3.12245 2.95373 2.88869 3.7337 2.10319 2.64635 1.60588 0.963451 0.786971
threshold=697.55000000000007 1.0094957306721377 0.98251525438969078 20.550000000000001 33.750000000000007 0.51581659746501496 794.90000000000009 -0.032701564615071545 0.83849049182116964 -0.15101602693478741 0.9281710202781549 24.693750000000005 15.006250000000003 -0.40613878790836594 0.36283148700803924
decision_type=2 2 2 2 2 2 2 2 2 2 2 2 2 2 2
left_child=1 2 3 -1 -4 7 8 -3 12 -10 11 -8 -2 -7 -12
right_child=6 5 4 -5 -6 13 10 -9 9 -11 14 -13 -14 -15 -16
leaf_value=-0.00065948918997070158 -0.0012515836752620343 -0.00011644181352459292 0.00041391459223604767 0.00013314862349600646 -0.0027167349042878531 0.0036663246538885755 0.0067531802128111404 0.0023051070122111022 -0.0013893863976558252 0.00071371561744531641 0.00021649228929772435 -0.0054523990412128744 0.0020796923621597407 0.001627889488832213 0.002315314436508409
leaf_weight=6595 221 1950 450 61371 943 851 44 478 269 827 115 43 2490 1901 2762
leaf_count=6595 221 1950 450 61371 943 851 44 478 269 827 115 43 2490 1901 2762
internal_value=0.000376953 0.000154886 4.60649e-05 0.000118147 -0.00347093 0.00161197 0.00282159 0.000222405 0.00187418 -0.000291971 0.00403846 -0.00362069 0.00274991 0.00283794 0.00427007
internal_weight=81310 74539 69359 67966 1393 5180 6771 2428 3807 1096 2964 87 2711 2752 2877
internal_count=81310 74539 69359 67966 1393 5180 6771 2428 3807 1096 2964 87 2711 2752 2877
is_linear=0
shrinkage=0.05


Tree=79
num_leaves=15
num_cat=0
split_feature=16 22 21 5 4 1 2 13 6 5 15 18 18 21
split_gain=15.6373 5.24189 6.95795 13.3578 5.69731 7.86943 4.00122 1.99115 2.52525 7.49912 0.851638 0.885803 0.819485 0.31701
threshold=776.45000000000016 0.86257055245193748 0.89095253074953418 -0.76694339346796603 0.032701564615071219 297.25202140606558 0.15681335542566763 0.80985362845790143 -0.55656394595157355 0.878110924644389 540.50000000000011 68.437500000000014 13.812500000000002 0.90281753674034149
decision_type=2 2 2 2 2 2 2 2 2 2 2 2 2 2
left_child=1 2 6 -4 5 -3 -1 8 12 -10 -9 -12 -2 -6
right_child=7 4 3 -5 13 -7 -8 10 9 -11 11 -13 -14 -15
leaf_value=-0.00078912072224995823 0.002640827498341118 -0.00019492748323281955 -0.0033871069751661232 -0.00051933914889445716 0.0028570122903532665 0.0015223299341810515 8.4199216951507213e-05 -0.0012206501524859494 -0.0044168517946690999 0.00036689065216579536 0.002468717031128137 0.00056168643182938664 0.0012801748571629084 0.0038718582651969496
leaf_weight=5256 407 7485 312 1142 320 11240 50657 47 71 359 2555 108 169 1282
leaf_count=5256 407 7485 312 1142 320 11240 50657 47 71 359 2555 108 169 1282
internal_value=0.000351308 0.000199758 -4.47119e-05 -0.00345942 0.000889704 0.00064486 4.40865e-05 0.00351991 0.00162028 -0.00127907 0.00422509 0.00434285 0.00378472 0.00375156
internal_weight=81410 77694 57367 1454 20327 18725 55913 3716 1006 430 2710 2663 576 1602
internal_count=81410 77694 57367 1454 20327 18725 55913 3716 1006 430 2710 2663 576 1602
is_linear=0
shrinkage=0.05


Tree=80
num_leaves=15
num_cat=0
split_feature=16 22 13 5 2 17 21 20 13 18 17 2 15 18
split_gain=15.4193 4.85514 6.22596 5.85337 5.6929 5.16127 4.2905 2.25144 1.90654 2.07159 2.32905 1.14709 0.873841 0.918926
threshold=776.45000000000016 0.9406657420651664 0.45143800300498454 0.9193901325473397 0.6495955484553505 165.50000000000003 0.72890976714801181 3.4393750000000005 0.81309132724871891 10.937500000000002 108.50000000000001 0.5551402894153632 540.50000000000011 68.437500000000014
decision_type=2 2 2 2 2 2 2 2 2 2 2 2 2 2
left_child=1 3 6 5 -5 -1 -3 -4 9 11 -11 -2 -10 -14
right_child=8 2 7 4 -6 -7 -8 -9 12 10 -12 -13 13 -15
leaf_value=-6.4118173270029386e-05 -0.00015245627337449053 -0.0030625085510508094 0.001313278164574394 -0.00020170372969451146 -0.0017692735059401219 0.00087984313827076013 -8.7837686016724905e-05 -0.0002780611030938507 -0.0012585217725900161 -0.0018772935732146335 0.00016408907109044524 0.0014400325963552453 0.0024120881896085356 0.00035218207394452014
leaf_weight=39324 121 106 7475 5945 2129 18154 3383 1041 46 78 259 587 2485 105
leaf_count=39324 121 106 7475 5945 2129 18154 3383 1041 46 78 259 587 2485 105
internal_value=0.000343928 0.000193858 0.00111828 2.45608e-05 -0.00123607 0.000201643 -0.000660648 0.00184711 0.00350584 0.00169856 -0.00152819 0.00323446 0.00422231 0.00434363
internal_weight=81238 77557 12005 65552 8074 57478 3489 8516 3681 1045 337 708 2636 2590
internal_count=81238 77557 12005 65552 8074 57478 3489 8516 3681 1045 337 708 2636 2590
is_linear=0
shrinkage=0.05


Tree=81
num_leaves=14
num_cat=0
split_feature=15 18 22 21 5 5 22 4 19 21 22 4 20
split_gain=15.7445 5.86844 5.24596 4.75212 4.3048 4.01694 4.19726 2.92902 2.86355 2.73032 2.08391 0.516733 0.431433
threshold=577.50000000000011 10.937500000000002 1.0094957306721377 1.1192229567126728 0.98667101781630195 0.69676570133721638 1.0029399748860188 0.032701564615071219 21.981250000000006 0.94387790197969024 0.70566999488926674 -0.99465189230620676 1.8206250000000004
decision_type=2 2 2 2 2 2 2 2 2 2 2 2 2
left_child=2 9 3 4 -1 10 -7 8 -4 -2 -3 -11 -9
right_child=1 5 7 -5 -6 6 -8 12 -10 11 -12 -13 -14
leaf_value=6.8812336945271458e-06 -0.0072222754977507523 -0.0020355557959840327 0.00053941809547902351 -0.0057103206108543598 -0.0010841316691630395 -0.0017386515791648106 0.0028423283820265214 0.0045605508382760319 -0.00078879880959361627 0.0016743802748022342 0.0030785571652738476 0.0023360602182397718 0.0036533218692788479
leaf_weight=62371 41 349 4723 56 2780 1568 323 787 328 301 5433 1972 166
leaf_count=62371 41 349 4723 56 2780 1568 323 787 328 301 5433 1972 166
internal_value=0.000307151 0.00216632 4.64116e-05 -8.38098e-05 -7.12957e-05 0.00150072 -0.000499735 0.00146069 0.000980994 0.00437338 0.00215496 0.00460405 0.00400315
internal_weight=81198 9987 71211 65207 65151 7673 1891 6004 5051 2314 5782 2273 953
internal_count=81198 9987 71211 65207 65151 7673 1891 6004 5051 2314 5782 2273 953
is_linear=0
shrinkage=0.05


Tree=82
num_leaves=15
num_cat=0
split_feature=16 22 6 18 5 1 3 13 18 11 5 12 15 18
split_gain=15.9054 4.84349 9.35481 7.01886 4.33234 3.46984 2.96947 2.07826 1.82363 1.93901 1.36229 0.921982 0.909515 0.645972
threshold=776.45000000000016 0.70566999488926674 -0.73284120334876357 99.062500000000014 -0.99763297024448894 64.870294458150809 -0.29012925520284066 0.81309132724871891 10.937500000000002 0.82561808577086626 0.91248814248966237 27.450000000000006 540.50000000000011 68.437500000000014
decision_type=2 2 2 2 2 2 2 2 2 2 2 2 2 2
left_child=1 4 6 -4 11 -6 -3 8 10 -10 -2 -1 -9 -14
right_child=7 2 3 -5 5 -7 -8 12 9 -11 -12 -13 13 -15
leaf_value=-0.00086619992936446972 0.0018944563396855124 0.00053646170830900792 -0.00013628438368643353 0.0020995159284649509 -0.00099456102331149307 -6.747202265887805e-05 0.002909425713335168 -0.00070141918069273617 -0.0016581158660326095 0.0022411904503922609 0.00011863216587505937 0.0022639960314761935 0.0021641238537128096 0.0010554745854567894
leaf_weight=40 438 5694 21566 2182 3162 37725 6385 45 227 109 246 690 2530 98
leaf_count=40 438 5694 21566 2182 3162 37725 6385 45 227 109 246 690 2530 98
internal_value=0.00033197 0.000179097 0.00060527 2.90553e-05 -0.000187784 -0.000255949 0.00173814 0.00353777 0.00161765 -0.00139881 0.00309942 0.00363014 0.00427048 0.00439117
internal_weight=81137 77444 35827 23748 41617 40887 12079 3693 1020 336 684 730 2673 2628
internal_count=81137 77444 35827 23748 41617 40887 12079 3693 1020 336 684 730 2673 2628
is_linear=0
shrinkage=0.05


Tree=83
num_leaves=15
num_cat=0
split_feature=15 18 13 5 6 19 20 19 5 5 19 22 16 4
split_gain=14.8982 5.66301 3.8258 5.45199 6.13213 4.63899 4.59102 13.6819 4.90521 2.86571 4.48319 2.14039 1.8156 0.284823
threshold=577.50000000000011 7.9375000000000009 0.19962788429267661 -0.69057362043749781 0.5969655492110445 -3.3124999999999996 4.2981250000000015 1.5437500000000004 0.98522604642031408 0.69676570133721638 22.618750000000006 0.68922373894296796 752.60000000000014 -0.99465189230620676
decision_type=2 2 2 2 2 2 2 2 2 2 2 2 2 2
left_child=2 12 3 4 -1 -5 8 -8 -4 11 -11 -3 -2 -14
right_child=1 9 6 5 -6 -7 7 -9 -10 10 -12 -13 13 -15
leaf_value=-0.00084724916950697595 -0.0067337196682721381 -0.0022357161088296614 0.00024037437654690557 -0.0020029490915754638 -0.0015527252726168174 -1.6084567478116687e-05 -0.0044392973603728713 -0.00039388383978450044 -0.00079425474929932743 0.00050353025228822479 -0.012728990649043648 0.0025737516951250153 0.0018058846886655324 0.0021409758220362683
leaf_weight=2300 50 297 50906 61 510 7735 85 7291 2284 1627 351 5634 264 1826
leaf_count=2300 50 297 50906 61 510 7735 85 7291 2284 1627 351 5634 264 1826
internal_value=0.000331872 0.00213404 7.74183e-05 -0.000798604 -0.00268683 -0.000118009 0.000230823 -0.000938178 0.000392931 0.00151663 -0.000131446 0.00206626 0.00441589 0.00464115
internal_weight=81221 10049 71172 10606 2810 7796 60566 7376 53190 7909 1978 5931 2140 2090
internal_count=81221 10049 71172 10606 2810 7796 60566 7376 53190 7909 1978 5931 2140 2090
is_linear=0
shrinkage=0.05


Tree=84
num_leaves=15
num_cat=0
split_feature=16 15 22 19 22 21 4 20 13 18 5 11 15 18
split_gain=15.7436 4.71326 4.84936 4.50707 5.40788 4.21382 3.12978 2.49847 1.50283 1.24945 1.57391 1.37317 0.855145 0.857329
threshold=776.45000000000016 474.50000000000006 1.0094957306721377 13.643750000000002 0.98923773796635583 0.89095253074953418 0.032701564615071219 1.6756250000000004 0.81309132724871891 10.062500000000002 0.91248814248966237 0.82561808577086626 540.50000000000011 68.437500000000014
decision_type=2 2 2 2 2 2 2 2 2 2 2 2 2 2
left_child=1 2 5 4 -3 -1 -4 -5 9 10 -2 -11 -10 -14
right_child=8 3 6 7 -6 -7 -8 -9 12 11 -12 -13 13 -15
leaf_value=1.2161296668494903e-06 0.0017434594337487289 -0.001929362998250625 0.00032111107625212897 0.0029280089628434423 0.0033326928920027268 -0.00059205759040868722 0.0042694274264554518 0.0012561335509062141 -0.00067836694048544204 -0.00067340096723224926 -3.4442530949854537e-05 0.0021171122090453023 0.0019913262373729276 0.00051141870929326825
leaf_weight=52864 447 1294 4522 2512 358 6145 959 9101 46 243 231 111 2490 108
leaf_count=52864 447 1294 4522 2512 358 6145 959 9101 46 243 231 111 2490 108
internal_value=0.000319964 0.0001688 -7.75295e-06 0.00102714 -0.00141646 -0.000139894 0.00141489 0.00137475 0.00351741 0.00189922 0.00315634 -0.000508474 0.00414902 0.00426867
internal_weight=81431 77755 64490 13265 1652 59009 5481 11613 3676 1032 678 354 2644 2598
internal_count=81431 77755 64490 13265 1652 59009 5481 11613 3676 1032 678 354 2644 2598
is_linear=0
shrinkage=0.05


Tree=85
num_leaves=15
num_cat=0
split_feature=16 22 6 6 18 16 6 3 13 17 22 16 15 22
split_gain=14.8073 4.20052 8.82246 8.30893 5.93617 5.89497 5.69264 3.27095 2.46588 2.27036 2.93829 2.1789 0.862932 0.792281
threshold=776.45000000000016 0.59184232273624404 -0.73284120334876357 0.11478523713130605 99.062500000000014 3.4500000000000006 0.28313308994381592 1.0000000180025095e-35 0.81309132724871891 94.500000000000014 1.0070399659965443 860.80000000000007 540.50000000000011 0.9301592074984143
decision_type=2 2 2 2 2 2 2 2 2 2 2 2 2 2
left_child=1 3 7 5 -4 -1 -5 -3 9 10 -2 -11 -10 -14
right_child=8 2 4 6 -6 -7 -8 -9 12 11 -12 -13 13 -15
leaf_value=-0.00095685172521514585 -0.00076267059752727355 0.00054996091428102366 -0.00015188428428234064 0.0025562671404715165 0.0014925867372053245 -0.00035699092961142718 4.0701580402925965e-05 0.0023559477387104376 -0.00064444859346117218 0.0010950833840259911 0.00021713407832377741 -0.0010494357944439592 0.0011180709724873618 0.0018935928232719466
leaf_weight=2910 40 8355 26128 1893 3795 11309 16362 6915 46 839 77 71 116 2523
leaf_count=2910 40 8355 26128 1893 3795 11309 16362 6915 46 839 77 71 116 2523
internal_value=0.000298542 0.000151094 0.000462793 -0.000282687 -3.62595e-05 -0.0011889 0.000423172 0.00144073 0.00338362 0.0012999 -0.00525641 0.00214286 0.00418063 0.00429898
internal_weight=81379 77667 45193 32474 29923 14219 18255 15270 3712 1027 117 910 2685 2639
internal_count=81379 77667 45193 32474 29923 14219 18255 15270 3712 1027 117 910 2685 2639
is_linear=0
shrinkage=0.05


Tree=86
num_leaves=14
num_cat=0
split_feature=16 22 13 20 2 11 21 19 3 13 5 16 18
split_gain=13.6192 4.35959 5.6785 5.20498 4.522 6.01786 4.26781 2.66277 4.79524 1.91067 2.17602 1.88678 0.761575
threshold=776.45000000000016 0.9406657420651664 0.48757263638388781 1.5631250000000005 0.15681335542566763 0.28140163767282411 0.89095253074953418 33.23125000000001 -0.22695468355932411 0.80985362845790143 0.8697513045430848 766.60000000000014 68.437500000000014
decision_type=2 2 2 2 2 2 2 2 2 2 2 2 2
left_child=1 4 3 -3 5 -1 -6 9 -9 10 -2 -4 -11
right_child=7 2 11 -5 6 -7 -8 8 -10 12 -12 -13 -14
leaf_value=-0.0011172998468718029 0.0018720991476694406 -0.00085013417440052386 0.0013108588324541419 0.00037114795589269405 0.00013138435376725739 0.0006519228822057763 -0.00069469769415602507 -0.00036280394560596623 0.0028035618409402831 0.0017793757830660674 -0.00011788727094264929 -0.0008204648877532802 2.8534666288224445e-05
leaf_weight=3543 560 1990 7617 2152 54460 2411 5221 42 53 2503 428 201 97
leaf_count=3543 560 1990 7617 2152 54460 2411 5221 42 53 2503 428 201 97
internal_value=0.000291469 0.000150461 0.00102843 -0.000468373 -9.52217e-06 -0.00132348 0.000121563 0.00326229 -0.005 0.00348105 0.00160931 0.00182144 0.00419231
internal_weight=81278 77595 11960 4142 65635 5954 59681 3683 95 3588 988 7818 2600
internal_count=81278 77595 11960 4142 65635 5954 59681 3683 95 3588 988 7818 2600
is_linear=0
shrinkage=0.05


Tree=87
num_leaves=14
num_cat=0
split_feature=16 22 12 5 21 19 3 13 19 0 21 16 17
split_gain=14.5749 5.2086 5.21325 5.00861 4.93903 3.01731 5.58943 2.15265 3.52485 1.82065 1.96382 1.79607 1.18766
threshold=776.45000000000016 1.0094957306721377 174.45000000000002 -0.94139628442229062 0.89095253074953418 33.23125000000001 -0.29012925520284066 0.46399925733451758 21.456250000000008 431.41632147089382 1.0075322116595495 746.45000000000016 160.50000000000003
decision_type=2 2 2 2 2 2 2 2 2 2 2 2 2
left_child=1 2 4 -4 -1 9 -7 8 -3 10 -2 -9 -11
right_child=5 7 3 -5 -6 6 -8 11 -10 12 -12 -13 -14
leaf_value=-6.2819063120497079e-05 -0.0012102453670305518 8.6222649401140151e-05 0.0019228888246291293 0.00023038951565166056 -0.00088395869982770708 -0.00056486942132577794 0.0028444939420848134 0.0014519079344024414 -0.00091330304735290086 0.0015198774872464201 0.00054075055702952352 -0.00077134125964193473 -0.0038861668448367422
leaf_weight=39293 41 1937 3136 24339 5013 41 55 3544 124 3384 155 207 42
leaf_count=39293 41 1937 3136 24339 5013 41 55 3544 124 3384 155 207 42
internal_value=0.000274317 0.000127782 1.12149e-05 0.00055232 -0.000324335 0.00333244 -0.00541667 0.00156745 0.000269287 0.00356433 -0.00112245 0.00228073 0.00383246
internal_weight=81311 77593 71781 27475 44306 3718 96 5812 2061 3622 196 3751 3426
internal_count=81311 77593 71781 27475 44306 3718 96 5812 2061 3622 196 3751 3426
is_linear=0
shrinkage=0.05


Tree=88
num_leaves=15
num_cat=0
split_feature=15 18 6 6 5 18 13 22 20 17 10 6 13 5
split_gain=12.4816 5.3134 3.56968 14.9687 22.1393 7.96226 10.0034 3.53422 3.18164 3.87425 3.36519 2.80133 0.354472 0.300292
threshold=577.50000000000011 2.6875000000000004 0.97461712852231652 0.94909129669788206 0.26866988313759588 99.937500000000014 0.47260924445986313 1.0070399659965443 1.8568750000000003 106.50000000000001 357.4500000000001 0.99981043035926087 0.32074992330152946 0.99983759474438971
decision_type=2 2 2 2 2 2 2 2 2 2 2 2 2 2
left_child=2 12 3 7 -5 11 -7 -1 9 -3 -10 -4 -2 -14
right_child=1 8 5 4 -6 6 -8 -9 10 -11 -12 -13 13 -15
leaf_value=-9.3518996342848323e-07 -2.3197617225766677e-06 -8.2829130671036033e-05 0.0017271733433256373 -0.00061440174058613743 -0.0026620781999135488 0.00013199515034036994 -0.0020233531637968254 0.00061928705658935619 -0.00014403777836075946 0.0031042377333626472 0.0019966429131258235 -0.00057642994603135974 0.0017452274789625894 0.00012115751035015091
leaf_weight=60063 40 59 3123 1189 484 444 163 5490 3454 1929 3029 210 1464 49
leaf_count=60063 40 59 3123 1189 484 444 163 5490 3454 1929 3029 210 1464 49
internal_value=0.000305457 0.0019573 7.27878e-05 -1.29412e-05 -0.0046832 0.00153553 -0.00373147 0.00010625 0.00146441 0.00321429 0.000927811 0.00249475 0.00464585 0.00476867
internal_weight=81190 10024 71166 67226 1673 3940 607 65553 8471 1988 6483 3333 1553 1513
internal_count=81190 10024 71166 67226 1673 3940 607 65553 8471 1988 6483 3333 1553 1513
is_linear=0
shrinkage=0.05


Tree=89
num_leaves=16
num_cat=0
split_feature=16 22 6 18 5 18 10 13 18 11 5 18 5 12 15
split_gain=12.5346 4.47446 7.57589 5.91109 4.25717 3.36115 2.68269 2.56511 2.22911 2.47034 1.61117 1.06229 2.02766 1.00084 0.585117
threshold=776.45000000000016 0.72632186182927649 -0.72694848937061807 97.187500000000014 -0.99763297024448894 81.312500000000014 140.85000000000002 0.81309132724871891 10.062500000000002 0.82561808577086626 0.91248814248966237 68.437500000000014 0.3342611484689354 27.450000000000006 540.50000000000011
decision_type=2 2 2 2 2 2 2 2 2 2 2 2 2 2 2
left_child=1 4 6 -4 13 -6 -3 8 10 -10 -2 14 -13 -1 -9
right_child=7 2 3 -5 5 -7 -8 11 9 -11 -12 12 -14 -15 -16
leaf_value=-0.00056135430521776113 0.0013648561067651848 0.0025824526306291173 -0.00013321359100858959 0.0018944633541221182 0.00025171092313662214 -0.00024613992702777235 0.00087107171957552802 -0.00057865839999214066 -0.0010421711735281443 0.0024003021048070901 -7.5351508601551043e-05 -0.0082628481183461226 0.0018375894275388781 0.002501929539693663 0.0015303107917754078
leaf_weight=55 436 4069 19856 2668 11987 30833 7344 47 254 111 244 41 56 788 2525
leaf_count=55 436 4069 19856 2668 11987 30833 7344 47 254 111 244 41 56 788 2525
internal_value=0.000291094 0.000155284 0.000585939 5.41646e-05 -0.000179442 -0.000248715 0.00163542 0.0031287 0.00102871 -0.00212329 0.00272059 0.00395092 -0.00118557 0.00333926 0.00414463
internal_weight=81314 77600 33937 22524 43663 42820 11413 3714 1045 365 680 2669 97 843 2572
internal_count=81314 77600 33937 22524 43663 42820 11413 3714 1045 365 680 2669 97 843 2572
is_linear=0
shrinkage=0.05


Tree=90
num_leaves=16
num_cat=0
split_feature=16 22 0 16 22 13 6 12 16 17 20 0 22 22 15
split_gain=12.9508 3.73499 4.78725 8.69778 4.7409 2.38282 1.96224 4.66468 1.47376 1.73258 1.44272 0.870512 0.725346 1.84113 0.564069
threshold=776.45000000000016 1.1514808641025693 232.84493840378011 546.00000000000011 0.89080602986632906 0.81309132724871891 -0.55656394595157355 449.25000000000006 78.15000000000002 19.500000000000004 1.7881250000000004 45.493771530397865 0.9301592074984143 0.91515564604292654 540.50000000000011
decision_type=2 2 2 2 2 2 2 2 2 2 2 2 2 2 2
left_child=1 2 3 -1 -4 6 10 -8 9 -3 -2 -10 13 -7 -14
right_child=5 8 4 -5 -6 12 7 -9 11 -11 -12 -13 14 -15 -16
leaf_value=-0.00013887087234036596 -2.6579115461078386e-05 0.004246075658848875 7.3919863565310144e-05 -0.0010743122748163739 0.0013004228281545916 0.004408122318312036 3.3969867562555493e-05 -0.0040908490996938787 0.0041879502189171051 -0.0024967644875567656 0.0017209322782329934 0.0013229977783167056 -0.0005393958935020882 -0.003185620853700498 0.001453795252186635
leaf_weight=28401 114 261 37321 596 9262 68 400 47 815 151 469 687 48 41 2506
leaf_count=28401 114 261 37321 596 9262 68 400 47 815 151 469 687 48 41 2506
internal_value=0.000265868 0.00012801 7.27708e-05 -0.000431596 0.000386729 0.00315868 0.00111651 -0.00137584 0.0023093 -0.000339806 0.00302744 0.00303595 0.00394855 -4.58714e-05 0.00411903
internal_weight=81187 77494 75580 28997 46583 3693 1030 447 1914 412 583 1502 2663 109 2554
internal_count=81187 77494 75580 28997 46583 3693 1030 447 1914 412 583 1502 2663 109 2554
is_linear=0
shrinkage=0.05


Tree=91
num_leaves=16
num_cat=0
split_feature=16 20 19 20 21 15 2 18 13 17 21 16 22 18 12
split_gain=13.2972 3.50931 9.92057 7.4278 5.82818 5.51054 5.13349 4.38432 2.05784 2.15963 4.03863 1.59821 0.645579 1.34157 0.186853
threshold=776.45000000000016 3.5043750000000009 1.8812500000000003 4.5943750000000012 0.10510035440265739 324.50000000000006 0.56227236118242352 96.937500000000014 0.82364248394671613 94.500000000000014 1.0075322116595495 860.80000000000007 0.98448316466045982 65.312500000000014 368.55000000000001
decision_type=2 2 2 2 2 2 2 2 2 2 2 2 2 2 2
left_child=1 5 3 -3 -4 6 -1 -7 9 10 -2 -11 13 -10 -14
right_child=8 2 4 -5 -6 7 -8 -9 12 11 -12 -13 14 -15 -16
leaf_value=9.4331150395506665e-05 -0.0013180801324564322 -0.001062369014294563 -0.001034501474102917 -0.0045335757714038485 -9.2576412658616468e-05 0.0013838480074677747 -0.00066888464152306331 -0.00043463074029792819 0.00093555786513639942 0.00077300536422987294 0.00048481775840052979 -0.0009055140893340811 0.0002666611645926421 -0.0075258365044340364 0.0019433799456014757
leaf_weight=36900 47 214 621 77 18119 14445 3803 3282 948 986 92 78 41 42 1479
leaf_count=36900 47 214 621 77 18119 14445 3803 3282 948 986 92 78 41 42 1479
internal_value=0.000286052 0.000145945 -0.000443749 -0.00960481 -0.000301494 0.000338011 1.75665e-05 0.00107379 0.003209 0.00150873 -0.00435252 0.00227444 0.0040239 0.0030303 0.00467105
internal_weight=81174 77461 19031 291 18740 58430 40703 17727 3713 1203 139 1064 2510 990 1520
internal_count=81174 77461 19031 291 18740 58430 40703 17727 3713 1203 139 1064 2510 990 1520
is_linear=0
shrinkage=0.05


Tree=92
num_leaves=16
num_cat=0
split_feature=16 13 5 9 18 17 5 5 13 5 2 18 22 22 5
split_gain=12.3943 3.6929 4.97243 5.45109 4.53302 8.33082 4.28688 4.12943 2.17326 1.92633 3.93651 1.36773 0.749439 1.73944 0.612145
threshold=776.45000000000016 0.19962788429267661 -0.69674959280705229 0.43937471218667395 47.437500000000007 32.500000000000007 0.17646842360078763 0.98522604642031408 0.8274919578580725 0.8697513045430848 0.71698099316049191 43.312500000000007 0.9301592074984143 0.91515564604292654 0.99983759474438971
decision_type=2 2 2 2 2 2 2 2 2 2 2 2 2 2 2
left_child=1 2 3 -1 7 -6 -4 -3 9 11 -11 -2 13 -10 -14
right_child=8 4 6 -5 5 -7 -8 -9 12 10 -12 -13 14 -15 -16
leaf_value=-0.0011403683439270666 0.0010559296970196431 0.00054793238668838444 0.00066205836456705697 0.00085969354148957488 -0.0010226024006635256 0.00010341587006768385 -0.00041418883758365842 -0.0009408017331938624 0.0039816855461457376 0.00018217749752538683 -0.0017112413981125619 -0.00061365098561683325 0.0015013302846960156 -0.0024706483855369854 -2.644356026724193e-05
leaf_weight=2086 672 15225 3321 772 3673 46809 4820 858 64 424 96 42 2312 42 45
leaf_count=2086 672 15225 3321 772 3673 46809 4820 858 64 424 96 42 2312 42 45
internal_value=0.000237568 0.000102754 -0.000745977 -0.00254024 0.000242996 1.01028e-05 -0.000116079 0.00097401 0.003066 0.00135332 -0.000961538 0.00303922 0.00392408 -0.000188679 0.00410904
internal_weight=81261 77564 10999 2858 66565 50482 8141 16083 3697 1234 520 714 2463 106 2357
internal_count=81261 77564 10999 2858 66565 50482 8141 16083 3697 1234 520 714 2463 106 2357
is_linear=0
shrinkage=0.05


Tree=93
num_leaves=16
num_cat=0
split_feature=16 13 5 6 18 20 19 6 13 5 12 18 22 18 5
split_gain=12.4566 4.63618 4.06137 12.8451 5.64949 3.87345 9.51782 4.40691 1.78868 2.03494 3.89058 0.826418 0.760167 1.69485 0.268985
threshold=776.45000000000016 0.19962788429267661 -0.98523971305672675 -0.12545862287572049 55.312500000000007 3.3881250000000009 1.5437500000000004 0.99981043035926087 0.82364248394671613 0.8697513045430848 449.25000000000006 10.062500000000002 0.98448316466045982 65.687500000000014 0.99939377080793557
decision_type=2 2 2 2 2 2 2 2 2 2 2 2 2 2 2
left_child=1 2 3 -1 -4 7 -7 -3 9 11 -11 -2 13 -10 -14
right_child=8 5 4 -5 -6 6 -8 -9 12 10 -12 -13 14 -15 -16
leaf_value=-0.0025098233909604342 0.0013630266468813599 0.00026881936077319675 -0.00097814636642150603 -0.00063343385713511254 0.0001223222390029186 -0.0034460899154086441 -0.00019387217724044353 -0.001088495084536389 0.00084907941122292722 7.8426113311588205e-05 -0.0038125697020155954 0.00015160830985305783 0.0017785890542190486 -0.0034569839472645639 0.00049330113265309567
leaf_weight=149 413 49002 3033 749 7010 151 17380 208 964 452 41 267 1436 41 73
leaf_count=149 413 49002 3033 749 7010 151 17380 208 964 452 41 267 1436 41 73
internal_value=0.000234672 9.98946e-05 -0.000854126 -0.00407572 -0.000566066 0.000256289 -0.000381895 0.000483642 0.00307432 0.00146206 -0.000983773 0.00323529 0.00382657 0.00276119 0.00453612
internal_weight=81369 77682 10941 898 10043 66741 17531 49210 3687 1173 493 680 2514 1005 1509
internal_count=81369 77682 10941 898 10043 66741 17531 49210 3687 1173 493 680 2514 1005 1509
is_linear=0
shrinkage=0.05


Tree=94
num_leaves=14
num_cat=0
split_feature=16 22 13 15 21 5 5 5 19 3 13 6 15
split_gain=11.3215 3.36311 5.26697 6.62925 4.38799 5.78245 4.0617 3.68215 2.62581 4.83784 1.92019 2.83659 0.703709
threshold=776.45000000000016 0.91256779852044179 0.51581659746501496 383.50000000000006 0.89095253074953418 -0.76694339346796603 -0.99763297024448894 -0.95754239937548935 33.23125000000001 -0.22695468355932411 0.81309132724871891 -0.55656394595157355 540.50000000000011
decision_type=2 2 2 2 2 2 2 2 2 2 2 2 2
left_child=1 4 3 -3 7 -6 -4 -1 10 -10 11 -2 -12
right_child=8 2 6 -5 5 -7 -8 -9 9 -11 12 -13 -14
leaf_value=0.00066379053704791378 0.0014564343019487849 -0.00036750859125092659 -0.0036324739947959372 0.0029902935793410593 -0.0018908734843020914 -0.00035278186523967367 0.0012295189549290685 -2.9032583773222802e-05 -0.00047351987573148217 0.0019787787842919526 -0.0006307634383750845 -0.00016626603102657493 0.001280001443086214
leaf_weight=6244 566 4797 100 1262 824 2481 9378 52364 41 50 50 452 2572
leaf_count=6244 566 4797 100 1262 824 2481 9378 52364 41 50 50 452 2572
internal_value=0.000259359 0.000129761 0.000787475 -0.000363921 -3.52913e-05 -0.00180787 0.00152353 6.46671e-05 0.00294961 -0.00543956 0.00315934 0.00131631 0.0038749
internal_weight=81181 77450 15537 6059 61913 3305 9478 58608 3731 91 3640 1018 2622
internal_count=81181 77450 15537 6059 61913 3305 9478 58608 3731 91 3640 1018 2622
is_linear=0
shrinkage=0.05


Tree=95
num_leaves=16
num_cat=0
split_feature=16 15 5 5 6 6 18 18 13 18 2 9 22 18 5
split_gain=12.1486 3.63612 3.96745 6.79489 3.93166 13.543 8.32423 2.16044 1.79628 1.58836 1.70854 1.28723 0.896468 2.0151 0.540502
threshold=776.45000000000016 474.50000000000006 0.69676570133721638 0.7090011537757156 0.97461712852231652 0.94353349168649059 91.562500000000014 98.187500000000014 0.8274919578580725 10.062500000000002 0.5814237565270447 0.60422544701570324 0.98448316466045982 65.687500000000014 0.99983759474438971
decision_type=2 2 2 2 2 2 2 2 2 2 2 2 2 2 2
left_child=1 4 7 -4 5 -1 -6 -3 9 10 -2 -11 13 -10 -14
right_child=8 2 3 -5 6 -7 -8 -9 12 11 -12 -13 14 -15 -16
leaf_value=-1.3847811604792495e-05 -0.00014127721356306126 0.0019506218608744807 -0.0049124381953930601 -0.00025112040066518551 0.0013967862339104343 -0.001450660269984058 -0.00062621671554378413 -0.00046653096634750429 0.00066440121875777634 0.0010989381375733187 0.00090491238218361268 -0.00047343105193337623 0.0017509711862194813 -0.0070959021627537006 -0.00011378650083106677
leaf_weight=58458 172 8541 76 3410 2818 1968 1101 1243 946 141 648 282 1449 42 41
leaf_count=58458 172 8541 76 3410 2818 1968 1101 1243 946 141 648 282 1449 42 41
internal_value=0.000220444 8.66458e-05 0.000840241 -0.000608147 -6.87697e-05 -0.000168305 0.00146594 0.0013563 0.00301129 0.00146018 0.0027439 -0.00102837 0.00378935 0.00262146 0.00456376
internal_weight=81336 77615 13270 3486 64345 60426 3919 9784 3721 1243 820 423 2478 988 1490
internal_count=81336 77615 13270 3486 64345 60426 3919 9784 3721 1243 820 423 2478 988 1490
is_linear=0
shrinkage=0.05


Tree=96
num_leaves=16
num_cat=0
split_feature=16 22 21 5 4 1 6 13 6 2 18 22 18 12 9
split_gain=11.314 3.57328 4.63137 10.2496 4.59881 4.61776 3.30674 1.93855 2.03622 4.6735 0.974872 0.806837 0.982067 0.789264 0.44703
threshold=776.45000000000016 0.86257055245193748 0.89095253074953418 -0.76694339346796603 0.032701564615071219 297.25202140606558 -0.99938741687870725 0.8274919578580725 -0.55656394595157355 0.71698099316049191 10.062500000000002 0.98448316466045982 65.687500000000014 373.05000000000001 0.68529893230602801
decision_type=2 2 2 2 2 2 2 2 2 2 2 2 2 2 2
left_child=1 2 6 -4 5 -3 -1 8 10 -10 -2 12 -9 -13 -6
right_child=7 4 3 -5 14 -7 -8 11 9 -11 -12 13 -14 -15 -16
leaf_value=-0.0016814824045952631 0.0012563360875370703 -0.00017853796773831121 -0.003066998612338276 -0.0003341879195813309 0.0026539725666688031 0.0010248783642748795 2.518793736137911e-05 0.00071006216675375362 0.00013434504412193732 -0.001890286371947092 3.8603954604647428e-05 -6.221653423499896e-05 -0.0071682293279418455 0.0015366983399616341 0.0034468646507319744
leaf_weight=576 424 7483 316 1142 1207 11248 55150 949 451 98 259 41 40 1425 357
leaf_count=576 424 7483 316 1142 1207 11248 55150 949 451 98 259 41 40 1425 357
internal_value=0.000259715 0.000130939 -7.13484e-05 -0.00285322 0.000700912 0.000483423 1.43578e-06 0.00296583 0.0013474 -0.000919854 0.00316984 0.003778 0.00267442 0.00452251 0.00330563
internal_weight=81166 77479 57184 1458 20295 18731 55726 3687 1232 549 683 2455 989 1466 1564
internal_count=81166 77479 57184 1458 20295 18731 55726 3687 1232 549 683 2455 989 1466 1564
is_linear=0
shrinkage=0.05


Tree=97
num_leaves=15
num_cat=0
split_feature=16 22 4 21 5 1 5 13 18 0 21 5 22 9
split_gain=10.9749 3.9423 5.51628 4.87579 9.09944 4.38964 3.15205 1.77478 1.39367 1.99856 1.22828 1.11841 0.953544 0.394535
threshold=776.45000000000016 0.86257055245193748 0.032701564615071219 0.89095253074953418 -0.76694339346796603 290.86806674436485 -0.99763297024448894 0.8274919578580725 10.062500000000002 441.32131258915132 0.9711312372502785 0.99983759474438971 0.98448316466045982 0.68529893230602801
decision_type=2 2 2 2 2 2 2 2 2 2 2 2 2 2
left_child=1 3 5 6 -5 -3 -1 8 9 -2 -10 12 -9 -4
right_child=7 2 13 4 -6 -7 -8 11 10 -11 -12 -13 -14 -15
leaf_value=0.0018427952595136956 -0.00033574182954894356 -0.00019092362796404306 0.0024870712991995302 -0.0023122391433320292 -0.00065293744867883446 0.0010476910602495754 -3.3067327929858785e-05 0.00056115257847277054 0.00096931861810784599 0.00080528753074128156 -0.00036253088286550045 -0.00018493210299737607 0.0015991070387051155 0.003695348756683091
leaf_weight=1218 161 7389 1245 327 1148 11383 54740 966 108 677 310 43 1434 356
leaf_count=1218 161 7389 1245 327 1148 11383 54740 966 108 677 310 43 1434 356
internal_value=0.00024385 0.000117343 0.000714917 -9.46318e-05 -0.0029322 0.000474643 -1.98361e-05 0.00290484 0.00137739 0.0025537 -0.000980861 0.00369014 0.00383333 0.00353217
internal_weight=81505 77806 20373 57433 1475 18772 55958 3699 1256 838 418 2443 2400 1601
internal_count=81505 77806 20373 57433 1475 18772 55958 3699 1256 838 418 2443 2400 1601
is_linear=0
shrinkage=0.05


Tree=98
num_leaves=15
num_cat=0
split_feature=16 22 21 2 20 4 19 17 21 18 17 13 16 20
split_gain=12.23 3.58435 6.37532 4.02143 3.84227 2.22921 5.47812 1.45595 3.59203 0.961507 1.14476 0.954886 0.842734 0.452509
threshold=776.45000000000016 1.0094957306721377 0.98453321191270282 0.37287586234028963 3.5981250000000005 -0.097964660725097477 22.093750000000004 95.500000000000014 1.0045728249868822 44.187500000000007 132.50000000000003 0.83456588053293457 307.45000000000005 2.8568750000000009
decision_type=2 2 2 2 2 2 2 2 2 2 2 2 2 2
left_child=1 2 3 -1 -4 6 -3 8 -2 11 -11 -9 -7 -10
right_child=7 5 4 -5 -6 12 -8 9 13 10 -12 -13 -14 -15
leaf_value=-0.00017276200493876738 -0.00051110614569354132 0.00039897116339298141 -0.0010806715557785615 0.00026198912973494611 -0.0046110241139343368 0.0033890622111014492 -0.001545792773747068 0.00066275012005177769 -8.5106446716658451e-05 0.0007692043599964349 -0.0027721694470723666 0.0013083781447531841 0.00023417083848501302 0.00070189859274703186
leaf_weight=28513 74 4290 1608 41508 254 1102 174 1110 61 158 104 2074 271 154
leaf_count=28513 74 4290 1608 41508 254 1102 174 1110 61 158 104 2074 271 154
internal_value=0.000250752 0.000116444 1.9685e-05 9.64712e-05 -0.00286788 0.00130804 0.000766129 0.00304552 -0.000363322 0.0033314 0.000419848 0.00357098 0.00306992 0.00290698
internal_weight=81455 77720 71883 70021 1862 5837 4464 3735 289 3446 262 3184 1373 215
internal_count=81455 77720 71883 70021 1862 5837 4464 3735 289 3446 262 3184 1373 215
is_linear=0
shrinkage=0.05


Tree=99
num_leaves=16
num_cat=0
split_feature=16 6 6 5 18 15 20 6 13 6 6 18 22 18 12
split_gain=10.3775 3.22597 12.7294 18.6604 5.7117 10.0851 3.01887 2.24405 1.49253 1.48647 3.91336 0.976409 0.915912 1.24704 0.579605
threshold=776.45000000000016 0.97461712852231652 0.94909129669788206 0.26866988313759588 99.937500000000014 13.500000000000002 3.3706250000000009 0.99958851518450398 0.8274919578580725 -0.55656394595157355 -0.48313741114591585 10.062500000000002 0.98448316466045982 67.187500000000014 407.25000000000006
decision_type=2 2 2 2 2 2 2 2 2 2 2 2 2 2 2
left_child=1 2 6 -4 7 -6 -1 -3 9 11 -11 -2 13 -10 -14
right_child=8 4 3 -5 5 -7 -8 -9 12 10 -12 -13 14 -15 -16
leaf_value=0.00019775321850373564 0.001136131898185054 0.0015980744631102313 -0.00050592339679664223 -0.0025998164874744992 -0.0024727720597764119 -3.397479011937599e-05 -0.00019462343855964587 -0.00034342418303744322 0.00058006219869196143 -0.00181078301520905 0.00030019635975249843 8.3100467114533008e-05 0.0004425305834683702 -0.0066992670181147754 0.0014552014531971202
leaf_weight=51851 433 3082 1160 486 83 532 20131 282 960 79 452 273 131 40 1350
leaf_count=51851 433 3082 1160 486 83 532 20131 282 960 79 452 273 131 40 1350
internal_value=0.000281279 0.000157653 8.27133e-05 -0.00426488 0.00154436 -0.00288618 0.000182129 0.00235434 0.00286175 0.00144301 -0.000555555 0.00294618 0.00356913 0.0024 0.00435854
internal_weight=81325 77607 73628 1646 3979 615 71982 3364 3718 1237 531 706 2481 1000 1481
internal_count=81325 77607 73628 1646 3979 615 71982 3364 3718 1237 531 706 2481 1000 1481
is_linear=0
shrinkage=0.05


Tree=100
num_leaves=16
num_cat=0
split_feature=16 22 21 12 4 6 12 13 5 12 18 22 5 6 0
split_gain=12.0984 3.37602 5.85033 4.03564 2.8431 2.97431 2.78255 1.4816 1.78433 4.77401 1.06942 0.712751 2.52156 0.439922 8.88178e-16
threshold=776.45000000000016 1.0094957306721377 0.98251525438969078 174.45000000000002 1.0000000180025095e-35 0.96633974041180493 27.450000000000006 0.81309132724871891 0.8697513045430848 430.65000000000003 13.812500000000002 1.0175984756127823 0.91248814248966237 -0.89404254237865755 638.52160618298478
decision_type=2 2 2 2 2 2 2 2 2 2 2 2 2 2 2
left_child=1 2 3 -1 5 -3 -4 8 10 -10 -2 12 -9 -6 -13
right_child=7 4 6 -5 13 -7 -8 11 9 -11 -12 14 -14 -15 -16
leaf_value=-9.5500576344581872e-05 0.00099938977990775757 0.00017405899862218689 0.00089583645223339408 0.00041700454610457834 0.0018950224134697835 0.005315338929374188 -0.0018783133008552111 0.00085517616817534228 0.00010177445627471227 -0.0033517256880613751 0.00054234740938677089 0.0011807385595657017 -0.00036149770659297501 0.0036110342676532489 0.0015368592560390682
leaf_weight=43086 413 4460 339 26812 323 426 1638 1785 393 52 181 578 148 657 149
leaf_count=43086 413 4460 339 26812 323 426 1638 1785 393 52 181 578 148 657 149
internal_value=0.000246194 0.000113261 1.91306e-05 9.49957e-05 0.00126662 0.000773639 -0.00266313 0.00304001 0.00143888 -0.000955056 0.00323232 0.00366541 0.00316348 0.00372449 0.005
internal_weight=81440 77741 71875 69898 5866 4886 1977 3699 1039 445 594 2660 1933 980 727
internal_count=81440 77741 71875 69898 5866 4886 1977 3699 1039 445 594 2660 1933 980 727
is_linear=0
shrinkage=0.05


Tree=101
num_leaves=14
num_cat=0
split_feature=16 5 19 2 21 18 22 18 22 19 13 18 5
split_gain=9.93991 3.77483 8.63732 4.99971 3.62178 5.95482 3.63455 3.47607 1.66689 2.97794 1.49452 2.45068 1.97836
threshold=794.90000000000009 0.9193901325473397 22.093750000000004 0.6495955484553505 0.29126962693461228 99.937500000000014 0.26880829936081596 63.812500000000007 0.9281710202781549 24.693750000000005 0.36283148700803924 14.812500000000002 0.99983759474438971
decision_type=2 2 2 2 2 2 2 2 2 2 2 2 2
left_child=1 4 3 -3 5 -1 -6 -4 9 -2 11 -10 -12
right_child=8 2 7 -5 6 -7 -8 -9 10 -11 12 -13 -14
leaf_value=0.00012351320147556462 0.0062287722430983466 -1.8332627952481138e-05 -0.0066736882587999776 -0.0015129184054258726 -0.00096656543876218388 -0.00057428066406696563 0.00028871790716194227 -0.0053613311878206605 0.0013941044156036034 -0.003098512177912756 0.00086422219352100629 -0.0056252647493047238 -0.00022691211553841329
leaf_weight=10969 45 7769 40 2227 508 5154 51753 42 88 40 2650 41 73
leaf_count=10969 45 7769 40 2227 508 5154 51753 42 88 40 2650 41 73
internal_value=0.000220457 0.000113558 -0.000789839 -0.000657263 0.000246695 -0.000408423 0.000448805 -0.0169512 0.00307627 -0.00382353 0.00328191 -0.00197674 0.00353103
internal_weight=81399 78462 10078 9996 68384 16123 52261 82 2937 85 2852 129 2723
internal_count=81399 78462 10078 9996 68384 16123 52261 82 2937 85 2852 129 2723
is_linear=0
shrinkage=0.05


Tree=102
num_leaves=15
num_cat=0
split_feature=16 22 5 21 5 6 6 17 21 21 18 13 17 20
split_gain=10.0291 3.19278 5.37268 7.50689 4.57862 4.09292 2.7402 2.49875 8.02345 2.32965 1.35474 1.23087 1.09315 1.0056
threshold=776.45000000000016 0.78774594420169064 -0.99866806308218525 0.74447796080733031 -0.99763297024448894 -0.70900320270980455 -0.99864786094873803 95.500000000000014 0.99867338805245887 0.81609753992033429 6.8125000000000009 0.75843705238256343 100.50000000000001 2.8568750000000009
decision_type=2 2 2 2 2 2 2 2 2 2 2 2 2 2
left_child=1 4 3 -3 9 -4 -6 8 -2 -1 12 -12 -9 -10
right_child=7 2 5 -5 6 -7 -8 10 13 -11 11 -13 -14 -15
leaf_value=0.0022087991003277049 -0.0048422874467989596 -0.0028427477003536796 0.0011262525269509233 -0.0011154561230280276 -0.0015565049830129872 8.0548143122559731e-05 -8.134714308591671e-05 0.0002185445882130821 -0.00029091556846696528 -0.0043164399164973147 -0.00029484455132471754 0.00066027835304019434 0.0012099566212707454 0.00064499814583975361
leaf_weight=1015 40 50 9261 443 795 17902 48228 330 73 47 297 1141 1652 168
leaf_count=1015 40 50 9261 443 795 17902 48228 330 73 47 297 1141 1652 168
internal_value=0.000227892 0.000106829 0.000538039 -0.00463489 -0.000131277 0.000631926 -0.00020164 0.00277087 -0.00176157 0.00311676 0.00314327 0.00197497 0.00399092 0.0016805
internal_weight=81442 77741 27656 493 50085 27163 49023 3701 281 1062 3420 1438 1982 241
internal_count=81442 77741 27656 493 50085 27163 49023 3701 281 1062 3420 1438 1982 241
is_linear=0
shrinkage=0.05


Tree=103
num_leaves=16
num_cat=0
split_feature=16 5 6 18 17 22 22 6 13 6 22 18 22 21 5
split_gain=10.8052 3.75136 6.30913 19.8883 7.41423 3.46528 4.07111 3.952 1.59654 1.7065 2.97965 1.11184 0.906839 1.04076 0.232111
threshold=776.45000000000016 0.98667101781630195 0.11478523713130605 54.312500000000007 251.50000000000003 0.72632186182927649 0.72015613995360439 -0.95242240592625282 0.84108598258357381 -0.55656394595157355 1.0175984756127823 43.312500000000007 0.98448316466045982 0.98781659971371172 0.99939377080793557
decision_type=2 2 2 2 2 2 2 2 2 2 2 2 2 2 2
left_child=1 5 4 -4 -3 6 -1 -7 9 11 -11 -2 13 -10 -14
right_child=8 2 3 -5 -6 7 -8 -9 12 10 -12 -13 14 -15 -16
leaf_value=-3.112236007840409e-05 0.00061550502482193999 0.00016080515428614875 -0.0045546731503142996 -0.00085691112055519877 -0.0028615835326040416 0.0019287053970450082 -0.0022226084070485238 0.00016984719295645159 0.00054865856282786953 -0.00035883552506541547 0.0005616280844684368 -0.00030006630011046272 0.0013967647640634074 -0.00071118498883154791 0.00046437032382486978
leaf_weight=41601 760 2806 119 530 251 5003 547 26768 715 357 302 40 1258 203 55
leaf_count=41601 760 2806 119 530 251 5003 547 26768 715 357 302 40 1258 203 55
internal_value=0.00021552 8.98553e-05 -0.00146249 -0.00593991 -0.00051194 0.000167684 -0.000129543 0.000561991 0.00285908 0.001573 -0.000311077 0.003125 0.00370013 0.00249455 0.00454303
internal_weight=81315 77625 3706 649 3057 73919 42148 31771 3690 1459 659 800 2231 918 1313
internal_count=81315 77625 3706 649 3057 73919 42148 31771 3690 1459 659 800 2231 918 1313
is_linear=0
shrinkage=0.05


Tree=104
num_leaves=16
num_cat=0
split_feature=15 18 6 6 6 6 5 18 13 6 19 12 11 9 6
split_gain=10.3325 4.99041 5.48024 9.81163 3.54263 9.78576 21.3025 4.95587 8.61689 4.13584 2.2763 1.91616 1.81374 2.11172 0.959413
threshold=577.50000000000011 46.812500000000007 -0.6523320455745395 -0.6391983530350368 0.97461712852231652 0.94353349168649059 0.26866988313759588 92.562500000000014 0.51581659746501496 0.82293497932636273 18.343750000000004 127.65000000000002 0.84269951048867664 0.632869655938335 -0.99628250747696534
decision_type=2 2 2 2 2 2 2 2 2 2 2 2 2 2 2
left_child=4 12 10 -4 5 9 -7 11 -9 -1 -3 -6 13 -2 -14
right_child=1 2 3 -5 7 6 -8 8 -10 -11 -12 -13 14 -15 -16
leaf_value=-4.7083393544444465e-05 0.00093644959999497623 -0.0012714794828389774 -0.015818625913118351 -0.00029232954561486446 0.0012935114792384066 6.458757537526616e-05 -0.0022934781071989527 0.00050612420890735913 -0.001504436102044216 0.00057735501259293808 0.0030342876751476722 -0.0012945032672682674 0.00094814152430668379 8.1237163826964739e-05 0.0016919966036815005
leaf_weight=60395 2304 567 178 1268 2796 1295 638 783 290 4924 3091 49 230 1099 1300
leaf_count=60395 2304 567 178 1268 2796 1295 638 783 290 4924 3091 49 230 1099 1300
internal_value=0.000215314 0.00171715 0.000621082 -0.00198479 3.5129e-06 -8.16331e-05 -0.00358769 0.00146503 -0.00143057 2.21224e-05 0.00165118 0.00255712 0.00285121 0.00220835 0.00428105
internal_weight=81207 10037 5104 1446 71170 67252 1933 3918 1073 65319 3658 2845 4933 3403 1530
internal_count=81207 10037 5104 1446 71170 67252 1933 3918 1073 65319 3658 2845 4933 3403 1530
is_linear=0
shrinkage=0.05


Tree=105
num_leaves=16
num_cat=0
split_feature=16 5 19 17 22 21 5 13 10 6 22 18 22 17 5
split_gain=10.3906 3.68728 6.36564 6.24523 3.98525 4.45736 2.70328 1.91673 1.70046 1.45791 2.9441 1.36943 0.787039 0.88206 0.385713
threshold=776.45000000000016 0.98213580174693105 22.093750000000004 211.50000000000003 1.0094957306721377 0.98045529040063018 -0.25205528343633254 0.84108598258357381 361.35000000000008 -0.49812626372919411 1.0175984756127823 44.187500000000007 0.98448316466045982 108.50000000000001 0.99939377080793557
decision_type=2 2 2 2 2 2 2 2 2 2 2 2 2 2 2
left_child=1 4 3 -3 5 -1 -6 9 -4 11 -11 -2 13 -9 -14
right_child=7 2 8 -5 6 -7 -8 12 -10 10 -12 -13 14 -15 -16
leaf_value=6.7437265728374673e-05 0.00051800980886109718 -4.9753367550476704e-05 -0.0049437639249679081 -0.0023289722695209554 -3.6151066297693619e-05 -0.0012439942907648428 0.0009538480622537566 -0.0001148434851967195 -0.0064057433088952108 -0.00030534350749036247 0.00051679875489999024 -0.00085403785987300427 0.0012596356477794243 0.0011345711677497653 0.00044011289723763227
leaf_weight=66366 817 3379 42 856 1641 1919 3350 167 40 337 317 40 1270 724 54
leaf_count=66366 817 3379 42 856 1641 1919 3350 167 40 337 317 40 1270 724 54
internal_value=0.000220059 9.62073e-05 -0.00132384 -0.00105667 0.000179868 8.01788e-05 0.00154378 0.00279925 -0.015122 0.00142621 -0.000351682 0.00278296 0.00373589 0.00258698 0.00450906
internal_weight=81319 77593 4317 4235 73276 68285 4991 3726 82 1511 654 857 2215 891 1324
internal_count=81319 77593 4317 4235 73276 68285 4991 3726 82 1511 654 857 2215 891 1324
is_linear=0
shrinkage=0.05


Tree=106
num_leaves=15
num_cat=0
split_feature=16 15 5 19 16 6 6 18 17 21 18 22 17 3
split_gain=8.92181 2.78548 4.31257 4.34613 3.66446 3.01413 8.03829 4.69757 1.92423 2.6231 1.53388 1.43899 1.27847 0.664332
threshold=776.45000000000016 474.50000000000006 0.30164402523644185 22.093750000000004 219.65000000000001 0.97461712852231652 0.94353349168649059 99.687500000000014 95.500000000000014 1.0045728249868822 6.8125000000000009 0.98672435450526208 100.50000000000001 -0.41248606129204529
decision_type=2 2 2 2 2 2 2 2 2 2 2 2 2 2
left_child=1 5 4 -4 -3 6 -1 -7 9 -2 12 -12 -10 -11
right_child=8 2 3 -5 -6 7 -8 -9 10 13 11 -13 -14 -15
leaf_value=4.7742327059264672e-06 -0.0011065836908614453 -0.0052433045937408142 0.00028796623647380507 -0.0072779083580972641 0.0019295291613234877 0.0010629935606462839 -0.0011499829536070576 -0.00055569367849261084 0.00011278210042665108 -3.7806787333255487e-05 8.3507689667204231e-05 0.0012253631435095442 0.0010551721980802732 0.00066869018284272175
leaf_weight=58431 78 140 5012 842 7341 3282 1967 649 325 133 882 571 1663 86
leaf_count=58431 78 140 5012 842 7341 3282 1967 649 325 133 882 571 1663 86
internal_value=0.000246431 0.000131593 0.000789277 -0.000227195 0.00158468 -4.74107e-06 -9.20558e-05 0.00133681 0.00263242 -0.00122896 0.00296571 0.0017309 0.00386821 0.00157534
internal_weight=81402 77664 13335 5854 7481 64329 60398 3931 3738 297 3441 1453 1988 219
internal_count=81402 77664 13335 5854 7481 64329 60398 3931 3738 297 3441 1453 1988 219
is_linear=0
shrinkage=0.05


Tree=107
num_leaves=16
num_cat=0
split_feature=16 22 3 5 20 13 6 22 4 19 18 18 22 18 6
split_gain=9.01278 3.38916 2.98877 4.24559 3.49023 1.57597 1.54048 3.14013 1.28656 1.92216 1.24898 1.18788 0.90623 0.654021 0.292171
threshold=776.45000000000016 1.1514808641025693 -0.29012925520284066 0.79904096188274243 3.6881250000000008 0.84108598258357381 -0.49812626372919411 1.0175984756127823 -0.13052619222005149 18.818750000000005 69.937500000000014 81.937500000000014 0.98448316466045982 44.187500000000007 -0.8142754349318998
decision_type=2 2 2 2 2 2 2 2 2 2 2 2 2 2 2
left_child=1 2 3 -1 -4 6 13 -8 9 -3 12 -12 -7 -2 -10
right_child=5 8 4 -5 -6 10 7 -9 14 -11 11 -13 -14 -15 -16
leaf_value=-2.8343768935215762e-05 0.00046060891772205519 0.00075878488409263339 0.00028643751959138382 -0.00087717304819471013 -0.0002979717201262811 0.00049681981925438494 -0.00027145311688288044 0.00046398751651451791 0.00088320617375491962 -0.0071160939504490654 -0.0065282326823594044 0.0014795166740722014 0.0011247329811778872 -0.00026119543247805633 0.0045695796636323364
leaf_weight=22853 802 1233 36182 6143 10434 862 332 314 106 54 40 48 1243 42 491
leaf_count=22853 802 1233 36182 6143 10434 862 332 314 106 54 40 48 1243 42 491
internal_value=0.000180404 6.5552e-05 1.33579e-05 -0.000385225 0.000261284 0.00259707 0.00134228 -0.000495356 0.0021603 0.0012704 0.00344961 -0.00238636 0.00369359 0.00274882 0.00407873
internal_weight=81179 77496 75612 28996 46616 3683 1490 646 1884 1287 2193 88 2105 844 597
internal_count=81179 77496 75612 28996 46616 3683 1490 646 1884 1287 2193 88 2105 844 597
is_linear=0
shrinkage=0.05


Tree=108
num_leaves=15
num_cat=0
split_feature=16 22 6 18 19 5 10 10 22 5 18 18 0 18
split_gain=8.81545 2.58847 4.32848 6.05261 3.51706 10.1068 5.52979 3.21195 1.78168 4.82696 3.37641 1.63263 0.671725 0.0346127
threshold=776.45000000000016 0.72632186182927649 -0.72694848937061807 99.062500000000014 14.018750000000002 0.99907018497641664 420.15000000000003 223.95000000000002 1.0175984756127823 0.91248814248966237 4.9375000000000009 7.9375000000000009 410.27004185541097 11.687500000000002
decision_type=2 2 2 2 2 2 2 2 2 2 2 2 2 2
left_child=1 4 7 -4 6 -6 -1 -3 9 11 -11 -2 -10 -14
right_child=8 2 3 -5 5 -7 -8 -9 12 10 -12 -13 13 -15
leaf_value=0.00011928227370857775 0.00061230508082699706 0.0019444456898513953 -0.00011089192874901883 0.0020513771486439943 -0.00035182042399286748 -0.0027151170145244203 -0.0026150985548980387 0.00041965993643368696 -3.5906757947869011e-06 -0.00069580206435916701 0.00029724830199608651 0.00021702518640229313 0.00088181547329047288 0.00092282927377740744
leaf_weight=27210 1396 4783 20392 1936 16425 96 182 6589 65 128 146 1089 767 102
leaf_count=27210 1396 4783 20392 1936 16425 96 182 6589 65 128 146 1089 767 102
internal_value=0.000243894 0.000130326 0.000459941 5.55358e-05 -0.000122629 -0.000698807 0.000224883 0.00125396 0.00263065 0.00199166 -0.00430657 0.00268612 0.0045182 0.00488493
internal_weight=81306 77613 33700 22328 43913 16521 27392 11372 3693 2759 274 2485 934 869
internal_count=81306 77613 33700 22328 43913 16521 27392 11372 3693 2759 274 2485 934 869
is_linear=0
shrinkage=0.05


Tree=109
num_leaves=16
num_cat=0
split_feature=15 18 6 6 22 5 3 17 15 1 9 22 19 5 16
split_gain=9.02511 4.83141 6.05165 9.6694 3.21594 3.32724 5.68704 3.09684 2.07609 1.74387 2.43743 1.50736 1.31462 3.44607 0.861733
threshold=577.50000000000011 46.812500000000007 -0.6523320455745395 -0.6391983530350368 1.1514808641025693 0.98213580174693105 0.097964660725097366 91.500000000000014 786.50000000000011 590.6409866238746 0.67958238680165162 1.0175984756127823 0.84375000000000011 0.17646842360078763 74.850000000000009
decision_type=2 2 2 2 2 2 2 2 2 2 2 2 2 2 2
left_child=4 9 8 -4 5 7 -7 -1 -3 10 -2 -11 13 -6 -14
right_child=1 2 3 -5 12 6 -8 -9 -10 11 -12 -13 14 -15 -16
leaf_value=-0.00013042175124159671 0.00038320635593134741 0.0027497522357025368 -0.015699540825497255 -0.00037661614889080179 -0.002952856542618989 -0.0014993831061408721 0.00031294353818225114 0.00020571607850449915 -0.0019754002264630874 0.00070786442599447255 -0.0023310748697011954 0.00083350047940623925 0.00028649801933160342 7.1154953672539217e-05 0.0028832640816292168
leaf_weight=28960 100 3375 184 1262 45 2125 1837 36438 306 4065 52 710 326 197 1303
leaf_count=28960 100 3375 184 1262 45 2125 1837 36438 306 4065 52 710 326 197 1303
internal_value=0.000186074 0.00158842 0.000513946 -0.00222683 -1.18626e-05 -6.70413e-05 -0.001474 1.81965e-05 0.0015906 0.00270652 -0.00256579 0.00287435 0.00203367 -0.00140496 0.00254451
internal_weight=81285 10054 5127 1446 71231 69360 3962 65398 3681 4927 152 4775 1871 242 1629
internal_count=81285 10054 5127 1446 71231 69360 3962 65398 3681 4927 152 4775 1871 242 1629
is_linear=0
shrinkage=0.05


Tree=110
num_leaves=15
num_cat=0
split_feature=16 6 6 5 6 5 18 6 11 7 11 19 18 18
split_gain=8.67702 3.18938 8.70979 14.4335 4.03532 5.60181 3.72206 2.73287 1.8023 2.03671 2.41093 1.69077 1.03071 0.219435
threshold=776.45000000000016 0.97461712852231652 0.94909129669788206 0.26866988313759588 0.99981043035926087 1.0000000180025095e-35 99.937500000000014 0.82293497932636273 0.84269951048867664 1.1250000000000002 0.80118552338457449 33.23125000000001 71.062500000000014 44.187500000000007
decision_type=2 2 2 2 2 2 2 2 2 2 2 2 2 2
left_child=1 2 7 -4 6 -6 -3 -1 9 10 -2 -11 13 -10
right_child=8 4 3 -5 5 -7 -8 -9 12 11 -12 -13 -14 -15
leaf_value=1.3223661103459872e-05 -0.00077833739867392475 0.001333861439912309 -0.00043941645869448147 -0.0022444076534697275 0.00060838383251433448 -0.0012869962957312343 -0.0007520131320846356 0.00044813163443708517 0.0011589329937618487 0.00045159181125173923 0.00034606672818820929 -0.00034733983048150594 -0.00095825775088508286 0.0010714355676212041
leaf_weight=66689 167 3088 1165 474 218 146 459 5219 1133 2121 171 45 40 54
leaf_count=66689 167 3088 1165 474 218 146 459 5219 1133 2121 171 45 40 54
internal_value=0.00021918 0.000105735 3.17486e-05 -0.0035723 0.00149706 -0.00351648 0.00201156 0.000113896 0.00257438 0.00180511 -0.00180473 0.00236842 0.00414425 0.00441028
internal_weight=81189 77458 73547 1639 3911 364 3547 71908 3731 2504 338 2166 1227 1187
internal_count=81189 77458 73547 1639 3911 364 3547 71908 3731 2504 338 2166 1227 1187
is_linear=0
shrinkage=0.05


Tree=111
num_leaves=16
num_cat=0
split_feature=15 22 5 5 6 6 5 18 13 21 6 6 13 17 18
split_gain=6.83236 3.71968 5.58031 6.31667 3.21034 7.88324 17.2685 3.77669 6.43182 3.18129 2.92748 2.52034 1.53521 1.692 0.180656
threshold=577.50000000000011 0.98923773796635583 0.69676570133721638 0.76696112484652035 0.97461712852231652 0.94353349168649059 0.26866988313759588 91.562500000000014 0.52541011980594521 0.99376977840234615 0.82293497932636273 0.99958851518450398 0.84424543189909906 100.50000000000001 85.062500000000014
decision_type=2 2 2 2 2 2 2 2 2 2 2 2 2 2 2
left_child=4 2 9 -4 5 10 -7 11 -9 -2 -1 -6 13 -3 -14
right_child=1 12 3 -5 7 6 -8 8 -10 -11 -12 -13 14 -15 -16
leaf_value=-2.5860033569211944e-05 0.00074509731420690085 -6.0355562531350034e-05 -0.010554906160354982 -2.1290463008936371e-05 0.0016443149440255158 0.0001244785826534354 -0.0020222254445176465 0.00038944434058444635 -0.0013423470495272129 -0.0031171270632718746 0.00051709648742951709 -0.00024444956313483118 0.0010079239104432902 0.00099779516746293902 0.0016009529051536965
leaf_weight=60527 6570 178 324 1206 2589 1312 635 811 282 103 4920 249 1082 555 41
leaf_count=60527 6570 178 324 1206 2589 1312 635 811 282 103 4920 249 1082 555 41
internal_value=0.00019623 0.00141614 0.000958796 -0.00176471 2.41853e-05 -5.68298e-05 -0.00319209 0.00141313 -0.00108417 0.00158325 3.64419e-05 0.00237491 0.0034375 0.00165757 0.00459929
internal_weight=81384 10059 8203 1530 71325 67394 1947 3931 1093 6673 65447 2838 1856 733 1123
internal_count=81384 10059 8203 1530 71325 67394 1947 3931 1093 6673 65447 2838 1856 733 1123
is_linear=0
shrinkage=0.05


Tree=112
num_leaves=16
num_cat=0
split_feature=15 18 6 6 6 6 5 18 21 6 6 22 11 7 2
split_gain=7.61861 4.3534 4.55717 16.1959 2.69037 7.98521 11.5577 3.85357 6.05132 2.4802 2.41423 2.27061 2.15764 2.26032 0.646469
threshold=577.50000000000011 49.812500000000007 -0.64580103137750788 -0.6391983530350368 0.97461712852231652 0.94909129669788206 0.26866988313759588 91.562500000000014 0.17403939492051704 0.82293497932636273 0.99958851518450398 0.68922373894296796 0.83960345806004832 1.8750000000000002 0.67919162737505789
decision_type=2 2 2 2 2 2 2 2 2 2 2 2 2 2 2
left_child=4 12 11 -4 5 9 -7 10 -9 -1 -6 -3 13 -2 -14
right_child=1 2 3 -5 7 6 -8 8 -10 -11 -12 -13 14 -15 -16
leaf_value=-4.0524359638360745e-05 -3.1452512152314098e-05 -0.002559785670564016 -0.016034050807000471 -0.00031765074976627342 0.001478233538360813 -0.00047423774301631353 -0.0020474882516119852 -0.0012442460987957937 0.00011018867943349835 0.00040101612363539199 -0.00024545350014316752 0.0019182728416832142 0.00060057525592792024 0.00061588080109449832 0.001590665990232415
leaf_weight=60542 799 281 97 1188 2633 1153 468 176 896 5176 256 3322 274 2678 1423
leaf_count=60542 799 281 97 1188 2633 1153 468 176 896 5176 256 3322 274 2678 1423
internal_value=0.000178954 0.00146691 0.000396891 -0.00215953 -2.80486e-06 -7.72953e-05 -0.00354411 0.00126357 -0.00129664 8.21711e-06 0.00221357 0.00130863 0.00247777 0.00176445 0.0039393
internal_weight=81362 10062 4888 1285 71300 67339 1621 3961 1072 65718 2889 3603 5174 3477 1697
internal_count=81362 10062 4888 1285 71300 67339 1621 3961 1072 65718 2889 3603 5174 3477 1697
is_linear=0
shrinkage=0.05


Tree=113
num_leaves=16
num_cat=0
split_feature=15 22 5 5 17 19 6 16 20 17 2 12 13 17 5
split_gain=7.03977 3.79074 4.86596 4.34055 2.67954 13.2683 9.95056 9.50609 2.46669 2.37991 5.26477 4.99503 1.41265 1.9034 0.14886
threshold=577.50000000000011 0.98923773796635583 0.69676570133721638 0.76696112484652035 285.50000000000006 23.781250000000004 0.011826144619637555 125.95000000000002 1.9731250000000002 168.50000000000003 0.56563398067015991 556.65000000000009 0.84424543189909906 100.50000000000001 0.99939377080793557
decision_type=2 2 2 2 2 2 2 2 2 2 2 2 2 2 2
left_child=4 2 8 -4 9 6 -6 -7 -2 11 -11 -1 13 -3 -14
right_child=1 12 3 -5 5 7 -8 -9 -10 10 -12 -13 14 -15 -16
leaf_value=-1.6121701476222775e-05 0.0016493950553494322 -5.9483323033559394e-05 -0.010490604359933405 -5.5649807854881679e-05 0.00017128667848510901 -0.008014494262886241 -0.0021180264790929028 -0.0090863390033905627 0.00045822052201038665 0.0018374960739688613 0.00010141985889864796 -0.0030171586957948721 0.00097038485670659371 0.00092346779549658134 0.00024671981818392779
leaf_weight=53973 2040 173 331 1192 1986 63 43 202 4589 3449 11412 117 1075 576 48
leaf_count=53973 2040 173 331 1192 1986 63 43 202 4589 3449 11412 117 1075 576 48
internal_value=0.00020789 0.00144852 0.000982581 -0.00156599 3.33359e-05 -0.00164778 -0.000273534 -0.0121698 0.00156811 8.92665e-05 0.000649687 -6.47068e-05 0.00347756 0.00179573 0.00459929
internal_weight=81269 10024 8152 1523 71245 2294 2029 265 6629 68951 14861 54090 1872 749 1123
internal_count=81269 10024 8152 1523 71245 2294 2029 265 6629 68951 14861 54090 1872 749 1123
is_linear=0
shrinkage=0.05


Tree=114
num_leaves=16
num_cat=0
split_feature=22 13 5 6 17 5 20 5 6 5 19 17 5 20 18
split_gain=7.54832 5.25258 5.48145 6.38901 4.76978 6.91806 4.81572 4.81365 8.95728 5.46778 3.32151 2.87214 3.8366 2.73109 1.21791
threshold=0.99214247489978813 0.50450017557654248 -0.20180236284700911 0.86004965528756494 147.50000000000003 -0.96235977360714686 1.2006250000000003 0.81428061195174062 -0.48313741114591585 -0.98803845231459242 18.256250000000005 100.50000000000001 0.91248814248966237 0.53562500000000013 37.062500000000007
decision_type=2 2 2 2 2 2 2 2 2 2 2 2 2 2 2
left_child=4 2 3 -2 7 13 -7 9 -9 -1 -4 12 -3 -6 -13
right_child=1 11 10 -5 5 6 -8 8 -10 -11 -12 14 -14 -15 -16
leaf_value=-0.00082456706831159912 -0.00083825180565586075 0.0011883604795401984 0.00076904709198752494 -0.0017076144176269581 -0.0015662688074720096 0.0019885321874487383 2.8327779568588965e-05 -0.0018733947130460686 -0.00036518115214856752 1.6769105396302964e-05 -0.00027954530852450539 0.0011238624967641843 -6.7108280331140119e-05 0.00277093225611678 0.00081777019918873733
leaf_weight=2454 915 2795 1711 99 101 2805 22717 760 5148 36408 267 1511 1078 2210 435
leaf_count=2454 915 2795 1711 99 101 2805 22717 760 5148 36408 267 1511 1078 2210 435
internal_value=0.000173435 0.00155544 -0.000147059 -0.00313609 5.7162e-06 0.000519707 0.000282502 -0.000313826 -0.00164353 -0.000111677 0.00138524 0.00243083 0.00164343 0.00313933 0.00399794
internal_weight=81414 8811 2992 1014 72603 27833 25522 44770 5908 38862 1978 5819 3873 2311 1946
internal_count=81414 8811 2992 1014 72603 27833 25522 44770 5908 38862 1978 5819 3873 2311 1946
is_linear=0
shrinkage=0.05


Tree=115
num_leaves=16
num_cat=0
split_feature=15 22 5 5 19 22 21 20 13 5 5 9 3 11 17
split_gain=6.5627 3.72581 4.84971 10.6172 4.11233 3.05579 4.16285 3.15933 2.80507 3.07252 2.23522 1.74245 0.107553 0.187235 0.0176707
threshold=577.50000000000011 1.0175984756127823 0.75580964594513067 0.76696112484652035 14.856250000000003 1.0094957306721377 0.97906082590804389 4.073125000000001 0.51581659746501496 -0.16799356919963607 -0.96235977360714686 0.96816549174263311 0.5277851165098012 0.52580571624521055 96.500000000000014
decision_type=2 2 2 2 2 2 2 2 2 2 2 2 2 2 2
left_child=5 2 4 -4 -2 6 10 -8 9 -7 -1 -10 14 -14 -3
right_child=1 12 3 -5 -6 8 7 -9 11 -11 -12 -13 13 -15 -16
leaf_value=0.00049089463683100478 -0.0042934617126927904 0.00025809489413360732 -0.013641106008824689 -1.3687564421923981e-05 0.00095690763309055178 -0.0011217487449360654 -0.00080245075308704175 -0.0055050438340181604 0.0010827058793432141 0.00027527913286428952 -6.1426823618570105e-05 -0.0019761532505390379 0.0013985386671937329 8.3883418863018105e-05 0.00079190184224957761
leaf_weight=6548 95 52 130 1683 7327 880 1982 151 3371 1709 56608 42 92 74 589
leaf_count=6548 95 52 130 1683 7327 880 1982 151 3371 1709 56608 42 92 74 589
internal_value=0.000173546 0.00137025 0.00108554 -0.00123276 0.00165185 4.97978e-06 -9.4273e-05 -0.00226676 0.00108464 -0.000156431 -2.09004e-05 0.00202608 0.00462825 0.00349398 0.004922
internal_weight=81333 10042 9235 1813 7422 71291 65289 2133 6002 2589 63156 3413 807 166 641
internal_count=81333 10042 9235 1813 7422 71291 65289 2133 6002 2589 63156 3413 807 166 641
is_linear=0
shrinkage=0.05


Tree=116
num_leaves=14
num_cat=0
split_feature=15 18 11 22 21 2 13 5 16 18 22 17 12
split_gain=5.82074 3.0851 5.73259 3.02501 3.42319 3.12395 2.32045 3.69653 2.02638 1.99781 1.08619 3.97125 0.531706
threshold=731.50000000000011 58.562500000000007 0.44469184469588691 1.0094957306721377 1.1192229567126728 0.36725212901469123 0.50450017557654248 -0.20180236284700911 12.250000000000002 63.812500000000007 0.98923773796635583 108.50000000000001 278.85000000000008
decision_type=2 2 2 2 2 2 2 2 2 2 2 2 2
left_child=3 10 -3 4 5 -1 7 -5 -8 -4 11 -2 -12
right_child=1 2 9 6 -6 -7 8 -9 -10 -11 12 -13 -14
leaf_value=-0.00017374574046964957 -0.00024292199797046332 -0.011341171794631639 -0.0069787593059986415 -0.0011151417924589791 -0.0044837312302690837 0.00015574114346046544 -0.0029392037952576111 0.00033070612988771457 0.00063921791873386479 0.0019239571835526388 -0.00088953984489654461 0.0012449502463726849 0.00092549010611024359
leaf_weight=28747 115 65 76 797 63 42631 49 1695 4019 481 40 1665 853
leaf_count=28747 115 65 76 797 63 42631 49 1695 4019 481 40 1665 853
internal_value=0.000164584 0.00222307 -0.000948553 7.76274e-05 -1.67269e-05 -6.44438e-06 0.00110518 -9.6308e-05 0.0018412 0.000691203 0.00296109 0.00224719 0.0043841
internal_weight=81296 3295 622 78001 71441 71378 6560 2492 4068 557 2673 1780 893
internal_count=81296 3295 622 78001 71441 71378 6560 2492 4068 557 2673 1780 893
is_linear=0
shrinkage=0.05


Tree=117
num_leaves=16
num_cat=0
split_feature=15 18 6 6 17 2 22 6 6 13 22 22 19 5 5
split_gain=5.90129 3.83207 4.24791 10.1305 2.91159 3.59469 2.80984 2.28804 5.4766 5.32912 1.97934 1.97418 1.37355 1.90146 0.956496
threshold=577.50000000000011 49.812500000000007 -0.6523320455745395 -0.6391983530350368 100.50000000000001 0.62700413017236201 1.1514808641025693 0.97461712852231652 0.94909129669788206 0.76253616973177707 0.68922373894296796 0.98923773796635583 0.84375000000000011 0.19337368024598436 0.91248814248966237
decision_type=2 2 2 2 2 2 2 2 2 2 2 2 2 2 2
left_child=6 4 10 -4 5 -2 7 8 -1 -9 -3 -6 13 -8 -14
right_child=1 2 3 -5 11 -7 12 9 -10 -11 -12 -13 14 -15 -16
leaf_value=5.0603199288937993e-06 -0.00031638066708455633 -0.0024924647882414103 -0.012277707768483886 -0.00015136074428892087 0.00058614204785940578 1.2351812107275691e-05 -0.00295434227447739 0.00056472747148565152 -0.0011170537396529292 -0.0017633905400860892 0.0020098822660401749 0.00097469568933056814 0.0028614375524403483 7.3353000561249984e-06 0.00038712397546081874
leaf_weight=63865 57 267 163 1198 3271 340 54 3575 1551 207 3248 1466 1296 191 352
leaf_count=63865 57 267 163 1198 3271 340 54 3575 1551 207 3248 1466 1296 191 352
internal_value=0.000222007 0.00135864 0.000354799 -0.0020169 0.00231204 -0.00180101 6.1963e-05 9.97157e-06 -5.91597e-05 0.00120571 0.00127312 0.00265674 0.00196249 -0.00153061 0.0024818
internal_weight=81101 10010 4876 1361 5134 397 71091 69198 65416 3782 3515 4737 1893 245 1648
internal_count=81101 10010 4876 1361 5134 397 71091 69198 65416 3782 3515 4737 1893 245 1648
is_linear=0
shrinkage=0.05


Tree=118
num_leaves=13
num_cat=0
split_feature=22 19 13 5 17 5 15 5 5 6 20 11
split_gain=5.3124 7.11224 5.60724 3.83732 3.45973 5.23302 7.44356 5.21183 4.32266 3.47008 3.25861 2.38073
threshold=0.9486081455657206 33.23125000000001 0.48757263638388781 -0.25205528343633254 134.50000000000003 -0.98523971305672675 50.500000000000007 -0.95754239937548935 -0.95244167294248061 0.56901594657981336 0.57937500000000008 0.11193744418006889
decision_type=2 2 2 2 2 2 2 2 2 2 2 2
left_child=4 2 3 -2 5 6 -1 -7 10 -10 -6 -4
right_child=1 -3 11 -5 8 7 -8 -9 9 -11 -12 -13
leaf_value=-0.0015064250987856594 -0.00094770077948461151 -0.00050866710898639746 0.0031854206473792752 0.00019130592710294475 -0.000928039421075816 0.0020925971798444755 -0.00032331264173559324 -0.00014313644810235395 2.0175346409073382e-05 0.0015403443497014346 0.0020457333391113801 0.00037288024134180745
leaf_weight=691 1542 75 2076 2606 199 1825 1558 32778 25462 1311 2881 8226
leaf_count=691 1542 75 2076 2606 199 1825 1558 32778 25462 1311 2881 8226
internal_value=0.000157577 0.0010241 0.00110381 -0.000448409 -3.11069e-05 -0.000355204 -0.00269231 -0.000203306 0.000368975 0.000164905 0.00214286 0.00172879
internal_weight=81230 14525 14450 4148 66705 36852 2249 34603 29853 26773 3080 10302
internal_count=81230 14525 14450 4148 66705 36852 2249 34603 29853 26773 3080 10302
is_linear=0
shrinkage=0.05


Tree=119
num_leaves=16
num_cat=0
split_feature=15 11 7 10 22 5 19 20 4 19 16 22 19 16 7
split_gain=6.75983 4.21185 3.86511 4.2774 3.00847 3.00117 5.08891 2.63033 2.47376 2.32897 2.16841 1.64073 2.89257 0.978741 0.808154
threshold=577.50000000000011 0.83960345806004832 1.8750000000000002 119.85000000000001 1.1514808641025693 0.98213580174693105 21.881250000000005 1.9406250000000005 -0.93540483100319616 -0.38124999999999992 159.85000000000005 0.91256779852044179 15.731250000000005 74.850000000000009 4.8750000000000009
decision_type=2 2 2 2 2 2 2 2 2 2 2 2 2 2 2
left_child=4 2 3 -2 5 8 -7 -4 -1 10 -6 12 -3 -11 -13
right_child=1 11 7 -5 9 6 -8 -9 -10 13 -12 14 -14 -15 -16
leaf_value=0.00029110356722596609 -0.0083192563106391556 -0.0035535852532913581 0.00098252206874984045 -0.00018443436104231497 0.00050747386567740458 -0.00045786257577496483 -0.0046017216564373763 0.00027439510455030958 -6.9955730512014097e-05 0.0002445106473666525 -0.0029163469245551857 0.0012541434666693951 0.0031671478628738331 0.0026870863743211934 -0.0012218789263417316
leaf_weight=15694 40 53 1415 1679 98 3853 104 3924 49684 366 78 1951 895 1364 56
leaf_count=15694 40 53 1415 1679 98 3853 104 3924 49684 366 78 1951 895 1364 56
internal_value=0.000168238 0.0013847 0.000721168 -0.0013409 -2.737e-06 -5.6609e-05 -0.00139373 0.00138509 2.43203e-05 0.00195698 -0.00352273 0.00296954 0.00125527 0.00251445 0.00377927
internal_weight=81254 10013 7058 1719 71241 69335 3957 5339 65378 1906 176 2955 948 1730 2007
internal_count=81254 10013 7058 1719 71241 69335 3957 5339 65378 1906 176 2955 948 1730 2007
is_linear=0
shrinkage=0.05


Tree=120
num_leaves=16
num_cat=0
split_feature=22 13 5 12 21 19 12 18 21 10 10 6 16 22 13
split_gain=4.96159 5.22255 4.26671 6.02042 3.64201 3.51788 3.41116 4.50528 3.10787 3.09348 6.93709 2.71829 2.38889 1.67857 0.892026
threshold=0.99214247489978813 0.48757263638388781 -0.29343379936893921 62.250000000000007 0.98612669923180774 18.256250000000005 174.45000000000002 47.437500000000007 0.89095253074953418 95.250000000000014 104.85000000000001 -0.42179730054635828 78.15000000000002 0.97495241261619292 0.8538647486901485
decision_type=2 2 2 2 2 2 2 2 2 2 2 2 2 2 2
left_child=4 2 3 -2 6 -4 8 -8 -1 13 -11 14 -13 -6 -3
right_child=1 11 5 -5 9 -7 7 -9 -10 10 -12 12 -14 -15 -16
leaf_value=-2.8768351561029711e-05 -0.0006255208416967987 0.00079489235327302266 0.00059931121611695305 -0.0022565192694896561 0.00077183552119073522 -0.00045258569154361158 0.00056721405384819665 0.00012258951227034655 -0.00065046792424830132 -0.0068710559510404877 -0.0020080766182819514 -0.00082099724210380756 0.00048202007520951559 -0.0013500956326043462 0.0011023362645123779
leaf_weight=39089 769 1511 1609 188 451 227 4835 23187 3635 61 919 274 3437 322 802
leaf_count=39089 769 1511 1609 188 451 227 4835 23187 3635 61 919 274 3437 322 802
internal_value=0.000171307 0.00129126 -0.000495882 -0.00320272 3.51041e-05 0.000915033 9.08887e-05 0.000519592 -0.000190291 -0.0022162 -0.00408163 0.00211985 0.00128133 0.000148771 0.0034652
internal_weight=81316 8817 2793 957 72499 1836 70746 28022 42724 1753 980 6024 3711 773 2313
internal_count=81316 8817 2793 957 72499 1836 70746 28022 42724 1753 980 6024 3711 773 2313
is_linear=0
shrinkage=0.05


Tree=121
num_leaves=16
num_cat=0
split_feature=11 19 18 3 19 22 2 16 22 21 12 9 10 10 22
split_gain=4.95341 4.61516 8.00393 10.7688 4.60337 3.91122 3.67777 7.61854 2.97609 4.00836 3.33168 2.91761 3.45733 2.19299 0.766508
threshold=0.83960345806004832 23.931250000000006 96.937500000000014 0.5277851165098012 33.23125000000001 0.85835371514692682 0.37287586234028963 460.40000000000003 0.93873121736646759 0.89095253074953418 407.25000000000006 0.64654410858235423 432.30000000000007 15.150000000000002 0.91256779852044179
decision_type=2 2 2 2 2 2 2 2 2 2 2 2 2 2 2
left_child=1 8 4 -4 -3 11 7 -7 9 -1 -10 12 -2 -13 -8
right_child=5 2 3 -5 -6 6 14 -9 10 -11 -12 13 -14 -15 -16
leaf_value=3.547174095243454e-05 0.0012448878928778661 -1.0461342441644062e-05 -0.0040313431868273771 -0.0071232636489935693 -0.00049565748401319556 0.0012711787136049984 0.0020482871848921066 -0.0011342072815407895 0.00022490285422422141 -0.0010371506383958864 0.00075152426909111045 -0.001845824757957941 -0.0033224036023980414 0.0013230784324655617 0.0011504661210078649
leaf_weight=53314 423 3591 997 43 100 871 979 374 9250 3573 1616 95 573 2400 3062
leaf_count=53314 423 3591 997 43 100 871 979 374 9250 3573 1616 95 573 2400 3062
internal_value=0.000135428 -4.13698e-07 -0.00151025 -0.00538462 -0.000418586 0.00125726 0.00211502 -0.000261044 0.000105014 -3.98156e-05 0.000863243 -4.15352e-05 -0.00232932 0.000871744 0.00284707
internal_weight=81261 72484 4731 1040 3691 8777 5286 1245 67753 56887 10866 3491 996 2495 4041
internal_count=81261 72484 4731 1040 3691 8777 5286 1245 67753 56887 10866 3491 996 2495 4041
is_linear=0
shrinkage=0.05


Tree=122
num_leaves=15
num_cat=0
split_feature=15 18 11 22 21 21 13 5 5 4 20 11 10 22
split_gain=4.466 2.74885 4.83401 2.24579 4.23319 3.37254 1.9818 1.91452 6.06559 1.80372 1.52607 1.27482 1.9417 0.234814
threshold=731.50000000000011 53.687500000000007 0.44469184469588691 1.0094957306721377 1.1192229567126728 0.95822069235233565 0.78450705776158003 -0.98803845231459242 -0.99763297024448894 -0.13052619222005149 2.6818750000000007 0.85488659115969112 437.55000000000001 0.97318512561689607
decision_type=2 2 2 2 2 2 2 2 2 2 2 2 2 2
left_child=3 11 6 4 5 -1 -3 8 -5 -9 -4 12 -2 -13
right_child=1 2 10 7 -6 -7 -8 9 -10 -11 -12 13 -14 -15
leaf_value=4.5922843695178125e-05 0.00070581643461789685 -0.0027212247875069888 0.0018018907293835943 0.0037072392830946703 -0.0048677184550722698 -0.00034060029848789199 -0.0096732228213580965 0.000206804477049098 -0.003040165125511779 0.0016446229512189639 -0.0041573144677666098 0.002348383659852394 -0.00012530734551855887 0.0015457550309082579
leaf_weight=66579 1431 46 394 89 56 4696 40 5027 40 1468 264 279 288 530
leaf_count=66579 1431 46 394 89 56 4696 40 5027 40 1468 264 279 288 530
internal_value=0.000149396 0.00195905 -0.000712365 7.344e-05 -8.34121e-06 2.45547e-06 -0.0118605 0.000954106 -0.00507752 0.0010739 0.000744681 0.00274525 0.00197499 0.00438195
internal_weight=81227 3272 744 77955 71331 71275 86 6624 129 6495 658 2528 1719 809
internal_count=81227 3272 744 77955 71331 71275 86 6624 129 6495 658 2528 1719 809
is_linear=0
shrinkage=0.05


Tree=123
num_leaves=16
num_cat=0
split_feature=15 11 7 19 6 6 5 18 13 6 17 10 22 5 1
split_gain=4.02002 3.29927 4.31709 3.2569 2.77384 6.10708 13.3658 3.11056 3.98989 2.30722 1.92421 1.9036 1.61427 1.31105 1.07337
threshold=577.50000000000011 0.83960345806004832 1.8750000000000002 33.23125000000001 0.97461712852231652 0.94353349168649059 0.26866988313759588 91.562500000000014 0.51581659746501496 0.82293497932636273 98.500000000000014 142.95000000000002 0.91256779852044179 0.15951094710994371 672.77062567996097
decision_type=2 2 2 2 2 2 2 2 2 2 2 2 2 2 2
left_child=4 2 11 -4 5 9 -7 13 -9 -1 14 -2 -12 -6 -3
right_child=1 10 3 -5 7 6 -8 8 -10 -11 12 -13 -14 -15 -16
leaf_value=9.3625920714850635e-07 -0.0068747063873598529 -0.00035185586699853214 0.00048298414602500816 -0.00032357028356349573 0.00067804114032481719 0.00010242483112956911 -0.0018837282339967663 0.00036240174989504736 -0.0011313696012822583 0.00043578580657676474 0.0017680705584312282 -0.00025379393268844312 0.0012526734018221337 0.0019405432138432249 0.00018865664039171274
leaf_weight=60346 49 47 5323 43 2221 1326 629 793 281 4886 946 1675 1912 597 40
leaf_count=60346 49 47 5323 43 2221 1326 629 793 281 4886 946 1675 1912 597 40
internal_value=0.000211678 0.00114848 0.000564175 0.00126351 7.94189e-05 4.24208e-06 -0.00274936 0.00137718 -0.000912477 8.67674e-05 0.00255518 -0.00161253 0.00277817 0.00224982 -0.00477011
internal_weight=81114 10035 7090 5366 71079 67187 1955 3892 1074 65232 2945 1724 2858 2818 87
internal_count=81114 10035 7090 5366 71079 67187 1955 3892 1074 65232 2945 1724 2858 2818 87
is_linear=0
shrinkage=0.05


Tree=124
num_leaves=16
num_cat=0
split_feature=15 22 19 19 15 17 12 5 17 15 17 22 5 20 13
split_gain=3.61686 2.88386 4.87866 4.50085 4.4056 3.8558 2.6822 4.85113 9.1428 4.424 2.75558 5.78079 3.67172 2.61655 1.89041
threshold=474.50000000000006 0.98448316466045982 13.556250000000004 23.931250000000006 513.50000000000011 101.50000000000001 426.15000000000003 0.97508442350096236 219.50000000000003 466.50000000000006 165.50000000000003 0.59184232273624404 -0.98803845231459242 2.8568750000000009 0.36283148700803924
decision_type=2 2 2 2 2 2 2 2 2 2 2 2 2 2 2
left_child=6 2 4 -4 -2 13 10 9 -9 -8 12 -12 -1 -3 -7
right_child=1 5 3 -5 -6 14 7 8 -10 -11 11 -13 -14 -15 -16
leaf_value=-0.00068842511998231444 0.0011516847390745811 -0.00022955687371724131 0.0013413052781036253 -0.00013243429918020715 -0.0023134435384051031 -0.00028314598514496441 -0.00034130200072760589 -0.00059401187251637824 -0.0074101674988934305 -0.0057263982542093729 -0.00026164679677057767 0.0017080332193325791 1.3597870619626361e-06 0.00016147564247693627 0.00099248767890474494
leaf_weight=2774 425 331 8781 4046 792 122 2606 114 56 71 4417 6161 48024 393 2095
leaf_count=2774 425 331 8781 4046 792 122 2606 114 56 71 4417 6161 48024 393 2095
internal_value=0.000156266 0.000805122 0.000506978 0.000794028 -0.00251849 0.00222883 -1.5337e-05 -0.00151563 -0.00970588 -0.000995517 5.42559e-05 0.000788429 -9.86257e-05 -0.000939226 0.00326342
internal_weight=81208 16985 14044 12827 1217 2941 64223 2847 170 2677 61376 10578 50798 724 2217
internal_count=81208 16985 14044 12827 1217 2941 64223 2847 170 2677 61376 10578 50798 724 2217
is_linear=0
shrinkage=0.05


Tree=125
num_leaves=16
num_cat=0
split_feature=22 13 19 16 5 17 11 21 12 10 17 22 19 21 18
split_gain=3.43809 3.69634 4.75153 9.0226 3.45258 3.38613 3.21089 2.82553 3.3665 5.00168 3.5726 3.12028 5.49095 3.58279 1.30799
threshold=0.99214247489978813 0.45143800300498454 21.368750000000006 486.75000000000006 -0.25205528343633254 103.50000000000001 0.11193744418006889 0.97560019362383898 463.05000000000001 95.250000000000014 106.50000000000001 0.91256779852044179 3.5937500000000004 0.86466378357624551 37.062500000000007
decision_type=2 2 2 2 2 2 2 2 2 2 2 2 2 2 2
left_child=7 2 4 -4 -2 6 -3 11 9 -9 -10 13 -13 -1 -7
right_child=1 5 3 -5 -6 14 -8 8 10 -11 -12 12 -14 -15 -16
leaf_value=4.2343433955130013e-05 -0.0010936412651564532 0.0029663158155812906 4.0549845328124171e-05 -0.001114028924371911 0.0004956182221590201 0.001137084085178851 6.5386540576880948e-05 2.0818544031034336e-05 -0.00019626085155671573 -0.0018982640020445451 0.00091229890719279482 -0.0016938573004712397 0.00069907057362938877 -0.00084618647529792783 0.00096769763842148658
leaf_weight=57561 771 1199 98 54 1465 1328 3529 1028 88 1213 678 422 7241 4096 434
leaf_count=57561 771 1199 98 54 1465 1328 3529 1028 88 1213 678 422 7241 4096 434
internal_value=0.00016286 0.00109146 -0.000590452 -0.00914474 -8.94436e-06 0.00171032 0.00101311 4.88754e-05 -0.00145161 -0.00242972 0.00140992 0.000113964 0.00106551 -4.29778e-06 0.00358116
internal_weight=81205 8878 2388 152 2236 6490 4728 72327 3007 2241 766 69320 7663 61657 1762
internal_count=81205 8878 2388 152 2236 6490 4728 72327 3007 2241 766 69320 7663 61657 1762
is_linear=0
shrinkage=0.05


Tree=126
num_leaves=16
num_cat=0
split_feature=22 21 5 5 15 11 8 9 6 19 18 22 2 16 6
split_gain=4.16422 5.23702 6.20021 5.97658 5.78791 4.25545 4.95785 9.10229 3.69622 3.08877 10.2227 3.87794 1.94821 2.66369 0.982082
threshold=0.86257055245193748 0.86466378357624551 -0.69057362043749781 -0.89406062840022227 56.500000000000007 0.87734479179255043 1.0000000180025095e-35 0.38896130910801296 0.5403928698825039 23.781250000000004 97.187500000000014 0.72902299159340911 0.37032990136264932 464.65000000000003 -0.99052477729077237
decision_type=2 2 2 2 2 2 2 2 2 2 2 2 2 2 2
left_child=1 9 3 -3 -4 6 8 -8 -2 11 -11 -1 13 -7 -14
right_child=5 2 4 -5 -6 12 7 -9 -10 10 -12 -13 14 -15 -16
leaf_value=-4.9216149308160255e-05 0.0021128811968423472 -0.00020246934045404374 -0.0077359845854654179 -0.0021886977250986767 -0.00013320670875749128 0.0013508762444420796 -0.0012938446027163817 0.00011736828659483301 -0.00028789104034610653 0.00076209164510446562 -0.0046091412915244268 0.00080851917455744516 0.00056530541474736319 -0.00089460598314463268 0.0018641064533753034
leaf_weight=42716 3739 317 63 301 1464 537 1638 14213 1117 1411 1087 9803 389 191 2092
leaf_count=42716 3739 317 63 301 1464 537 1638 14213 1117 1411 1087 9803 389 191 2092
internal_value=0.000149733 -8.20473e-05 -0.00250583 -0.00673139 -0.000795678 0.000703713 0.000441155 1.29331e-05 0.00183896 1.24509e-05 -0.00170536 9.41566e-05 0.00239794 0.000123627 0.0030653
internal_weight=81078 57162 2145 618 1527 23916 20707 15851 4856 55017 2498 52519 3209 728 2481
internal_count=81078 57162 2145 618 1527 23916 20707 15851 4856 55017 2498 52519 3209 728 2481
is_linear=0
shrinkage=0.05


Tree=127
num_leaves=16
num_cat=0
split_feature=22 17 19 17 16 3 4 5 18 6 17 6 22 5 4
split_gain=4.5604 4.70046 4.69117 5.22961 4.57232 5.52691 3.75196 3.74604 4.4345 5.94872 3.481 5.87686 3.32252 2.83455 1.98841
threshold=0.97495241261619292 100.50000000000001 1.8812500000000003 113.50000000000001 483.50000000000006 -0.9103761370219875 -0.44228869021900119 0.9193901325473397 99.937500000000014 0.31595530242620651 165.50000000000003 -0.34234976856068178 0.55660970297983248 -0.98803845231459242 0.065403129230142729
decision_type=2 2 2 2 2 2 2 2 2 2 2 2 2 2 2
left_child=7 4 3 -3 14 -6 -4 10 9 -9 13 -12 -10 -1 -2
right_child=1 2 6 -5 5 -7 -8 8 12 -11 11 -13 -14 -15 -16
leaf_value=-0.00053468458632597031 0.00033332399901212688 0.00030064855329906893 0.00081935064376468636 -0.0019941656930357985 -0.00076504456550280148 -0.00013380459754053805 -0.0059063856440916031 -0.00064845759681086978 -0.00018294567633181765 -0.0029261525296945287 0.00027099351245553279 0.0020763546001224607 0.0034735994613869607 -3.9683979594520859e-06 0.0028783328884417828
leaf_weight=2677 3825 99 3436 64 193 2274 84 5533 1476 577 16018 2999 879 40407 848
leaf_count=2677 3825 99 3436 64 193 2274 84 5533 1476 577 16018 2999 879 40407 848
internal_value=0.000149836 0.00110552 0.00255634 -0.0057362 0.000357143 -0.00138427 0.00294034 3.25955e-06 -0.000983461 -0.00169394 0.00013776 0.000701215 0.000859873 -0.000110946 0.00127648
internal_weight=81389 10823 3683 163 7140 2467 3520 70566 8465 6110 62101 19017 2355 43084 4673
internal_count=81389 10823 3683 163 7140 2467 3520 70566 8465 6110 62101 19017 2355 43084 4673
is_linear=0
shrinkage=0.05


Tree=128
num_leaves=16
num_cat=0
split_feature=11 19 18 10 17 9 19 12 10 18 22 22 21 5 13
split_gain=3.58926 4.10724 6.93766 6.6213 3.75596 3.44542 4.41854 3.41901 3.08348 3.15763 2.9974 2.66193 3.22469 2.19925 1.96233
threshold=0.84269951048867664 23.781250000000004 96.937500000000014 11.250000000000002 110.50000000000001 0.64654410858235423 6.418750000000002 44.550000000000004 15.150000000000002 68.437500000000014 0.35243816374294484 1.0094957306721377 1.1192229567126728 -0.99866806308218525 0.84424543189909906
decision_type=2 2 2 2 2 2 2 2 2 2 2 2 2 2 2
left_child=1 11 4 -4 -3 6 7 -2 9 -7 -8 12 -1 -10 -13
right_child=5 2 3 -5 -6 8 10 -9 13 -11 -12 14 -14 -15 -16
leaf_value=1.8157809583700814e-05 -0.0018163853099912972 -0.00022407085289023244 -0.0064376078010875476 -0.0036174492670934255 0.000296454530290698 -0.0033329758352576965 -0.0040274639096387222 -0.0073594683224680714 -0.0032331988776115208 0.0013503931071879431 6.2628005634618705e-05 0.0002434109916589761 -0.0042163034258880525 0.00082741216040237977 0.00059940876307975688
leaf_weight=62009 41 1388 51 1055 2514 63 48 51 97 41 1131 4703 56 7043 1054
leaf_count=62009 41 1388 51 1055 2514 63 48 51 97 41 1131 4703 56 7043 1054
internal_value=0.000135534 2.19692e-05 -0.00135982 -0.00485533 -0.000369041 0.00110687 -0.00129426 -0.0118478 0.00152816 -0.00701923 -0.000470738 0.000124001 2.85992e-05 0.00165266 0.00115251
internal_weight=81345 72830 5008 1106 3902 8515 1271 92 7244 104 1179 67822 62065 7140 5757
internal_count=81345 72830 5008 1106 3902 8515 1271 92 7244 104 1179 67822 62065 7140 5757
is_linear=0
shrinkage=0.05


Tree=129
num_leaves=16
num_cat=0
split_feature=11 9 9 19 3 6 19 6 10 22 5 19 18 15 19
split_gain=3.64157 3.93293 3.84469 4.4281 3.07106 7.42549 5.09908 4.76599 3.05365 2.96809 8.74062 3.40286 2.43743 1.61097 0.383976
threshold=0.86753702545146505 0.66267917987648473 0.54486412042833809 6.0812500000000016 -0.29012925520284066 -0.99864786094873803 19.393750000000004 -0.98521978256641018 15.150000000000002 0.2870468908445819 0.21022171450811275 23.393750000000004 78.312500000000014 701.50000000000011 16.106250000000006
decision_type=2 2 2 2 2 2 2 2 2 2 2 2 2 2 2
left_child=4 2 14 -4 5 6 -1 -7 12 10 -6 -11 -3 -10 -2
right_child=1 8 3 -5 9 7 -8 -9 13 11 -12 -13 -14 -15 -16
leaf_value=-0.00040754453004279798 0.0028732432311350566 -0.0030529441505284232 -0.0073445933109473772 -0.0021166344148393457 0.00013845032001940242 0.0018310598174886201 -0.0035665140276818462 -0.00020357122944376782 0.00093701293085283956 0.00030492236448152505 -0.00074022548865360983 -0.00027127442896191184 0.0018623681620581493 0.0019521332731993104 0.0019794189586147966
leaf_weight=219 186 61 47 677 7654 1375 280 25161 4004 34793 2516 3014 42 1106 218
leaf_count=219 186 61 47 677 7654 1375 280 25161 4004 34793 2516 3014 42 1106 218
internal_value=0.000143388 0.00129396 -0.00138298 -0.00356354 4.61261e-05 -0.000380063 -0.00642285 -0.00026643 0.0018732 0.000286283 -0.000471976 0.000490253 -0.00665049 0.00204501 0.00252475
internal_weight=81353 6341 1128 724 75012 27035 499 26536 5213 47977 10170 37807 103 5110 404
internal_count=81353 6341 1128 724 75012 27035 499 26536 5213 47977 10170 37807 103 5110 404
is_linear=0
shrinkage=0.05


Tree=130
num_leaves=15
num_cat=0
split_feature=11 15 11 20 22 21 19 16 9 19 10 6 5 6
split_gain=3.84936 2.91996 2.60289 5.04762 2.59885 3.14061 2.44086 2.33148 2.22338 3.38819 2.19406 0.820199 1.1928 0.0895842
threshold=0.86753702545146505 701.50000000000011 0.86436950073438623 1.2818750000000005 1.0199771783745757 1.1562455465081565 18.731250000000006 17.550000000000004 0.67413425264435822 6.418750000000002 15.150000000000002 -0.99052477729077237 -0.031173458710879235 -0.6391983530350368
decision_type=2 2 2 2 2 2 2 2 2 2 2 2 2 2
left_child=2 8 4 -4 5 -1 -5 -6 9 -2 -10 12 -3 -13
right_child=1 11 3 6 7 -7 -8 -9 10 -11 -12 13 -14 -15
leaf_value=-6.9723802277014338e-06 -0.0053042559322632786 -0.0034436148642745593 -0.0053642137467878187 -0.0039506577535214256 -0.0024052337839520319 -0.0058053654616578507 0.00036920497917240655 0.00038952611976626853 -0.0014406604000043281 -0.00030178811959542714 0.00087137526566021493 0.0023185568154302388 0.0032547286514299739 0.00071498037978904314
leaf_weight=69229 77 68 49 56 135 52 130 5235 94 1096 3924 756 190 134
leaf_count=69229 77 68 49 56 135 52 130 5235 94 1096 3924 756 190 134
internal_value=0.000141274 0.00132434 4.11294e-05 -0.00521277 5.76685e-05 -2.44654e-05 -0.00145161 0.00111732 0.000819688 -0.00109548 0.0013788 0.00360627 0.00112403 0.00432584
internal_weight=81225 6339 74886 235 74651 69281 186 5370 5191 1173 4018 1148 258 890
internal_count=81225 6339 74886 235 74651 69281 186 5370 5191 1173 4018 1148 258 890
is_linear=0
shrinkage=0.05


Tree=131
num_leaves=15
num_cat=0
split_feature=11 19 18 5 6 15 5 17 22 7 16 17 16 6
split_gain=3.69511 4.00973 5.8313 7.7641 3.82158 2.67725 2.58668 4.75528 3.54741 2.1846 2.03992 1.25796 1.17356 0.784154
threshold=0.8298447074370211 23.781250000000004 96.937500000000014 0.52033990680116082 -0.9575230291762723 738.50000000000011 0.98213580174693105 211.50000000000003 0.93873121736646759 2.3750000000000004 2.8500000000000001 103.50000000000001 842.6500000000002 -0.99052477729077237
decision_type=2 2 2 2 2 2 2 2 2 2 2 2 2 2
left_child=1 6 4 -4 -3 9 8 -8 -1 12 -11 -7 -2 -13
right_child=5 2 3 -5 -6 11 7 -9 -10 10 -12 13 -14 -15
leaf_value=1.2636860773473618e-05 0.001055271513445208 0.0015382054291876775 -0.0021892997982144191 -0.0098179728839611503 -0.00027636803378616737 -0.00013031234413364735 -8.3251078195779746e-05 -0.0021904959035819517 0.0005070655152957553 -0.002215860221893926 9.8812493440335943e-05 0.0013156805637033215 -0.00021211174382965425 0.0014483195856399454
leaf_weight=53516 3403 1024 932 120 2522 72 3460 854 9337 155 4449 351 65 945
leaf_count=53516 3403 1024 932 120 2522 72 3460 854 9337 155 4449 351 65 945
internal_value=0.000124069 1.74198e-06 -0.00142671 -0.00469582 -0.000456853 0.00105403 9.95282e-05 -0.00108484 0.000180819 0.000707384 -6.51589e-06 0.00309942 0.00165513 0.00345679
internal_weight=81205 71765 4598 1052 3546 9440 67167 4314 62853 8072 4604 1368 3468 1296
internal_count=81205 71765 4598 1052 3546 9440 67167 4314 62853 8072 4604 1368 3468 1296
is_linear=0
shrinkage=0.05


Tree=132
num_leaves=12
num_cat=0
split_feature=15 5 5 17 22 8 21 22 20 12 13
split_gain=3.04783 2.09722 5.83941 6.97067 2.61618 5.28117 2.34486 1.84905 1.54283 0.741292 0.0983362
threshold=834.50000000000011 -0.95754239937548935 -0.98523971305672675 52.500000000000007 0.81457238162785284 1.0000000180025095e-35 0.80497935202590232 0.44121505258354909 1.2206250000000003 421.35000000000008 0.89695353440337888
decision_type=2 2 2 2 2 2 2 2 2 2 2
left_child=1 2 3 -1 6 -6 -3 -4 -2 -10 -11
right_child=8 4 7 -5 5 -7 -8 -9 9 10 -12
leaf_value=-0.0011704730953094827 -0.000593529703526923 -5.2946620489834478e-05 0.0037168329829291059 0.00034955468572357414 0.0012790728300920108 2.2559689149390337e-05 -0.0010336299697570723 0.0013791260909296851 -0.0028204962463769679 0.00091280372012994635 0.0027431320762503156
leaf_weight=960 78 44388 1053 3154 5205 20752 2521 2456 40 231 395
leaf_count=960 78 44388 1053 3154 5205 20752 2521 2456 40 231 395
internal_value=0.000134367 0.000104921 0.000894005 -0.000384054 2.237e-05 0.000425126 -0.000200494 0.00239242 0.00331989 0.0040991 0.00452077
internal_weight=81233 80489 7623 4114 72866 25957 46909 3509 744 666 626
internal_count=81233 80489 7623 4114 72866 25957 46909 3509 744 666 626
is_linear=0
shrinkage=0.05


Tree=133
num_leaves=14
num_cat=0
split_feature=15 5 5 20 22 17 6 12 6 6 13 13 13
split_gain=3.21529 3.36258 8.67813 31.3469 3.80142 4.14612 3.12967 2.52574 2.33205 6.74028 3.36159 1.47143 1.44048
threshold=474.50000000000006 0.75580964594513067 0.76696112484652035 2.5156250000000009 0.98448316466045982 114.50000000000001 0.19969739736768838 644.25000000000011 0.97461712852231652 0.93769647993491489 0.72681267389455939 0.42092675655502049 0.99904443024917111
decision_type=2 2 2 2 2 2 2 2 2 2 2 2 2
left_child=7 4 3 -3 5 -2 -4 8 9 -1 -10 -6 -9
right_child=1 2 6 -5 11 -7 -8 12 10 -11 -12 -13 -14
leaf_value=8.3082220943966463e-06 -0.00017847998937289139 0.0026177595237849129 -0.00010486530277041089 -0.015011573321476549 -0.0032072485779878254 0.0013443056246235118 0.001496736006257492 -0.001911749683431159 0.00059110382413808562 -0.00085811166283061293 -0.0015015645358972317 0.0016222606176767075 -0.00055599803253339149
leaf_weight=58087 1148 98 3800 49 59 10198 766 42 3628 2266 320 915 42
leaf_count=58087 1148 98 3800 49 59 10198 766 42 3628 2266 320 915 42
internal_value=0.000135597 0.000746492 -0.000389348 -0.0123469 0.00118101 0.000923674 -4.38002e-06 -2.60152e-05 -1.46963e-05 -9.17102e-05 0.00116261 0.00417864 -0.00869048
internal_weight=81418 17033 4713 147 12320 11346 4566 64385 64301 60353 3948 974 84
internal_count=81418 17033 4713 147 12320 11346 4566 64385 64301 60353 3948 974 84
is_linear=0
shrinkage=0.05


Tree=134
num_leaves=13
num_cat=0
split_feature=15 6 18 17 20 19 17 18 20 12 22 18
split_gain=3.34173 2.52147 10.5516 5.07043 4.53019 3.07548 7.06008 2.22864 0.971965 1.00458 0.338676 0.12018
threshold=834.50000000000011 -0.96234030595689413 99.937500000000014 36.500000000000007 1.6568750000000003 23.393750000000004 269.50000000000006 97.312500000000014 1.2206250000000003 376.9500000000001 0.93873121736646759 73.312500000000014
decision_type=2 2 2 2 2 2 2 2 2 2 2 2
left_child=1 2 4 -4 -1 7 -7 -3 10 -10 -2 -11
right_child=8 5 3 -5 -6 6 -8 -9 9 11 -12 -13
leaf_value=0.0022793766313977388 0.0035499037780100913 -2.9911559260664369e-05 -0.0052081082530486917 -0.0015193738188042723 0.00077673829293216411 -0.00010398333901126714 -0.0054836515045274051 0.00022843975633823205 -0.0027412572884110923 0.0016709219387622172 -0.00023456062329002965 0.0037480818722593575
leaf_weight=2233 42 45409 90 1343 4651 4978 578 21280 41 589 40 56
leaf_count=2233 42 45409 90 1343 4651 4978 578 21280 41 589 40 56
internal_value=0.000154925 0.000123632 0.000948058 -0.00295534 0.0017606 2.87219e-05 -0.00110151 0.000122884 0.0034375 0.00405248 -0.00170732 0.00453488
internal_weight=81330 80562 8317 1433 6884 72245 5556 66689 768 686 82 645
internal_count=81330 80562 8317 1433 6884 72245 5556 66689 768 686 82 645
is_linear=0
shrinkage=0.05


Tree=135
num_leaves=12
num_cat=0
split_feature=15 11 9 15 10 19 18 11 20 12 13
split_gain=3.03077 2.17553 2.60872 3.28594 2.30145 2.12568 3.63044 2.46899 1.29862 0.454083 0.136089
threshold=834.50000000000011 0.86753702545146505 0.66267917987648473 227.50000000000003 15.150000000000002 23.931250000000006 96.937500000000014 0.86436950073438623 1.2206250000000003 430.65000000000003 0.89695353440337888
decision_type=2 2 2 2 2 2 2 2 2 2 2
left_child=1 5 3 -3 -4 7 -7 -1 -2 -10 -11
right_child=8 2 4 -5 -6 6 -8 -9 9 10 -12
leaf_value=5.0627196559888972e-05 -0.00052630332639382244 -0.0032245043679243199 -0.0018058126672982578 0.00090077299614283238 0.00089921851979966969 -5.7771196450228453e-05 -0.0030614430767395137 -0.0032483213872139 -0.00033182697648607171 0.00068855366648650558 0.0028090302085902147
leaf_weight=69111 77 369 100 760 4840 4316 1212 163 42 226 381
leaf_count=69111 77 369 100 760 4840 4316 1212 163 42 226 381
internal_value=0.000130949 0.000102076 0.00101252 -0.00115589 0.0015081 2.8208e-05 -0.00091534 0.000103502 0.00334711 0.0040755 0.00442339
internal_weight=81597 80871 6069 1129 4940 74802 5528 69274 726 649 607
internal_count=81597 80871 6069 1129 4940 74802 5528 69274 726 649 607
is_linear=0
shrinkage=0.05


Tree=136
num_leaves=16
num_cat=0
split_feature=11 10 11 7 17 17 15 7 9 15 12 5 20 10 5
split_gain=3.14816 3.09761 4.01234 3.53787 3.41775 5.16202 3.24469 2.95396 2.90403 2.53188 2.27222 1.10052 2.47916 1.02901 0.858173
threshold=0.8298447074370211 226.20000000000002 0.49057695664981366 2.3750000000000004 147.50000000000003 146.50000000000003 176.50000000000003 2.3750000000000004 0.45065633749696649 676.50000000000011 556.65000000000009 0.81925054981890411 1.0556250000000003 658.80000000000007 -0.031173458710879235
decision_type=2 2 2 2 2 2 2 2 2 2 2 2 2 2 2
left_child=1 2 3 -1 5 -3 -6 11 -4 10 -9 13 -13 -2 -11
right_child=7 4 8 -5 6 -7 -8 9 -10 14 -12 12 -14 -15 -16
leaf_value=-0.0001929030710812573 0.0013130123076294134 -0.00038140198807037619 -0.00073662655731449121 0.00019520973459626374 -0.0036089393341032306 -0.0027620079469392071 0.00012421560669793408 -3.5675480736455167e-05 0.00085731629171601181 0.00021842980509242826 -0.0046981110633976392 -0.0014169929455934299 0.00036733461841478247 -0.0011688350660183525 0.0014186033612184846
leaf_weight=20027 3533 6631 1491 27549 61 45 7590 4193 8549 178 132 80 669 147 528
leaf_count=20027 3533 6631 1491 27549 61 45 7590 4193 8549 178 132 80 669 147 528
internal_value=0.000141457 2.87035e-05 0.000192308 6.30756e-07 -0.000629231 -0.00145596 9.2145e-05 0.000998943 0.0011006 0.000169947 -0.000283237 0.00194062 0.000193592 0.0022962 0.00294618
internal_weight=81403 71943 57616 47576 14327 6676 7651 9460 10040 5031 4325 4429 749 3680 706
internal_count=81403 71943 57616 47576 14327 6676 7651 9460 10040 5031 4325 4429 749 3680 706
is_linear=0
shrinkage=0.05


Tree=137
num_leaves=12
num_cat=0
split_feature=15 6 5 15 16 6 6 18 18 2 5
split_gain=2.91676 2.18748 4.43647 5.987 2.52753 2.27532 6.13588 2.72368 0.50656 0.0850079 4.44089e-16
threshold=850.50000000000011 0.99981043035926087 1.0000000180025095e-35 37.500000000000007 17.550000000000004 0.97461712852231652 0.94909129669788206 99.687500000000014 43.312500000000007 0.83381054170292701 0.19337368024598436
decision_type=2 2 2 2 2 2 2 2 2 2 2
left_child=1 5 4 -4 -3 6 -1 -7 9 -2 -11
right_child=8 2 3 -5 -6 7 -8 -9 -10 10 -12
leaf_value=4.2691859984272503e-05 0.00031429751557583366 0.0012672498567408833 -0.0016260949455824054 0.00076786080472570272 -0.00053615308529201828 0.00096548316797862856 -0.00099982790693540352 -0.00052724293672844972 -0.00038793914745924177 0.0021991423363397372 0.0021857566110441346
leaf_weight=75370 42 151 101 43 76 3092 1646 471 41 129 220
leaf_count=75370 42 151 101 43 76 3092 1646 471 41 129 220
internal_value=9.2281e-05 7.0414e-05 -0.00376011 -0.010625 0.000594714 8.80504e-05 3.09029e-05 0.00132332 0.00418981 0.00474425 0.005
internal_weight=81382 80950 371 144 227 80579 77016 3563 432 391 349
internal_count=81382 80950 371 144 227 80579 77016 3563 432 391 349
is_linear=0
shrinkage=0.05


Tree=138
num_leaves=16
num_cat=0
split_feature=11 9 15 0 19 21 13 13 9 7 12 17 0 6 22
split_gain=3.17324 3.0709 3.82023 4.82331 2.38906 5.04468 4.5563 3.18678 2.35229 3.00687 2.08787 1.78777 4.36669 1.76928 1.43821
threshold=0.84269951048867664 0.63049395821512932 179.50000000000003 324.57086105548984 23.931250000000006 0.5990034477310654 0.33336304821807833 0.39253270693531089 0.96816549174263311 2.8750000000000004 195.75000000000003 85.500000000000014 111.39725722942525 0.31595530242620651 0.90956351215621767
decision_type=2 2 2 2 2 2 2 2 2 2 2 2 2 2 2
left_child=4 2 3 -2 8 6 -6 -7 10 -10 -1 12 -3 -4 -13
right_child=1 11 13 -5 5 7 -8 -9 9 -11 -12 14 -14 -15 -16
leaf_value=-4.1519245849047663e-05 -0.0025851331097547186 0.0019022527499783269 0.0011437115066749294 -0.0056506034194584477 -0.0063208789118114981 0.0028280195790744136 -0.0020673492298741501 -0.00021891947487625554 0.00023323070667042209 -0.0026439143729282744 0.00024324434730987963 0.001147396939482595 -0.00051815466094470213 -0.0067245888901131664 0.0007583802725308177
leaf_weight=47335 250 676 735 40 48 389 325 4051 50 49 20713 3007 850 57 2901
leaf_count=47335 250 676 735 40 48 389 325 4051 50 49 20713 3007 850 57 2901
internal_value=0.000105921 0.00101926 -0.0014695 -0.00637931 -6.85121e-07 -0.00107729 -0.0066622 -0.000608108 7.5352e-05 -0.00762626 8.65567e-05 0.00138149 -0.000144168 0.000328283 0.00177556
internal_weight=81476 8516 1082 290 72960 4813 373 4440 68147 99 68048 7434 1526 792 5908
internal_count=81476 8516 1082 290 72960 4813 373 4440 68147 99 68048 7434 1526 792 5908
is_linear=0
shrinkage=0.05


Tree=139
num_leaves=14
num_cat=0
split_feature=15 11 10 17 6 9 9 10 20 6 21 18 1
split_gain=2.90231 2.17548 2.52195 4.82881 3.13571 2.47035 2.89223 1.9776 1.20976 2.38804 0.363456 1.11122 8.88178e-16
threshold=834.50000000000011 0.86753702545146505 172.65000000000001 152.50000000000003 -0.72694848937061807 0.66267917987648473 0.54486412042833809 15.150000000000002 1.4081250000000003 -0.97111920233974802 0.99376977840234615 23.937500000000004 889.08356498049113
decision_type=2 2 2 2 2 2 2 2 2 2 2 2 2
left_child=1 2 4 -4 -1 6 -3 -7 9 -2 12 -12 -10
right_child=8 5 3 -5 -6 7 -8 -9 10 -11 11 -13 -14
leaf_value=0.00060433139475785927 0.0024582421036573572 0.0022713190849653164 -0.0003570477328540963 0.00026775269569395812 3.0465020137000181e-05 -0.0014729366475563089 -0.0024295963983045647 0.00085209405752238753 0.0024139174478998867 -0.00149181441766823 0.00063673125348921852 -0.0034979883827219714 0.0044318095852812307
leaf_weight=10132 52 389 11134 10714 42540 101 741 4854 251 40 196 49 146
leaf_count=10132 52 389 11134 10714 42540 101 741 4854 251 40 196 49 146
internal_value=0.00016714 0.000138639 6.44124e-05 -0.000387221 0.000251747 0.00104766 -0.00106195 0.00152876 0.003297 -0.00206522 0.00406542 0.00255102 0.005
internal_weight=81339 80605 74520 21848 52672 6085 1130 4955 734 92 642 245 397
internal_count=81339 80605 74520 21848 52672 6085 1130 4955 734 92 642 245 397
is_linear=0
shrinkage=0.05


Tree=140
num_leaves=15
num_cat=0
split_feature=15 6 6 10 6 18 5 6 22 5 17 5 5 17
split_gain=2.93734 2.28488 4.12384 7.55508 3.56807 3.01732 6.91047 2.46128 1.64605 6.62339 1.93259 1.14135 4.40099 1.91388
threshold=738.50000000000011 0.97461712852231652 0.93769647993491489 1.0500000000000003 0.82293497932636273 99.937500000000014 0.10837544681456425 0.99958851518450398 0.91676932285090895 0.73283908552571664 161.50000000000003 0.091259403071267925 0.056951373111866731 103.50000000000001
decision_type=2 2 2 2 2 2 2 2 2 2 2 2 2 2
left_child=1 2 4 -4 -1 7 -7 -3 9 10 -2 12 -10 -13
right_child=8 5 3 -5 -6 6 -8 -9 11 -11 -12 13 -14 -15
leaf_value=-2.0798195004411236e-05 -0.0082921269899360675 0.0011418626995670451 -0.0015094075787979624 2.342546246523881e-05 0.0007568908842618717 -7.7632797937844412e-05 -0.0020730693188640553 -0.00033316585856662379 0.00033156269365077032 -0.010848379887442687 0.004148598538042972 -6.5616750857041273e-05 -0.0065951262539019262 0.0011471905284229701
leaf_weight=67351 80 2961 829 1433 4607 553 54 282 1005 53 445 151 43 1337
leaf_count=67351 80 2961 829 1433 4607 553 54 282 1005 53 445 151 43 1337
internal_value=0.000106179 4.61126e-05 -1.54943e-05 -0.00211759 5.05852e-05 0.00123377 -0.00200165 0.00183935 0.00161207 -0.000795848 0.000904762 0.00216088 0.000896947 0.00305108
internal_weight=81184 78070 74220 2262 71958 3850 607 3243 3114 578 525 2536 1048 1488
internal_count=81184 78070 74220 2262 71958 3850 607 3243 3114 578 525 2536 1048 1488
is_linear=0
shrinkage=0.05


Tree=141
num_leaves=15
num_cat=0
split_feature=15 18 11 6 6 16 10 6 17 17 22 15 4 22
split_gain=3.09982 2.22423 6.74852 1.94344 9.7638 4.44112 6.68817 5.69262 3.72738 1.32331 2.32705 1.30548 1.21413 1.05328
threshold=738.50000000000011 58.562500000000007 0.4393184273755209 0.16587474750015932 0.28313308994381592 3.4500000000000006 458.70000000000005 0.11478523713130605 175.50000000000003 108.50000000000001 0.99708070307500396 761.50000000000011 -0.25881904510252068 0.80616246075339437
decision_type=2 2 2 2 2 2 2 2 2 2 2 2 2 2
left_child=3 9 -3 5 12 6 -1 -7 -6 10 -2 -4 -5 -11
right_child=1 2 11 4 8 7 -8 -9 -10 13 -12 -13 -14 -15
leaf_value=-0.00042388884739365999 -0.00033450106383850443 -0.007994340051079761 0.0024880894187129621 0.0021689801108842571 -3.5804628372813897e-05 3.7354960673118768e-05 -0.0048020657494176524 -0.0011828935644691383 0.0028363729360008309 -0.0016518193900144755 0.00012326906256386646 -0.002825633719652965 -0.00025628643411002944 0.001051889654159025
leaf_weight=3234 108 51 184 3177 26909 42272 95 1087 981 47 323 322 244 2022
leaf_count=3234 108 51 184 3177 26909 42272 95 1087 981 47 323 322 244 2022
internal_value=0.000101535 0.0016634 -0.0011939 4.03212e-05 0.000345087 -0.000164068 -0.001924 -2.89442e-05 3.58553e-05 0.0023 -0.000220417 0.00055336 0.00286612 0.00282504
internal_weight=81056 3057 557 77999 31311 46688 3329 43359 27890 2500 431 506 3421 2069
internal_count=81056 3057 557 77999 31311 46688 3329 43359 27890 2500 431 506 3421 2069
is_linear=0
shrinkage=0.05


Tree=142
num_leaves=15
num_cat=0
split_feature=15 22 17 16 5 11 7 9 16 0 6 5 22 17
split_gain=2.92023 2.25909 2.13851 4.7048 4.58225 1.9229 2.62989 2.20072 1.15288 1.25196 0.939328 1.39272 0.76083 0.39396
threshold=731.50000000000011 1.1514808641025693 101.50000000000001 483.50000000000006 -0.95244167294248061 0.8527896638760083 3.1250000000000004 0.54651352440760503 13.350000000000003 19.311137562419251 -0.99052477729077237 -0.031173458710879235 0.96698013714576991 105.50000000000001
decision_type=2 2 2 2 2 2 2 2 2 2 2 2 2 2
left_child=1 2 3 -1 -4 6 7 -2 -3 -10 11 -7 -8 -12
right_child=5 8 4 -5 -6 10 12 -9 9 -11 13 -13 -14 -15
leaf_value=-3.401439695417327e-05 -0.0050982585160138398 -0.0021461495576798879 0.0012810689734611648 -0.00039275131986887596 4.1465314202181102e-05 -0.0045671474606583514 0.00042238635290154649 -3.7584634435659435e-05 0.0061326286896053505 0.00063364357916449298 3.1125923017927523e-05 0.0018779367877344074 0.00059581394853184025 0.0014513182499127479
leaf_weight=30601 101 45 4551 3911 37129 51 645 762 392 1403 46 214 674 811
leaf_count=30601 101 45 4551 3911 37129 51 645 762 392 1403 46 214 674 811
internal_value=0.000123931 6.22823e-05 2.04748e-05 -0.00027063 0.000261516 0.0015799 0.000714941 -0.00143105 0.00179348 0.00199164 0.00326203 0.000660378 0.00211903 0.00406651
internal_weight=81336 78032 76192 34512 41680 3304 2182 863 1840 1795 1122 265 1319 857
internal_count=81336 78032 76192 34512 41680 3304 2182 863 1840 1795 1122 265 1319 857
is_linear=0
shrinkage=0.05


Tree=143
num_leaves=12
num_cat=0
split_feature=15 22 8 9 21 20 13 5 20 18 2
split_gain=3.01986 2.23693 4.46322 7.05721 3.79151 3.65549 3.49185 3.36671 1.28111 0.443149 0.315805
threshold=834.50000000000011 0.81457238162785284 1.0000000180025095e-35 0.3545895107646006 0.80497935202590232 2.4631250000000007 0.41085103319661331 -0.99763297024448894 1.2206250000000003 68.437500000000014 0.82649502802828911
decision_type=2 2 2 2 2 2 2 2 2 2 2
left_child=1 4 6 -4 7 -6 -3 -1 -2 10 -10
right_child=8 2 3 -5 5 -7 -8 -9 9 -11 -12
leaf_value=0.0016599172630307676 -0.00023325464159862309 -6.7807154394156595e-05 -0.0011229639633211217 0.00012604731436181328 -3.2591721054664456e-05 -0.0023301628872527667 0.0021103318328340027 -4.0510512318644529e-05 0.00020367421231052156 0.00096306451134386343 0.0019001871885658194
leaf_weight=1053 76 1557 1671 20517 1388 1441 4065 48858 64 75 531
leaf_count=1053 76 1557 1671 20517 1388 1441 4065 48858 64 75 531
internal_value=9.07796e-05 6.14527e-05 0.000424308 0.000105463 -0.000129882 -0.00191057 0.00168268 -2.89513e-05 0.00325737 0.00395522 0.00441176
internal_weight=81296 80550 27810 22188 52740 2829 5622 49911 746 670 595
internal_count=81296 80550 27810 22188 52740 2829 5622 49911 746 670 595
is_linear=0
shrinkage=0.05


Tree=144
num_leaves=12
num_cat=0
split_feature=15 6 18 17 20 6 22 17 18 1 1
split_gain=2.88431 2.32564 10.9744 4.8028 3.85771 2.98792 5.89514 2.75025 0.521778 0.0873569 4.44089e-16
threshold=850.50000000000011 -0.96234030595689413 99.937500000000014 36.500000000000007 1.6568750000000003 -0.94703994556331683 0.57120044777500334 324.50000000000006 43.312500000000007 837.57044589950885 889.08356498049113
decision_type=2 2 2 2 2 2 2 2 2 2 2
left_child=1 2 4 -4 -1 6 -3 -7 9 -2 -11
right_child=8 5 3 -5 -6 7 -8 -9 -10 10 -12
leaf_value=0.0020576605260314573 0.00029812155444753773 -0.0031075565460758816 -0.0048926851201318089 -0.0013619768792568047 0.00072837217236707311 1.1024011533642708e-05 -0.0001836993749325569 0.003046256631591211 -0.0017814797313967373 0.0012943648890447646 0.0036467340244774197
leaf_weight=2203 41 422 95 1353 4760 70156 1192 720 40 206 145
leaf_count=2203 41 422 95 1353 4760 70156 1192 720 40 206 145
internal_value=0.000115144 9.33859e-05 0.000880395 -0.00308011 0.00170401 2.06944e-06 -0.00212515 5.05109e-05 0.00418981 0.0047449 0.005
internal_weight=81333 80901 8411 1448 6963 72490 1614 70876 432 392 351
internal_count=81333 80901 8411 1448 6963 72490 1614 70876 432 392 351
is_linear=0
shrinkage=0.05


Tree=145
num_leaves=15
num_cat=0
split_feature=22 6 19 21 5 5 5 22 11 21 17 18 20 19
split_gain=2.63261 4.57687 5.57615 3.79574 7.05591 9.89517 6.29986 3.68793 2.95843 2.42896 2.04274 1.29274 3.34437 0.304756
threshold=0.94274434759927639 -0.97111920233974802 33.23125000000001 0.89095253074953418 0.98667101781630195 0.9893236546938301 -0.98803845231459242 0.81122088845107421 0.89948330757062955 0.81337618124760092 38.500000000000007 27.062500000000004 3.3318750000000006 15.156250000000002
decision_type=2 2 2 2 2 2 2 2 2 2 2 2 2 2
left_child=3 11 8 7 6 -6 -5 9 -3 -1 -9 13 -13 -2
right_child=1 2 -4 4 5 -7 -8 10 -10 -11 -12 12 -14 -15
leaf_value=3.2355597502533148e-06 0.0009037555370255408 7.353103825646131e-05 -0.00040497513092379288 -0.0034081788896752441 -0.010424809613283823 -0.0025872537547295071 -0.00023072968780026013 -0.0011621297925308656 0.0012957116122502268 -0.00075369433874193897 0.0011662999441446346 0.0020507765769099866 -0.0050783595258175268 0.0012634187429429512
leaf_weight=49941 44 12814 53 133 44 313 5702 284 881 1715 8125 399 56 886
leaf_count=49941 44 12814 53 133 44 313 5702 284 881 1715 8125 399 56 886
internal_value=0.000113036 0.000708055 0.000432063 -2.28653e-05 -0.00120155 -0.00802521 -0.000784061 9.86433e-05 0.000494706 -5.94314e-05 0.00106969 0.00344765 0.00126374 0.00451613
internal_weight=81390 15133 13748 66257 6192 357 5835 60065 13695 51656 8409 1385 455 930
internal_count=81390 15133 13748 66257 6192 357 5835 60065 13695 51656 8409 1385 455 930
is_linear=0
shrinkage=0.05


Tree=146
num_leaves=14
num_cat=0
split_feature=15 5 17 20 5 22 17 21 13 5 18 20 13
split_gain=2.69804 1.86173 4.51312 5.58775 4.91165 2.52583 3.71177 2.24555 0.990962 1.43366 0.843123 0.298047 0.0226959
threshold=834.50000000000011 0.98213580174693105 211.50000000000003 2.8743750000000006 0.99466373373798567 0.81457238162785284 148.50000000000003 0.80497935202590232 0.88877943619288124 0.76696112484652035 55.312500000000007 1.2606250000000003 0.89695353440337888
decision_type=2 2 2 2 2 2 2 2 2 2 2 2 2
left_child=1 5 4 -4 -3 7 -7 -1 9 10 -2 -10 -13
right_child=8 2 3 -5 -6 6 -8 -9 11 -11 -12 12 -14
leaf_value=2.5307805296443607e-05 0.0014926204462801275 -0.00072153480281269145 0.0014510346341451289 -0.0027348129277555326 0.00035644059909630059 6.0136738865327321e-05 0.001939712009371178 -0.00086808532485821432 0.0016309893386509053 -0.0001411832811920091 -0.0016816508956665336 0.00045641852486996438 0.0022145234350005568
leaf_weight=47589 167 1820 252 630 2367 18104 7145 2528 46 65 50 40 394
leaf_count=47589 167 1820 252 630 2367 18104 7145 2528 46 65 50 40 394
internal_value=0.000135904 0.000107851 -0.000819688 -0.00407029 -0.000134941 0.000170236 0.000578043 -3.52174e-05 0.00309711 0.000744681 0.00269585 0.00447917 0.00488479
internal_weight=81197 80435 5069 882 4187 75366 25249 50117 762 282 217 480 434
internal_count=81197 80435 5069 882 4187 75366 25249 50117 762 282 217 480 434
is_linear=0
shrinkage=0.05


Tree=147
num_leaves=12
num_cat=0
split_feature=15 22 21 10 19 0 17 22 2 18 20
split_gain=2.53773 1.93133 5.64098 6.17323 4.30339 5.99944 4.27068 3.80764 1.09619 0.714085 0.184839
threshold=834.50000000000011 0.96856514144734418 0.94740775439615788 27.750000000000004 31.243750000000002 539.963738861754 101.50000000000001 0.91676932285090895 0.82204944766637267 68.437500000000014 1.2606250000000003
decision_type=2 2 2 2 2 2 2 2 2 2 2
left_child=1 2 7 -4 6 -6 -3 -1 -2 10 -10
right_child=8 4 3 -5 5 -7 -8 -9 9 -11 -12
leaf_value=-6.5275031815886788e-06 -6.1765421414111834e-05 1.4731388805578624e-05 0.00077430221012868478 -0.00085436239733205843 0.00019609666685020661 -0.00046402299132432826 0.00056605455150021233 0.0014128459787265684 0.0014117617853743312 -0.0018412531698636762 0.0013913070122332305
leaf_weight=61685 59 7523 863 2783 42 41 3680 4025 58 76 527
leaf_count=61685 59 7523 863 2783 42 41 3680 4025 58 76 527
internal_value=0.000100293 7.39071e-05 -2.47994e-05 -0.00193911 0.000680489 -0.0106627 0.000764528 8.14185e-05 0.00305556 0.00363843 0.00423077
internal_weight=81362 80642 69356 3646 11286 83 11203 65710 720 661 585
internal_count=81362 80642 69356 3646 11286 83 11203 65710 720 661 585
is_linear=0
shrinkage=0.05


Tree=148
num_leaves=13
num_cat=0
split_feature=15 22 6 19 21 17 0 6 20 19 12 13
split_gain=2.73921 1.65325 4.33681 3.73785 3.46887 3.17867 2.03977 1.28225 1.16996 1.67529 0.641085 0.311523
threshold=834.50000000000011 0.94274434759927639 -0.96687281075841669 27.156250000000004 0.94740775439615788 197.50000000000003 34.304883402019207 -0.99761278905001471 1.2206250000000003 27.931250000000002 421.35000000000008 0.89695353440337888
decision_type=2 2 2 2 2 2 2 2 2 2 2 2
left_child=1 4 7 -4 6 -6 -1 -3 9 -2 -10 -12
right_child=8 2 3 -5 5 -7 -8 -9 10 -11 11 -13
leaf_value=-0.0010875598029523742 -0.0020510563263582983 0.00057416609605863986 0.00012459290949849339 -0.00029203925018160602 -0.0007836931090438123 -0.013106854671387533 2.4613588451369534e-05 0.0013972478726251847 -0.0015839878949703034 0.0029377414707396337 0.00037287189899846339 0.0018737595834188462
leaf_weight=2616 47 339 12786 545 1780 63 61564 898 41 41 241 394
leaf_count=2616 47 339 12786 545 1780 63 61564 898 41 41 241 394
internal_value=5.68498e-05 2.86014e-05 0.000510709 0.000247919 -7.77757e-05 -0.00221649 -1.63601e-05 0.00334276 0.00303665 -0.00238636 0.0037426 0.00413386
internal_weight=81355 80591 14568 13331 66023 1843 64180 1237 764 88 676 635
internal_count=81355 80591 14568 13331 66023 1843 64180 1237 764 88 676 635
is_linear=0
shrinkage=0.05


Tree=149
num_leaves=13
num_cat=0
split_feature=15 9 5 5 6 18 6 18 3 20 22 1
split_gain=2.94855 1.8896 1.88789 2.13501 1.74633 3.45219 2.35588 1.05403 2.30087 0.383956 1.17363 0.37093
threshold=822.00000000000011 0.89183328680645158 0.99966190462023474 -0.031173458710879235 -0.98521978256641018 96.812500000000014 -0.97874870457683594 68.437500000000014 0.16280825711808991 1.3868750000000003 0.94274434759927639 853.43806401449331
decision_type=2 2 2 2 2 2 2 2 2 2 2 2
left_child=1 4 3 -3 5 -1 -6 9 -9 10 -2 -11
right_child=7 2 -4 -5 6 -7 -8 8 -10 11 -12 -13
leaf_value=0.0011066746758257929 0.0027570356745606778 -0.00018829238572595059 -0.0013687070174480266 0.0020968535326214115 -0.0018363914780442506 -0.00078611915077583285 -1.8763817166812305e-05 0.0048980702511592063 -0.0068672751632222681 0.00027346785760708008 -0.0017489767628626899 0.002314818248460815
leaf_weight=3448 60 691 62 1346 906 1315 72569 54 46 262 41 467
leaf_count=3448 60 691 62 1346 906 1315 72569 54 46 262 41 467
internal_value=5.02666e-05 1.78624e-05 0.00149833 0.00175994 -2.18562e-05 0.000905942 -8.20005e-05 0.00284946 -0.002 0.00343374 0.000544555 0.00383402
internal_weight=81267 80337 2099 2037 78238 4763 73475 930 100 830 101 729
internal_count=81267 80337 2099 2037 78238 4763 73475 930 100 830 101 729
is_linear=0
shrinkage=0.05


Tree=150
num_leaves=15
num_cat=0
split_feature=15 6 6 5 6 5 13 22 6 20 5 5 17 0
split_gain=3.22466 1.99977 4.94242 8.10291 2.77991 2.60793 2.70197 1.3436 7.93652 1.3344 1.25958 2.45094 1.76212 0.696858
threshold=738.50000000000011 0.97461712852231652 0.93769647993491489 0.26866988313759588 0.82293497932636273 0.15951094710994371 0.77135095265014897 0.90956351215621767 -0.75013812021657655 3.4893750000000008 0.091259403071267925 0.056951373111866731 103.50000000000001 38.000384401465233
decision_type=2 2 2 2 2 2 2 2 2 2 2 2 2 2
left_child=1 2 4 -4 -1 6 -3 8 9 -2 11 -9 -12 -7
right_child=7 5 3 -5 -6 13 -8 10 -10 -11 12 -13 -14 -15
leaf_value=-1.8709623786795851e-05 0.00367952275313767 0.0002797712883229083 -2.3561580798197351e-05 -0.0014044070724836201 0.00060758022246096765 -0.00039313442514500173 -0.0016424115704845956 0.0001624699275383527 -0.011816169014234872 -0.0036164256683122024 -4.7433026944859529e-05 -0.0070643261230808252 0.00089196823879116548 0.0017671710982861575
leaf_weight=67560 326 3099 1434 811 4650 73 191 1062 41 86 146 50 1378 543
leaf_count=67560 326 3099 1434 811 4650 73 191 1062 41 86 146 50 1378 543
internal_value=8.10315e-05 1.85681e-05 -3.92853e-05 -0.00234967 3.25442e-05 0.00112135 0.00056231 0.00166559 -0.000849889 0.00123786 0.00209788 0.000818345 0.0030315 0.00410714
internal_weight=81450 78361 74455 2245 72210 3906 3290 3089 453 412 2636 1112 1524 616
internal_count=81450 78361 74455 2245 72210 3906 3290 3089 453 412 2636 1112 1524 616
is_linear=0
shrinkage=0.05


Tree=151
num_leaves=14
num_cat=0
split_feature=15 22 19 5 21 18 5 16 5 7 17 17 20
split_gain=2.34691 1.74924 2.47615 3.46606 2.38368 2.98781 1.70911 0.97045 0.911926 1.17242 0.971654 1.68751 0.0914712
threshold=834.50000000000011 1.1514808641025693 0.84375000000000011 0.19337368024598436 1.1562455465081565 79.812500000000014 0.9193901325473397 74.850000000000009 0.76696112484652035 2.8750000000000004 158.50000000000003 166.50000000000003 0.73812500000000014
decision_type=2 2 2 2 2 2 2 2 2 2 2 2 2
left_child=1 4 3 -3 6 -6 -1 -4 10 -10 12 -12 -2
right_child=8 2 7 -5 5 -7 -8 -9 9 -11 11 -13 -14
leaf_value=5.792273676071728e-05 0.0010756025040702293 -0.0032470828899823162 -3.261335163960717e-05 5.6070280244091554e-05 -0.00058601844319386897 -0.0052462199240807979 -0.00019845797573991199 0.0025593415625706994 -0.00012227336736907358 0.0002927177581613769 -0.0031111262257033294 0.0018167224457953963 0.002095141407588303
leaf_weight=67991 40 59 320 189 103 42 10224 1276 66 58 55 103 429
leaf_count=67991 40 59 320 189 103 42 10224 1276 66 58 55 103 429
internal_value=8.73944e-05 6.13438e-05 0.00158351 -0.00306452 2.55234e-05 -0.00637931 3.73971e-05 0.00230576 0.00286951 -0.00104839 0.00364434 0.000253165 0.00478678
internal_weight=80955 80204 1844 248 78360 145 78215 1596 751 124 627 158 469
internal_count=80955 80204 1844 248 78360 145 78215 1596 751 124 627 158 469
is_linear=0
shrinkage=0.05


Tree=152
num_leaves=14
num_cat=0
split_feature=15 9 20 5 5 10 17 11 5 7 17 17 17
split_gain=2.69916 2.07596 2.00327 2.75571 1.98183 1.83851 4.94003 3.08357 0.888379 1.32576 0.679565 1.40687 0.0466697
threshold=834.50000000000011 0.89183328680645158 0.41937500000000011 -0.58482361983252518 0.99761913169647187 244.95000000000002 133.50000000000003 0.63016555456806922 0.76696112484652035 2.8750000000000004 160.50000000000003 166.50000000000003 151.50000000000003
decision_type=2 2 2 2 2 2 2 2 2 2 2 2 2
left_child=1 5 3 -3 -4 7 -7 -1 10 -10 12 -12 -2
right_child=8 2 4 -5 -6 6 -8 -9 9 -11 11 -13 -14
leaf_value=4.0175936140871216e-05 0.0018556648003287539 0.0073614953201977217 0.0011522461834514238 -0.0035924744610074458 -0.00090303978968028558 -0.00029964681427351747 0.00024313725866286929 0.00084626612690354901 -9.1282534542919678e-05 0.00030040907426895336 -0.010727677284244761 0.0034341706336335782 0.0024443419836411798
leaf_weight=55212 432 48 1867 79 87 8413 11557 3357 65 67 42 100 64
leaf_count=55212 432 48 1867 79 87 8413 11557 3357 65 67 42 100 64
internal_value=0.000105664 7.75244e-05 0.00163623 -0.00444882 0.00203173 3.62242e-05 -0.000378067 0.000177483 0.00305195 -0.000681818 0.00382445 0.000774648 0.00469758
internal_weight=81390 80620 2081 127 1954 78539 19970 58569 770 132 638 142 496
internal_count=81390 80620 2081 127 1954 78539 19970 58569 770 132 638 142 496
is_linear=0
shrinkage=0.05


Tree=153
num_leaves=14
num_cat=0
split_feature=15 11 7 19 21 21 2 3 5 9 17 4 18
split_gain=3.03094 1.67106 2.92236 2.19354 4.44261 1.83788 1.73931 1.61283 0.616517 1.06619 0.49456 0.731602 0.0226019
threshold=834.50000000000011 0.8298447074370211 1.3750000000000002 23.781250000000004 0.5990034477310654 1.0101847729003144 0.78867564235984411 1.0000000180025095e-35 0.76696112484652035 0.79642809098240896 151.50000000000003 -0.98611507088852035 59.562500000000007
decision_type=2 2 2 2 2 2 2 2 2 2 2 2 2
left_child=1 3 7 6 -5 -4 -1 -3 10 -10 12 -12 -2
right_child=8 2 5 4 -6 -7 -8 -9 9 -11 11 -13 -14
leaf_value=-1.2191195377553646e-05 0.0016491401599136981 0.0003745376096341204 0.00021416943111267971 -0.0031080129028086042 -0.00015913853186855738 -0.00027863692557756996 0.0005363079078997624 0.0016804530696236408 0.00034231308502834213 -0.00011650773404042576 0.0022634818867570462 -0.00019728807712687045 0.0022493609761806877
leaf_weight=61664 377 1425 5748 400 4078 769 5520 1043 74 45 100 110 40
leaf_count=61664 377 1425 5748 400 4078 769 5520 1043 74 45 100 110 40
internal_value=8.49584e-05 5.56129e-05 0.000698386 -2.49782e-05 -0.00109647 0.000143471 4.64398e-05 0.0021637 0.00325737 -4.20166e-05 0.00388357 0.00190476 0.0048801
internal_weight=81393 80647 8985 71662 4478 6517 67184 2468 746 119 627 210 417
internal_count=81393 80647 8985 71662 4478 6517 67184 2468 746 119 627 210 417
is_linear=0
shrinkage=0.05


Tree=154
num_leaves=14
num_cat=0
split_feature=15 11 3 9 10 11 17 10 20 19 13 20 2
split_gain=2.88927 1.98322 2.24289 2.62187 2.24146 3.58186 2.87804 0.661642 0.517462 1.27295 0.575214 0.681739 8.88178e-16
threshold=834.50000000000011 0.84269951048867664 0.41248606129204562 0.61615803295613591 226.20000000000002 0.49291209176998463 147.50000000000003 15.150000000000002 1.4081250000000003 27.156250000000004 0.90086951071907151 3.1543750000000008 0.85621282529243803
decision_type=2 2 2 2 2 2 2 2 2 2 2 2 2
left_child=1 4 3 -3 5 -1 -6 -4 9 -2 11 -10 -12
right_child=8 2 7 -5 6 -7 -8 -9 10 -11 12 -13 -14
leaf_value=-2.7786568421466103e-05 -0.0010489853739104745 -0.0018867367282022957 -0.00076049357988307645 0.00034566047355237957 -0.00036408211200494747 0.00056736098139020634 4.8130402947875162e-05 0.0024496606238309949 0.0012091402132396005 0.0023927087737877551 0.001011854399250317 -3.6209191606209996e-05 0.0026487187132664901
leaf_weight=47482 43 739 47 6600 7157 9726 8015 751 132 52 92 151 273
leaf_count=47482 43 739 47 6600 7157 9726 8015 751 132 52 92 151 273
internal_value=7.9375e-05 5.07348e-05 0.000790832 0.000517101 -3.24673e-05 0.000110824 -0.000572765 0.00330827 0.00318304 -0.000263158 0.00368827 0.00199647 0.005
internal_weight=81260 80517 8137 7339 72380 57208 15172 798 743 95 648 283 365
internal_count=81260 80517 8137 7339 72380 57208 15172 798 743 95 648 283 365
is_linear=0
shrinkage=0.05


Tree=155
num_leaves=14
num_cat=0
split_feature=15 12 5 5 18 17 5 16 12 20 18 20 20
split_gain=2.72546 1.71678 3.10768 10.3609 3.57041 2.18074 6.47724 2.71677 0.598569 0.939226 1.0819 0.563725 0.147059
threshold=834.50000000000011 174.45000000000002 0.69676570133721638 0.7090011537757156 54.937500000000007 243.50000000000003 0.99907018497641664 460.40000000000003 596.85000000000014 3.1543750000000008 23.937500000000004 1.4081250000000003 1.6006250000000002
decision_type=2 2 2 2 2 2 2 2 2 2 2 2 2
left_child=1 5 4 -4 -3 7 -7 -1 9 12 -11 -10 -2
right_child=8 2 3 -5 -6 6 -8 -9 11 10 -12 -13 -14
leaf_value=2.9912902580904081e-05 0.00013865284952397557 0.00048412162731941138 -0.0028551221932443973 -5.2474266969037656e-05 0.00018347133934068006 -0.00096037093129336089 -0.0024452565736142978 -0.00041171141100303243 -0.00035871895078515168 0.00023139463731696757 -0.0036133335680232602 0.0015562215572472076 0.0011539764587503621
leaf_weight=42870 45 5919 170 9144 15715 1496 94 4847 40 113 48 368 125
leaf_count=42870 45 5919 170 9144 15715 1496 94 4847 40 113 48 368 125
internal_value=8.29693e-05 5.51369e-05 0.000347034 -0.000416577 0.000675788 -0.000128075 -0.00194969 -6.73762e-05 0.00310555 0.00152568 -0.00121118 0.00438725 0.00411765
internal_weight=80994 80255 30948 9314 21634 49307 1590 47717 739 331 161 408 170
internal_count=80994 80255 30948 9314 21634 49307 1590 47717 739 331 161 408 170
is_linear=0
shrinkage=0.05


Tree=156
num_leaves=13
num_cat=0
split_feature=15 20 19 22 21 5 5 2 18 1 7 17
split_gain=2.83436 1.90957 10.0132 4.82164 3.47717 1.91112 3.53122 1.69789 0.703497 0.432145 0.764907 0.511551
threshold=822.00000000000011 4.3331250000000017 1.8812500000000003 0.41798237059227333 0.75510254684526801 0.9193901325473397 0.92602006027323147 0.36725212901469123 89.937500000000014 849.81548386340557 1.1250000000000002 160.50000000000003
decision_type=2 2 2 2 2 2 2 2 2 2 2 2
left_child=1 5 3 -3 -4 7 -7 -1 9 10 -2 -11
right_child=8 2 4 -5 -6 6 -8 -9 -10 11 -12 -13
leaf_value=-1.7887011414985388e-05 -0.00010354657633341537 -0.00075887101463682945 -0.0004429942310626427 -0.0037848220387737804 0.00097715158453680296 -0.0021922329644673238 -7.6790085107255677e-05 0.00021171658553557831 -0.0036711357142421119 0.001576828113299354 0.00031675835300050626 0.0014382357603853694
leaf_weight=27816 58 82 7034 84 2457 445 8020 34427 41 445 193 176
leaf_count=27816 58 82 7034 84 2457 445 8020 34427 41 445 193 176
internal_value=9.39986e-05 6.25274e-05 -0.000596976 -0.0127711 -0.000384048 0.0001526 -0.000552274 0.000248462 0.00286418 0.00316514 0.00141434 0.00387279
internal_weight=81278 80365 9657 166 9491 70708 8465 62243 913 872 251 621
internal_count=81278 80365 9657 166 9491 70708 8465 62243 913 872 251 621
is_linear=0
shrinkage=0.05


Tree=157
num_leaves=16
num_cat=0
split_feature=15 5 5 20 5 20 9 22 6 6 13 18 13 6 5
split_gain=2.01626 3.56211 9.89015 16.6259 2.59323 2.36834 2.2904 1.88606 1.88217 3.68122 7.32861 2.6223 4.11168 2.22739 1.55464
threshold=668.50000000000011 0.75580964594513067 0.76696112484652035 2.0943750000000008 0.091259403071267925 1.3868750000000003 0.60055419865537252 0.70566999488926674 0.97461712852231652 0.97062204580664158 0.18809284210021307 91.562500000000014 0.51581659746501496 0.96407344085605606 -0.159513159777915
decision_type=2 2 2 2 2 2 2 2 2 2 2 2 2 2 2
left_child=8 4 3 -3 5 -2 -4 -6 9 13 -11 14 -13 -1 -10
right_child=1 2 6 -5 7 -7 -8 -9 11 10 -12 12 -14 -15 -16
leaf_value=-1.3762480584778012e-05 0.0015099703508993324 0.0022039324863665816 0.00053698884118474021 -0.013450752107152537 -0.0059438802749347827 -2.6512429774116653e-06 -0.00010517129221323302 0.0022097087527023114 -0.00078549377558776671 -0.0035069175287659135 6.9148224023053617e-05 0.00027064001980206222 -0.0012118081886097632 0.0027512785878487196 0.00098291271961944179
leaf_weight=71053 570 46 442 40 73 2083 750 1572 257 103 195 797 288 443 2581
leaf_count=71053 570 46 442 40 73 2083 750 1572 257 103 195 797 288 443 2581
internal_value=0.000101054 0.00101865 -0.0012989 -0.0176744 0.00170777 0.000740671 -0.000117449 0.00326748 3.34801e-05 -2.4793e-05 -0.00557047 0.00109992 -0.000990783 -1.67823e-06 0.00189922
internal_weight=81293 5576 1278 86 4298 2653 1192 1645 75717 71794 298 3923 1085 71496 2838
internal_count=81293 5576 1278 86 4298 2653 1192 1645 75717 71794 298 3923 1085 71496 2838
is_linear=0
shrinkage=0.05


Tree=158
num_leaves=16
num_cat=0
split_feature=15 17 5 5 5 5 5 20 7 1 19 6 3 15 18
split_gain=2.24814 1.69579 4.56806 4.40931 6.67296 4.28422 3.79132 2.82266 0.771317 1.34042 1.068 0.697323 0.166925 0.19022 0.0214413
threshold=822.00000000000011 149.50000000000003 -0.98803845231459242 -0.94139628442229062 -0.8781231054254196 -0.9905448150984083 -0.95754239937548935 0.57937500000000008 3.1250000000000004 842.29432769727725 21.243750000000006 -0.99628250747696534 0.2269546835593246 850.50000000000011 55.812500000000007
decision_type=2 2 2 2 2 2 2 2 2 2 2 2 2 2 2
left_child=1 2 5 7 -5 -1 -4 -3 9 10 -2 -11 14 -14 -10
right_child=8 3 6 4 -6 -7 -8 -9 12 11 -12 -13 13 -15 -16
leaf_value=-0.00065277657398026998 0.0002423978391601513 -0.00085667572916463437 0.0013658005866564078 -0.002051626839602277 0.00022088466856141762 -0.0010073468027819259 -4.4343055651969156e-05 0.0020997319680069303 0.0011786698991111579 -0.00024039372630875957 -0.00012632234606460715 0.0008585345848400955 0.00046035721635554025 0.0013247105806711442 0.0028670921798853314
leaf_weight=2324 43 145 2577 1259 22851 265 48079 2874 241 95 49 315 76 51 40
leaf_count=2324 43 145 2577 1259 22851 265 48079 2874 241 95 49 315 76 51 40
internal_value=5.62228e-05 2.82431e-05 -0.000135693 0.000349995 0.00012443 -0.00218424 -3.09932e-05 0.00215137 0.00252747 0.00121514 -0.00423913 0.00243902 0.00414216 0.0026378 0.00482206
internal_weight=81284 80374 53245 27129 24110 2589 50656 3019 910 502 92 410 408 127 281
internal_count=81284 80374 53245 27129 24110 2589 50656 3019 910 502 92 410 408 127 281
is_linear=0
shrinkage=0.05


Tree=159
num_leaves=15
num_cat=0
split_feature=15 22 19 5 3 6 1 0 12 7 20 17 12 2
split_gain=1.9208 1.89513 2.02591 2.74175 1.95424 4.2916 3.29657 0.962443 0.872047 1.07122 1.00943 0.437515 0.0672579 0.0215001
threshold=834.50000000000011 1.1514808641025693 0.84375000000000011 0.7210268013660811 -0.3520614488341251 -0.99864786094873803 18.559747089846478 72.999368342700805 596.85000000000014 3.3750000000000004 3.1543750000000008 165.50000000000003 576.45000000000016 0.84543210060271423
decision_type=2 2 2 2 2 2 2 2 2 2 2 2 2 2
left_child=1 4 3 -3 5 -1 -6 -4 9 10 -2 13 -11 -10
right_child=8 2 7 -5 6 -7 -8 -9 11 12 -12 -13 -14 -15
leaf_value=-0.0016476168726767455 0.00033061269848144899 -0.001534398437178544 0.0027908481172984403 0.0061940679540144934 -0.001658997262077492 -9.1896537532592008e-05 0.00010022425308935956 -0.00025218264551957794 0.00044712670242968712 0.00054593807532300005 -0.0002649280133870238 0.00025060026522096755 0.00046822022897068203 0.0018914552985867955
leaf_weight=724 109 163 1390 79 361 27055 50622 250 41 91 98 65 41 305
leaf_count=724 109 163 1390 79 361 27055 50622 250 41 91 98 65 41 305
internal_value=8.1333e-05 5.7909e-05 0.00162593 -0.00264463 2.04415e-05 -0.000316966 0.000204284 0.0022561 0.0026 0.000722714 -0.00152174 0.00414842 0.00424242 0.00485549
internal_weight=81394 80644 1882 242 78762 27779 50983 1640 750 339 207 411 132 346
internal_count=81394 80644 1882 242 78762 27779 50983 1640 750 339 207 411 132 346
is_linear=0
shrinkage=0.05


Tree=160
num_leaves=14
num_cat=0
split_feature=15 6 6 5 18 13 6 6 5 13 17 17 5
split_gain=2.17772 1.69782 3.78156 16.5117 3.13491 3.48596 1.64912 1.26145 0.686494 0.881855 0.685222 0.833514 0.333544
threshold=834.50000000000011 0.97461712852231652 0.95691861501572195 0.26866988313759588 91.562500000000014 0.51581659746501496 -0.98521978256641018 0.99958851518450398 0.76696112484652035 0.88877943619288124 158.50000000000003 166.50000000000003 -0.23537230790205757
decision_type=2 2 2 2 2 2 2 2 2 2 2 2 2
left_child=1 2 6 -4 7 -6 -1 -3 10 -10 12 -12 -2
right_child=8 4 3 -5 5 -7 -8 -9 9 -11 11 -13 -14
leaf_value=0.00058988374025809259 2.1770805341834093e-05 0.0011049834521655573 0.00050059374493630667 -0.0019478719071875624 0.00017289214018834852 -0.0010059866858970299 -3.6746651011269665e-06 -0.00014818086308239357 -8.6547250539986012e-05 0.00034672987892003207 -0.0012220370726864214 0.0017491597595433507 0.0016648595143760629
leaf_weight=5225 40 2601 877 311 783 295 70304 237 60 64 52 106 436
leaf_count=5225 40 2601 877 311 783 295 70304 237 60 64 52 106 436
internal_value=8.97521e-05 6.46759e-05 1.28396e-05 -0.0027862 0.00108018 -0.00121521 5.68658e-05 0.00195208 0.00275726 -0.000645161 0.00342271 0.00056962 0.00436975
internal_weight=81391 80633 76717 1188 3916 1078 75529 2838 758 124 634 158 476
internal_count=81391 80633 76717 1188 3916 1078 75529 2838 758 124 634 158 476
is_linear=0
shrinkage=0.05


Tree=161
num_leaves=16
num_cat=0
split_feature=11 10 17 3 15 11 9 5 15 7 5 10 6 5 21
split_gain=2.31451 1.95065 3.20163 3.42812 3.23515 2.92624 3.6417 3.42374 1.6923 1.55933 1.75318 1.04606 0.795663 1.2078 0.924162
threshold=0.86753702545146505 226.20000000000002 109.50000000000001 0.81241147629689026 189.50000000000003 0.54565385475854244 0.45065633749696649 0.99939377080793557 682.50000000000011 1.3750000000000002 -0.99866806308218525 575.70000000000016 -0.99052477729077237 -0.031173458710879235 1.0164138957129636
decision_type=2 2 2 2 2 2 2 2 2 2 2 2 2 2 2
left_child=1 5 3 -3 -4 7 -7 -1 9 11 -11 -2 13 -10 -14
right_child=8 2 4 -5 -6 6 -8 -9 12 10 -12 -13 14 -15 -16
leaf_value=-3.7410120744646639e-06 0.0023588449933321671 -0.0002484403671221563 -0.0015522253805931299 -0.0011291869458970964 0.0001285805293306903 -0.0022334506119134393 0.00082461606247509099 0.0027306250506879768 -0.0034673207163711719 -0.0029329222514215061 0.00012659125782790403 -0.00033916603579212167 0.0012186068907791715 0.0015709881765530469 -0.00010088064923789631
leaf_weight=50512 946 5439 693 56 11169 513 6086 474 81 71 3772 256 948 206 68
leaf_count=50512 946 5439 693 56 11169 513 6086 474 81 71 3772 256 948 206 68
internal_value=9.77982e-05 2.01491e-05 -0.000444489 -0.00144222 1.77038e-05 0.000160198 0.00115093 3.19697e-05 0.00101449 0.000599604 0.000107989 0.00217138 0.00262088 0.000296167 0.00327756
internal_weight=81290 74942 17357 5495 11862 57585 6599 50986 6348 5045 3843 1202 1303 287 1016
internal_count=81290 74942 17357 5495 11862 57585 6599 50986 6348 5045 3843 1202 1303 287 1016
is_linear=0
shrinkage=0.05


Tree=162
num_leaves=15
num_cat=0
split_feature=6 18 17 19 6 17 13 20 18 10 21 17 17 18
split_gain=2.30274 8.82707 5.82532 10.7219 3.64008 6.16222 4.41253 3.35259 3.30725 2.85559 2.54279 2.39501 4.40126 2.14166
threshold=-0.9575230291762723 99.937500000000014 186.50000000000003 18.618750000000006 -0.94703994556331683 347.50000000000006 0.82364248394671613 1.6568750000000003 22.187500000000004 0.75000000000000011 0.58978002679542085 307.50000000000006 304.50000000000006 84.437500000000014
decision_type=2 2 2 2 2 2 2 2 2 2 2 2 2 2
left_child=1 7 3 -3 5 6 -2 9 -9 -1 -4 12 -6 -13
right_child=4 2 10 -5 11 -7 -8 8 -10 -11 -12 13 -14 -15
leaf_value=-0.0044287079132876639 -0.00030807642417929901 -1.2597025640797999e-05 -0.0022524821553817471 -0.0039727441464459242 -1.5123528336390478e-06 -0.010774399639507094 -0.0046178371927934293 0.0011568588873631218 0.00026049387521870918 0.0018261374254086291 0.0038387320415301674 -0.003821266771529996 -0.0052760208085141065 0.0027126067168545816
leaf_weight=45 807 390 444 349 69753 53 222 783 4365 2424 391 87 81 1134
leaf_count=45 807 390 444 349 69753 53 222 783 4365 2424 391 87 81 1134
internal_value=7.11934e-05 0.00081656 -0.00259212 -0.00582544 -2.3774e-05 -0.00290203 -0.00204568 0.00152094 0.000794483 0.00303564 0.000269461 2.00551e-05 -1.8329e-05 0.0022154
internal_weight=81328 9191 1574 739 72137 1082 1029 7617 5148 2469 835 71055 69834 1221
internal_count=81328 9191 1574 739 72137 1082 1029 7617 5148 2469 835 71055 69834 1221
is_linear=0
shrinkage=0.05


Tree=163
num_leaves=14
num_cat=0
split_feature=15 22 5 19 5 19 5 19 12 6 5 17 15
split_gain=2.03628 1.65594 1.67708 3.66167 1.98705 1.50233 1.83348 1.03318 0.520839 0.660096 0.717866 0.544091 0.0882353
threshold=834.50000000000011 1.1514808641025693 0.9193901325473397 22.093750000000004 0.89017062131308955 0.84375000000000011 0.7210268013660811 6.7187500000000009 596.85000000000014 -0.99628250747696534 0.76696112484652035 165.50000000000003 839.50000000000011
decision_type=2 2 2 2 2 2 2 2 2 2 2 2 2
left_child=1 2 4 -4 -1 6 -3 -7 9 -2 -11 12 -10
right_child=8 5 3 -5 -6 7 -8 -9 11 10 -12 -13 -14
leaf_value=3.038661207684448e-05 -0.000507425419939222 -0.0013967694881716641 -0.0001486752443551061 -0.0035694182157466527 0.00068616870664583865 0.0032228327987246595 0.0085896070569619065 0.0012574818833269795 0.002205197558037966 0.0010086489657628454 -4.074949874887005e-05 0.00021918858937981713 0.0013110616053984385
leaf_weight=66654 58 170 10140 124 1715 451 76 1175 40 190 83 67 300
leaf_count=66654 58 170 10140 124 1715 451 76 1175 40 190 83 67 300
internal_value=8.2038e-05 5.80711e-05 2.30821e-05 -0.000572876 0.000112551 0.00152778 -0.00211382 0.00207872 0.00269648 0.00122357 0.00225275 0.00389435 0.00470588
internal_weight=81243 80505 78633 10264 68369 1872 246 1626 738 331 273 407 340
internal_count=81243 80505 78633 10264 68369 1872 246 1626 738 331 273 407 340
is_linear=0
shrinkage=0.05


Tree=164
num_leaves=15
num_cat=0
split_feature=15 6 6 5 6 5 5 0 17 22 1 7 13 12
split_gain=2.22528 1.58828 4.06466 11.669 2.57967 2.5215 2.00477 0.637715 0.594445 1.18577 0.683006 0.846709 0.119996 0.0569892
threshold=834.50000000000011 0.97461712852231652 0.94353349168649059 0.26866988313759588 0.82293497932636273 0.15951094710994371 1.0000000180025095e-35 38.000384401465233 158.50000000000003 0.9713888976263666 846.28105720313295 2.8750000000000004 0.88877943619288124 569.55000000000007
decision_type=2 2 2 2 2 2 2 2 2 2 2 2 2 2
left_child=1 2 4 -4 -1 6 -3 -7 10 13 11 -2 -12 -10
right_child=8 5 3 -5 -6 7 -8 -9 9 -11 12 -13 -14 -15
leaf_value=-1.2244340356835916e-05 -6.569156720963529e-05 0.00050802101131286058 0.00017096556039770635 -0.0015196950562486359 0.00044624910656057104 -4.431025931194901e-05 -0.00037583427283868092 0.0015759064251720314 0.0036753560991220485 -0.00080298455142446476 0.00051239247280613579 0.00025944626698501345 0.0011661801840794675 0.003360680479024122
leaf_weight=69527 74 1986 1323 641 4860 74 1316 545 40 73 102 57 332 53
leaf_count=69527 74 1986 1323 641 4860 74 1316 545 40 73 102 57 332 53
internal_value=6.49978e-05 3.99892e-05 -1.04123e-05 -0.0022556 4.88663e-05 0.00102142 0.000472441 0.00394992 0.00281122 0.000180723 0.00358407 0.000419848 0.00453917 0.00392473
internal_weight=81003 80272 76351 1964 74387 3921 3302 619 731 166 565 131 434 93
internal_count=81003 80272 76351 1964 74387 3921 3302 619 731 166 565 131 434 93
is_linear=0
shrinkage=0.05


Tree=165
num_leaves=16
num_cat=0
split_feature=15 22 21 4 4 17 2 17 16 1 19 12 2 3 13
split_gain=2.53132 1.65307 3.23467 2.6678 2.32781 2.76839 2.00579 0.729244 1.25959 1.04836 0.871253 0.859001 0.641686 0.527307 0.031983
threshold=822.00000000000011 0.99469066677254137 0.98612669923180774 -0.91037613702198739 0.032701564615071219 101.50000000000001 0.082033926673581697 158.50000000000003 766.60000000000014 849.81548386340557 25.643750000000004 590.25000000000011 0.098634210354335214 0.2269546835593246 0.88877943619288124
decision_type=2 2 2 2 2 2 2 2 2 2 2 2 2 2 2
left_child=1 2 6 -4 5 -3 -1 9 13 10 -2 -10 -6 -9 -11
right_child=7 4 3 -5 12 -7 -8 8 11 14 -12 -13 -14 -15 -16
leaf_value=-0.0011739062238730984 0.00020320964471693057 -4.7481131359360091e-05 0.00054119331085052417 -0.0014930095947767305 0.0049470611808016601 0.00048758855971520328 2.2412903090064663e-05 0.0037589551097247974 0.00041936059366887098 0.00063496494161065893 -0.00013766547597556883 -0.012064630126098782 0.0010015757123136011 -1.6232850817071537e-05 0.0011258706383806072
leaf_weight=1774 174 5377 414 1378 400 1863 68623 105 42 99 41 40 619 72 376
leaf_count=1774 174 5377 414 1378 400 1863 68623 105 42 99 41 40 619 72 376
internal_value=6.18575e-05 3.15734e-05 -4.50898e-05 -0.00214286 0.000701659 0.000386741 8.3102e-06 0.00262908 0.000366796 0.00347826 0.000581396 -0.0047561 0.00293916 0.00274011 0.00478947
internal_weight=81397 80448 72189 1792 8259 7240 70397 949 259 690 215 82 1019 177 475
internal_count=81397 80448 72189 1792 8259 7240 70397 949 259 690 215 82 1019 177 475
is_linear=0
shrinkage=0.05


Tree=166
num_leaves=15
num_cat=0
split_feature=15 6 5 15 6 6 18 16 12 7 9 20 3 20
split_gain=2.56208 1.60396 4.84434 5.42134 2.55573 3.5687 2.16104 1.50222 0.571061 0.728761 0.759071 0.287671 0.0781072 0.0166667
threshold=834.50000000000011 0.99981043035926087 1.0000000180025095e-35 37.500000000000007 0.97461712852231652 0.95691861501572195 91.562500000000014 17.550000000000004 596.85000000000014 3.3750000000000004 0.80694145106918047 1.2606250000000003 -0.097964660725097089 1.9731250000000002
decision_type=2 2 2 2 2 2 2 2 2 2 2 2 2 2
left_child=1 4 7 -4 5 -1 -6 -3 9 10 -2 -10 -13 -11
right_child=8 2 3 -5 6 -7 -8 -9 11 13 -12 12 -14 -15
leaf_value=3.5228965825136707e-05 -0.00050700922820818336 0.0011382884086317902 -0.0013721079775135515 0.0007527390282174531 0.00094287874765028735 -0.00099025084908828994 -0.00026235929453810689 -0.00052332974291561662 0.00035284905176611561 0.00045631281513701263 0.00026161996027519572 0.001248824316397442 0.0010530116248017088 0.00066802203388637276
leaf_weight=75485 101 150 106 42 2654 1194 883 75 44 40 106 45 326 80
leaf_count=75485 101 150 106 42 2654 1194 883 75 44 40 106 45 326 80
internal_value=0.000121172 9.42438e-05 -0.00317694 -0.0102027 0.000109455 4.88402e-05 0.00142352 0.00144444 0.00304582 0.00148318 -0.000314009 0.00427711 0.00473046 0.00458333
internal_weight=81331 80589 373 148 80216 76679 3537 225 742 327 207 415 371 120
internal_count=81331 80589 373 148 80216 76679 3537 225 742 327 207 415 371 120
is_linear=0
shrinkage=0.05


Tree=167
num_leaves=16
num_cat=0
split_feature=15 6 18 19 12 6 21 12 18 3 20 22 22 1 5
split_gain=2.17589 1.7858 2.88627 4.45244 2.71264 2.11966 11.1039 1.90256 1.51576 5.40757 6.8956 0.955354 2.64167 0.89074 0.0663866
threshold=738.50000000000011 -0.98521978256641018 96.937500000000014 29.106250000000006 507.15000000000003 -0.98212955754013376 0.5990034477310654 393.75000000000006 87.687500000000014 0.032701564615071628 2.3068750000000007 0.91676932285090895 0.90341846901608369 869.62487684614928 -0.031173458710879235
decision_type=2 2 2 2 2 2 2 2 2 2 2 2 2 2 2
left_child=1 2 4 -4 -1 6 -3 -7 11 14 -11 12 -2 -13 -10
right_child=8 5 3 -5 -6 7 -8 -9 9 10 -12 13 -14 -15 -16
leaf_value=0.0014012978028726025 0.0015247256985641388 -0.0040010488308529621 -0.0002774352684800987 -0.004561250999218446 -0.0026821851876415114 3.1498594431268066e-05 0.0032775497730859887 -0.0002686385659607175 0.00097292519928427693 0.00030667266592251366 -0.0094688794042078698 0.00019690963365174416 -0.0091160247391011452 0.0017360791706630858 0.0056040428184314208
leaf_weight=3018 309 221 1217 40 448 64698 243 8452 40 47 40 1957 153 466 79
leaf_count=3018 309 221 1217 40 448 64698 243 8452 40 47 40 1957 153 466 79
internal_value=7.54042e-05 2.40629e-05 0.000966547 -0.00108592 0.00171091 -3.64059e-05 -0.00340517 -1.50374e-05 0.00137658 -0.00276699 -0.0122414 0.00167244 -0.000411255 0.00206975 0.00415966
internal_weight=81428 78337 4723 1257 3466 73614 464 73150 3091 206 87 2885 462 2423 119
internal_count=81428 78337 4723 1257 3466 73614 464 73150 3091 206 87 2885 462 2423 119
is_linear=0
shrinkage=0.05


Tree=168
num_leaves=15
num_cat=0
split_feature=15 6 6 18 18 13 6 18 11 17 22 6 5 18
split_gain=2.23314 1.74581 2.72223 6.62157 2.56471 4.14596 2.05189 1.47121 5.47413 1.72843 2.5195 1.47495 1.3343 0.843554
threshold=738.50000000000011 0.97461712852231652 0.97062204580664158 88.687500000000014 91.562500000000014 0.51581659746501496 0.96407344085605606 58.562500000000007 0.4330802272240139 109.50000000000001 0.99708070307500396 -0.98521978256641018 0.15951094710994371 7.9375000000000009
decision_type=2 2 2 2 2 2 2 2 2 2 2 2 2 2
left_child=1 2 6 -4 12 -6 -1 9 -9 10 -2 -10 -3 -11
right_child=7 4 3 -5 5 -7 -8 8 11 13 -12 -13 -14 -15
leaf_value=-1.6089146506317875e-05 -0.00021040697513066754 0.0003826617746038817 -0.0031740818317217306 0.0014751294203608127 0.00027331499737198733 -0.0011084285409338338 0.0026670862860071545 -0.0075251492806236832 -0.0049051698359447908 0.00062895350291953568 0.00013054404969433186 0.0010400044215195219 0.0014452687679372767 0.0010168916659957
leaf_weight=73529 140 2240 147 148 802 286 437 40 131 611 356 395 603 1426
leaf_count=73529 140 2240 147 148 802 286 437 40 131 611 356 395 603 1426
internal_value=6.95651e-05 1.73933e-05 -3.6964e-05 -0.00483051 0.00104426 -0.00102022 -1.78459e-05 0.00138593 -0.000918728 0.00190091 -0.000745968 0.000437263 0.00183433 0.00254541
internal_weight=81291 78192 74261 295 3931 1088 73966 3099 566 2533 496 526 2843 2037
internal_count=81291 78192 74261 295 3931 1088 73966 3099 566 2533 496 526 2843 2037
is_linear=0
shrinkage=0.05


Tree=169
num_leaves=15
num_cat=0
split_feature=2 9 10 11 20 5 22 20 18 12 15 3 20 21
split_gain=2.37887 1.83846 2.10872 2.31803 1.95053 2.37319 1.75636 1.37489 0.978624 1.29895 0.461906 0.0660965 0.121552 0.017576
threshold=0.88579628971768642 0.88235387867772463 587.25000000000011 0.91422826481256447 0.44437500000000002 -0.58482361983252518 1.3065123111929533 4.2106250000000012 73.312500000000014 644.25000000000011 470.50000000000006 0.2269546835593246 2.7931250000000003 0.9900072820503848
decision_type=2 2 2 2 2 2 2 2 2 2 2 2 2 2
left_child=1 2 6 -4 5 -3 -1 -6 11 10 -10 13 -13 -2
right_child=8 4 3 -5 7 -7 -8 -9 9 -11 -12 12 -14 -15
leaf_value=8.5988184194395387e-06 0.0021379361288341261 0.0073878520060924185 -0.0027789499379775352 -0.00032480865209128716 0.00077339807853255991 -0.0026063502302471186 0.0023863322401602273 -0.00094985100041953196 0.0032811323523169074 -0.0016652744842067316 0.00034017961763594035 0.0019129969745229623 0.0010638787706184465 0.0023250203637798783
leaf_weight=75966 259 54 266 699 2247 92 774 209 231 61 250 47 40 48
leaf_count=75966 259 54 266 699 2247 92 774 209 231 61 250 47 40 48
internal_value=9.00387e-05 6.08293e-05 1.70519e-05 -0.0023057 0.00136818 -0.00424658 4.62603e-05 0.00170195 0.00259615 0.00121771 0.0020894 0.00449239 0.00327586 0.00483713
internal_weight=81243 80307 77705 965 2602 146 76740 2456 936 542 481 394 87 307
internal_count=81243 80307 77705 965 2602 146 76740 2456 936 542 481 394 87 307
is_linear=0
shrinkage=0.05


Tree=170
num_leaves=15
num_cat=0
split_feature=3 22 19 6 19 2 22 20 18 20 16 6 5 11
split_gain=2.0563 3.56712 2.76462 1.79726 5.53392 8.71345 5.42534 5.70119 4.17916 2.30532 1.65813 2.85064 1.94117 1.53486
threshold=0.9946518923062071 0.43111442566676045 17.868750000000002 -0.6523320455745395 22.493750000000006 0.83381054170292701 0.6420378913793664 0.3206250000000001 99.812500000000014 4.9043750000000008 486.75000000000006 -0.92272482904738262 -0.99763297024448894 0.13676466440457474
decision_type=2 2 2 2 2 2 2 2 2 2 2 2 2 2
left_child=3 2 13 6 8 -6 7 -1 -5 -8 12 -12 -3 -2
right_child=1 10 -4 4 5 -7 9 -9 -10 -11 11 -13 -14 -15
leaf_value=-0.005591762075290517 -0.0011236793093669559 -0.0017667180065219724 -0.0025668581003835192 -5.0737092523127071e-05 -0.00065548736173637442 -0.0090478655944836867 0.00054579837681644025 -0.00029282378999498756 0.00034774494809240882 -0.0020512128598211589 0.0015603069203923897 -0.0013505194274987036 0.00071299763119116004 0.00090997609744764788
leaf_weight=45 274 44 54 41116 2430 50 16816 8101 10452 459 87 205 1037 66
leaf_count=45 274 44 54 41116 2430 50 16816 8101 10452 459 87 205 1037 66
internal_value=9.39241e-05 -0.0015931 -0.0057868 0.000131435 -3.16384e-05 -0.00233871 0.000478148 -0.000585563 7.93129e-05 0.00097974 -0.000389657 -0.00373288 0.000513414 -0.00411765
internal_weight=81236 1767 394 79469 54048 2480 25421 8146 51568 17275 1373 292 1081 340
internal_count=81236 1767 394 79469 54048 2480 25421 8146 51568 17275 1373 292 1081 340
is_linear=0
shrinkage=0.05


Tree=171
num_leaves=14
num_cat=0
split_feature=2 22 21 10 17 16 22 18 18 12 9 21 22
split_gain=1.99251 1.57981 3.56297 3.48843 2.75305 3.66288 1.92991 1.23747 1.14922 1.229 0.556784 0.280508 0.0490348
threshold=0.88579628971768642 0.99214247489978813 0.96943688668899886 45.150000000000006 105.50000000000001 483.50000000000006 0.96698013714576991 53.687500000000007 76.187500000000014 644.25000000000011 0.37802901622471824 0.99376977840234615 0.76974246247178868
decision_type=2 2 2 2 2 2 2 2 2 2 2 2 2
left_child=1 2 6 -4 5 -3 -1 -6 11 10 -10 12 -2
right_child=8 4 3 -5 7 -7 -8 -9 9 -11 -12 -13 -14
leaf_value=-3.0961527259131176e-06 0.00097311063754960047 0.00051083579027735534 0.00050859079159832233 -0.00061945986904398396 0.00067882946884502112 -0.0001714779472425931 0.0010265999441817456 -0.00016706976218948096 0.0021581522457109824 -0.0012105182401489032 0.00043370580286521848 0.00050826152057241675 0.0020380840781521856
leaf_weight=66522 67 4468 925 2656 1496 2573 1167 323 178 66 276 45 308
leaf_count=66522 67 4468 925 2656 1496 2573 1167 323 178 66 276 45 308
internal_value=5.18073e-05 2.49596e-05 -5.33182e-05 -0.00159034 0.000654628 0.000206647 2.79959e-05 0.00238868 0.00234043 0.000769231 0.00169604 0.00428571 0.00473333
internal_weight=81070 80130 71270 3581 8860 7041 67689 1819 940 520 454 420 375
internal_count=81070 80130 71270 3581 8860 7041 67689 1819 940 520 454 420 375
is_linear=0
shrinkage=0.05


Tree=172
num_leaves=15
num_cat=0
split_feature=15 5 17 6 5 21 20 18 1 22 17 17 17 13
split_gain=1.92924 1.52662 8.44964 14.2465 6.30001 3.33234 2.11044 1.38859 0.701773 0.854006 0.613847 1.09499 0.276836 0.19863
threshold=834.50000000000011 -0.98523971305672675 46.500000000000007 -0.14250536273956091 -0.96689237009891416 0.9900072820503848 0.88812500000000016 95.312500000000014 849.81548386340557 1.0123310570795732 160.50000000000003 169.50000000000003 111.50000000000001 0.88877943619288124
decision_type=2 2 2 2 2 2 2 2 2 2 2 2 2 2
left_child=1 2 3 -1 7 -4 -6 -3 9 -2 13 -12 -11 -10
right_child=8 4 5 -5 6 -7 -8 -9 10 12 11 -13 -14 -15
leaf_value=-0.0027539850593241173 -0.00022532693320750138 0.0024906776621026129 0.00015968163725179675 -0.00092736535722296527 0.00020105548007623647 -0.0030714175363823334 -5.7724102778051686e-05 0.00049808923800744465 0.00050501183911424833 -2.9347102782225429e-06 -0.01076851464774024 0.0014639326408501302 0.00067259480050136603 0.0010908170792869173
leaf_weight=63 52 1731 3256 736 16129 66 57699 715 97 59 47 104 49 326
leaf_count=63 52 1731 3256 736 16129 66 57699 715 97 59 47 104 49 326
internal_value=6.4034e-05 4.07365e-05 -0.000896627 -0.00551314 9.13813e-05 0.000213727 8.66898e-06 0.0025879 0.0026158 -0.0003125 0.00343206 0.000695364 0.00222222 0.00440898
internal_weight=81129 80395 4121 799 76274 3322 73828 2446 734 160 574 151 108 423
internal_count=81129 80395 4121 799 76274 3322 73828 2446 734 160 574 151 108 423
is_linear=0
shrinkage=0.05


Tree=173
num_leaves=15
num_cat=0
split_feature=2 18 16 13 6 12 22 6 6 22 17 17 18 19
split_gain=2.70091 3.17627 4.43531 2.29102 2.22494 3.13386 3.5373 2.6783 7.62497 3.95137 2.22877 1.19552 2.06343 1.78066
threshold=0.81162070673734876 98.687500000000014 457.30000000000001 0.27714154518140094 -0.98521978256641018 551.25000000000011 0.40175914758651782 0.16587474750015932 0.28313308994381592 0.44121505258354909 227.50000000000003 261.50000000000006 46.187500000000007 15.643750000000002
decision_type=2 2 2 2 2 2 2 2 2 2 2 2 2 2
left_child=4 11 3 -3 5 6 -1 9 -9 -6 -7 12 -2 -13
right_child=1 2 -4 -5 7 10 -8 8 -10 -11 -12 13 -14 -15
leaf_value=-0.0011534281960602244 0.00045849270458359846 -0.0049519782686549031 -0.0075079063633239898 0.00016481680275256676 -0.00047205521566304816 -0.0043780210654011343 0.001131027060403476 0.001872723334848476 1.4428045756638588e-05 -2.9957318047492542e-05 0.0016510486173696979 -0.0012560732469039124 0.00022084310961805018 0.0040407679254714389
leaf_weight=486 1322 268 73 1573 7037 63 3128 3458 28048 31893 43 204 2365 1470
leaf_count=486 1322 268 73 1573 7037 63 3128 3458 28048 31893 43 204 2365 1470
internal_value=0.000108129 0.00102749 -0.000721003 -0.000241716 1.79353e-05 0.00120968 0.00145822 -4.50052e-05 0.000297721 -0.000322373 -0.00726415 0.00165174 0.00114863 0.00275986
internal_weight=81431 7275 1914 1841 74156 3720 3614 70436 31506 38930 106 5361 3687 1674
internal_count=81431 7275 1914 1841 74156 3720 3614 70436 31506 38930 106 5361 3687 1674
is_linear=0
shrinkage=0.05


Tree=174
num_leaves=16
num_cat=0
split_feature=6 22 5 10 19 17 20 2 18 22 6 10 20 10 20
split_gain=1.82286 6.43602 4.66539 5.79433 4.24818 9.44877 11.2008 4.67426 3.15034 8.38765 3.27787 3.06338 2.48856 2.33041 2.18151
threshold=-0.6523320455745395 0.59184232273624404 -0.52766804058324157 0.45000000000000001 22.493750000000006 269.50000000000006 2.8418750000000008 0.83381054170292701 99.062500000000014 0.33937597761445287 0.97461712852231652 176.55000000000004 0.59812500000000013 310.05000000000001 3.7231250000000009
decision_type=2 2 2 2 2 2 2 2 2 2 2 2 2 2 2
left_child=1 2 12 -4 8 7 -7 -6 10 -10 -2 14 -1 -13 -3
right_child=4 11 3 -5 5 6 -8 -9 9 -11 -12 13 -14 -15 -16
leaf_value=-0.0036107958392830927 -0.00011990449733906665 0.0013626181281218572 -0.0017807686812413666 -0.00041438874439430565 -0.00034788252734951355 -0.0072236038329454404 0.00020271137544854287 -0.0085267778283825684 -0.00025445526816669301 0.00096246748989108901 0.00042600348336548739 -0.00037443490100970878 0.0025808607862717286 0.0003482909658298072 -0.00064081836492406409
leaf_weight=49 36241 6321 554 5863 2305 57 56 41 5340 7618 3173 2786 787 9111 769
leaf_count=49 36241 6321 554 5863 2305 57 56 41 5340 7618 3173 2786 787 9111 769
internal_value=7.83883e-05 0.000421113 -0.000845857 -0.00130357 -8.56266e-05 -0.00211671 -0.0162389 -0.00143649 9.73821e-06 0.000686063 -0.000212615 0.000905093 0.00266746 0.000414811 0.00172779
internal_weight=81071 26240 7253 6417 54831 2459 113 2346 52372 12958 39414 18987 836 11897 7090
internal_count=81071 26240 7253 6417 54831 2459 113 2346 52372 12958 39414 18987 836 11897 7090
is_linear=0
shrinkage=0.05


Tree=175
num_leaves=15
num_cat=0
split_feature=15 8 11 13 10 15 16 20 1 17 17 22 17 13
split_gain=1.83998 1.62331 9.55912 14.2161 5.92401 5.07536 3.53269 1.24379 0.773162 0.743542 1.25803 0.726433 0.352823 0.120769
threshold=834.50000000000011 1.0000000180025095e-35 0.017996634441933859 0.017875073899448646 1.3500000000000003 66.500000000000014 12.250000000000002 4.2981250000000015 849.81548386340557 160.50000000000003 166.50000000000003 1.0123310570795732 111.50000000000001 0.88877943619288124
decision_type=2 2 2 2 2 2 2 2 2 2 2 2 2 2
left_child=1 4 3 -3 5 -1 -4 -6 11 13 -11 -2 -13 -10
right_child=8 2 6 -5 7 -7 -8 -9 9 10 -12 12 -14 -15
leaf_value=-0.00040027277070288424 -0.00017172143027855349 0.00078467573218316596 0.00029817051147988031 -0.0014802680522057713 0.0021229758044989549 0.00045535401030808521 -5.8701398263897256e-05 -0.00068994623829966525 0.00050935087160052851 -0.010970729103988237 0.0015669278839863501 -2.6620533809879006e-06 0.00061446224972662271 0.0010072844414425503
leaf_weight=6223 54 167 11672 291 2893 9176 49804 232 101 42 113 62 50 324
leaf_count=6223 54 167 11672 291 2893 9176 49804 232 101 42 113 62 50 324
internal_value=0.000115389 9.24708e-05 -3.03547e-05 -0.00722707 0.000503131 0.000100331 2.32613e-05 0.002488 0.00258713 0.00344828 0.000483871 -0.000421687 0.001875 0.00452941
internal_weight=81204 80458 61934 458 18524 15399 61476 3125 746 580 155 166 112 425
internal_count=81204 80458 61934 458 18524 15399 61476 3125 746 580 155 166 112 425
is_linear=0
shrinkage=0.05


Tree=176
num_leaves=16
num_cat=0
split_feature=15 6 22 19 4 19 18 12 19 15 5 12 16 19 19
split_gain=2.75105 3.2595 3.90069 10.9683 2.82779 2.32968 4.0058 1.77478 2.53726 5.71284 2.82706 2.40131 3.25359 2.69433 1.35521
threshold=577.50000000000011 -0.7614016681079937 0.81924015842869291 23.031250000000004 -0.91037613702198739 18.343750000000004 96.687500000000014 444.15000000000003 24.693750000000005 563.50000000000011 0.98213580174693105 195.75000000000003 460.40000000000003 27.931250000000002 23.631250000000005
decision_type=2 2 2 2 2 2 2 2 2 2 2 2 2 2 2
left_child=7 5 3 -3 -4 6 -2 11 10 -10 -9 12 -1 -13 -7
right_child=1 2 4 -5 -6 14 -8 8 9 -11 -12 13 -14 -15 -16
leaf_value=4.7049518047790062e-07 -5.9730860975586777e-05 -0.00060067049456967783 0.00018443980872075627 -0.0066794847849753966 -0.00013462171061745631 0.0025682345579979352 -0.0093755202344815904 -0.0001453818542452573 -0.00129323689584409 -0.0098345177075567225 -0.0038588440931656104 0.00023950164566968396 -0.00049067354165409133 0.0022855035553812661 0.00032453010626948541
leaf_weight=46216 533 358 2683 96 1809 2089 43 3169 344 51 167 15588 5006 587 2451
leaf_count=46216 533 358 2683 96 1809 2089 43 3169 344 51 167 15588 5006 587 2451
internal_value=8.68335e-05 0.000860664 -5.45894e-05 -0.00447137 0.000391808 0.0017455 -0.00125 -2.26351e-05 -0.00108416 -0.00487342 -0.000635491 3.61294e-05 -0.000131584 0.000567234 0.00212555
internal_weight=81190 10062 4946 454 4492 5116 576 71128 3731 395 3336 67397 51222 16175 4540
internal_count=81190 10062 4946 454 4492 5116 576 71128 3731 395 3336 67397 51222 16175 4540
is_linear=0
shrinkage=0.05


Tree=177
num_leaves=15
num_cat=0
split_feature=9 16 3 16 6 5 10 9 6 6 22 16 17 19
split_gain=2.19637 2.85772 1.95725 1.80558 2.23251 1.69874 5.88704 5.05445 3.71764 1.68026 1.51635 2.00446 1.81261 0.381829
threshold=0.82428587975138734 2.8500000000000001 -0.8814490726585632 123.65000000000002 -0.9292178835113839 0.98667101781630195 130.95000000000002 0.42561641817330631 0.029024409397335523 0.91852788691372023 1.0094957306721377 25.250000000000004 226.50000000000003 24.693750000000005
decision_type=2 2 2 2 2 2 2 2 2 2 2 2 2 2
left_child=5 2 -2 13 -5 10 8 -8 -7 -4 12 -12 -1 -3
right_child=1 3 9 4 -6 6 7 -9 -10 -11 11 -13 -14 -15
leaf_value=-3.2583003273651562e-05 -0.004997122950673641 0.0046628478104234405 0.00051297190239184417 0.0012401925266191419 6.1809086752045384e-05 0.0012495463114059566 -0.0025237246757176049 -0.00080696816080018841 -0.0004054327232848572 -0.0024963803123693208 -0.0018654464036217265 0.00037448576388589912 0.00067046252959970006 0.00022657909735196861
leaf_weight=56742 40 528 94 1675 3759 1069 261 1463 926 41 185 4888 9508 45
leaf_count=56742 40 528 94 1675 3759 1069 261 1463 926 41 185 4888 9508 45
internal_value=0.000106742 0.00101262 -0.00528571 0.0011961 0.000914612 3.21155e-05 -0.00100968 -0.00314965 0.000839599 -0.00240741 8.64379e-05 0.000919574 2.26417e-05 0.00386562
internal_weight=81224 6182 175 6007 5434 75042 3719 1724 1995 135 71323 5073 66250 573
internal_count=81224 6182 175 6007 5434 75042 3719 1724 1995 135 71323 5073 66250 573
is_linear=0
shrinkage=0.05


Tree=178
num_leaves=14
num_cat=0
split_feature=15 11 10 21 6 7 5 10 1 15 13 18 17
split_gain=2.25376 1.67105 2.41093 3.62602 2.96519 2.19617 1.83234 1.39089 0.977858 0.940109 1.63435 0.387495 0.200976
threshold=834.50000000000011 0.8298447074370211 172.65000000000001 0.92543480890136687 -0.72694848937061807 1.3750000000000002 -0.99866806308218525 658.80000000000007 849.81548386340557 839.50000000000011 0.88877943619288124 68.437500000000014 151.50000000000003
decision_type=2 2 2 2 2 2 2 2 2 2 2 2 2
left_child=1 2 4 -4 -1 7 -7 -3 9 -2 -11 12 -10
right_child=8 5 3 -5 -6 6 -8 -9 11 10 -12 -13 -14
leaf_value=0.00054465617131884336 0.00064652246144676889 0.00078387315969843236 -8.6186746704869355e-05 -0.00038816229139292926 -8.6932767676165031e-06 -0.0033164796326991667 0.00010713308390356185 -0.0038588947364559265 0.00085915122141156676 -0.00015807912284869876 0.00015668943736586326 0.00041317084746089858 0.0011023572196390365
leaf_weight=10174 62 2436 15023 3948 42511 76 6470 78 337 50 48 78 164
leaf_count=10174 62 2436 15023 3948 42511 76 6470 78 337 50 48 78 164
internal_value=8.62441e-05 6.10785e-05 -1.98167e-05 -0.000503136 0.000154219 0.000700883 0.000218454 0.00195704 0.00283491 -0.000625 -0.00367347 0.00379102 0.0043014
internal_weight=81455 80716 71656 18971 52685 9060 6546 2514 739 160 98 579 501
internal_count=81455 80716 71656 18971 52685 9060 6546 2514 739 160 98 579 501
is_linear=0
shrinkage=0.05


Tree=179
num_leaves=15
num_cat=0
split_feature=9 5 11 12 0 20 4 18 10 5 11 22 13 20
split_gain=2.02393 2.07398 3.95218 2.31118 2.28749 2.21739 1.79102 3.09036 2.16249 3.62284 2.68132 2.16234 1.60378 1.20817
threshold=0.89183328680645158 -0.031173458710879235 0.98517663270904066 110.85000000000001 577.41401407333444 0.55812500000000009 -0.93540483100319616 46.187500000000007 231.75000000000003 -0.99275805973510278 0.54565385475854244 0.1145841159740669 0.19962788429267661 4.8643750000000017
decision_type=2 2 2 2 2 2 2 2 2 2 2 2 2 2
left_child=6 2 3 -2 -4 -3 7 12 10 -10 -8 -9 -1 -7
right_child=1 5 4 -5 -6 13 8 11 9 -11 -12 -13 -14 -15
leaf_value=-0.00013841514972605262 -0.0011481277188394585 -0.0026182119054704439 -0.002061744877036076 0.00082842125172305221 -0.0057813043494457858 0.0016396760338170955 -2.7124646789554932e-05 -0.00069757296393267807 -0.0024870319240796329 -0.00018310312687423066 0.00069740395097721763 6.0641398518323977e-05 0.00039528755871175202 -0.0031857395861587634
leaf_weight=753 191 45 131 325 46 1432 38320 171 322 14804 4652 15280 4845 44
leaf_count=753 191 45 131 325 46 1432 38320 171 322 14804 4652 15280 4845 44
internal_value=7.62652e-05 0.0015673 -0.000699855 0.00151163 -0.00714689 0.00260026 3.45561e-05 0.000429712 -0.000108609 -0.000622769 7.23729e-05 6.50445e-05 0.00143623 0.0029336
internal_weight=81361 2214 693 516 177 1521 79147 21049 58098 15126 42972 15451 5598 1476
internal_count=81361 2214 693 516 177 1521 79147 21049 58098 15126 42972 15451 5598 1476
is_linear=0
shrinkage=0.05


Tree=180
num_leaves=15
num_cat=0
split_feature=2 18 16 19 8 11 13 10 15 15 11 13 20 20
split_gain=2.09274 2.21464 5.48559 5.98531 1.79517 5.48287 10.6183 5.27957 5.3726 4.99686 1.68821 1.61179 1.26905 1.25201
threshold=0.81162070673734876 98.187500000000014 457.30000000000001 25.893750000000004 1.0000000180025095e-35 0.017996634441933859 0.017875073899448646 2.2500000000000004 66.500000000000014 128.50000000000003 1.0007963768397967 0.95878487829933867 1.9068750000000005 0.75687500000000019
decision_type=2 2 2 2 2 2 2 2 2 2 2 2 2 2
left_child=4 10 11 -4 7 6 -6 8 -1 -7 12 -3 -2 -9
right_child=1 2 3 -5 5 9 -8 13 -10 -11 -12 -13 -14 -15
leaf_value=-0.00048621589977399502 0.0012129950824386103 0.00014544155944423045 -0.0078853229874353004 0.00066278896268884497 0.00080367017190873826 0.00022246765415904706 -0.0012029016860054486 0.0029797878405145237 0.00041768487140973 -0.00016315762425797226 -0.0038538960421360354 -0.0015380196799143373 0.00043891015090800938 0.0014185565225091927
leaf_weight=6377 952 1877 41 46 168 19182 269 830 9439 35948 78 117 4183 1730
leaf_count=6377 952 1877 41 46 168 19182 269 830 9439 35948 78 117 4183 1730
internal_value=4.47458e-05 0.000852756 -0.000526189 -0.0128161 -3.49592e-05 -0.000176633 -0.00575515 0.000393448 5.24787e-05 -0.000132414 0.00140322 1.00303e-05 0.00151412 0.0025
internal_weight=81237 7294 2081 87 73943 55567 437 18376 15816 55130 5213 1994 5135 2560
internal_count=81237 7294 2081 87 73943 55567 437 18376 15816 55130 5213 1994 5135 2560
is_linear=0
shrinkage=0.05


Tree=181
num_leaves=16
num_cat=0
split_feature=11 10 17 17 15 11 7 20 3 9 11 6 17 7 18
split_gain=1.93102 1.96771 2.57258 5.81376 2.96485 2.23529 3.097 3.03941 1.80106 1.66711 2.93279 1.73645 0.890072 1.1533 0.804144
threshold=0.8298447074370211 226.20000000000002 147.50000000000003 145.50000000000003 176.50000000000003 0.54565385475854244 2.1250000000000004 1.6006250000000002 1.0000000180025095e-35 0.90230665866437232 1.0007963768397967 -0.99628250747696534 111.50000000000001 1.3750000000000002 37.062500000000007
decision_type=2 2 2 2 2 2 2 2 2 2 2 2 2 2 2
left_child=1 5 3 -3 -4 6 -1 -7 9 11 -11 -2 13 -10 -14
right_child=8 2 4 -5 -6 7 -8 -9 12 10 -12 -13 14 -15 -16
leaf_value=-0.00021113470724926564 -0.001770864532919438 -0.00033983322743671605 -0.0024100347367159822 -0.0046972340041401533 7.2369429344772189e-05 0.0015499921998631434 0.00010985459889062276 0.00011716170458679647 0.0002193983410765224 0.0015702548980216714 -0.0021058351682895953 5.144546542091396e-05 0.00095787204407769019 -0.00059122899830380134 0.0018229123848107242
leaf_weight=19596 351 6573 59 82 7588 2443 31420 4053 228 920 150 5720 526 176 1386
leaf_count=19596 351 6573 59 82 7588 2443 31420 4053 228 920 150 5720 526 176 1386
internal_value=5.11254e-05 -3.73184e-05 -0.000562159 -0.00128099 6.34237e-05 9.31981e-05 -1.80334e-05 0.000966749 0.000722745 0.000329786 0.00214953 9.05965e-06 0.00193437 -0.00019802 0.00238494
internal_weight=81271 71814 14302 6655 7647 57512 51016 6496 9457 7141 1070 6071 2316 404 1912
internal_count=81271 71814 14302 6655 7647 57512 51016 6496 9457 7141 1070 6071 2316 404 1912
is_linear=0
shrinkage=0.05


Tree=182
num_leaves=14
num_cat=0
split_feature=11 9 7 15 10 4 11 20 9 9 3 5 17
split_gain=2.23297 2.30712 3.19091 2.22934 1.9251 2.26708 1.83434 3.99114 1.70698 1.6248 0.610792 1.11409 0.116969
threshold=0.86753702545146505 0.96816549174263311 3.3750000000000004 701.50000000000011 581.25000000000011 -0.95642797789208689 0.86436950073438623 1.2818750000000005 0.89183328680645158 0.68823118262144323 1.0000000180025095e-35 0.77788564761185042 159.50000000000003
decision_type=2 2 2 2 2 2 2 2 2 2 2 2 2
left_child=1 6 -3 4 9 -6 8 -8 -1 -2 11 -5 -12
right_child=3 2 -4 10 5 -7 7 -9 -10 -11 12 -13 -14
leaf_value=-1.7799364027422023e-05 -0.00038078407351471743 0.00032337531983821075 -0.0031646403478161143 0.00068536671218926879 -0.00473361785481135 -8.5272501826624884e-05 -0.0042651069383506839 -8.5245450696077668e-05 0.0031844832991903605 0.00081947486404540428 0.0010683934224564658 -0.00022862325177508674 0.0043452996748266368
leaf_weight=74551 1021 60 44 523 190 1512 43 182 337 2481 268 63 310
leaf_count=74551 1021 60 44 523 190 1512 43 182 337 2481 268 63 310
internal_value=1.80795e-05 -5.80319e-05 -0.0075 0.000917086 0.000474635 -0.000904818 -4.77279e-05 -0.00455556 -3.41842e-05 0.00114506 0.00289519 0.00175768 0.00404844
internal_weight=81585 75217 104 6368 5204 1702 75113 225 74888 3502 1164 586 578
internal_count=81585 75217 104 6368 5204 1702 75113 225 74888 3502 1164 586 578
is_linear=0
shrinkage=0.05


Tree=183
num_leaves=16
num_cat=0
split_feature=2 8 11 13 10 5 5 5 18 11 9 7 20 15 3
split_gain=2.28238 1.72563 7.43622 11.062 4.39658 3.88301 2.75732 1.40088 0.903414 0.682633 1.11091 0.17528 0.240385 0.134123 4.44089e-16
threshold=0.88579628971768642 1.0000000180025095e-35 0.017996634441933859 0.017875073899448646 2.2500000000000004 0.7090011537757156 0.86113431103781346 0.10837544681456425 73.312500000000014 0.32794679243441033 0.46223529136141089 1.6250000000000002 2.6968750000000008 497.50000000000006 0.2269546835593246
decision_type=2 2 2 2 2 2 2 2 2 2 2 2 2 2 2
left_child=1 4 3 -3 5 -1 -4 -6 11 13 -11 12 -2 -10 -13
right_child=8 2 6 -5 7 -7 -8 -9 9 10 -12 14 -14 -15 -16
leaf_value=-0.00011439997156601468 0.0011111533074564552 0.00076611876756990747 3.5323027379904252e-05 -0.0015790568861730422 0.0026004478027148526 0.00096358893437008784 -0.00020256814328230554 0.00096215199305155197 0.0019987313060923465 -0.001497957249073024 0.00118152983302281 0.0017981272059758716 0.0014995227721689597 0.0027627643157740523 0.0015358414490064271
leaf_weight=12069 52 160 49959 292 1061 3836 11303 1589 131 108 287 220 52 41 60
leaf_count=12069 52 160 49959 292 1061 3836 11303 1589 131 108 287 220 52 41 60
internal_value=4.12462e-05 1.2396e-05 -0.000114723 -0.00650442 0.000435193 0.000121031 -6.75784e-05 0.00232075 0.00247634 0.00120811 6.32913e-05 0.00434896 0.00259615 0.00383721 0.005
internal_weight=81220 80269 61714 452 18555 15905 61262 2650 951 567 395 384 104 172 280
internal_count=81220 80269 61714 452 18555 15905 61262 2650 951 567 395 384 104 172 280
is_linear=0
shrinkage=0.05


Tree=184
num_leaves=14
num_cat=0
split_feature=2 6 5 15 16 6 6 19 16 20 20 15 16
split_gain=1.84006 1.41844 4.82094 5.42523 1.74168 1.59497 7.18777 1.86501 1.25816 2.8805 0.573568 0.540347 0.17281
threshold=0.88579628971768642 0.99981043035926087 1.0000000180025095e-35 37.500000000000007 17.550000000000004 0.96407344085605606 0.95691861501572195 10.393750000000002 42.350000000000001 4.050625000000001 2.6156250000000005 421.50000000000006 210.85000000000005
decision_type=2 2 2 2 2 2 2 2 2 2 2 2 2
left_child=1 5 4 -4 -3 6 -1 -7 9 -2 12 -12 -10
right_child=8 2 3 -5 -6 7 -8 -9 10 -11 11 -13 -14
leaf_value=6.9870309334870122e-06 0.0014121460108219731 0.0009885295902303888 -0.0012425003641852233 0.00075627446783656932 -0.00043939935453514591 0.00044428845646253892 -0.0012371825092123952 -0.0045491499929050236 0.0010653391897571054 -0.002246814437874787 0.0056451871388517854 0.00075960996595922988 0.0017245464267238719
leaf_weight=75268 78 151 107 43 79 4243 457 64 45 41 107 386 286
leaf_count=75268 78 151 107 43 79 4243 457 64 45 41 107 386 286
internal_value=4.70163e-05 2.12657e-05 -0.00302632 -0.01 0.00152174 3.57359e-05 -1.74973e-05 0.000971674 0.00224284 -0.00256302 0.00293689 0.00185598 0.00454683
internal_weight=81355 80412 380 150 230 80032 75725 4307 943 119 824 493 331
internal_count=81355 80412 380 150 230 80032 75725 4307 943 119 824 493 331
is_linear=0
shrinkage=0.05


Tree=185
num_leaves=12
num_cat=0
split_feature=13 13 17 5 5 3 9 10 20 21 7
split_gain=1.65092 2.15035 4.76428 1.71699 1.50886 3.98539 1.68993 1.48386 1.07639 1.35729 0.0645525
threshold=0.017875073899448646 0.039047919899800984 83.500000000000014 -0.98214942551678475 0.98213580174693105 0.097964660725097366 0.89183328680645158 49.650000000000006 3.0518750000000008 0.67421966245012543 4.8750000000000009
decision_type=2 2 2 2 2 2 2 2 2 2 2
left_child=3 2 7 -1 6 -6 -3 -2 10 -10 -5
right_child=1 4 -4 8 5 -7 -8 -9 9 -11 -12
leaf_value=-0.00096429113051183304 0.00070557371638508995 1.8455111039953828e-05 -0.0017703374115721684 0.00076929002015853148 -0.00080981334294391658 0.0002562100115240727 0.00067851115457385428 -0.0023305095111387812 0.00044172910003175087 -0.0007952330858954417 0.00018651879724863022
leaf_weight=46 185 73251 56 437 2659 2340 1981 85 131 48 67
leaf_count=46 185 73251 56 437 2659 2340 1981 85 131 48 67
internal_value=2.49737e-05 3.53805e-06 -0.00404908 0.00239369 2.00049e-05 -0.000821164 7.58987e-05 -0.0012963 0.00302343 -0.000307262 0.00420635
internal_weight=81286 80557 326 729 80231 4999 75232 270 683 179 504
internal_count=81286 80557 326 729 80231 4999 75232 270 683 179 504
is_linear=0
shrinkage=0.05


Tree=186
num_leaves=15
num_cat=0
split_feature=3 22 19 16 9 10 6 4 18 18 9 10 12 5
split_gain=1.51569 2.18646 2.78333 1.94186 4.48421 1.58369 1.32249 1.24996 3.4154 2.54359 1.91431 2.22064 1.73682 1.0254
threshold=0.9946518923062071 0.43111442566676045 17.868750000000002 486.75000000000006 0.62865236164261795 1.0500000000000003 -0.61915584096709908 -0.93540483100319616 46.187500000000007 99.312500000000014 0.90230665866437232 172.65000000000001 49.95000000000001 0.99552231814189451
decision_type=2 2 2 2 2 2 2 2 2 2 2 2 2 2
left_child=7 2 5 6 -5 -2 -3 8 12 -10 11 -9 -1 -12
right_child=1 3 -4 4 -6 -7 -8 10 9 -11 13 -13 -14 -15
leaf_value=-7.6600736731028904e-05 -0.0012927497799881602 0.0015300139359157681 -0.0025112494838291574 -0.00023075858326717194 -0.00298648781802555 0.00030118265868264173 -0.00072683977182817891 5.4584208735370756e-05 -0.00016587949057670238 0.00038165942530237856 0.0012756457524868013 -0.00021194648150245078 0.00041818369270437707 -0.00041570628160911044
leaf_weight=918 202 466 51 258 41 139 617 37602 10970 4749 1230 18907 4897 73
leaf_count=918 202 466 51 258 41 139 617 37602 10970 4749 1230 18907 4897 73
internal_value=4.74607e-05 -0.00139797 -0.00469388 -0.000463097 -0.0040301 -0.00306452 0.000521699 7.97774e-05 0.000404941 2.19481e-05 -4.13407e-05 -8.50305e-05 0.00144024 0.00185342
internal_weight=81120 1774 392 1382 299 341 1083 79346 21534 15719 57812 56509 5815 1303
internal_count=81120 1774 392 1382 299 341 1083 79346 21534 15719 57812 56509 5815 1303
is_linear=0
shrinkage=0.05


Tree=187
num_leaves=15
num_cat=0
split_feature=11 22 20 7 10 17 17 19 17 13 2 20 19 19
split_gain=1.40876 2.53561 2.20387 2.04281 1.87008 1.61418 5.68158 5.68006 1.94891 1.86288 1.6243 0.770791 0.69482 0.414853
threshold=0.91422826481256447 0.9406657420651664 4.9493750000000007 2.1250000000000004 15.150000000000002 307.50000000000006 304.50000000000006 20.018750000000004 285.50000000000006 0.12834890394779105 0.85621282529243803 1.9068750000000005 18.056250000000006 25.893750000000004
decision_type=2 2 2 2 2 2 2 2 2 2 2 2 2 2
left_child=5 2 4 -4 -2 6 8 -8 -1 -7 -11 12 -3 -13
right_child=1 11 3 -5 -6 9 7 -9 -10 10 -12 13 -14 -15
leaf_value=5.060789133200658e-06 -0.0013317705632239216 0.0015167594370015551 0.0011151974723714664 -0.0048889317407727131 0.00069987510364358501 -0.005127358477922641 0.00013457240426692193 -0.0053055800926265686 -0.0014255294538812501 0.0034907990312636676 -0.00020811050874185619 0.0025704465142901509 -0.00035474000232353203 0.00018130360063578648
leaf_weight=75186 85 95 44 49 2015 50 58 66 1164 1050 634 601 91 126
leaf_count=75186 85 95 44 49 2015 50 58 66 1164 1050 634 601 91 126
internal_value=4.39041e-05 0.00108822 0.000166439 -0.00736559 0.0005 2.42961e-06 -3.17753e-05 -0.0107258 -1.44071e-05 0.00151096 0.00179335 0.0033023 0.000430108 0.00403714
internal_weight=81314 3106 2193 93 2100 78208 76474 124 76350 1734 1684 913 186 727
internal_count=81314 3106 2193 93 2100 78208 76474 124 76350 1734 1684 913 186 727
is_linear=0
shrinkage=0.05


Tree=188
num_leaves=13
num_cat=0
split_feature=11 9 7 15 16 9 10 7 15 21 3 6
split_gain=1.5658 2.15326 2.87807 1.95606 2.10666 1.77931 1.77687 1.45258 0.601961 1.2309 0.364167 0.0898686
threshold=0.86753702545146505 0.96816549174263311 3.6250000000000004 720.50000000000011 834.6500000000002 0.89183328680645158 486.15000000000003 1.3750000000000002 774.50000000000011 0.95259296312453134 0.84874750804349197 -0.6391983530350368
decision_type=2 2 2 2 2 2 2 2 2 2 2 2
left_child=1 5 -3 4 7 6 -1 -2 11 -10 -7 -5
right_child=3 2 -4 8 -6 10 -8 -9 9 -11 -12 -13
leaf_value=1.6795344529689819e-05 0.0019109666823492483 2.6146040120813827e-05 -0.0031880028070535847 0.0011095285341420145 -0.0004010982120722085 0.002505668804412661 -0.00023631432956813258 2.1369149051904138e-05 -0.0026972737721309131 0.00044707772724211374 -0.00076834995138100066 0.00066106751223888368
leaf_weight=72071 1305 59 43 295 41 306 2530 4023 116 550 44 69
leaf_count=72071 1305 59 43 295 41 306 2530 4023 116 550 44 69
internal_value=6.88751e-05 4.86342e-06 -0.0072549 0.000819659 0.000436767 1.47432e-05 -1.94349e-06 0.000523649 0.00281553 0.00192192 0.00357143 0.00445055
internal_weight=81452 75053 102 6399 5369 74951 74601 5328 1030 666 350 364
internal_count=81452 75053 102 6399 5369 74951 74601 5328 1030 666 350 364
is_linear=0
shrinkage=0.05


Tree=189
num_leaves=16
num_cat=0
split_feature=6 22 19 17 19 1 5 16 18 22 6 20 13 20 17
split_gain=1.55668 5.43921 3.82454 9.52643 9.42301 5.13384 3.73919 4.93503 3.03291 7.2861 3.38111 2.4036 2.20981 2.16815 0.59483
threshold=-0.6523320455745395 0.59184232273624404 22.493750000000006 269.50000000000006 25.643750000000004 826.13423661601553 -0.52766804058324157 143.35000000000005 99.812500000000014 0.33937597761445287 0.97461712852231652 0.51562500000000011 0.95878487829933867 4.9906250000000005 319.50000000000006
decision_type=2 2 2 2 2 2 2 2 2 2 2 2 2 2 2
left_child=1 6 8 5 -5 -4 11 -8 10 -10 -2 -1 13 -3 -14
right_child=2 12 3 4 -6 -7 7 -9 9 -11 -12 -13 14 -15 -16
leaf_value=-0.0032769742389012766 -0.00011018660090911961 0.00033397264396706482 -0.00022564138533922055 -0.0062787172752293095 0.0012640807041523509 -0.0081018351347383246 -0.00019550267569014629 -0.0028137589639446858 -0.00023917526307085489 0.00092058784736711642 0.00047559898874395963 0.002060776035092725 0.0020832460877849607 -0.0029885176604396765 -0.0009308338910253189
leaf_weight=42 38398 17626 2235 74 43 84 5300 1181 4445 6289 3301 795 805 463 103
leaf_count=42 38398 17626 2235 74 43 84 5300 1181 4445 6289 3301 795 805 463 103
internal_value=6.86098e-05 0.000384762 -8.30157e-05 -0.0020197 -0.0159402 -0.00131738 -0.000773435 -0.0011796 6.96145e-06 0.000756475 -0.000185975 0.00237157 0.000830921 0.0007101 0.00323789
internal_weight=81184 26315 54869 2436 117 2319 7318 6481 52433 10734 41699 837 18997 18089 908
internal_count=81184 26315 54869 2436 117 2319 7318 6481 52433 10734 41699 837 18997 18089 908
is_linear=0
shrinkage=0.05


Tree=190
num_leaves=16
num_cat=0
split_feature=22 21 10 6 6 6 17 21 0 20 22 19 20 22 3
split_gain=1.75965 3.77901 3.13953 2.72253 2.49542 3.12339 2.85605 2.53428 4.95156 2.4639 2.02431 6.0186 1.72699 1.71798 0.538086
threshold=0.99214247489978813 0.96943688668899886 23.250000000000004 -0.87810534180523914 -0.63257203029273779 -0.61915584096709908 103.50000000000001 1.0599096217522395 95.627090974749237 1.5056250000000002 0.94274434759927639 3.5937500000000004 2.2768750000000009 0.9820476454201007 0.98611507088852057
decision_type=2 2 2 2 2 2 2 2 2 2 2 2 2 2 2
left_child=1 10 13 -4 7 6 -6 14 -9 -7 12 -12 -1 -3 -2
right_child=4 2 3 -5 5 9 -8 8 -10 -11 11 -13 -14 -15 -16
leaf_value=0.00010576914650553228 0.001003733463930515 0.00096886129465789726 7.056697310251199e-06 -0.00088132616423189684 -9.3687091567727345e-05 -0.00019032385795457528 -0.0082072859894829452 0.00063769702820451403 -0.0012863531356498827 0.00023429320504586055 -0.0012874098354998323 0.00069442175546983488 -0.00012228546318645008 -0.0019306253679746848 -0.00023253988861329439
leaf_weight=30826 1144 650 853 2043 66 3107 40 438 44 3986 255 3265 34281 159 45
leaf_count=30826 1144 650 853 2043 66 3107 40 438 44 3986 255 3265 34281 159 45
internal_value=5.12305e-05 -3.02769e-05 -0.00158569 -0.00235497 0.000715896 0.000311849 -0.00820755 0.00245661 -0.00060166 0.000439166 5.36963e-05 0.00122159 -9.4458e-06 0.00116811 0.00369638
internal_weight=81202 72332 3705 2896 8870 7199 106 1671 482 7093 68627 3520 65107 809 1189
internal_count=81202 72332 3705 2896 8870 7199 106 1671 482 7093 68627 3520 65107 809 1189
is_linear=0
shrinkage=0.05


Tree=191
num_leaves=16
num_cat=0
split_feature=12 10 7 17 11 11 17 2 17 5 10 5 9 11 17
split_gain=1.84198 3.53887 3.09401 8.30053 2.98174 3.44929 2.03087 4.56983 4.97394 3.10212 1.87635 3.66493 3.6337 1.42471 1.22442
threshold=195.75000000000003 37.95000000000001 1.6250000000000002 173.50000000000003 0.77326445263358023 0.76696239041771908 290.50000000000006 0.76981060511997124 307.50000000000006 0.99761913169647187 266.85000000000008 -0.99866806308218525 0.49599887872926235 1.0007963768397967 128.50000000000003
decision_type=2 2 2 2 2 2 2 2 2 2 2 2 2 2 2
left_child=6 2 3 -2 5 -3 10 9 -9 -8 12 -12 -1 -6 -4
right_child=1 4 14 -5 13 -7 7 8 -10 -11 11 -13 -14 -15 -16
leaf_value=-5.3950356794735802e-05 0.00055999812633295866 -5.8234165543715162e-05 0.0011233736157759697 -0.004471943917312815 0.00029600270669750451 -0.0060462522366629403 0.0039271885301640991 -0.0061209337196673147 -0.0026877164415995383 -0.00092059618985643589 -0.0044187208045008627 -0.00027903774455309051 0.00052568048571735246 -0.0024663217478778808 0.00096437251420770454
leaf_weight=33913 92 16011 1623 40 7269 188 261 116 226 45 137 7786 9809 227 3558
leaf_count=33913 92 16011 1623 40 7269 188 261 116 226 45 137 7786 9809 227 3558
internal_value=8.86215e-05 0.000408163 0.00157444 -0.00598485 0.000146656 -0.000234891 -8.8635e-05 -0.00287037 -0.0068421 0.00156863 -5.3732e-05 -0.000761706 7.45622e-05 0.000971185 0.00176703
internal_weight=81301 29008 5313 132 23695 16199 52293 648 342 306 51645 7923 43722 7496 5181
internal_count=81301 29008 5313 132 23695 16199 52293 648 342 306 51645 7923 43722 7496 5181
is_linear=0
shrinkage=0.05


Tree=192
num_leaves=14
num_cat=0
split_feature=2 22 21 15 9 13 5 10 22 12 15 21 18
split_gain=1.54808 1.44032 2.73369 3.51295 3.50753 2.18019 3.24009 2.7518 1.16735 1.38776 1.08504 0.385487 0.105633
threshold=0.88579628971768642 0.99469066677254137 0.94740775439615788 779.50000000000011 0.4807094703518508 0.49513761207876178 -0.29343379936893921 15.150000000000002 0.76200375371267037 632.25000000000011 470.50000000000006 0.99376977840234615 78.062500000000014
decision_type=2 2 2 2 2 2 2 2 2 2 2 2 2
left_child=1 2 3 -1 -4 6 -3 -7 9 10 -2 12 -10
right_child=8 5 4 -5 -6 7 -8 -9 11 -11 -12 -13 -14
leaf_value=4.6374696115288635e-05 0.0022174688066318015 -0.0010444616663188224 0.00037133832574207793 -0.0047982967793319398 -0.00032125522477016472 0.0025001191794602499 0.00017556204038093976 0.00010506215073462791 0.0014300609118152478 -0.001254406933087893 -0.00066056033045414596 4.4233330501546915e-05 0.0067940450914900615
leaf_weight=65532 249 957 1752 199 4377 1324 1877 4437 313 41 198 46 98
leaf_count=65532 249 957 1752 199 4377 1324 1877 4437 313 41 198 46 98
internal_value=7.801e-05 5.43784e-05 -1.87863e-05 7.53832e-05 -0.00102872 0.000666085 -0.000469301 0.00122461 0.00208995 0.000389344 0.00119687 0.00390591 0.00439173
internal_weight=81400 80455 71860 65731 6129 8595 2834 5761 945 488 447 457 411
internal_count=81400 80455 71860 65731 6129 8595 2834 5761 945 488 447 457 411
is_linear=0
shrinkage=0.05


Tree=193
num_leaves=15
num_cat=0
split_feature=15 15 19 5 19 17 19 11 7 9 21 6 21 15
split_gain=1.37285 2.6916 5.08469 4.05286 1.78952 1.71902 1.44637 1.15011 1.78127 2.17411 1.20813 0.550419 0.963453 0.195196
threshold=731.50000000000011 715.50000000000011 30.606250000000006 0.52033990680116082 31.243750000000002 90.500000000000014 24.693750000000005 0.89948330757062955 3.1250000000000004 0.54651352440760503 0.95651685061330394 -0.99052477729077237 0.97339569023402228 801.00000000000011
decision_type=2 2 2 2 2 2 2 2 2 2 2 2 2 2
left_child=1 4 3 -3 6 -6 -1 8 9 -2 -10 12 -9 -13
right_child=7 2 -4 -5 5 -7 -8 11 10 -11 -12 13 -14 -15
leaf_value=2.3795521106169183e-05 -0.0041652112524123838 0.00070805591473026546 -0.00049584587985694595 -0.0025550323350143453 -0.00012501405320077138 0.001649207474463529 -0.00023024514354705531 -0.0031811973671437149 -6.4205504754313392e-05 -1.1360971421884244e-05 0.00037969336406470347 0.0015450707672034789 0.00080414223885374449 0.00099314477052920669
leaf_weight=72694 102 369 45 223 134 423 4286 40 477 1178 969 209 68 239
leaf_count=72694 102 369 45 223 134 423 4286 40 477 1178 969 209 68 239
internal_value=3.71982e-05 -4.86076e-06 -0.00324176 -0.00201013 2.17317e-05 0.0028456 1.29922e-06 0.001039 0.000616288 -0.000742187 0.00181881 0.00311151 -9.25924e-05 0.00388393
internal_weight=81456 78174 637 592 77537 557 76980 3282 2726 1280 1446 556 108 448
internal_count=81456 78174 637 592 77537 557 76980 3282 2726 1280 1446 556 108 448
is_linear=0
shrinkage=0.05


Tree=194
num_leaves=14
num_cat=0
split_feature=11 10 21 21 16 6 3 22 17 22 10 13 19
split_gain=1.43174 1.85198 3.74107 3.18124 1.82604 1.78167 1.53879 1.52876 2.12292 1.55562 0.792711 0.508754 0.345761
threshold=0.86753702545146505 486.15000000000003 0.26843280356524984 0.95822069235233565 870.85000000000014 -0.98521978256641018 0.41248606129204562 0.80364765204188771 119.50000000000001 0.79802805919857966 15.150000000000002 0.85117537694155354 16.106250000000006
decision_type=2 2 2 2 2 2 2 2 2 2 2 2 2
left_child=1 4 -3 -4 5 -1 7 9 -9 -2 -8 -6 -12
right_child=6 2 3 -5 11 -7 10 8 -10 -11 12 -13 -14
leaf_value=0.00058401122471865303 -0.00040254214477948764 -0.0046696051050699868 -5.5943124896110824e-06 -0.00024219264019115883 3.0160750279194227e-05 -6.102694677089839e-06 -0.00063170441967384968 -4.2850469878810595e-05 0.001621801463319833 -0.0034087274161705896 0.0016066488866771094 0.00040407172860551375 0.0025216096477490612
leaf_weight=3948 1630 43 1940 594 70 68047 49 1811 2187 58 300 258 367
leaf_count=3948 1630 43 1940 594 70 68047 49 1811 2187 58 300 258 367
internal_value=7.26921e-05 1.13487e-05 -0.00130578 -0.00105762 5.82804e-05 4.13225e-05 0.000790378 0.000515301 0.00104802 -0.000746445 0.00297486 0.00378049 0.00342579
internal_weight=81302 74900 2577 2534 72323 71995 6402 5686 3998 1688 716 328 667
internal_count=81302 74900 2577 2534 72323 71995 6402 5686 3998 1688 716 328 667
is_linear=0
shrinkage=0.05


Tree=195
num_leaves=16
num_cat=0
split_feature=4 18 5 5 15 13 5 22 6 5 19 16 6 6 19
split_gain=1.44416 2.25553 2.08481 6.76836 4.13392 2.01093 2.31197 2.00154 1.86561 3.3865 3.20713 1.52727 1.52005 9.99825 6.05918
threshold=-0.95642797789208689 46.187500000000007 -0.91597725483594616 -0.69057362043749781 205.50000000000003 0.19962788429267661 0.28519915169571858 1.0711392147425018 0.99981043035926087 1.0000000180025095e-35 2.4312500000000008 7.2500000000000009 0.82293497932636273 0.80290535434334509 4.5312500000000009
decision_type=2 2 2 2 2 2 2 2 2 2 2 2 2 2 2
left_child=1 5 4 -4 -3 6 -1 -7 12 11 -11 -10 13 -2 -14
right_child=8 2 3 -5 -6 7 -8 -9 9 10 -12 -13 14 -15 -16
leaf_value=1.408818061120476e-05 -1.6321476254929274e-05 -0.00067209058656966987 -0.00087000378571462525 0.00018515822374633208 0.0021372749214629478 0.00043865145110009182 -0.00072454658743248651 -0.0011644604795401773 0.0024804688415877327 -0.00067173386545160913 -0.0015078180908003817 -0.00044842188295857763 -6.0695784544617545e-05 -0.0019718863000639116 0.001785978743939696
leaf_weight=539 55645 508 1659 9151 1501 4012 98 90 84 59 46 70 5260 486 2019
leaf_count=539 55645 508 1659 9151 1501 4012 98 90 84 59 46 70 5260 486 2019
internal_value=7.92226e-05 0.000480693 0.000136126 -0.00013876 0.00161523 0.00141275 -0.00120094 0.00181863 -3.14908e-05 -0.00426641 -0.0111905 0.000454546 -1.41932e-05 -0.00010235 0.000665614
internal_weight=81227 17558 12819 10810 2009 4739 637 4102 63669 259 105 154 63410 56131 7279
internal_count=81227 17558 12819 10810 2009 4739 637 4102 63669 259 105 154 63410 56131 7279
is_linear=0
shrinkage=0.05


Tree=196
num_leaves=15
num_cat=0
split_feature=15 15 19 5 20 19 3 18 6 21 19 18 15 11
split_gain=1.51595 1.48247 5.11569 3.01056 1.36077 10.0637 2.75612 1.33173 3.75928 5.09883 1.90597 2.37214 1.62422 0.742136
threshold=731.50000000000011 715.50000000000011 30.606250000000006 0.52033990680116082 3.5981250000000005 1.5437500000000004 1.0000000180025095e-35 58.562500000000007 -0.6523320455745395 0.95259296312453134 28.756250000000005 12.812500000000002 786.50000000000011 0.91422826481256447
decision_type=2 2 2 2 2 2 2 2 2 2 2 2 2 2
left_child=1 4 3 -3 6 -6 -1 10 12 -10 13 -12 -9 -2
right_child=7 2 -4 -5 5 -7 -8 8 9 -11 11 -13 -14 -15
leaf_value=-8.7890244242590793e-05 0.00023167176260977744 0.00066984472343509021 -0.00047517412411374649 -0.0024170092373961946 -0.0023518179383664457 -0.00010354309010263447 0.0001810954896517177 0.003009153534127854 -0.010142175824137229 0.00046268773237085687 -0.00018572864118385142 0.00073672600720332056 -0.002410923774878497 0.00165005706092019
leaf_weight=28829 1948 368 44 229 204 17537 30755 328 40 41 179 232 216 318
leaf_count=28829 1948 368 44 229 204 17537 30755 328 40 41 179 232 216 318
internal_value=2.87938e-05 -1.56477e-05 -0.0024103 -0.00119765 4.20323e-06 -0.000380193 0.000118656 0.00107813 -0.001 -0.0110494 0.00156332 -0.00156934 0.000496324 0.00213151
internal_weight=81268 77966 641 597 77325 17741 59584 3302 625 81 2677 411 544 2266
internal_count=81268 77966 641 597 77325 17741 59584 3302 625 81 2677 411 544 2266
is_linear=0
shrinkage=0.05


Tree=197
num_leaves=15
num_cat=0
split_feature=5 6 18 3 19 6 20 4 20 19 9 20 20 20
split_gain=1.47329 4.05386 11.5633 6.82161 3.19226 2.58771 2.16541 1.47676 2.32736 10.5062 2.31305 1.95762 4.06502 1.91063
threshold=0.91248814248966237 0.38043945030393422 4.1875000000000009 -0.47114434510950071 22.306250000000002 0.16587474750015932 3.8781250000000007 -0.95642797789208689 4.2981250000000015 1.8812500000000003 0.90230665866437232 2.7431250000000005 2.4456250000000006 3.2981250000000006
decision_type=2 2 2 2 2 2 2 2 2 2 2 2 2 2
left_child=7 4 -3 -4 5 -2 -6 11 10 -10 -9 12 -1 -13
right_child=1 2 3 -5 6 -7 -8 8 9 -11 -12 13 -14 -15
leaf_value=0.00014183142563324241 -0.00019502925478647937 -0.0048890909911801254 -0.0050797095562145414 0.0012558251290986475 -0.0056077653561209433 0.00045650723706363178 -0.00096116658239110491 3.8346893109365477e-05 -0.0017438633624193888 -0.00032764847202015657 0.0013319784443726361 0.0010623671222332299 -0.0013975119753624208 0.00036590590366706937
leaf_weight=7133 7803 43 104 258 42 2786 72 48217 134 5217 1141 1930 964 5292
leaf_count=7133 7803 43 104 258 42 2786 72 48217 134 5217 1141 1930 964 5292
internal_value=7.49361e-05 -0.000460029 -0.00537037 -0.00245856 -0.000274222 -0.000184625 -0.00859649 0.000159793 3.82937e-05 -0.000952158 0.000145671 0.000593707 5.98989e-05 0.00119219
internal_weight=81136 11108 405 362 10703 10589 114 70028 54709 5351 49358 15319 8097 7222
internal_count=81136 11108 405 362 10703 10589 114 70028 54709 5351 49358 15319 8097 7222
is_linear=0
shrinkage=0.05


Tree=198
num_leaves=16
num_cat=0
split_feature=22 21 16 19 13 19 12 5 11 9 22 19 21 16 6
split_gain=1.6623 2.90479 2.89148 3.92631 2.14717 4.51578 5.89927 3.25986 2.48681 5.17239 2.04803 8.25152 2.3715 2.02123 1.32188
threshold=0.99214247489978813 0.97560019362383898 746.45000000000016 22.093750000000004 0.45143800300498454 21.456250000000008 62.250000000000007 -0.25205528343633254 0.16798592453603753 0.39101972907915011 0.9486081455657206 3.5937500000000004 0.9418663258437473 842.6500000000002 0.71353761266622884
decision_type=2 2 2 2 2 2 2 2 2 2 2 2 2 2 2
left_child=1 10 3 -3 5 7 -7 -2 14 -10 12 -12 -1 -4 -6
right_child=4 2 13 -5 8 6 -8 -9 9 -11 11 -13 -14 -15 -16
leaf_value=1.8332395564841665e-05 -0.0011863620778567851 -0.00098723507272525089 0.00017607638014716619 -0.0013487818237436998 0.0024960322274358909 -0.00015387244845569862 -0.0010412342025006229 0.0004174831618190399 -0.00094855874052192368 0.00019483176586432762 -0.0013059358860582385 0.00051661742118687588 -0.00071915788102755115 -0.00042781988544660776 -0.00078966308688796754
leaf_weight=64168 761 1484 1117 205 1257 93 47 1476 232 4807 246 3268 1717 210 212
leaf_count=64168 761 1484 1117 205 1257 93 47 1476 232 4807 246 3268 1717 210 212
internal_value=6.64208e-05 -1.27734e-05 -0.00153183 -0.00290409 0.000711874 -0.000574253 -0.00928571 -2.90566e-05 0.00118162 0.0006539 5.3243e-05 0.00122937 -9.48604e-06 0.00021477 0.00299183
internal_weight=81300 72415 3016 1689 8885 2377 140 2237 6508 5039 69399 3514 65885 1327 1469
internal_count=81300 72415 3016 1689 8885 2377 140 2237 6508 5039 69399 3514 65885 1327 1469
is_linear=0
shrinkage=0.05


Tree=199
num_leaves=13
num_cat=0
split_feature=1 22 5 21 5 20 19 6 19 5 10 15
split_gain=1.51092 2.16855 3.5582 1.98685 1.77163 1.49301 5.83007 5.32955 4.5581 1.7348 2.56444 1.5404
threshold=805.69783600812195 0.16893310100493922 0.69676570133721638 1.0273380354483297 -0.67803021058859214 3.5981250000000005 1.8812500000000003 0.93769647993491489 12.393750000000002 0.99818282439137029 26.850000000000005 320.50000000000006
decision_type=2 2 2 2 2 2 2 2 2 2 2 2
left_child=5 2 -2 4 -3 9 7 -7 -8 11 -11 -1
right_child=1 3 -4 -5 -6 6 8 -9 -10 10 -12 -13
leaf_value=-8.7739735149788004e-06 0.00056235462542173864 -0.0023793231358171076 -0.0010296466289638588 -0.00013116663555253424 0.0004036718137085718 -0.0034198094474414925 0.00024953475359676549 -2.6398190313184239e-05 -0.00054927553823485697 0.0012911100803417079 -0.00065268920705021261 0.00020649817366097373
leaf_weight=40188 49 53 50 55 7450 122 7898 117 7869 189 511 16615
leaf_count=40188 49 53 50 55 7450 122 7898 117 7869 189 511 16615
internal_value=6.75161e-05 0.000735928 -0.00661616 0.000832231 0.00090164 -2.1084e-06 -0.000429214 -0.00817992 -0.000311727 0.000116777 -0.00235714 0.000147264
internal_weight=81166 7657 99 7558 7503 73509 16006 239 15767 57503 700 56803
internal_count=81166 7657 99 7558 7503 73509 16006 239 15767 57503 700 56803
is_linear=0
shrinkage=0.05


Tree=200
num_leaves=16
num_cat=0
split_feature=22 8 9 9 21 5 5 21 16 16 5 22 20 21 6
split_gain=1.90988 2.74425 7.56961 7.77724 4.24133 3.10884 20.9001 2.51233 4.42501 4.11956 2.93533 3.5472 2.13765 2.01755 0.684683
threshold=0.85835371514692682 1.0000000180025095e-35 0.3545895107646006 0.34026315882402847 0.94740775439615788 0.7090011537757156 0.69676570133721638 0.79916882978773474 527.35000000000002 522.20000000000016 -0.99763297024448894 0.79802805919857966 3.7681250000000008 0.77029506023990613 -0.20180761162458913
decision_type=2 2 2 2 2 2 2 2 2 2 2 2 2 2 2
left_child=7 5 3 -3 -4 6 -2 10 9 -9 11 -1 -10 -12 -7
right_child=1 2 4 -5 -6 14 -8 8 12 -11 13 -13 -14 -15 -16
leaf_value=0.0017146061153004322 0.00048409432537483148 -0.0008391532633059526 0.0010346400921460558 -0.0033377806462238403 -4.1023124629038328e-05 0.00078566676382712608 -0.0056865147113024754 -0.00098517330507384942 0.0018890363377099006 -0.0047636719989486136 -4.8861715950793556e-05 -0.0022487801368949512 -0.0013005851399410264 0.0013441004212723284 0.0029675431221434668
leaf_weight=1023 3222 1199 7823 87 10221 555 44 4126 782 53 48821 79 397 1836 1064
leaf_count=1023 3222 1199 7823 87 10221 555 44 4126 782 53 48821 79 397 1836 1064
internal_value=4.80747e-05 0.000420194 0.000152613 -0.00355365 0.000416759 0.00147902 0.000590937 -0.000109687 -0.00114035 -0.00190357 -2.99446e-06 0.00254991 0.00156489 -5.85307e-05 0.00327054
internal_weight=81332 24215 19330 1286 18044 4885 3266 57117 5358 4179 51759 1102 1179 50657 1619
internal_count=81332 24215 19330 1286 18044 4885 3266 57117 5358 4179 51759 1102 1179 50657 1619
is_linear=0
shrinkage=0.05


Tree=201
num_leaves=16
num_cat=0
split_feature=22 21 10 4 22 12 20 4 5 5 22 17 5 6 1
split_gain=2.07851 2.8641 3.33187 4.14853 2.51047 7.45314 2.27804 2.90673 2.74032 1.89713 1.75716 1.63759 2.20281 1.07109 0.888553
threshold=0.99214247489978813 0.96281366759331821 45.150000000000006 -0.88144907265856332 0.96446072324501853 13.050000000000002 2.4631250000000007 0.032701564615071219 -0.26866367175705824 0.9193901325473397 0.9820476454201007 105.50000000000001 0.77788564761185042 -0.90161545992537195 833.6095473731433
decision_type=2 2 2 2 2 2 2 2 2 2 2 2 2 2 2
left_child=1 4 10 -4 9 -6 7 8 -2 -1 -3 12 -8 -9 -13
right_child=6 2 3 -5 5 -7 11 13 -10 -11 -12 14 -14 -15 -16
leaf_value=4.6862515743082992e-05 -0.00078826500384780035 0.00076664210127447253 2.7908253140035536e-05 -0.00087695589128383678 -0.003734705993192422 0.001767386573673221 0.00095756902524315372 0.0001223361617244473 9.748507011280855e-05 -0.00030501715341369883 -0.0020403311418014771 0.0009167893369612768 -3.6547783765458697e-05 0.0024628201217133869 -2.3449376582821959e-05
leaf_weight=58790 1396 873 1298 2066 40 1051 816 365 3232 8018 198 997 1266 628 140
leaf_count=58790 1396 873 1298 2066 40 1051 816 365 3232 8018 198 997 1266 628 140
internal_value=6.24586e-05 -2.59904e-05 -0.00125705 -0.00203032 5.44192e-05 0.00243355 0.000786199 0.000178794 -0.000347882 1.55672e-05 0.0011718 0.00184685 0.00101345 0.00263343 0.00337291
internal_weight=81174 72334 4435 3364 67899 1091 8840 5621 4628 66808 1071 3219 2082 993 1137
internal_count=81174 72334 4435 3364 67899 1091 8840 5621 4628 66808 1071 3219 2082 993 1137
is_linear=0
shrinkage=0.05


Tree=202
num_leaves=14
num_cat=0
split_feature=5 5 16 15 19 0 6 5 19 22 11 7 19
split_gain=1.40565 3.4245 5.88431 5.6758 3.30228 3.18249 2.68828 1.64733 2.53309 2.56187 1.3849 5.13184 4.18438
threshold=0.9193901325473397 0.92602006027323147 131.45000000000002 354.50000000000006 22.093750000000004 357.28821271511879 0.16587474750015932 0.89017062131308955 2.6687500000000006 1.207239455411685 0.33589743655148635 0.87500000000000011 10.268750000000002
decision_type=2 2 2 2 2 2 2 2 2 2 2 2 2
left_child=7 2 -2 -4 6 -6 -3 10 -9 -10 11 -1 -12
right_child=1 4 3 -5 5 -7 -8 8 9 -11 12 -13 -14
leaf_value=-0.00054847665886649858 0.0055607195184362301 -0.00019299391493681856 -0.00470171080566911 -0.0016170460290218893 -0.0055414416899899205 -0.00084259101235389282 0.00054977313294783312 -0.002448915805382207 0.00070879163772231794 -0.003812105944171305 0.0011173106894682824 4.6397359884202689e-05 2.5727621055691473e-05
leaf_weight=4507 116 7388 154 183 40 83 2781 42 1677 61 7216 26858 30163
leaf_count=4507 116 7388 154 183 40 83 2781 42 1677 61 7216 26858 30163
internal_value=7.43828e-05 -0.000458353 -0.00471302 -0.00805638 -0.000271084 -0.00841463 -0.000172583 0.00015555 0.0016573 0.00195052 0.000116665 -0.000128328 0.00032224
internal_weight=81269 10745 453 337 10292 123 10169 70524 1780 1738 68744 31365 37379
internal_count=81269 10745 453 337 10292 123 10169 70524 1780 1738 68744 31365 37379
is_linear=0
shrinkage=0.05


Tree=203
num_leaves=16
num_cat=0
split_feature=22 21 16 10 20 9 0 22 19 22 12 21 17 0 9
split_gain=1.56446 2.93058 2.41088 4.35061 2.29147 4.95472 8.02061 3.62801 2.23287 2.14699 2.61945 2.17671 2.02355 2.2848 1.69446
threshold=0.99214247489978813 0.98612669923180774 776.45000000000016 95.250000000000014 0.51562500000000011 0.69097840696528168 272.15472290904609 1.0123310570795732 24.118750000000006 0.97495241261619292 24.750000000000004 0.96281366759331821 105.50000000000001 95.627090974749237 0.75184429724344015
decision_type=2 2 2 2 2 2 2 2 2 2 2 2 2 2 2
left_child=1 9 3 -3 5 7 -7 -2 -4 11 -11 -1 13 -6 -14
right_child=4 2 8 -5 12 6 -8 -9 -10 10 -12 -13 14 -15 -16
leaf_value=5.9707014521270355e-06 -0.0016868493970773333 -0.00023999508237171983 0.001070901520634779 -0.0024787699299184452 0.00077271555903154674 0.0019432330380095488 -0.0042460739767049664 0.00017446383725541875 -0.0010420319206481522 -0.00035992971751323371 0.00079097038406143153 -0.00022033955858835846 0.00082056180322133605 -5.9141573467315967e-05 -3.5437516208933664e-05
leaf_weight=67550 75 624 400 570 3031 44 41 720 153 83 1097 1963 1254 3165 482
leaf_count=67550 75 624 400 570 3031 44 41 720 153 83 1097 1963 1254 3165 482
internal_value=3.02764e-05 -4.6245e-05 -0.00206926 -0.00333333 0.000659328 -0.00176136 -0.0132353 -0.000534591 0.000660036 3.74879e-06 0.00211864 -3.21521e-05 0.000927887 0.000505165 0.00243664
internal_weight=81252 72440 1747 1194 8812 880 85 795 553 70693 1180 69513 7932 6196 1736
internal_count=81252 72440 1747 1194 8812 880 85 795 553 70693 1180 69513 7932 6196 1736
is_linear=0
shrinkage=0.05


Tree=204
num_leaves=16
num_cat=0
split_feature=5 5 22 16 6 6 4 16 5 18 5 19 11 7 19
split_gain=1.26187 3.89522 8.79093 6.43477 5.61461 5.0778 3.35477 2.7945 1.52553 1.9511 8.84052 1.47709 1.21121 4.87091 4.18601
threshold=0.9193901325473397 0.94978112945126536 0.63567519398458039 140.35000000000005 0.16587474750015932 0.11478523713130605 -0.93540483100319616 80.550000000000026 0.89017062131308955 6.8125000000000009 0.91248814248966237 2.6687500000000006 0.33589743655148635 0.87500000000000011 10.606250000000003
decision_type=2 2 2 2 2 2 2 2 2 2 2 2 2 2 2
left_child=8 2 6 -4 5 -3 -2 -6 12 10 -10 -11 13 -1 -14
right_child=1 4 3 -5 7 -7 -8 -9 9 11 -12 -13 14 -15 -16
leaf_value=-0.00055577857500777299 -0.00089943447903073561 -3.997222681741968e-05 -0.0060163724041685821 -0.0020894561396798263 -0.00062246952324987448 -0.001586334108151058 0.0015763648040260044 0.0019367880005309254 0.00028295499502105554 -0.0023267685501857037 -0.0045447315905866861 0.001412893037805225 0.00112349427701814 4.1594506834452806e-05 1.4474448421571767e-05
leaf_weight=4459 275 5826 112 976 355 656 885 1602 253 42 71 1442 7455 26745 30078
leaf_count=4459 275 5826 112 976 355 656 885 1602 253 42 71 1442 7455 26745 30078
internal_value=6.04443e-05 -0.000445869 -0.00229537 -0.0055239 4.68067e-05 -0.000661833 0.000732759 0.00239397 0.000137147 0.0015708 -0.00194444 0.00233828 9.94372e-05 -0.000130752 0.000290811
internal_weight=81232 10687 2248 1088 8439 6482 1160 1957 70545 1808 324 1484 68737 31204 37533
internal_count=81232 10687 2248 1088 8439 6482 1160 1957 70545 1808 324 1484 68737 31204 37533
is_linear=0
shrinkage=0.05


Tree=205
num_leaves=15
num_cat=0
split_feature=3 22 19 10 22 20 4 21 5 22 9 19 16 9
split_gain=1.51474 1.78787 2.19288 1.8099 1.5098 3.64299 3.29552 2.45109 6.29386 2.50365 1.99689 1.43259 2.80417 1.00247
threshold=0.9946518923062071 0.43111442566676045 17.868750000000002 4.6500000000000012 0.94274434759927639 2.1456250000000008 0.13052619222005193 0.89095253074953418 0.98667101781630195 0.80616246075339437 0.58159593251769526 11.743750000000004 486.75000000000006 0.61851120020498029
decision_type=2 2 2 2 2 2 2 2 2 2 2 2 2 2
left_child=4 2 3 -2 7 6 -6 9 -9 -1 -7 12 -3 -13
right_child=1 11 -4 -5 5 10 -8 8 -10 -11 -12 13 -14 -15
leaf_value=-2.9853607113975307e-05 -0.0010700180134550082 -0.00076215420786035081 -0.0018611295360353919 0.00057878362966552928 -8.0101675279879334e-05 0.001381015692251101 0.001610714493615267 -0.00025906006112409578 -0.0023089647356803449 0.00088046200568851502 0.00012598728991661395 0.00061561589300453991 -0.0040879246204879793 -0.00071160359833663696
leaf_weight=50533 247 491 61 107 7169 2156 754 5552 336 8437 4673 682 81 103
leaf_count=50533 247 491 61 107 7169 2156 754 5552 336 8437 4673 682 81 103
internal_value=4.06726e-05 -0.00140519 -0.00427711 -0.00276836 7.28554e-05 0.00052942 -0.00020005 -3.09906e-05 -0.00100374 6.61355e-05 0.00137575 -0.000526897 -0.00243007 0.000859873
internal_weight=81382 1772 415 354 79610 14752 7923 64858 5888 58970 6829 1357 572 785
internal_count=81382 1772 415 354 79610 14752 7923 64858 5888 58970 6829 1357 572 785
is_linear=0
shrinkage=0.05


Tree=206
num_leaves=16
num_cat=0
split_feature=11 10 21 22 11 3 10 7 5 9 9 20 0 16 6
split_gain=1.53986 3.23204 2.98363 2.97488 2.26785 1.97146 1.63423 1.60121 1.43461 7.78312 11.1909 2.56203 1.90496 3.68507 2.45798
threshold=0.75905044448415715 226.20000000000002 0.79916882978773474 0.59184232273624404 0.634538650086935 0.81241147629689026 63.45000000000001 2.3750000000000004 0.75580964594513067 0.57092917197009319 0.53919700627209777 0.67937500000000017 228.30016753371419 527.35000000000002 -0.89404254237865755
decision_type=2 2 2 2 2 2 2 2 2 2 2 2 2 2 2
left_child=1 4 3 -3 7 -4 -6 -1 12 10 -10 -11 13 -2 -14
right_child=8 2 5 -5 6 -7 -8 -9 9 11 -12 -13 14 -15 -16
leaf_value=-9.3113549292639166e-05 -3.5078067831624146e-05 -0.00088214645214754325 -0.0007870841856241125 0.00044554611385680089 -0.00013805119355408848 -0.0020961210457242844 0.002009896280522823 0.0001024444555627616 -0.0012900563231106139 -0.0015973397872688167 -0.0094750922831620503 0.00010100568707490943 0.00012683462273990067 -0.00083871879300236561 0.00056770331768143272
leaf_weight=23804 2396 2864 3371 3949 711 59 1620 30999 237 89 79 2901 3703 55 4526
leaf_count=23804 2396 2864 3371 3949 711 59 1620 30999 237 89 79 2901 3703 55 4526
internal_value=7.88444e-05 -2.0259e-05 -0.000838133 -0.000232643 0.00012637 -0.00204082 0.0016538 6.14019e-05 0.000556271 -0.000353902 -0.00781646 0.000434783 0.000838015 -0.000385557 0.00120245
internal_weight=81363 67377 10243 6813 57134 3430 2331 54803 13986 3306 316 2990 10680 2451 8229
internal_count=81363 67377 10243 6813 57134 3430 2331 54803 13986 3306 316 2990 10680 2451 8229
is_linear=0
shrinkage=0.05


Tree=207
num_leaves=16
num_cat=0
split_feature=4 6 6 19 22 6 13 12 18 17 17 15 13 5 12
split_gain=1.34241 2.11719 2.53084 8.3241 2.40481 3.13189 3.00307 1.92613 1.88066 2.00153 7.73817 3.04272 1.45262 2.91219 1.70445
threshold=-0.95642797789208689 -0.98521978256641018 -0.97874870457683594 22.393750000000008 0.37441597425644635 -0.99864786094873803 0.87037615127808998 412.05000000000001 46.187500000000007 135.50000000000003 111.50000000000001 367.50000000000006 0.19962788429267661 0.28519915169571858 498.15000000000003
decision_type=2 2 2 2 2 2 2 2 2 2 2 2 2 2 2
left_child=8 4 3 -3 5 -2 -6 -4 12 10 -10 -11 13 -1 -14
right_child=1 2 7 -5 6 -7 -8 -9 9 11 -12 -13 14 -15 -16
leaf_value=0.00041469082343640625 -0.001320186464876914 -0.0031647824129768924 -7.664921057736162e-06 0.0018549336184752318 0.00099277414341739697 0.0009053100598996705 -0.00073420351855956888 -0.00030939291283529246 0.00017508413009639716 0.00079111369824787225 -0.0010107555774632039 -0.00013673816750908271 0.00079108582451884596 -0.0007775724620510795 -1.0340366654771854e-05
leaf_weight=543 283 553 52781 339 3269 255 670 5248 2451 3521 1274 5684 3118 97 970
leaf_count=543 283 553 52781 339 3269 255 670 5248 2451 3521 1274 5684 3118 97 970
internal_value=3.86155e-05 -6.87717e-05 -0.000148419 -0.00279148 0.000979451 -0.00215613 0.00140772 -0.000107791 0.000424171 0.000112142 -0.000865772 0.000507876 0.0012775 -0.0009375 0.00162427
internal_weight=81056 63398 58921 892 4477 538 3939 58029 17658 12930 3725 9205 4728 640 4088
internal_count=81056 63398 58921 892 4477 538 3939 58029 17658 12930 3725 9205 4728 640 4088
is_linear=0
shrinkage=0.05


Tree=208
num_leaves=15
num_cat=0
split_feature=6 20 22 21 19 21 13 5 17 18 5 20 13 5
split_gain=1.32295 3.47819 3.3991 3.27191 3.04508 2.77594 1.95457 1.54664 3.74326 4.22927 1.94079 10.3207 1.75878 0.456566
threshold=-0.99273797715557011 3.3881250000000009 0.37986553897203074 0.18823346678110262 25.893750000000004 0.61471569061540343 0.062848269478243762 -0.93545489084327571 202.50000000000003 49.187500000000007 -0.91597725483594616 1.3868750000000003 0.098774069619316937 -0.99275805973510278
decision_type=2 2 2 2 2 2 2 2 2 2 2 2 2 2
left_child=1 2 3 -1 5 -3 -4 8 9 -2 11 -9 -12 -10
right_child=7 4 6 -5 -6 -7 -8 10 13 -11 12 -13 -14 -15
leaf_value=0.00042321162583937696 0.00148749149245878 -0.0021212921139462135 -0.0025080907488418454 -0.0017020308626371991 -0.0078642200268986655 0.0019318089506907906 0.0010605787040732565 -0.00260892289018175 0.0010762954010420385 -0.00017057686311751686 0.00031128503976144008 0.00051973788144113551 -2.9374070419072741e-05 0.0040116797885590303
leaf_weight=215 2078 383 48 187 55 438 2444 541 154 6857 2718 979 63547 646
leaf_count=215 2078 383 48 187 55 438 2444 541 154 6857 2718 979 63547 646
internal_value=5.35123e-05 0.00096817 0.00180373 -0.00246269 -0.00179224 -0.00102923 0.00249197 9.03011e-06 0.000598357 0.000304981 -7.56065e-05 -0.00184211 -3.50862e-05 0.003875
internal_weight=81290 3770 2894 402 876 821 2492 77520 9735 8935 67785 1520 66265 800
internal_count=81290 3770 2894 402 876 821 2492 77520 9735 8935 67785 1520 66265 800
is_linear=0
shrinkage=0.05


Tree=209
num_leaves=16
num_cat=0
split_feature=22 20 21 10 22 5 21 13 19 18 16 1 5 10 20
split_gain=1.22424 3.95596 3.42353 4.16905 3.61584 17.5179 4.68794 2.84941 3.77373 3.22038 2.83997 2.79751 2.47508 3.36341 1.07608
threshold=0.96856514144734418 2.4631250000000007 0.94740775439615788 27.750000000000004 0.91676932285090895 0.9916835347852474 0.89095253074953418 0.48162178630107738 31.243750000000002 10.062500000000002 101.55000000000001 581.98085579847873 0.76696112484652035 556.35000000000014 4.5943750000000012
decision_type=2 2 2 2 2 2 2 2 2 2 2 2 2 2 2
left_child=2 7 4 10 6 -6 -1 9 -9 -2 -4 -5 14 -14 -3
right_child=1 12 3 11 5 -7 -8 8 -10 -11 -12 -13 13 -15 -16
leaf_value=3.0451655457677552e-05 -0.0012083076732610184 0.00098694554690320038 -0.0036340494939265024 -0.0010716367144433228 0.0013620279647483917 -0.0046538605405870232 -0.0010045213883783431 0.00015586186752425196 -0.00014770216810829599 -0.00020600718371206243 0.00073948131202749179 -0.00010425447908725284 0.00014758402103974013 -0.00026126122622553179 -0.0016924774704324833
leaf_weight=59040 459 1995 56 1441 3962 62 2652 4866 68 1917 813 1576 2246 96 57
leaf_count=59040 459 1995 56 1441 3962 62 2652 4866 68 1917 813 1576 2246 96 57
internal_value=7.53944e-05 0.000548531 -4.16636e-06 -0.00144622 8.11068e-05 0.0015333 -1.36158e-05 -0.000164158 0.000520876 -0.0015867 0.00160529 -0.00232516 0.00173418 0.000623399 0.00300195
internal_weight=81306 11704 69602 3886 65716 4024 61692 7310 4934 2376 869 3017 4394 2342 2052
internal_count=81306 11704 69602 3886 65716 4024 61692 7310 4934 2376 869 3017 4394 2342 2052
is_linear=0
shrinkage=0.05


Tree=210
num_leaves=16
num_cat=0
split_feature=11 10 17 19 9 7 16 21 7 9 5 16 9 2 9
split_gain=1.36321 1.76307 3.63405 3.0692 2.14989 1.60698 5.25387 2.72006 1.57471 1.58549 5.58927 1.52312 3.16292 1.40148 0.758223
threshold=0.75905044448415715 256.9500000000001 147.50000000000003 14.481250000000003 0.86389269734200413 2.3750000000000004 483.50000000000006 0.93003015483094009 0.62500000000000011 0.56487870070770574 0.75580964594513067 757.70000000000016 0.61615803295613591 0.37287586234028963 0.81463164640036478
decision_type=2 2 2 2 2 2 2 2 2 2 2 2 2 2 2
left_child=1 5 3 -3 -4 6 -1 -7 11 10 -10 14 -13 -11 -2
right_child=8 2 4 -5 -6 7 -8 -9 9 13 -12 12 -14 -15 -16
leaf_value=-4.3489267844762042e-06 0.0020367333428482127 -0.0020866550695198128 0.00014927971324052829 -0.00037840816784614193 -0.0096588127572614663 3.0632291311549767e-05 -0.00060446941602050521 0.00042500046639299527 0.00028512654119088445 -0.00011172083555433139 -0.0055275235050555663 -0.0002713747119006805 2.7026169780936795e-05 0.0002157381629372957 0.0039920276050717744
leaf_weight=23622 1028 628 4812 2552 49 27872 2674 5047 910 3058 264 43 453 7727 534
leaf_count=23622 1028 628 4812 2552 49 27872 2674 5047 910 3058 264 43 453 7727 534
internal_value=4.26343e-05 -5.08503e-05 -0.000745554 -0.00205975 0.000114174 4.34858e-05 -0.000247946 0.000276284 0.000491189 0.000271344 -0.00147359 0.00176871 -0.000645161 0.000461289 0.00253521
internal_weight=81273 67256 8041 3180 4861 59215 26296 32919 14017 11959 1174 2058 496 10785 1562
internal_count=81273 67256 8041 3180 4861 59215 26296 32919 14017 11959 1174 2058 496 10785 1562
is_linear=0
shrinkage=0.05


Tree=211
num_leaves=15
num_cat=0
split_feature=22 17 8 9 13 20 6 5 22 19 5 21 19 3
split_gain=1.90731 3.26272 3.86407 4.73853 3.26149 2.78051 3.20394 2.26702 5.92719 2.19593 2.08666 1.94001 0.785876 0.0834711
threshold=0.81457238162785284 148.50000000000003 1.0000000180025095e-35 0.3545895107646006 0.41775121960742734 1.6218750000000004 -0.28519997588938989 -0.99763297024448894 0.79037747127593116 30.043750000000006 -0.98523971305672675 0.85084577651039284 18.156250000000004 -0.93540483100319605
decision_type=2 2 2 2 2 2 2 2 2 2 2 2 2 2
left_child=7 2 4 -4 -2 12 -7 8 11 10 -9 -1 -3 -11
right_child=1 5 3 -5 -6 6 -8 9 -10 13 -12 -13 -14 -15
leaf_value=0.0016581599050113774 -0.00024974101266011687 0.001044988730513532 -0.00099664814796306947 -1.2751660968718382e-05 0.0015542444429178131 0.0001158118306844562 0.0026603974407717838 -0.00048027168367048361 -0.0030131476563990001 0.0005938651286201041 -4.4948349475857545e-05 -0.0034167782383207525 0.0031924442799156727 0.0087267876380346856
leaf_weight=1022 1370 495 1298 14732 3321 4663 1669 2204 56 40 49036 45 1100 202
leaf_count=1022 1370 495 1298 14732 3321 4663 1669 2204 56 40 49036 45 1100 202
internal_value=6.23363e-05 0.000390603 6.05668e-05 -0.000308796 0.00132275 0.00125331 0.000783323 -0.000116434 0.00210597 -0.000164912 -0.000187353 0.00293814 0.00311912 0.00458678
internal_weight=81253 28648 20721 16030 4691 7927 6332 52605 1123 51482 51240 1067 1595 242
internal_count=81253 28648 20721 16030 4691 7927 6332 52605 1123 51482 51240 1067 1595 242
is_linear=0
shrinkage=0.05


Tree=212
num_leaves=16
num_cat=0
split_feature=22 21 20 10 13 5 19 21 22 5 21 9 20 20 3
split_gain=1.5003 2.43822 4.2371 2.95181 2.88464 4.16405 2.7922 2.35409 2.90994 10.8406 3.46324 2.9049 2.99788 2.32496 2.17233
threshold=0.97495241261619292 1.0101847729003144 0.3206250000000001 491.10000000000008 0.42902181368982878 -0.20180236284700911 6.7187500000000009 0.94740775439615788 0.91676932285090895 0.9916835347852474 0.89095253074953418 0.4807094703518508 3.4581250000000008 0.34625000000000011 0.97335555334614954
decision_type=2 2 2 2 2 2 2 2 2 2 2 2 2 2 2
left_child=7 4 6 -4 5 -2 -3 8 10 -10 -1 13 -13 -9 -6
right_child=1 2 3 -5 14 -7 -8 11 9 -11 -12 12 -14 -15 -16
leaf_value=3.0502650440944853e-05 -0.0016694879190049137 -0.00096394176327413601 0.00010399151470124636 -0.00022127082611579256 0.00047579757704051999 0.00054895435493221268 -0.0040563026990918499 -0.0015767131838091504 0.0012005259231842769 -0.0038099050667674446 -0.0009051500366671684 -0.00045351663225949416 0.00066630539197939985 0.00053731000954648225 -0.0022872328710166387
leaf_weight=58910 478 75 4503 472 4155 916 52 69 4194 76 2651 2611 622 1245 187
leaf_count=58910 478 75 4503 472 4155 916 52 69 4194 76 2651 2611 622 1245 187
internal_value=9.27159e-05 0.00064034 -0.000154841 7.53771e-05 0.00134763 -0.000631277 -0.00917323 8.38349e-06 8.43829e-05 0.0013466 -3.1674e-06 -0.00109193 -0.00189762 0.000890411 0.00198296
internal_weight=81216 10838 5102 4975 5736 1394 127 70378 65831 4270 61561 4547 3233 1314 4342
internal_count=81216 10838 5102 4975 5736 1394 127 70378 65831 4270 61561 4547 3233 1314 4342
is_linear=0
shrinkage=0.05


Tree=213
num_leaves=16
num_cat=0
split_feature=22 8 9 5 10 5 5 21 16 18 5 19 5 20 6
split_gain=1.67822 2.75512 4.91598 7.68508 4.10893 3.44376 16.1323 2.21513 3.78285 2.63318 1.95727 6.24762 1.91425 1.42192 0.829048
threshold=0.84699059042301206 1.0000000180025095e-35 0.3545895107646006 0.98802474685579866 10.350000000000001 0.7090011537757156 0.69676570133721638 0.81337618124760092 527.35000000000002 77.687500000000014 -0.99763297024448894 15.318750000000003 -0.98523971305672675 3.7681250000000008 -0.20180761162458913
decision_type=2 2 2 2 2 2 2 2 2 2 2 2 2 2 2
left_child=7 5 3 -3 -4 6 -2 10 9 -9 11 -1 -12 -10 -7
right_child=1 2 4 -5 -6 14 -8 8 13 -11 12 -13 -14 -15 -16
leaf_value=0.0016133775322207567 0.00041075113681617872 -0.00052609241293018346 -0.0015811509020270951 -0.0033235500428455303 8.8146746380808117e-05 0.0006284698800971708 -0.0054470915289702663 -0.0014055108785074458 0.0018658286375436085 -0.00011601509007813762 -0.00043338231601005873 -0.0032795807675197798 1.2123480489170027e-05 -0.0022904239698089248 0.002590079071453308
leaf_weight=1021 3395 1319 46 82 18953 555 43 1785 560 1087 2154 79 48740 344 1092
leaf_count=1021 3395 1319 46 82 18953 555 43 1785 560 1087 2154 79 48740 344 1092
internal_value=7.29188e-05 0.000409064 0.00014951 -0.00270878 0.000360282 0.00145034 0.000549738 -8.06884e-05 -0.00125 -0.00213788 4.23144e-06 0.00209091 -4.08691e-05 0.0015708 0.0033303
internal_weight=81255 25485 20400 1401 18999 5085 3438 55770 3776 2872 51994 1100 50894 904 1647
internal_count=81255 25485 20400 1401 18999 5085 3438 55770 3776 2872 51994 1100 50894 904 1647
is_linear=0
shrinkage=0.05


Tree=214
num_leaves=13
num_cat=0
split_feature=2 22 13 20 13 17 18 22 22 20 19 2
split_gain=1.34488 1.31669 1.14224 1.20957 1.20439 1.00297 0.677635 0.998097 0.683246 0.263662 0.471955 2.22045e-16
threshold=0.88579628971768642 1.4070707391092447 0.017875073899448646 3.2831250000000005 0.039047919899800984 23.500000000000004 71.062500000000014 0.90025407143895564 0.76200375371267037 2.6968750000000008 27.931250000000002 0.89310294626554354
decision_type=2 2 2 2 2 2 2 2 2 2 2 2
left_child=1 2 3 -1 -4 -3 9 8 -8 11 -11 -2
right_child=6 5 4 -5 -6 -7 7 -9 -10 10 -12 -13
leaf_value=0.00049955107466871965 0.0011518198919532215 0.0048559241881793065 -0.0014632325607718006 -0.00014226940311108966 8.9534621954656675e-06 -0.003212375866159356 0.0004359275522565478 -0.0048494588256876806 0.010041216407820103 0.0019778205805781588 -0.000116142873031344 0.0010977733706728679
leaf_weight=544 116 214 316 163 79009 41 416 44 109 146 40 63
leaf_count=544 116 214 316 163 79009 41 416 44 109 146 40 63
internal_value=6.22378e-05 4.02931e-05 2.88636e-05 0.0020297 1.10308e-05 0.00362745 0.00194861 0.000869947 0.00147619 0.00363014 0.00231183 0.005
internal_weight=81221 80287 80032 707 79325 255 934 569 525 365 186 179
internal_count=81221 80287 80032 707 79325 255 934 569 525 365 186 179
is_linear=0
shrinkage=0.05


Tree=215
num_leaves=16
num_cat=0
split_feature=22 21 19 5 19 21 20 10 18 5 19 12 6 12 16
split_gain=1.55742 2.454 2.61065 6.12861 3.88962 1.97436 3.96947 4.01151 3.16452 2.62674 9.631 1.83945 3.39186 3.0165 1.04319
threshold=0.99214247489978813 0.98612669923180774 22.618750000000006 -0.59869031648930193 15.081250000000002 1.0075322116595495 0.41937500000000011 556.35000000000014 10.937500000000002 -0.20180236284700911 9.7437500000000039 439.9500000000001 -0.72694848937061807 195.75000000000003 757.70000000000016
decision_type=2 2 2 2 2 2 2 2 2 2 2 2 2 2 2
left_child=1 11 4 -4 -3 9 8 -8 -7 10 -2 13 -13 -1 -11
right_child=5 2 3 -5 -6 6 7 -9 -10 14 -12 12 -14 -15 -16
leaf_value=-3.1812689624188199e-05 -0.0021433391787675483 -0.0013560584831128753 0.00077013674599546325 -0.0029306124324404411 0.00090998284723310902 9.0543718678079508e-05 0.00013142021821229574 -0.00029553272485407996 -0.0024022380604598807 0.0011289129955111966 0.00043786325600773452 1.0485613367457603e-05 -0.0010856759365467942 0.00036987001020040211 1.0576185554328423e-05
leaf_weight=45170 224 828 118 214 607 99 4757 205 155 2277 706 5585 2557 17295 417
leaf_count=45170 224 828 118 214 607 99 4757 205 155 2277 706 5585 2557 17295 417
internal_value=6.92001e-05 -7.32289e-06 -0.00184776 -0.00584337 -0.000923345 0.000695702 7.28529e-05 0.000384926 -0.00602362 0.00159216 -0.000698925 3.87357e-05 -0.00066814 0.000130873 0.00238307
internal_weight=81214 72374 1767 332 1435 8840 5216 4962 254 3624 930 70607 8142 62465 2694
internal_count=81214 72374 1767 332 1435 8840 5216 4962 254 3624 930 70607 8142 62465 2694
is_linear=0
shrinkage=0.05


Tree=216
num_leaves=16
num_cat=0
split_feature=3 22 6 5 13 13 1 2 8 11 22 20 22 16 6
split_gain=1.70837 1.4758 2.0739 4.68663 1.62758 2.78745 1.79076 1.26405 1.27038 6.70819 3.97436 1.14682 1.08794 1.14232 0.275945
threshold=0.9946518923062071 0.43111442566676045 -0.8611288361322974 -0.065535378769913874 0.50732677589719077 0.58420620223121067 64.870294458150809 0.88579628971768642 1.0000000180025095e-35 0.017996634441933859 0.2870468908445819 3.5431250000000007 0.76200375371267037 291.15000000000003 -0.99052477729077237
decision_type=2 2 2 2 2 2 2 2 2 2 2 2 2 2 2
left_child=7 2 3 -2 6 -6 -3 8 10 -10 -1 -4 13 -9 -14
right_child=1 4 11 -5 5 -7 -8 12 9 -11 -12 -13 14 -15 -16
leaf_value=-0.00024203667250186783 -0.0023926306999823817 -0.0012378943144839933 2.1947976157226989e-05 -0.0004739487099964448 -0.0019246288642687003 0.00012699471547252474 0.00057599541627489925 0.000743018761720749 -0.00084853646958902695 7.6277301488210988e-06 0.00043633276479468049 -0.0010678057786746859 0.00074896028010459914 -0.001330197153616282 0.0015642717024045392
leaf_weight=4892 46 121 200 78 223 313 705 373 450 60497 12566 75 217 107 270
leaf_count=4892 46 121 200 78 223 313 705 373 450 60497 12566 75 217 107 270
internal_value=6.67424e-05 -0.00147359 -0.00414787 -0.00951613 -0.000690161 -0.00283582 0.000702179 0.000100917 7.87579e-05 -2.89594e-05 0.000454806 -0.00172727 0.00189762 0.000208334 0.00356263
internal_weight=81133 1761 399 124 1362 536 826 79372 78405 60947 17458 275 967 480 487
internal_count=81133 1761 399 124 1362 536 826 79372 78405 60947 17458 275 967 480 487
is_linear=0
shrinkage=0.05


Tree=217
num_leaves=13
num_cat=0
split_feature=11 9 10 17 5 7 16 9 10 18 10 9
split_gain=1.39374 2.24914 2.07463 2.71804 2.11309 1.36498 2.08238 2.34411 1.39206 2.07475 1.48671 1.12264
threshold=0.75905044448415715 0.96816549174263311 172.65000000000001 168.50000000000003 0.99939377080793557 0.62500000000000011 757.70000000000016 0.61615803295613591 15.150000000000002 68.437500000000014 415.20000000000005 0.61928046795725755
decision_type=2 2 2 2 2 2 2 2 2 2 2 2
left_child=1 2 4 -4 -1 6 11 -8 9 -7 -10 -2
right_child=5 -3 3 -5 -6 8 7 -9 10 -11 -12 -13
leaf_value=4.8875634186415238e-05 0.00093005550789053296 -0.0023903088123023246 -0.00049622385696864466 0.00016734922071315469 0.0013258102383508288 -0.0024131474868968059 -0.00026675165820640482 2.9857993496400232e-05 0.00039470571772207543 0.00019630295914235455 -2.3985354262231423e-06 0.003176869656111689
leaf_weight=51746 369 62 7819 7084 545 51 44 472 4109 62 7693 1171
leaf_count=51746 369 62 7819 7084 545 51 44 472 4109 62 7693 1171
internal_value=9.70738e-05 2.67653e-06 1.14595e-05 -0.000508958 0.000159779 0.0005515 0.00174125 -0.00100775 0.000346202 -0.00517699 0.000399085 0.00266234
internal_weight=81227 67256 67194 14903 52291 13971 2056 516 11915 113 11802 1540
internal_count=81227 67256 67194 14903 52291 13971 2056 516 11915 113 11802 1540
is_linear=0
shrinkage=0.05


Tree=218
num_leaves=15
num_cat=0
split_feature=18 19 20 3 13 5 13 5 4 6 5 17 6 12
split_gain=1.19882 4.09352 11.6114 7.70505 3.10974 3.96118 6.74068 3.38837 3.28515 4.2687 3.07065 2.90954 7.91355 3.69412
threshold=51.937500000000007 1.8812500000000003 4.7031250000000009 1.0000000180025095e-35 0.19962788429267661 0.091259403071267925 0.092489554406747165 -0.70291267844185523 -0.63405362205439475 -0.9575230291762723 -0.98803845231459242 32.500000000000007 0.99981043035926087 393.75000000000006
decision_type=2 2 2 2 2 2 2 2 2 2 2 2 2 2
left_child=4 2 3 -2 5 7 -7 -1 10 -10 -6 12 -3 -13
right_child=1 11 -4 -5 8 6 -8 -9 9 -11 -12 13 -14 -15
leaf_value=-0.00073118477893653719 -0.0015901169354006761 -0.0004271615121217704 -0.0051158594459328466 9.9575150115936569e-06 -0.0022777029331537356 0.00049208600898838347 -0.0023451920654439158 0.00069245036087113327 0.0010687754815309639 -0.00020756980169662868 0.00022846505124779088 0.00015963973075710752 -0.0015324823238041189 -0.00052707559148007423
leaf_weight=947 480 4472 50 1627 169 273 574 1205 1347 6118 13466 42506 41 8191
leaf_count=947 480 4472 50 1627 169 273 574 1205 1347 6118 13466 42506 41 8191
internal_value=7.52463e-05 -4.90698e-05 -0.00218591 -0.00162079 0.000371177 -0.00113538 -0.00403188 4.64703e-06 0.000585308 -0.00025787 0.00104694 3.44142e-05 -0.00118214 0.000142711
internal_weight=81466 57367 2157 2107 24099 2999 847 2152 21100 7465 13635 55210 4513 50697
internal_count=81466 57367 2157 2107 24099 2999 847 2152 21100 7465 13635 55210 4513 50697
is_linear=0
shrinkage=0.05


Tree=219
num_leaves=16
num_cat=0
split_feature=22 2 20 21 20 5 1 12 16 0 19 19 19 20 17
split_gain=1.51313 2.33773 3.532 3.56795 3.29521 2.09348 3.90651 4.93525 2.10836 7.72173 2.94109 1.69858 2.26128 0.334426 0.160689
threshold=0.85534932525842533 0.15681335542566763 4.7031250000000009 0.62856295443980437 4.8643750000000017 -0.98803845231459242 498.24471211068618 172.35000000000002 454.45000000000005 203.3222694408245 1.5437500000000004 31.243750000000002 23.931250000000006 3.1706250000000007 178.50000000000003
decision_type=2 2 2 2 2 2 2 2 2 2 2 2 2 2 2
left_child=1 2 3 -1 -4 6 7 -2 10 -10 -7 12 -3 -13 -8
right_child=5 11 4 -5 -6 8 14 -9 9 -11 -12 13 -14 -15 -16
leaf_value=-5.8721112338697158e-05 -0.0014484382459571503 2.6321513851644883e-05 -0.0017951005631235643 -0.0019162560151800919 -0.0011365536552013541 -0.00066137811985318273 0.0059491093403450726 -0.0027768613016620853 -0.00059653253299656939 8.5908951249921733e-05 0.0007924742453295473 0.005500750133380858 -0.0010562186040733047 -9.2101186192686463e-05 0.0023347950920311156
leaf_weight=4152 337 48883 41 915 282 1026 112 41 1133 14316 7583 204 2243 40 41
leaf_count=4152 337 48883 41 915 282 1026 112 41 1133 14316 7583 204 2243 40 41
internal_value=5.64852e-05 -8.54473e-05 -0.00107607 -0.000752911 -0.00614551 0.000384115 -0.00272128 -0.00544974 0.000452656 0.000103243 0.00107968 1.84935e-05 -1.36898e-06 0.00418033 0.00401961
internal_weight=81349 56760 5390 5067 323 24589 531 378 24058 15449 8609 51370 51126 244 153
internal_count=81349 56760 5390 5067 323 24589 531 378 24058 15449 8609 51370 51126 244 153
is_linear=0
shrinkage=0.05


Tree=220
num_leaves=16
num_cat=0
split_feature=5 5 22 16 6 0 17 22 2 15 5 5 21 19 12
split_gain=1.49457 4.28462 7.06783 5.71807 4.69726 4.10427 2.39259 2.33979 1.52937 8.4135 3.56593 2.64318 2.24463 5.53906 2.6669
threshold=0.9193901325473397 0.94978112945126536 0.63567519398458039 140.35000000000005 0.21652257995689161 459.33075706650521 210.50000000000003 0.31592674844659024 0.33722635925880923 294.50000000000006 0.7210268013660811 -0.42180583328916638 0.5990034477310654 17.768750000000008 412.05000000000001
decision_type=2 2 2 2 2 2 2 2 2 2 2 2 2 2 2
left_child=8 2 5 -4 6 -2 -3 -6 9 11 -11 -1 13 -10 -14
right_child=1 4 3 -5 7 -7 -8 -9 12 10 -12 -13 14 -15 -16
leaf_value=-0.00024752961877332953 0.0015328419070071038 1.3641609504992284e-05 -0.0055059811745325751 -0.0018876706745040888 -0.0011285891776426572 -0.0010117557116837764 -0.0010674775603167488 0.0016594793445568303 0.00016854776864435618 -0.004135555697612695 -0.00041904032578362097 0.00010501701800439509 0.00058434707504733763 -0.0010217641643235909 -2.5387356214073676e-05
leaf_weight=11735 780 5628 119 985 59 390 1501 1227 12209 51 65 15605 18536 4423 7855
leaf_count=11735 780 5628 119 985 59 390 1501 1227 12209 51 65 15605 18536 4423 7855
internal_value=0.000110758 -0.000440172 -0.00236587 -0.00523551 8.02141e-05 0.000341881 -0.000421518 0.00286159 0.000194313 -9.72463e-05 -0.0135345 -4.02339e-05 0.000380378 -7.45549e-05 0.000667084
internal_weight=81168 10689 2274 1104 8415 1170 7129 1286 70479 27456 116 27340 43023 16632 26391
internal_count=81168 10689 2274 1104 8415 1170 7129 1286 70479 27456 116 27340 43023 16632 26391
is_linear=0
shrinkage=0.05


Tree=221
num_leaves=16
num_cat=0
split_feature=5 12 18 20 20 17 5 6 12 10 9 10 5 0 12
split_gain=1.29603 3.65435 3.56938 4.51977 1.75246 3.08364 1.66889 8.17292 4.33856 2.5948 3.69166 2.50401 2.48355 0.684507 0.166672
threshold=-0.96235977360714686 223.65000000000003 13.812500000000002 0.59812500000000013 4.6643750000000015 147.50000000000003 -0.67803021058859214 0.65071284653328287 278.85000000000008 155.25000000000003 0.60917170651114538 111.15000000000002 -0.73866753694953124 386.19733302737654 174.45000000000002
decision_type=2 2 2 2 2 2 2 2 2 2 2 2 2 2 2
left_child=1 2 14 -4 13 -6 7 8 -2 11 -11 -8 -9 -3 -1
right_child=6 4 3 -5 5 -7 9 12 -10 10 -12 -13 -14 -15 -16
leaf_value=0.0057402960016434204 0.00018930926939556646 0.00098842787880918585 -0.0015341712471134278 8.639523174192425e-05 -0.0018185011526856512 0.0039615435913861862 8.4039800586173269e-05 -0.0016569209056362566 -0.00061290440646099816 -0.0005925502444139452 6.2839672703772473e-05 0.00087777785462275618 -0.00099338864537179962 0.0020622676058798797 0.0011724046252655183
leaf_weight=390 11353 422 451 4397 80 119 31339 252 3147 9232 13653 4282 1219 1229 42
leaf_count=390 11353 422 451 4397 80 119 31339 252 3147 9232 13653 4282 1219 1229 42
internal_value=9.23329e-05 0.000736326 6.62881e-05 -0.000321782 0.00264865 -0.00178392 3.06808e-05 -0.000422328 -6.20688e-05 0.000154343 -0.000261088 0.00042124 -0.00397349 0.00318292 0.0044213
internal_weight=81607 7130 5280 4848 1850 199 74477 15971 14500 58506 22885 35621 1471 1651 432
internal_count=81607 7130 5280 4848 1850 199 74477 15971 14500 58506 22885 35621 1471 1651 432
is_linear=0
shrinkage=0.05


Tree=222
num_leaves=14
num_cat=0
split_feature=11 5 9 10 21 9 4 6 20 17 20 18 9
split_gain=1.37706 2.22947 3.16475 1.77417 2.05705 2.66447 1.4116 1.29107 1.9172 1.7165 1.14601 1.04912 0.751485
threshold=0.91422826481256447 -0.031173458710879235 0.92778892343959862 587.25000000000011 1.0139965026281497 0.87258628003620153 -0.81241147629689003 -0.98521978256641018 1.0381250000000002 307.50000000000006 4.9906250000000005 50.312500000000007 0.70637118662576193
decision_type=2 2 2 2 2 2 2 2 2 2 2 2 2
left_child=3 2 11 7 5 -5 -4 8 -1 -9 12 -2 -3
right_child=1 10 6 4 -6 -7 -8 9 -10 -11 -12 -13 -14
leaf_value=0.00085530295214185012 0.0010803956948031059 1.2959452421323643e-05 -0.0043062067090368587 -0.003259342213186682 -0.0003182704489159431 0.0002918221139118929 -9.6496203088393845e-05 -3.432568768739786e-06 0.00016850643953426891 0.0015910498435300034 -0.0036184593489755426 -0.00040579804702410853 0.0013478279803454398
leaf_weight=809 250 281 97 238 40 244 52 71268 3991 1473 72 749 1585
leaf_count=809 250 281 97 238 40 244 52 71268 3991 1473 72 749 1585
internal_value=9.1745e-05 0.00112767 -0.000618467 5.07925e-05 -0.00285441 -0.00195021 -0.00741611 7.03501e-05 0.000864584 1.79405e-05 0.00216202 0.000395396 0.00240086
internal_weight=81149 3086 1148 78063 522 482 149 77541 4800 72741 1938 999 1866
internal_count=81149 3086 1148 78063 522 482 149 77541 4800 72741 1938 999 1866
is_linear=0
shrinkage=0.05


Tree=223
num_leaves=15
num_cat=0
split_feature=6 22 20 5 18 15 13 21 6 6 12 9 11 18
split_gain=1.1563 4.82169 5.0305 4.36213 3.21497 5.28544 5.47543 3.54413 2.58511 4.81802 2.17287 1.8104 2.81523 1.01086
threshold=-0.6523320455745395 0.59184232273624404 0.3206250000000001 -0.52766804058324157 99.937500000000014 13.500000000000002 0.42642486921547479 0.29126962693461228 0.97461712852231652 0.95691861501572195 127.65000000000002 0.26978851478610233 0.28652592511209668 99.312500000000014
decision_type=2 2 2 2 2 2 2 2 2 2 2 2 2 2
left_child=1 2 -1 -4 8 6 -6 -7 9 -2 -10 13 -13 -3
right_child=4 11 3 -5 5 7 -8 -9 10 -11 -12 12 -14 -15
leaf_value=-0.0057672084826459625 -8.2219949876281587e-05 0.0015710452623461488 0.0022296939126439019 -0.00048869331969159872 0.00029731624571303282 -6.0678383101967309e-05 -0.001556141699218575 0.00097294050898438095 0.00046090274074041889 -0.001007848709090242 -0.0015433492398430177 -0.0016437249049479725 0.00023684491465511776 -0.00036061597379531148
leaf_weight=48 40168 2951 819 6448 321 3690 280 6211 3257 968 66 635 15145 362
leaf_count=48 40168 2951 819 6448 321 3690 280 6211 3257 968 66 635 15145 362
internal_value=7.79783e-05 0.000349894 -0.000741627 -0.000635062 -5.26735e-05 0.000734146 -0.00381864 0.0010105 -0.000238534 -0.000346898 0.00110292 0.000768083 0.000544994 0.00183067
internal_weight=81369 26408 7315 7267 54961 10502 601 9901 44459 41136 3323 19093 15780 3313
internal_count=81369 26408 7315 7267 54961 10502 601 9901 44459 41136 3323 19093 15780 3313
is_linear=0
shrinkage=0.05


Tree=224
num_leaves=15
num_cat=0
split_feature=5 9 6 22 22 4 5 5 20 21 5 22 5 6
split_gain=1.50502 6.09656 4.72951 10.0952 3.42847 3.72897 2.87729 2.63142 5.29826 3.02146 2.94253 6.25621 3.82107 0.554475
threshold=0.75580964594513067 0.13352981246318527 -0.61915584096709908 0.91676932285090895 0.83617410800114989 -0.32143946530316164 0.77788564761185042 0.7210268013660811 4.5943750000000012 0.31903739457794872 0.67167992559793654 0.9820476454201007 0.44505654568748165 -0.20180761162458913
decision_type=2 2 2 2 2 2 2 2 2 2 2 2 2 2
left_child=7 4 3 -3 5 -2 -4 10 9 -9 12 -12 -1 -6
right_child=1 2 6 -5 13 -7 -8 8 -10 -11 11 -13 -14 -15
leaf_value=1.0859574455850809e-05 0.00057391623563891219 -0.0065757818660204448 0.0043992090451675896 -0.0025254727263542363 0.0011034507284176374 -0.0010137253173534662 -0.00020160268712665294 -0.00074046356498081161 -0.0033855474100235672 0.0027998333696402666 -0.00039048547458903239 -0.0038703521181606797 0.00079218532001176529 0.0022765619879270538
leaf_weight=52358 2175 52 268 356 484 754 13659 213 47 1096 1554 191 6971 1040
leaf_count=52358 2175 52 268 356 484 754 13659 213 47 1096 1554 191 6971 1040
internal_value=4.85116e-05 -0.000343836 -0.000845832 -0.00615196 0.00127218 0.000271424 -0.000690385 0.000166587 0.00234513 0.00293736 0.000118217 -0.00190544 0.000177738 0.00319554
internal_weight=81218 18788 14335 408 4453 2929 13927 62430 1356 1309 61074 1745 59329 1524
internal_count=81218 18788 14335 408 4453 2929 13927 62430 1356 1309 61074 1745 59329 1524
is_linear=0
shrinkage=0.05


Tree=225
num_leaves=15
num_cat=0
split_feature=22 21 22 20 16 10 9 20 5 4 3 21 21 10
split_gain=1.18779 1.99759 2.22832 2.99566 1.88701 3.09494 2.53136 1.78598 2.80663 3.66984 1.78342 1.6229 1.31671 1.13344
threshold=0.99469066677254137 0.97560019362383898 0.96446072324501853 1.9581250000000003 746.45000000000016 95.250000000000014 0.60055419865537252 2.9993750000000006 0.9962888416657264 -0.2269546835593246 0.95642797789208711 0.94740775439615788 1.0075322116595495 491.10000000000008
decision_type=2 2 2 2 2 2 2 2 2 2 2 2 2 2
left_child=1 2 11 -4 5 -3 -6 8 12 -10 13 -1 -2 -9
right_child=7 4 3 -5 6 -7 -8 10 9 -11 -12 -13 -14 -15
leaf_value=2.7971930890568544e-05 0.00041355060864871855 -6.0715003297991285e-05 -0.0001308596741398929 0.0015414463557955373 0.00073210670065206485 -0.0012718999299073891 -0.0001554102199132916 0.00057108475867424791 -0.001172724784479595 0.0014168497320861853 -0.003058203751489711 -0.00033815573664189259 -3.6638644910466396e-05 -5.8222235764783672e-05
leaf_weight=65659 2672 905 722 1063 440 876 1017 1782 126 84 47 2182 3536 342
leaf_count=65659 2672 905 722 1063 440 876 1017 1782 126 84 47 2182 3536 342
internal_value=7.20049e-05 6.45056e-06 6.29077e-05 0.00180672 -0.00120754 -0.00229927 0.000126973 0.000628129 0.000208788 -0.00547619 0.0018678 1.70253e-05 0.000401096 0.00208098
internal_weight=81453 72864 69626 1785 3238 1781 1457 8589 6418 210 2171 67841 6208 2124
internal_count=81453 72864 69626 1785 3238 1781 1457 8589 6418 210 2171 67841 6208 2124
is_linear=0
shrinkage=0.05


Tree=226
num_leaves=15
num_cat=0
split_feature=4 18 5 6 17 13 5 0 19 17 17 16 15 0
split_gain=1.17718 1.91697 1.67563 6.32458 2.27292 1.64501 2.66062 1.65374 1.42145 1.44063 2.93177 2.26147 0.445423 2.22045e-16
threshold=-0.95642797789208689 46.187500000000007 0.93237596376505805 0.33222858587828868 136.50000000000003 0.19962788429267661 0.28519915169571858 190.8813224029654 -2.7562499999999996 307.50000000000006 304.50000000000006 80.550000000000026 50.500000000000007 156.03143121037343
decision_type=2 2 2 2 2 2 2 2 2 2 2 2 2 2
left_child=1 5 4 -4 -3 6 -1 -7 12 10 -10 -11 -2 -14
right_child=8 2 3 -5 -6 7 -8 -9 9 11 -12 -13 13 -15
leaf_value=5.8804510858384784e-05 -9.2737915697376398e-06 -0.00021604334481865252 -0.00025113381049649052 -0.0039085312785209847 0.00063078365758250895 -0.00029278078457234836 -0.00054129706196539586 0.00036641127846920443 -2.8370423613034957e-05 -0.0049923145981494305 -0.0050915273206684755 0.004836095204343918 0.00095795270641543101 0.00055458293175960477
leaf_weight=531 45 3524 1478 91 7758 504 99 3623 62413 42 63 779 140 42
leaf_count=531 45 3524 1478 91 7758 504 99 3623 62413 42 63 779 140 42
internal_value=4.94258e-05 0.000411177 9.37672e-05 -0.00143722 0.000306683 0.00126866 -0.00111111 0.00163194 -5.08467e-05 -6.50108e-05 -9.23553e-05 0.00201583 0.00389868 0.005
internal_weight=81132 17608 12851 1569 11282 4757 630 4127 63524 63297 62476 821 227 182
internal_count=81132 17608 12851 1569 11282 4757 630 4127 63524 63297 62476 821 227 182
is_linear=0
shrinkage=0.05


Tree=227
num_leaves=16
num_cat=0
split_feature=12 19 12 13 17 1 20 15 6 6 5 15 20 17 15
split_gain=1.33331 2.34479 1.3606 2.96535 2.87635 1.2569 1.56613 1.21306 1.07743 2.6111 1.01056 2.29892 0.485735 0.433943 0.0663566
threshold=603.45000000000016 17.081250000000008 576.45000000000016 0.88078644164707043 221.50000000000003 849.81548386340557 2.8568750000000009 540.50000000000011 0.99999537620422141 0.99981043035926087 -0.37447345805034543 811.50000000000011 3.561875000000001 114.50000000000001 108.50000000000001
decision_type=2 2 2 2 2 2 2 2 2 2 2 2 2 2 2
left_child=2 5 8 4 -4 12 -7 -5 9 -1 11 -3 -2 -12 -10
right_child=1 10 3 7 -6 6 -8 -9 14 -11 13 -13 -14 -15 -16
leaf_value=3.6240964009257808e-05 -0.00041490590576511956 0.0016204462178696097 -0.0041249898080380097 0.0027377481480826936 -0.0014644785493591553 -0.0067938680286333125 -0.00081779445542816192 -0.00066858751721550957 0.0028501380118118192 -0.00071417489978929595 -3.7612518102950474e-05 -0.0011492157137484036 0.0024663659945417006 0.0011846204965945007 0.00032565090854341089
leaf_weight=78361 47 112 86 217 82 44 69 674 107 210 42 43 41 1119 43
leaf_count=78361 47 112 86 217 82 44 69 674 107 210 42 43 41 1119 43
internal_value=0.000103756 0.00157218 7.58337e-05 -0.00170444 -0.00779762 -0.00345771 -0.0069469 -0.000555555 9.9783e-05 9.17007e-05 0.00234043 -0.00145161 0.00102273 0.00284668 0.00433333
internal_weight=81297 1517 79780 1059 168 201 113 891 78721 78571 1316 155 88 1161 150
internal_count=81297 1517 79780 1059 168 201 113 891 78721 78571 1316 155 88 1161 150
is_linear=0
shrinkage=0.05


Tree=228
num_leaves=11
num_cat=0
split_feature=5 5 17 15 5 18 17 12 0 12
split_gain=1.16559 1.10147 3.53542 5.94148 4.85414 1.18843 4.80299 2.72051 0.440703 0.0189258
threshold=0.99995780822346225 0.98667101781630195 251.50000000000003 434.50000000000006 0.99466373373798567 49.812500000000007 112.50000000000001 412.05000000000001 169.3158606309822 292.9500000000001
decision_type=2 2 2 2 2 2 2 2 2 2
left_child=1 5 4 -4 -3 6 -1 -7 -2 -10
right_child=8 2 3 -5 -6 7 -8 -9 9 -11
leaf_value=2.011796563811842e-06 8.8197758073379009e-05 -0.00091362724115078952 -0.0023328412844001293 0.0019244482073838673 0.00028120539312050894 5.0741913057051577e-05 0.00065731054699743805 -0.00060304784357863512 0.0024084019844462655 0.0010283315633654855
leaf_weight=16523 42 1498 129 130 2340 47997 5144 7218 142 41
leaf_count=16523 42 1498 129 130 2340 47997 5144 7218 142 41
internal_value=7.2903e-05 6.29177e-05 -0.000735904 -0.00638996 -0.000354351 0.000105487 0.000419301 -1.76581e-05 0.00366667 0.00472678
internal_weight=81204 80979 4097 259 3838 76882 21667 55215 225 183
internal_count=81204 80979 4097 259 3838 76882 21667 55215 225 183
is_linear=0
shrinkage=0.05


Tree=229
num_leaves=16
num_cat=0
split_feature=3 17 12 9 18 11 5 11 10 18 20 17 22 20 6
split_gain=1.43212 1.36625 1.75931 2.48887 2.01057 1.03073 1.7028 2.00173 1.62964 3.85338 1.13383 1.12218 0.589202 0.853551 0.360747
threshold=0.9946518923062071 113.50000000000001 68.550000000000026 0.61928046795725755 98.812500000000014 0.91422826481256447 -0.031173458710879235 0.94763499359698933 587.25000000000011 95.562500000000014 4.9906250000000005 307.50000000000006 0.63896188710792401 1.8056250000000003 -0.98521978256641018
decision_type=2 2 2 2 2 2 2 2 2 2 2 2 2 2 2
left_child=5 2 4 -4 -2 8 7 -7 11 -10 -8 -1 13 -3 -14
right_child=1 12 3 -5 -6 6 10 -9 9 -11 -12 -13 14 -15 -16
leaf_value=3.5573502947846022e-05 0.00040258108182251019 -0.0018586510999940463 -0.00097904911235675764 -0.0017700366096400017 -0.00094409082719571218 0.0011763273957349737 0.001141030838034317 -0.0017354245677530218 -0.00016337044477533031 -0.010058424751222754 -0.0022885023046676392 0.0013761203747633089 -0.00061932345875205508 0.0019912432038063014 0.002729574641124409
leaf_weight=74325 607 56 516 62 254 453 1895 642 468 62 78 1735 52 41 188
leaf_count=74325 607 56 516 62 254 453 1895 642 468 62 78 1735 52 41 188
internal_value=0.000126115 -0.00127815 -0.00194927 -0.00408304 -0.000516841 0.000157423 0.00105606 -0.000525114 0.000121426 -0.00264151 0.0019336 0.000140679 0.00158754 -0.00170103 0.00291667
internal_weight=81434 1776 1439 578 861 79658 3068 1095 76590 530 1973 76060 337 97 240
internal_count=81434 1776 1439 578 861 79658 3068 1095 76590 530 1973 76060 337 97 240
is_linear=0
shrinkage=0.05


Tree=230
num_leaves=12
num_cat=0
split_feature=21 5 19 6 5 6 13 17 22 16 0
split_gain=1.33413 1.02078 3.68398 3.66221 1.79654 6.34286 2.0376 0.943339 0.635051 0.0203917 4.44089e-16
threshold=1.435022179705544 -0.95754239937548935 17.156250000000004 1.0000000180025095e-35 -0.67803021058859214 0.65071284653328287 0.098774069619316937 137.50000000000003 1.3520815728244231 155.80000000000004 14.433246457543694
decision_type=2 2 2 2 2 2 2 2 2 2 2
left_child=1 2 3 -1 5 -3 -6 -4 -2 10 -10
right_child=8 4 7 -5 6 -7 -8 -9 9 -11 -12
leaf_value=-0.00048000952607837757 -0.0018562191809628819 -4.7602463543154744e-05 0.00075845325187978696 0.00071661774169658762 0.00043567486998099842 -0.0010498516045381841 2.7506474908249212e-05 0.005522105863537418 0.014263452350006306 0.0021769168401276646 0.0047086606328471149
leaf_weight=2698 44 13915 522 3856 2491 1453 55564 543 61 40 116
leaf_count=2698 44 13915 522 3856 2491 1453 55564 543 61 40 116
internal_value=8.99723e-05 7.8478e-05 0.000629348 0.000186146 2.1315e-05 -0.000459396 0.000148566 0.00335681 0.003659 0.00476959 0.005
internal_weight=81303 81042 7619 6554 73423 15368 58055 1065 261 217 177
internal_count=81303 81042 7619 6554 73423 15368 58055 1065 261 217 177
is_linear=0
shrinkage=0.05


Tree=231
num_leaves=16
num_cat=0
split_feature=22 21 5 13 22 3 5 10 21 20 10 22 20 5 4
split_gain=1.30922 2.50188 2.90839 2.31042 2.10779 3.14849 1.97791 1.92562 1.92395 4.57105 3.57671 3.10719 1.4158 1.5017 0.925278
threshold=0.99469066677254137 0.98612669923180774 -0.97509794945709805 0.49854910923284051 0.97495241261619292 -0.98611507088852024 -0.95754239937548935 80.250000000000014 1.0101847729003144 0.41937500000000011 491.10000000000008 1.110417304319298 2.1306250000000007 -0.20180236284700911 -0.3520614488341256
decision_type=2 2 2 2 2 2 2 2 2 2 2 2 2 2 2
left_child=1 4 3 -3 6 -6 -1 -4 12 11 -11 -10 13 -2 -14
right_child=8 2 7 -5 5 -7 -8 -9 9 10 -12 -13 14 -15 -16
leaf_value=0.00037412419171350617 -0.00069492464401779122 -0.00049375795754385405 0.00013199544070580861 -0.0020086858464465431 -0.0081677914135974347 0.00063250705425142847 -2.7414823594907539e-05 -0.001005525777528061 -0.0027180517599644394 0.0001768133184087056 -0.00022818902529074081 -0.00058766733970162268 0.0007112659950442268 0.00046244250261539633 3.7841606268042665e-05
leaf_weight=7113 598 40 714 41 43 1287 62273 1108 78 4283 459 167 1030 1713 261
leaf_count=7113 598 40 714 41 43 1287 62273 1108 78 4283 459 167 1030 1713 261
internal_value=7.93027e-05 1.02592e-05 -0.00177877 -0.0110494 5.84028e-05 0.00203008 2.06095e-05 -0.00136663 0.000663058 2.70706e-05 0.000371152 -0.00663265 0.00154359 0.000802683 0.00286987
internal_weight=81208 72619 1903 81 70716 1330 69386 1822 8589 4987 4742 245 3602 2311 1291
internal_count=81208 72619 1903 81 70716 1330 69386 1822 8589 4987 4742 245 3602 2311 1291
is_linear=0
shrinkage=0.05


Tree=232
num_leaves=15
num_cat=0
split_feature=5 6 22 5 17 6 18 16 22 0 6 19 22 16
split_gain=1.09087 4.88244 9.43685 4.27313 4.22884 6.30758 3.43183 4.84688 2.56459 1.50417 1.29825 4.01566 3.01385 1.0283
threshold=-0.98803845231459242 0.1318557721318592 0.67425870530502763 -0.96235977360714686 50.500000000000007 -0.12545862287572049 76.437500000000014 4.6500000000000012 0.79802805919857966 410.27004185541097 -0.6523320455745395 22.493750000000006 0.6420378913793664 724.45000000000016
decision_type=2 2 2 2 2 2 2 2 2 2 2 2 2 2
left_child=1 4 9 6 5 -1 13 -8 -6 -3 12 -12 -5 -2
right_child=3 2 -4 10 8 -7 7 -9 -10 -11 11 -13 -14 -15
leaf_value=-0.001547163410113656 0.0028135458576972511 0.0012660647630430765 -0.0013950811799863529 -0.00026196242819973887 0.00063988358354727295 -0.00051125172676556841 -0.0019199474821964915 0.00093675792286221208 -0.0016317502516288445 -0.0005488030970967672 -1.728944430355117e-06 -0.00085323815620676506 0.00029215344487063731 -0.0003746071082976373
leaf_weight=128 1666 80 78 8436 2285 631 237 1406 529 40 45484 2180 17871 87
leaf_count=128 1666 80 78 8436 2285 631 237 1406 529 40 45484 2180 17871 87
internal_value=8.92309e-05 -0.000741183 -0.00838384 0.000129707 -0.00031766 -0.00362978 0.00186396 0.000222155 0.000575693 0.000416667 5.00874e-05 -0.00010553 0.000332041 0.00340274
internal_weight=81138 3771 198 77367 3573 759 3396 1643 2814 120 73971 47664 26307 1753
internal_count=81138 3771 198 77367 3573 759 3396 1643 2814 120 73971 47664 26307 1753
is_linear=0
shrinkage=0.05


Tree=233
num_leaves=11
num_cat=0
split_feature=22 5 5 5 5 1 0 16 10 0
split_gain=1.08342 0.97847 1.0706 2.98497 1.34801 0.902959 0.422701 0.0818182 0.0775281 2.22045e-16
threshold=1.4070707391092447 0.99995780822346225 0.9193901325473397 0.94978112945126536 0.91596454896554913 54.467769601268124 197.6755295937605 155.80000000000004 394.35000000000008 30.103299391293529
decision_type=2 2 2 2 2 2 2 2 2 2
left_child=1 2 4 -4 -1 7 -3 9 -8 -2
right_child=5 6 3 -5 -6 -7 8 -9 -10 -11
leaf_value=3.7060480227015828e-05 0.0050683102450607594 -0.00048893096958632198 -0.00098959580850736827 6.9408828687589873e-06 0.0034370752382471312 -0.00023601923737031629 0.0023993463843966566 0.0023426273500695522 0.001042700686208998 0.006160267739945287
leaf_weight=69903 133 40 2283 8174 248 41 138 40 40 47
leaf_count=69903 133 40 2283 8174 248 41 138 40 40 47
internal_value=5.96275e-05 4.92418e-05 4.01947e-05 -0.000431768 0.000110547 0.00327586 0.0033945 0.00454545 0.0044382 0.005
internal_weight=81087 80826 80608 10457 70151 261 218 220 178 180
internal_count=81087 80826 80608 10457 70151 261 218 220 178 180
is_linear=0
shrinkage=0.05


Tree=234
num_leaves=13
num_cat=0
split_feature=22 19 21 9 13 17 17 22 5 21 19 6
split_gain=0.951775 2.68599 2.64855 3.20396 4.12915 2.50481 2.46201 2.46165 12.2572 3.64729 2.13295 2.08651
threshold=0.97495241261619292 31.243750000000002 0.94740775439615788 0.53919700627209777 0.42642486921547479 183.50000000000003 105.50000000000001 0.91676932285090895 0.9916835347852474 0.89095253074953418 1.8812500000000003 0.95178258287705175
decision_type=2 2 2 2 2 2 2 2 2 2 2 2
left_child=2 6 7 5 -5 -4 11 9 -9 -1 -8 -2
right_child=1 -3 3 4 -6 -7 10 8 -10 -11 -12 -13
leaf_value=4.9892128035180978e-05 -2.5945345649483478e-05 -9.9101245834234302e-05 0.0002643198221240604 0.00065889361460113314 -0.0005138612489247852 -0.0052208109696405235 -0.00083387438227124587 0.0011128933069671004 -0.0036907146408063822 -0.00095416554650605545 0.00039072030102445336 0.00094664569945108405
leaf_weight=58926 7159 45 1569 488 2375 43 125 4187 80 2632 2869 659
leaf_count=58926 7159 45 1569 488 2375 43 125 4187 80 2632 2869 659
internal_value=8.79162e-05 0.000523625 2.06261e-05 -0.00115642 -0.00216032 0.000626551 0.000574362 0.000100646 0.00126201 2.01438e-05 0.00179359 0.000107445
internal_weight=81157 10857 70300 4475 2863 1612 10812 65825 4267 61558 2994 7818
internal_count=81157 10857 70300 4475 2863 1612 10812 65825 4267 61558 2994 7818
is_linear=0
shrinkage=0.05


Tree=235
num_leaves=15
num_cat=0
split_feature=11 19 21 22 6 6 6 17 2 21 2 5 20 18
split_gain=1.22265 2.00311 3.94116 5.27977 2.90073 1.42519 4.65839 3.61595 1.40105 1.73385 3.5976 1.45581 0.288537 0.29385
threshold=0.75905044448415715 23.493750000000006 0.57798077407604831 0.66091927617685431 -0.96234030595689413 -0.98521978256641018 -0.98212955754013376 327.50000000000006 0.098634210354335214 1.0599096217522395 0.20383590947584632 -0.99866806308218525 2.3231250000000006 97.937500000000014
decision_type=2 2 2 2 2 2 2 2 2 2 2 2 2 2
left_child=1 5 3 -3 -4 7 -7 -1 12 11 -11 -10 13 -2
right_child=8 2 4 -5 -6 6 -8 -9 9 10 -12 -13 -14 -15
leaf_value=0.00078710770403257713 0.0046741928738499357 -0.0018630364745232328 0.00065737722953299038 -0.0067530185680858019 -0.00053298828619422378 -0.0022997371188244651 2.1364946847641044e-05 -0.0066204614845071499 -0.0017615724032919923 -0.00048702030978549815 -0.00071886862671240051 0.00016314554518785356 0.0019853731198773892 0.0012940799900679559
leaf_weight=2763 285 262 882 80 2241 299 60685 92 209 288 52 13095 66 41
leaf_count=2763 285 262 882 80 2241 299 60685 92 209 288 52 13095 66 41
internal_value=9.77381e-05 9.21212e-06 -0.00116162 -0.00625731 -0.000603586 7.27613e-05 2.16452e-05 0.00116462 0.000522229 0.000437555 -0.00308824 0.000527661 0.00346939 0.00407975
internal_weight=81340 67304 3465 342 3123 63839 60984 2855 14036 13644 340 13304 392 326
internal_count=81340 67304 3465 342 3123 63839 60984 2855 14036 13644 340 13304 392 326
is_linear=0
shrinkage=0.05


Tree=236
num_leaves=16
num_cat=0
split_feature=22 17 20 11 9 13 17 21 20 3 5 5 19 5 9
split_gain=1.109 2.90184 3.3698 3.25181 4.58787 3.75736 2.23295 1.9097 3.20702 3.90205 2.23016 2.14454 4.81042 2.26993 1.05472
threshold=0.81457238162785284 148.50000000000003 1.8568750000000003 0.10457923931738146 0.3545895107646006 0.41423614840698075 194.50000000000003 0.80497935202590232 2.3581250000000007 0.58216583101416142 -0.39036798905311365 -0.99763297024448894 15.318750000000003 -0.98523971305672675 0.92778892343959862
decision_type=2 2 2 2 2 2 2 2 2 2 2 2 2 2 2
left_child=7 3 14 5 -5 -2 -4 11 10 -10 -9 12 -1 -13 -3
right_child=1 2 6 4 -6 -7 -8 8 9 -11 -12 13 -14 -15 -16
leaf_value=0.0015814279973873015 -0.00022122689404689423 0.0023847752920659708 0.0013372814250201003 -0.0010460960981351043 -1.7259297530016187e-05 0.0012963825447117243 -0.00031018994904319494 -0.00040983704253188538 -0.001262401547122754 -0.003678397926304579 0.0019305658487390122 -0.00044720226441566347 -0.0015648586968421961 3.129426840405008e-05 -0.0018290904945944418
leaf_weight=1005 1456 1950 2938 1157 14645 3332 3024 695 1375 152 647 2108 41 46537 57
leaf_count=1005 1456 1950 2938 1157 14645 3332 3024 695 1375 152 647 2108 41 46537 57
internal_value=9.91755e-05 0.000349977 0.00116012 3.64256e-05 -0.000309454 0.00117795 0.000563569 -3.71003e-05 -0.00129139 -0.00285855 0.000491803 3.53185e-05 0.00227533 -1.2848e-05 0.00293224
internal_weight=81119 28559 7969 20590 15802 4788 5962 52560 2869 1527 1342 49691 1046 48645 2007
internal_count=81119 28559 7969 20590 15802 4788 5962 52560 2869 1527 1342 49691 1046 48645 2007
is_linear=0
shrinkage=0.05


Tree=237
num_leaves=16
num_cat=0
split_feature=22 6 2 9 22 13 16 16 10 16 0 19 19 5 7
split_gain=1.40095 1.79957 1.77176 3.30895 3.67703 2.61965 1.86759 3.76253 3.12483 1.74893 6.38589 2.17365 0.692405 1.18872 0.0757715
threshold=0.84699059042301206 -0.99938741687870725 0.15681335542566763 0.32458591997640424 0.83292035615162685 0.07223230506449535 14.850000000000003 16.550000000000004 443.25000000000006 480.15000000000003 203.3222694408245 1.2187500000000002 33.23125000000001 0.022575936829235418 1.1250000000000002
decision_type=2 2 2 2 2 2 2 2 2 2 2 2 2 2 2
left_child=2 12 3 5 -5 -1 8 -8 -4 11 -11 -3 14 -14 -2
right_child=1 9 6 4 -6 -7 7 -9 -10 10 -12 -13 13 -15 -16
leaf_value=0.00075918524612382651 0.0020966312674433342 -0.00055016594149889092 0.00018958695778285923 0.0011268123610104063 -0.0081761609536954976 -0.00096900361372243568 -0.0011845813765427433 -3.7782440107775648e-05 -0.001895279273371852 -0.00062188280871467089 5.4899668983327804e-05 0.00051010499978297239 -0.0014706759256764958 0.0012145354961600784 0.0025729249471058259
leaf_weight=366 89 951 14562 1909 47 2965 409 35460 163 826 13800 9247 62 65 266
leaf_count=366 89 951 14562 1909 47 2965 409 35460 163 826 13800 9247 62 65 266
internal_value=0.000109439 0.000418083 -3.03321e-05 -0.000901267 0.000731084 -0.0018598 6.06793e-05 -0.000133959 0.000534805 0.00035933 8.88847e-06 0.000861934 0.00344398 0.000275591 0.00457746
internal_weight=81187 25306 55881 5287 1956 3331 50594 35869 14725 24824 14626 10198 482 127 355
internal_count=81187 25306 55881 5287 1956 3331 50594 35869 14725 24824 14626 10198 482 127 355
is_linear=0
shrinkage=0.05


Tree=238
num_leaves=12
num_cat=0
split_feature=19 4 18 16 17 17 2 1 12 21 0
split_gain=1.16076 1.16199 2.13321 1.73326 1.62874 3.09373 1.57232 1.43344 0.421716 0.240448 4.44089e-16
threshold=-2.7562499999999996 -0.95642797789208689 46.187500000000007 842.6500000000002 307.50000000000006 304.50000000000006 0.30624885661075335 858.28592681893656 8.5500000000000025 0.88410080678414793 55.62046728846893
decision_type=2 2 2 2 2 2 2 2 2 2 2
left_child=8 2 3 -2 5 -3 -4 -6 9 -1 -10
right_child=1 4 6 -5 7 -7 -8 -9 10 -11 -12
leaf_value=0.00010726774604894188 0.00046844244676401609 -2.782070041728455e-05 0.00080437060722543877 -4.6844588603749848e-05 0.0045857185257765802 -0.00507964239316661 -3.4356260175013093e-05 -0.0045362734645746075 0.004570364823825483 -5.5921117524116797e-05 0.00093301076000157877
leaf_weight=52 4112 62307 943 637 672 66 11965 152 43 43 116
leaf_count=52 4112 62307 943 637 672 66 11965 152 43 43 116
internal_value=5.04268e-05 3.98251e-05 0.000398426 0.00130449 -6.03666e-05 -8.95418e-05 6.50761e-05 0.00214806 0.0034252 0.000789474 0.005
internal_weight=81108 80854 17657 4749 63197 62373 12908 824 254 95 159
internal_count=81108 80854 17657 4749 63197 62373 12908 824 254 95 159
is_linear=0
shrinkage=0.05


Tree=239
num_leaves=14
num_cat=0
split_feature=2 12 19 12 19 12 22 12 16 21 22 5 22
split_gain=1.21186 1.14056 2.16926 1.49053 4.0862 1.55976 0.976706 0.997474 1.15281 0.485901 1.33727 0.166707 0.0611153
threshold=0.88579628971768642 644.25000000000011 16.531250000000004 435.15000000000003 23.393750000000004 226.05000000000004 0.76200375371267037 632.25000000000011 291.15000000000003 0.97753646129640492 0.98672435450526208 -0.29343379936893921 0.90025407143895564
decision_type=2 2 2 2 2 2 2 2 2 2 2 2 2
left_child=1 3 -3 5 -5 -1 7 8 -2 12 -11 -4 -8
right_child=6 2 11 4 -6 -7 9 -9 -10 10 -12 -13 -14
leaf_value=6.4450702914386363e-06 0.0013190664086353478 -0.001581139316318133 0.00077440844897908598 6.8574273217678663e-05 -0.0005056006443059012 0.00022943770301941821 0.006990875180219497 -0.0011601841714093003 -0.00081537731095770614 -0.00062648356078540818 0.0014083812575062188 0.0026689456718053048 0.00071206950640273492
leaf_weight=55457 332 44 42 5926 3200 15437 175 41 113 45 68 270 194
leaf_count=55457 332 44 42 5926 3200 15437 175 41 113 45 68 270 194
internal_value=9.06031e-05 6.94239e-05 0.00289326 5.6861e-05 -0.000544598 0.000134285 0.00184917 0.00026749 0.000955056 0.00344398 0.000575221 0.00435897 0.00432249
internal_weight=81344 80376 356 80020 9126 70894 968 486 445 482 113 312 369
internal_count=81344 80376 356 80020 9126 70894 968 486 445 482 113 312 369
is_linear=0
shrinkage=0.05


Tree=240
num_leaves=16
num_cat=0
split_feature=22 21 22 12 15 10 11 18 20 5 3 3 9 11 10
split_gain=1.17474 2.19973 2.28902 1.8821 3.74176 1.8652 3.84478 2.47184 1.77552 1.7742 1.52885 1.33982 1.33863 0.561401 0.305325
threshold=0.99469066677254137 0.97753646129640492 0.97778847783029421 15.150000000000002 56.500000000000007 556.35000000000014 0.90328327275782938 4.1875000000000009 2.9993750000000006 0.9962888416657264 -0.9103761370219875 0.97335555334614954 0.82428587975138734 0.93321068758294701 220.95000000000002
decision_type=2 2 2 2 2 2 2 2 2 2 2 2 2 2 2
left_child=1 2 12 14 -5 8 7 -7 9 -2 -4 -10 -1 -8 -3
right_child=5 3 10 4 -6 6 13 -9 11 -11 -12 -13 -14 -15 -16
leaf_value=-2.8553873918886256e-06 0.00014089433929929669 0.0013950635859759511 -0.0016526687939098469 -0.0039337947063764521 -0.00027151248250932255 -0.00028308206920217371 -8.4886074270972293e-05 -0.00021625394659777783 0.00040339377625512712 -0.00088184715784923135 0.0011528851074934091 -0.0022259646367349126 0.0004631111534210848 0.0013288610771325495 0.0025656640637892938
leaf_weight=65114 5972 129 61 69 2750 89 86 84 1941 200 722 43 3986 128 40
leaf_count=65114 5972 129 61 69 2750 89 86 84 1941 200 722 43 3986 128 40
internal_value=8.49979e-05 1.9967e-05 7.67714e-05 -0.00130857 -0.00161582 0.000639705 -0.00275194 -0.0082948 0.000800638 0.000382372 0.00276501 0.00210181 4.63099e-05 0.00172897 0.00381657
internal_weight=81414 72871 69883 2988 2819 8543 387 173 8156 6172 783 1984 69100 214 169
internal_count=81414 72871 69883 2988 2819 8543 387 173 8156 6172 783 1984 69100 214 169
is_linear=0
shrinkage=0.05


Tree=241
num_leaves=16
num_cat=0
split_feature=9 16 11 20 16 10 6 22 16 7 20 12 4 18 10
split_gain=1.23959 4.03232 3.16908 2.48209 1.89171 1.80426 3.52589 4.23706 2.11595 1.72788 1.49936 1.49293 1.31538 2.17189 1.6015
threshold=0.81869271842710123 817.20000000000016 0.89948330757062955 3.7456250000000009 2.8500000000000001 560.85000000000014 -0.98212955754013376 0.88762988970863843 155.80000000000004 3.1250000000000004 2.9268750000000003 30.150000000000002 -0.95642797789208689 46.187500000000007 256.9500000000001
decision_type=2 2 2 2 2 2 2 2 2 2 2 2 2 2 2
left_child=5 4 3 -3 9 12 7 -7 -8 -2 -4 -6 13 -1 -14
right_child=1 2 10 -5 11 6 8 -9 -10 -11 -12 -13 14 -15 -16
leaf_value=0.00028072404192758173 0.00045663516388077131 -0.00023857733934688096 -0.00026770925609167291 0.00030525590611814887 0.0027251555554540802 -0.0021967413476765042 -0.0038460210335711856 -0.0063721517207984898 0.00022595451184252951 -0.0043431038823792496 0.00043322333475107749 0.00029984545414036765 1.0611350463358047e-05 4.3548554650493296e-05 -0.00028633440661805022
leaf_weight=4174 82 277 57 48 411 150 119 54 673 96 150 5289 46904 12093 10774
leaf_count=4174 82 277 57 48 411 150 119 54 673 96 150 5289 46904 12093 10774
internal_value=4.24705e-05 0.000709829 -0.00345865 -0.00653846 0.0010871 -1.46113e-05 -0.00212851 -0.0079902 -0.000618687 -0.00398876 0.00137681 0.00124561 1.38618e-05 0.000410955 -9.81308e-05
internal_weight=81351 6410 532 325 5878 74941 996 204 792 178 207 5700 73945 16267 57678
internal_count=81351 6410 532 325 5878 74941 996 204 792 178 207 5700 73945 16267 57678
is_linear=0
shrinkage=0.05


Tree=242
num_leaves=16
num_cat=0
split_feature=12 5 12 22 17 4 22 22 19 20 20 19 18 22 21
split_gain=1.13129 2.32647 2.80192 2.79583 2.07639 3.63466 4.58381 2.55971 1.92331 2.86107 1.79584 8.21264 2.5845 1.73021 1.54038
threshold=195.75000000000003 -0.96235977360714686 332.55000000000001 0.12676750667661249 283.50000000000006 -0.99465189230620676 0.55979860518181901 0.63567519398458039 15.643750000000002 4.7818750000000003 4.073125000000001 1.8812500000000003 96.812500000000014 0.72902299159340911 0.93668322725916353
decision_type=2 2 2 2 2 2 2 2 2 2 2 2 2 2 2
left_child=4 8 13 -4 10 7 -7 -6 9 -2 12 -12 -1 -3 -10
right_child=1 2 3 -5 5 6 -8 -9 14 -11 11 -13 -14 -15 -16
leaf_value=-5.8802783328542449e-05 0.00076280870626723775 6.4026004647298768e-05 -0.0013962501246957079 -4.9408426189586266e-05 -0.0010273820129357049 -0.0031138528749372961 0.0030184012170674122 -0.0055241625429368994 0.0036702849128960229 -0.0015568603571294629 -0.0016234512095808337 -0.00024617216365071127 0.00028824852960222108 0.00074194717280709271 -0.00025507486365438135
leaf_weight=31198 1233 5088 59 15941 71 252 347 46 768 65 214 7002 13280 5688 178
leaf_count=31198 1233 5088 59 15941 71 252 347 46 768 65 214 7002 13280 5688 178
internal_value=6.14026e-05 0.000311854 0.000182253 -0.0002375 -7.72751e-05 -0.0027514 -0.00117696 -0.010812 0.00185829 0.000608629 -4.02366e-05 -0.000771896 7.84659e-05 0.000805494 0.00357294
internal_weight=81430 29020 26776 16000 52410 716 599 117 2244 1298 51694 7216 44478 10776 946
internal_count=81430 29020 26776 16000 52410 716 599 117 2244 1298 51694 7216 44478 10776 946
is_linear=0
shrinkage=0.05


Tree=243
num_leaves=16
num_cat=0
split_feature=5 5 17 6 21 22 21 13 22 17 10 8 22 5 18
split_gain=1.36396 4.23842 4.38324 11.5465 2.49767 1.89749 4.79299 1.3494 1.26157 2.74094 1.84074 0.998774 1.35962 0.414356 0.402128
threshold=-0.96235977360714686 -0.98523971305672675 46.500000000000007 -0.14250536273956091 0.9900072820503848 0.42622151301360267 0.35770428342092458 0.017875073899448646 0.79357304727596534 236.50000000000003 23.250000000000004 1.0000000180025095e-35 0.55979860518181901 0.10837544681456425 98.062500000000014
decision_type=2 2 2 2 2 2 2 2 2 2 2 2 2 2 2
left_child=1 2 3 -1 -4 14 -7 11 10 -10 -9 12 -2 -13 -3
right_child=7 5 4 -5 -6 6 -8 8 9 -11 -12 13 -14 -15 -16
leaf_value=-0.0024173375729604606 -0.00012184859989944379 0.0064342038490847811 0.00025677639598583961 -0.00046546486474148882 -0.0018788090497138341 -0.0030882847675411979 0.0011215246003845728 -0.00022184829734606711 2.615986075316475e-05 0.0027904920281634697 2.9044228504712966e-05 0.00038728468655216939 0.00014872712629703357 0.00084610753179405825 0.00065247178127045844
leaf_weight=61 105 651 3253 748 68 108 2000 15613 26058 2215 29673 92 89 348 223
leaf_count=61 105 651 3253 748 68 108 2000 15613 26058 2215 29673 92 89 348 223
internal_value=8.51733e-05 0.000746626 -0.000290557 -0.00359085 0.0005134 0.0021831 0.00137097 2.17677e-05 1.97139e-06 0.000264033 -0.000161639 0.00231861 -0.000670103 0.00363636 0.00414188
internal_weight=81305 7112 4130 809 3321 2982 2108 74193 73559 28273 45286 634 194 440 874
internal_count=81305 7112 4130 809 3321 2982 2108 74193 73559 28273 45286 634 194 440 874
is_linear=0
shrinkage=0.05


Tree=244
num_leaves=16
num_cat=0
split_feature=5 5 19 21 22 20 3 5 6 18 15 5 20 5 18
split_gain=1.35885 3.92867 3.22552 5.50175 1.73909 5.36514 1.37812 1.37729 6.21189 4.18345 2.8359 2.16729 5.55083 3.98715 0.405844
threshold=-0.96235977360714686 -0.98523971305672675 12.606250000000003 0.29126962693461228 0.44121505258354909 0.94062500000000016 -0.3520614488341251 -0.69057362043749781 0.65071284653328287 95.937500000000014 104.50000000000001 -0.51297808981038739 4.238125000000001 -0.48314718476766422 98.062500000000014
decision_type=2 2 2 2 2 2 2 2 2 2 2 2 2 2 2
left_child=1 2 3 -1 14 -6 -4 8 10 -10 -2 12 -9 -13 -3
right_child=7 4 6 -5 5 -7 -8 11 9 -11 -12 13 -14 -15 -16
leaf_value=-0.001133992774654732 0.00048923062293448145 0.0059710858866185573 -0.00021744311511786519 -3.3980665156022048e-05 -0.0024984223060622191 0.0013906520445626615 0.00073719823112119586 0.00035632255250503956 -0.0013564171662158167 0.00077582896034656074 -0.00026340751452562762 -0.0016963178516418544 -0.00097949919380892095 2.8462873142951631e-05 0.00053794787740414662
leaf_weight=460 4979 660 1033 1095 308 1759 1530 4989 972 240 9248 812 513 52474 231
leaf_count=460 4979 660 1033 1095 308 1759 1530 4989 972 240 9248 812 513 52474 231
internal_value=9.12022e-05 0.000753251 -0.000245264 -0.0020418 0.00214334 0.00134736 0.000844713 2.80897e-05 -0.000392188 -0.00382838 -9.94586e-05 0.000138464 0.00108324 4.09115e-05 0.0039899
internal_weight=81303 7076 4118 1555 2958 2067 2563 74227 15439 1212 14227 58788 5502 53286 891
internal_count=81303 7076 4118 1555 2958 2067 2563 74227 15439 1212 14227 58788 5502 53286 891
is_linear=0
shrinkage=0.05


Tree=245
num_leaves=11
num_cat=0
split_feature=22 5 11 5 10 0 17 7 0 0
split_gain=1.22998 1.04325 1.03647 2.30613 1.39338 1.029 0.251754 0.35 4.44089e-16 1.11022e-16
threshold=1.4070707391092447 0.99995780822346225 0.91422826481256447 -0.031173458710879235 587.25000000000011 42.88952747603151 99.500000000000014 2.8750000000000004 25.344770614715404 30.103299391293529
decision_type=2 2 2 2 2 2 2 2 2 2
left_child=1 2 4 -4 -1 8 7 -3 -2 -10
right_child=5 6 3 -5 -6 -7 -8 -9 9 -11
leaf_value=1.9498462182270088e-05 0.0042116265177129719 -0.00040738594327602089 -0.00038573099862019444 0.00097359815562053089 -0.00054620061323003191 -0.00059620390014865224 0.0022818412186083937 0.0018817308933250614 0.0041848728145257395 0.0050393840301618236
leaf_weight=77281 116 60 1138 1911 541 40 123 45 46 48
leaf_count=77281 116 60 1138 1911 541 40 123 45 46 48
internal_value=9.82804e-05 8.74858e-05 7.79639e-05 0.000982289 4.25331e-05 0.0036 0.00346491 0.00166667 0.005 0.005
internal_weight=81349 81099 80871 3049 77822 250 228 105 210 94
internal_count=81349 81099 80871 3049 77822 250 228 105 210 94
is_linear=0
shrinkage=0.05


Tree=246
num_leaves=15
num_cat=0
split_feature=3 6 22 5 3 16 1 18 22 5 19 6 12 20
split_gain=1.05598 2.5578 5.07296 3.06987 1.10428 3.13813 9.62624 3.29707 1.34088 2.58059 2.24457 0.744048 2.38157 0.651645
threshold=-0.98611507088852024 -0.86974577485258975 0.37441597425644635 -0.43733984355855576 -0.8814490726585632 358.80000000000001 270.97884227572234 79.437500000000014 0.81457238162785284 -0.99866806308218525 29.593750000000004 -0.63257203029273779 46.350000000000009 0.7768750000000002
decision_type=2 2 2 2 2 2 2 2 2 2 2 2 2 2
left_child=1 2 -1 -4 5 7 -7 -2 10 -10 -6 13 -13 -3
right_child=4 11 3 -5 8 6 -8 -9 9 -11 -12 12 -14 -15
leaf_value=-0.0042798212232161015 0.0011244312200429393 -0.0010445728114815858 -0.004550899135123544 0.00022942436859451832 -3.4269742993186209e-05 -0.0013164355070852212 0.0002837052085355638 -0.00037553663905705417 -0.0017146873858498669 0.00012734666006784305 0.0084281364676985996 0.0013310608841727812 -0.0018430418345906996 0.0014202312140226304
leaf_weight=61 1514 95 101 1362 47787 727 870 2843 410 23537 218 697 53 905
leaf_count=61 1514 95 101 1362 47787 727 870 2843 410 23537 218 697 53 905
internal_value=7.32941e-05 0.000952963 -0.000544619 4.44294e-05 3.6326e-05 -0.000618072 -0.00251409 7.6888e-05 9.04772e-05 0.000396083 -6.19725e-05 0.00225714 0.00106667 0.00315
internal_weight=81180 3274 1524 1463 77906 5954 1597 4357 71952 23947 48005 1750 750 1000
internal_count=81180 3274 1524 1463 77906 5954 1597 4357 71952 23947 48005 1750 750 1000
is_linear=0
shrinkage=0.05


Tree=247
num_leaves=16
num_cat=0
split_feature=6 20 22 13 17 21 21 21 4 20 16 22 12 19 15
split_gain=0.919557 3.17292 2.83695 2.65862 6.2341 3.64845 2.5939 1.79457 0.906051 1.92922 4.02143 2.07638 1.36617 3.03468 2.7264
threshold=-0.99273797715557011 3.2668750000000006 0.37986553897203074 0.87037615127808998 223.50000000000003 0.57798077407604831 0.18823346678110262 0.96943688668899886 -0.95642797789208689 2.7431250000000005 88.550000000000011 0.1145841159740669 393.75000000000006 24.881250000000005 563.50000000000011
decision_type=2 2 2 2 2 2 2 2 2 2 2 2 2 2 2
left_child=1 2 6 5 -5 -3 -1 -4 9 10 -2 -11 14 -14 -10
right_child=8 3 7 4 -6 -7 -8 -9 12 11 -12 -13 13 -15 -16
leaf_value=0.00036479049622344567 0.00040037898378534291 -0.0017848445679936016 0.0012720844022786986 -0.0064320946990847564 0.00099492699035011434 0.0025171804330498277 -0.0015709686422352668 -0.00018049865700237597 -1.9020218824381549e-05 -0.00047309208844331863 -0.00036224590248663504 0.00039429150899001893 -7.1549913987258899e-05 -0.00084660965286598481 0.0006433394809536088
leaf_weight=220 3669 321 2086 116 102 472 194 282 51823 123 4825 8360 5258 1310 2062
leaf_count=220 3669 321 2086 116 102 472 194 282 51823 123 4825 8360 5258 1310 2062
internal_value=6.11282e-05 0.00082125 0.00169303 -0.00157765 -0.00646789 -0.000233291 -0.0021256 0.00236064 2.38927e-05 0.000346646 -0.000186013 0.000879995 -6.67459e-05 -0.000747564 1.62385e-05
internal_weight=81223 3793 2782 1011 218 793 414 2368 77430 16977 8494 8483 60453 6568 53885
internal_count=81223 3793 2782 1011 218 793 414 2368 77430 16977 8494 8483 60453 6568 53885
is_linear=0
shrinkage=0.05


Tree=248
num_leaves=15
num_cat=0
split_feature=4 19 20 5 6 5 6 5 5 13 12 17 19 9
split_gain=1.30931 1.37609 9.1745 4.63135 3.2287 4.06256 2.16681 1.26657 8.23848 5.31725 2.3129 4.7229 1.89634 1.47941
threshold=-0.95642797789208689 1.8812500000000003 4.7031250000000009 0.22700754078277605 0.61067742788105683 0.38243310158943505 0.5969655492110445 -0.79384350655589164 -0.73866753694953124 0.177146047779805 426.15000000000003 187.50000000000003 15.643750000000002 0.42238597866662214
decision_type=2 2 2 2 2 2 2 2 2 2 2 2 2 2
left_child=7 2 3 -2 6 -6 -3 10 9 -9 12 -12 -1 -10
right_child=1 4 -4 -5 5 -7 -8 8 13 -11 11 -13 -14 -15
leaf_value=0.00038857553959218056 3.7493458813861803e-05 -2.2634916935840506e-05 -0.0038058269385051221 -0.0010409663252773135 -5.2740101494452802e-05 0.0015004787589853103 -0.00092006009105450909 -0.003766063881335636 -3.2621945261512386e-05 -0.001098088226460696 0.00046343773885532542 -0.0033837003397098053 0.0021524171536892026 0.00027787471820658177
leaf_weight=2453 6260 48613 50 1521 3485 3444 266 41 5874 519 317 296 1041 7101
leaf_count=2453 6260 48613 50 1521 3485 3444 266 41 5874 519 317 296 1041 7101
internal_value=7.57251e-05 -2.99343e-05 -0.000650619 -0.00051343 5.71604e-05 0.00106725 -8.60286e-05 0.000456864 0.000223495 -0.00571429 0.00122596 -0.00160685 0.00172295 0.000479769
internal_weight=81281 63639 7831 7781 55808 6929 48879 17642 13535 560 4107 613 3494 12975
internal_count=81281 63639 7831 7781 55808 6929 48879 17642 13535 560 4107 613 3494 12975
is_linear=0
shrinkage=0.05


Tree=249
num_leaves=13
num_cat=0
split_feature=3 10 22 6 4 20 19 17 18 13 16 18
split_gain=1.12647 2.6634 1.90081 5.95911 1.56445 5.23599 3.83569 3.34788 1.44544 3.58156 2.89724 1.19398
threshold=-0.9733555533461492 17.250000000000004 0.42172708390400521 -0.91595872546125101 -0.5 2.4993750000000006 26.556250000000006 104.50000000000001 38.687500000000007 0.23044085242870807 13.350000000000003 98.937500000000014
decision_type=2 2 2 2 2 2 2 2 2 2 2 2
left_child=1 -1 3 -3 8 7 -7 -6 9 -2 -10 -4
right_child=4 2 11 -5 5 6 -8 -9 10 -11 -12 -13
leaf_value=-0.0015102191112803993 -0.00028871326381619254 -0.0040501864089120534 0.00029319358822120538 0.00047661861977285874 -0.00014338946329030665 -0.00064282755505025121 -0.0019153544242088514 0.00088982900671235861 0.00025508943767890387 0.0001689016165794926 -7.9071680291593893e-05 0.0023313509499193652
leaf_weight=57 2710 92 3165 339 7597 4856 141 3191 6490 12349 39071 889
leaf_count=57 2710 92 3165 339 7597 4856 141 3191 6490 12349 39071 889
internal_value=6.28191e-05 0.000827829 0.000964326 -0.00219258 1.7342e-05 -0.000426037 -0.00176406 0.000193734 0.000132795 0.000557474 -7.57208e-06 0.00129995
internal_weight=80947 4542 4485 431 76405 15785 4997 10788 60620 15059 45561 4054
internal_count=80947 4542 4485 431 76405 15785 4997 10788 60620 15059 45561 4054
is_linear=0
shrinkage=0.05


Tree=250
num_leaves=15
num_cat=0
split_feature=9 16 11 20 11 2 5 4 9 18 16 10 22 20
split_gain=1.29281 3.64251 4.94196 2.55089 2.46553 2.40264 2.06278 1.34593 2.41169 2.2436 1.62787 3.35942 1.93453 0.621196
threshold=0.81869271842710123 788.45000000000016 0.90328327275782938 3.7456250000000009 0.670875159474421 0.36725212901469123 0.52033990680116082 -0.93540483100319616 0.81463164640036478 46.812500000000007 480.15000000000003 10.350000000000001 0.93873121736646759 2.9443750000000009
decision_type=2 2 2 2 2 2 2 2 2 2 2 2 2 2
left_child=7 4 3 -3 6 -6 -2 8 9 -1 12 -12 -9 -4
right_child=1 2 13 -5 5 -7 -8 10 -10 -11 11 -13 -14 -15
leaf_value=0.00026993595859110987 0.00091836978952576751 -0.00021782102029725052 -7.770093989503816e-05 0.00030357788616576769 1.5914686378790403e-05 0.001154856247452109 -0.0037572020861647115 -4.5172004211125074e-05 -0.0031040012935111697 3.3036193487150137e-05 0.00046054035130133682 -0.00035226519044059026 0.00039915602945435693 0.00061442433884943801
leaf_weight=5192 182 378 81 55 1965 3347 201 40868 57 14990 2320 6679 4749 202
leaf_count=5192 182 378 81 55 1965 3347 201 40868 57 14990 2320 6679 4749 202
internal_value=6.80483e-05 0.000749493 -0.00261173 -0.00596998 0.00117208 0.00145143 -0.00270235 9.68558e-06 0.000357972 0.000386979 -0.000119379 -0.00073397 1.86353e-06 0.0025265
internal_weight=81266 6411 716 433 5695 5312 383 74855 20239 20182 54616 8999 45617 283
internal_count=81266 6411 716 433 5695 5312 383 74855 20239 20182 54616 8999 45617 283
is_linear=0
shrinkage=0.05


Tree=251
num_leaves=13
num_cat=0
split_feature=17 17 19 13 16 22 20 22 7 21 18 18
split_gain=1.10177 5.80396 3.6466 1.79582 2.71753 1.56023 1.51923 1.09525 2.10257 1.74249 0.895516 0.0797291
threshold=307.50000000000006 304.50000000000006 20.018750000000004 0.25424178735441344 96.450000000000003 0.77608097412696198 2.3581250000000007 0.97495241261619292 3.1250000000000004 0.96281366759331821 84.437500000000014 85.312500000000014
decision_type=2 2 2 2 2 2 2 2 2 2 2 2
left_child=1 7 -3 4 -2 10 -6 9 -9 -1 -5 -7
right_child=3 2 -4 5 6 11 -8 8 -10 -11 -12 -13
leaf_value=1.288289479200748e-05 -0.0055960366945603766 -0.00041729023886025543 -0.0047348712191237529 -0.0031828156457548024 0.0020903943944208694 0.003641691941381807 -0.0022109353256801272 -1.0528573069537142e-05 0.00031643556159174766 -0.0001721957062945199 0.00095438256510553185 0.0078737810555366879
leaf_weight=65466 41 63 75 91 79 40 117 6546 4253 2916 1141 349
leaf_count=65466 41 63 75 91 79 40 117 6546 4253 2916 1141 349
internal_value=5.58658e-05 2.76733e-05 -0.0102174 0.00125942 -0.00280591 0.00185379 -0.000357143 4.55288e-05 0.000513474 -2.83699e-05 0.000982143 0.0046144
internal_weight=81177 79319 138 1858 237 1621 196 79181 10799 68382 1232 389
internal_count=81177 79319 138 1858 237 1621 196 79181 10799 68382 1232 389
is_linear=0
shrinkage=0.05


Tree=252
num_leaves=14
num_cat=0
split_feature=13 13 3 0 5 6 7 5 18 5 20 0 16
split_gain=1.26535 1.42959 2.89912 4.03694 1.11107 1.07886 0.93305 0.905358 1.58201 0.601562 0.39511 0.258586 0.169134
threshold=0.017875073899448646 0.039047919899800984 1.0000000180025095e-35 95.627090974749237 0.99995780822346225 0.99999537620422141 4.3750000000000009 0.3504237462291826 75.062500000000014 0.3504237462291826 4.6343750000000012 169.3158606309822 7.9500000000000011
decision_type=2 2 2 2 2 2 2 2 2 2 2 2 2
left_child=6 2 3 -2 5 -3 10 8 -8 -4 12 -6 -1
right_child=1 4 9 -5 11 -7 7 -9 -10 -11 -12 -13 -14
leaf_value=0.00038814370175532754 0.00011893136095336528 2.4047400136234925e-05 0.0019981260581628381 -0.002466766221018382 0.0013089383350169258 0.0015214267658070488 0.00010763064248899262 0.0014860209750306576 -0.00065758176885074692 -0.00053640315436621238 -0.00015816737316614124 0.0019508497821907067 0.00061615956354579761
leaf_weight=241 84 79893 109 78 40 149 58 43 60 50 48 180 288
leaf_count=241 84 79893 109 78 40 149 58 43 60 50 48 180 288
internal_value=9.35185e-05 7.46437e-05 -0.00325545 -0.00796296 8.79621e-05 7.82091e-05 0.00215447 -0.00121118 -0.00347458 0.00154088 0.00309359 0.00363636 0.00348771
internal_weight=81321 80583 321 162 80262 80042 738 161 118 159 577 220 529
internal_count=81321 80583 321 162 80262 80042 738 161 118 159 577 220 529
is_linear=0
shrinkage=0.05


Tree=253
num_leaves=12
num_cat=0
split_feature=5 15 10 9 11 7 16 12 0 18 0
split_gain=1.01398 1.03809 3.88363 3.38331 5.02422 3.12196 2.24942 2.1815 0.623034 0.0194444 2.22045e-16
threshold=0.99995780822346225 132.50000000000003 1.0500000000000003 0.11648703916157059 0.055547624115677985 0.87500000000000011 752.60000000000014 569.55000000000007 169.3158606309822 18.687500000000004 465.99261511440233
decision_type=2 2 2 2 2 2 2 2 2 2 2
left_child=1 2 5 6 -5 -1 -3 -4 -2 -10 -11
right_child=8 3 7 4 -6 -7 -8 -9 9 10 -12
leaf_value=-0.0011934587312355225 -0.00033109409529046214 0.00028433932037492173 0.00024925456926205657 -0.0045080245571547349 -6.7523102851958325e-05 -0.00011125816752577977 0.0015772979759573189 -0.00063188539183700793 0.00084332110656874868 0.0018650484358155865 0.0026793017269113001
leaf_weight=650 43 8961 20964 180 41597 8255 488 46 40 82 58
leaf_count=650 43 8961 20964 180 41597 8255 488 46 40 82 58
internal_value=6.35418e-05 5.42884e-05 0.000288317 -8.23799e-05 -0.00027563 -0.000586749 0.00077204 0.00065921 0.00343049 0.00472222 0.005
internal_weight=81364 81141 29915 51226 41777 8905 9449 21010 223 180 140
internal_count=81364 81141 29915 51226 41777 8905 9449 21010 223 180 140
is_linear=0
shrinkage=0.05


Tree=254
num_leaves=10
num_cat=0
split_feature=22 19 6 5 5 1 15 0 15
split_gain=1.02341 1.11712 0.991032 3.73846 0.936272 0.89732 0.771573 0.1875 0.0744186
threshold=1.4070707391092447 -2.4437499999999992 0.99981043035926087 1.0000000180025095e-35 0.67167992559793654 54.467769601268124 56.500000000000007 189.52682818608477 35.500000000000007
decision_type=2 2 2 2 2 2 2 2 2
left_child=1 6 4 -4 -3 8 -1 -8 -2
right_child=5 2 3 -5 -6 -7 7 -9 -10
leaf_value=-2.2382208156388397e-05 0.0046461325531988104 6.4564595121961762e-05 0.00022979130968012261 -0.0009684780000542017 -5.3093017774853348e-05 -0.00056466621517531226 0.00089782907564050151 8.1907593090539517e-05 0.0027318917187603136
leaf_weight=56 172 58647 222 151 21774 41 200 40 43
leaf_count=56 172 58647 222 151 21774 41 200 40 43
internal_value=8.58065e-05 7.58418e-05 6.46089e-05 -0.0025067 7.65349e-05 0.00324219 0.00314189 0.004375 0.00453488
internal_weight=81346 81090 80794 373 80421 256 296 240 215
internal_count=81346 81090 80794 373 80421 256 296 240 215
is_linear=0
shrinkage=0.05


Tree=255
num_leaves=15
num_cat=0
split_feature=3 12 21 0 22 3 13 15 22 22 22 5 15 9
split_gain=1.07953 1.59079 1.97244 3.03863 1.97123 1.38848 1.67626 3.07622 2.10767 1.5556 2.29575 2.22956 0.768896 0.857373
threshold=-0.95642797789208678 14.550000000000002 1.0392045756306625 57.800242766145907 0.50241255184352929 -0.9103761370219875 0.41775121960742734 44.500000000000007 0.82748357702474928 0.81457238162785284 0.80364765204188771 -0.99866806308218525 108.50000000000001 0.1936381039457839
decision_type=2 2 2 2 2 2 2 2 2 2 2 2 2 2
left_child=1 12 4 -4 -3 6 7 -2 -8 10 -7 -11 13 -1
right_child=5 2 3 -5 -6 9 8 -9 -10 11 -12 -13 -14 -15
leaf_value=-0.00086177466678976429 -0.0014923903608206448 -0.00057458667222676446 0.00029424499522063614 -0.0012876243653113474 0.00043761205137446077 -1.5264757569583283e-05 -0.00017762831583369935 0.0010416306225810325 -0.00088582779575465439 -0.0014192764779232502 -0.0013069601056794593 0.00012667862131702465 -0.00098961956705546591 0.0029525655284501763
leaf_weight=64 99 745 445 298 3227 47984 744 714 677 421 771 24146 45 954
leaf_count=64 99 745 445 298 3227 47984 744 714 677 421 771 24146 45 954
internal_value=0.000101065 0.000759779 0.000365854 -0.00199865 0.000808157 5.06911e-05 -0.00117726 0.000633457 -0.00221323 8.81047e-05 -7.53767e-05 0.000412545 0.00250706 0.00278978
internal_weight=81334 5778 4715 743 3972 75556 2234 813 1421 73322 48755 24567 1063 1018
internal_count=81334 5778 4715 743 3972 75556 2234 813 1421 73322 48755 24567 1063 1018
is_linear=0
shrinkage=0.05


Tree=256
num_leaves=14
num_cat=0
split_feature=3 22 6 11 10 10 5 6 6 13 6 21 0
split_gain=1.11078 2.13668 4.67802 6.4328 2.29944 1.77277 1.62044 0.931768 2.18175 3.10224 1.07156 0.164189 2.22045e-16
threshold=-0.9733555533461492 0.50241255184352929 -0.91595872546125101 0.41979351616330435 27.750000000000004 194.55000000000004 0.84313847884979054 0.99999537620422141 0.99981043035926087 0.25034717147968283 0.97461712852231652 0.48484279870699215 140.34040818891199
decision_type=2 2 2 2 2 2 2 2 2 2 2 2 2
left_child=1 2 3 -1 -3 -6 -4 8 10 -10 -2 12 -9
right_child=7 4 6 -5 5 -7 -8 11 9 -11 -12 -13 -14
leaf_value=-0.00065558550286421032 -4.3878365903509907e-06 -0.0035558877989455063 0.0010617163257625622 -0.0037152321282106896 0.0018733084873456655 0.00016527969632493554 -0.00095216468170803098 0.0026721334250774009 9.3950672393699821e-05 -0.0010281549325097106 0.00033891090908975263 0.00038772157256441423 0.002182520387130358
leaf_weight=126 72716 48 362 53 1378 2403 150 55 118 110 3521 40 53
leaf_count=126 72716 48 362 53 1378 2403 150 55 118 110 3521 40 53
internal_value=6.7975e-05 0.000829646 -0.00172938 -0.00868715 0.00129146 0.00142952 0.000703125 2.30381e-05 1.53667e-05 -0.00486842 2.99725e-05 0.00398649 0.005
internal_weight=81133 4520 691 179 3829 3781 512 76613 76465 228 76237 148 108
internal_count=81133 4520 691 179 3829 3781 512 76613 76465 228 76237 148 108
is_linear=0
shrinkage=0.05


Tree=257
num_leaves=15
num_cat=0
split_feature=6 20 20 6 10 3 16 17 17 19 19 21 1 17
split_gain=1.37522 3.181 3.33672 2.38614 2.23332 1.74814 1.55891 1.21921 4.24569 3.59056 2.14415 5.47467 2.10278 1.29204
threshold=-0.99273797715557011 3.3881250000000009 3.5431250000000007 -0.99628250747696534 1.0500000000000003 0.47114434510950071 47.20000000000001 307.50000000000006 304.50000000000006 20.018750000000004 23.781250000000004 0.54338781295633065 862.19941252409456 285.50000000000006
decision_type=2 2 2 2 2 2 2 2 2 2 2 2 2 2
left_child=1 4 3 -3 -1 -4 -6 8 13 -10 12 -12 -9 -2
right_child=7 2 5 -5 6 -7 -8 10 9 -11 11 -13 -14 -15
leaf_value=-0.0025222972802067061 1.1984590405164451e-05 -0.0042082806995350089 0.0011409947868869156 0.0028343803817366831 -0.00016857616434597775 -0.0018084538074397728 0.00090349799988992071 0.0037721451443314107 0.00030756110383051426 -0.0044430133231333768 -0.0057045703876445041 0.00054473066656863622 -0.00048396510769789904 -0.00096196146534721454
leaf_weight=52 74537 106 532 43 584 231 2261 915 62 76 48 255 422 1124
leaf_count=52 74537 106 532 43 584 231 2261 915 62 76 48 255 422 1124
internal_value=6.88019e-05 0.000996325 -0.00157895 -0.00842282 0.00180704 -0.000242464 0.00199473 2.31797e-05 -6.00253e-06 -0.00876812 0.00137195 -0.00242574 0.00223261 9.97891e-06
internal_weight=81248 3809 912 149 2897 763 2845 77439 75799 138 1640 303 1337 75661
internal_count=81248 3809 912 149 2897 763 2845 77439 75799 138 1640 303 1337 75661
is_linear=0
shrinkage=0.05


Tree=258
num_leaves=15
num_cat=0
split_feature=13 5 12 18 17 5 20 5 12 20 7 22 22 3
split_gain=1.22292 1.2402 3.33985 3.42075 1.53985 1.39884 4.71602 1.39841 0.772313 1.01251 0.598642 0.330367 1.1013 0.0147476
threshold=0.017875073899448646 -0.96235977360714686 229.35000000000002 11.687500000000002 144.50000000000003 -0.91597725483594616 1.1656250000000004 -0.89406062840022227 1.0000000180025095e-35 3.0518750000000008 2.3750000000000004 0.55660970297983248 0.26141077280269492 -0.097964660725097089
decision_type=2 2 2 2 2 2 2 2 2 2 2 2 2 2
left_child=8 2 3 -2 -4 6 -3 -7 9 10 -1 12 -10 -13
right_child=1 5 4 -5 -6 7 -8 -9 11 -11 -12 13 -14 -15
leaf_value=0.000535685310998124 0.0052954473465820079 -0.0013099811457244824 0.00017446191196428176 -0.00010909727915862963 0.0034119497420245408 0.00088786649170649536 0.00011284451214665858 -5.2100096723025089e-06 0.0007620535163502932 -0.000435989656535754 -2.3573520175276343e-05 0.0016279697950978226 -0.00047119642682045854 0.00044603594888553466
leaf_weight=101 380 1174 738 4907 1033 1500 2871 67973 155 68 112 117 54 129
leaf_count=101 380 1174 738 4907 1033 1500 2871 67973 155 68 112 117 54 129
internal_value=4.99313e-05 3.13991e-05 0.000664494 3.49917e-05 0.00254376 -2.93804e-05 -0.000933251 2.32466e-05 0.0020788 1.77938e-05 0.00171362 0.00335165 0.00188995 0.0045935
internal_weight=81312 80576 7058 5287 1771 73518 4045 69473 736 281 213 455 209 246
internal_count=81312 80576 7058 5287 1771 73518 4045 69473 736 281 213 455 209 246
is_linear=0
shrinkage=0.05


Tree=259
num_leaves=12
num_cat=0
split_feature=22 6 18 12 6 12 13 18 1 16 0
split_gain=1.10565 1.04202 5.86013 4.22199 3.64835 5.91762 2.31587 2.12425 0.659255 0.0805825 2.22045e-16
threshold=1.4070707391092447 -0.9575230291762723 99.937500000000014 449.25000000000006 -0.94703994556331683 435.15000000000003 0.20316885609783755 97.312500000000014 54.467769601268124 153.75000000000003 27.768902285068922
decision_type=2 2 2 2 2 2 2 2 2 2 2
left_child=1 2 6 -4 5 -3 -1 -6 9 10 -2
right_child=8 4 3 -5 7 -7 -8 -9 -10 -11 -12
leaf_value=-0.00098071068240085466 0.0044171815797466431 -0.00028246201715781817 -0.0015952394843313873 0.00095061744315910713 -5.5181872336656116e-05 -0.0060105806794742353 0.00060189789155841846 0.00015153849419589606 -0.00024489445250971053 0.0023598223735331013 0.0038581406650949469
leaf_weight=642 108 800 1298 307 48868 293 6956 21899 40 40 58
leaf_count=642 108 800 1298 307 48868 293 6956 21899 40 40 58
internal_value=2.6996e-05 1.68389e-05 0.000517766 -0.00222741 -4.7314e-05 -0.002914 0.00109766 -3.03795e-06 0.00337398 0.00451456 0.005
internal_weight=81309 81063 9203 1605 71860 1093 7598 70767 246 206 166
internal_count=81309 81063 9203 1605 71860 1093 7598 70767 246 206 166
is_linear=0
shrinkage=0.05


Tree=260
num_leaves=16
num_cat=0
split_feature=22 16 20 5 21 22 5 19 5 18 5 10 21 1 20
split_gain=0.938113 3.73206 4.36171 2.19712 1.76223 2.98566 2.54162 1.66764 6.72525 6.93334 1.67939 1.50615 2.45652 2.15926 0.80791
threshold=0.99469066677254137 842.6500000000002 2.8093750000000006 -0.46801505794253101 0.98612669923180774 0.97778847783029421 -0.97509794945709805 1.2187500000000002 -0.074117382312902977 73.312500000000014 0.7090011537757156 515.55000000000007 1.0139965026281497 610.63900478621701 3.4718750000000007
decision_type=2 2 2 2 2 2 2 2 2 2 2 2 2 2 2
left_child=1 4 3 -3 5 -1 -6 8 9 -2 -10 13 -13 -9 -4
right_child=7 2 14 -5 6 -7 -8 11 10 -11 -12 12 -14 -15 -16
leaf_value=1.7584105057077969e-05 -0.0034581490303210436 -0.0008204981594897129 -0.00021505870310678171 -0.00091738986567585523 -0.0014726344789450249 0.00075707550238643504 -0.00026454454107637421 0.00017831840477720536 -0.00021915612236773292 0.0003536257231014157 0.0046592485592639793 9.9998107264310282e-05 -0.00021307516385348711 0.0002545718553285552 0.0013572785460090446
leaf_weight=69772 53 52 66 59 83 1108 1689 5961 488 45 199 399 264 1162 52
leaf_count=69772 53 52 66 59 83 1108 1689 5961 488 45 199 399 264 1162 52
internal_value=7.74691e-05 1.92782e-05 -0.00635371 -0.0134685 3.93659e-05 7.83015e-05 -0.00151806 0.000572279 -0.0016242 -0.0138776 0.000123727 0.000793733 -0.00148567 0.0010059 0.000338983
internal_weight=81452 72881 229 111 72652 70880 1772 8571 785 98 687 7786 663 7123 118
internal_count=81452 72881 229 111 72652 70880 1772 8571 785 98 687 7786 663 7123 118
is_linear=0
shrinkage=0.05


Tree=261
num_leaves=14
num_cat=0
split_feature=22 16 21 21 5 18 20 19 17 5 19 5 18
split_gain=1.06126 2.20897 2.14185 1.63412 3.23392 2.28471 1.92648 1.01817 1.49159 1.00434 3.52075 1.25946 0.475751
threshold=1.2561972416294529 42.350000000000001 1.188714584207051 1.1562455465081565 0.74443451080969758 30.062500000000004 0.96187500000000015 -0.20624999999999999 37.500000000000007 -0.96235977360714686 4.5312500000000009 -0.94705910369513524 39.562500000000007
decision_type=2 2 2 2 2 2 2 2 2 2 2 2 2
left_child=3 2 -2 9 6 -6 -5 8 -3 10 -1 -11 -9
right_child=1 7 -4 4 5 -7 -8 12 -10 11 -12 -13 -14
leaf_value=0.0064176725157038001 -0.0012779688728096592 -0.0046325484708711851 0.0022848959110006472 -0.00098241375302133074 -0.0036013155368919366 -0.0032226668289614055 0.0028361019830204157 0.0016252063532964001 0.0011248207661653479 -0.00061917186010387881 0.00011171767444772288 1.8119847933263243e-05 0.004985087013896358
leaf_weight=518 47 41 70 125 48 103 209 546 63 1523 6522 71261 293
leaf_count=518 47 41 70 125 48 103 209 546 63 1523 6522 71261 293
internal_value=7.92073e-05 0.00165094 -0.00482906 5.84619e-05 -0.00283505 -0.00890728 -8.98202e-05 0.00245493 -0.00221154 7.60425e-05 0.000646307 2.08839e-05 0.00303337
internal_weight=81369 1060 117 80309 485 151 334 943 104 79824 7040 72784 839
internal_count=81369 1060 117 80309 485 151 334 943 104 79824 7040 72784 839
is_linear=0
shrinkage=0.05


Tree=262
num_leaves=12
num_cat=0
split_feature=13 20 12 0 15 6 5 19 7 21 16
split_gain=1.20769 1.00282 0.892905 1.98786 1.8455 0.942693 3.09429 0.743986 0.715139 0.268083 0.267408
threshold=0.017875073899448646 4.496875000000002 3.7500000000000004 72.999368342700805 46.500000000000007 0.99981043035926087 1.0000000180025095e-35 -2.7562499999999996 4.8750000000000009 0.6931860179929038 18.350000000000005
decision_type=2 2 2 2 2 2 2 2 2 2 2
left_child=1 8 3 4 -2 7 -7 -4 9 -1 -10
right_child=2 -3 5 -5 -6 6 -8 -9 10 -11 -12
leaf_value=0.00021780572801240731 -0.00094029407982881895 -0.00040483361402880486 0.00043356045722368588 -0.0017689724977183519 0.0054244467315624802 0.00045947448005609847 -0.00081568176842224018 9.8385338914031768e-06 -0.00014770594277328653 0.00086465237441922353 0.00032322383210069236
leaf_weight=358 690 70 175 40 108 200 150 79118 43 178 41
leaf_count=358 690 70 175 40 108 200 150 79118 43 178 41
internal_value=1.85413e-05 0.00210145 6.83577e-07 -0.00162291 -0.00107769 1.7767e-05 -0.00257143 2.91957e-05 0.00274194 0.00341418 -0.00154762
internal_weight=81171 690 80481 838 798 79643 350 79293 620 536 84
internal_count=81171 690 80481 838 798 79643 350 79293 620 536 84
is_linear=0
shrinkage=0.05


Tree=263
num_leaves=15
num_cat=0
split_feature=3 22 6 19 4 10 3 21 1 18 6 11 16 9
split_gain=1.11235 2.0843 4.29795 5.71777 1.59383 1.58107 1.3356 3.1994 3.33961 3.25776 1.27611 1.02289 4.23666 3.85966
threshold=-0.9733555533461492 0.50241255184352929 -0.91595872546125101 18.618750000000006 0.032701564615071219 27.750000000000004 -0.8814490726585632 0.89095253074953418 306.75672270458398 78.312500000000014 -0.99983123799342477 0.55880532436380415 757.70000000000016 0.59501539196587561
decision_type=2 2 2 2 2 2 2 2 2 2 2 2 2 2
left_child=1 2 3 -1 -4 -3 7 9 -9 -2 -7 13 -13 -8
right_child=6 5 4 -5 -6 10 11 8 -10 -11 -12 12 -14 -15
leaf_value=6.2670222225156579e-05 0.0016503043571014248 -0.0024283719218296321 0.00065021416037747582 -0.0035564803092196159 -0.001269606255383334 -0.0021059715838527399 2.0270907671631088e-05 -0.00092042541984227672 0.00057712651165051467 -0.00048408096653730127 0.00053938574966007509 0.00047970440266090723 -0.00010640847526420881 -0.00069898499231440473
leaf_weight=99 976 59 424 86 92 53 46789 1153 358 2226 3763 18048 3245 3821
leaf_count=99 976 59 424 86 92 53 46789 1153 358 2226 3763 18048 3245 3821
internal_value=4.6926e-05 0.000804196 -0.00170471 -0.00824324 0.000639535 0.00125806 1.69696e-06 -0.000813707 -0.00271013 8.11994e-05 0.00138365 5.51439e-05 0.000345888 -6.71802e-05
internal_weight=81192 4576 701 185 516 3875 76616 4713 1511 3202 3816 71903 21293 50610
internal_count=81192 4576 701 185 516 3875 76616 4713 1511 3202 3816 71903 21293 50610
is_linear=0
shrinkage=0.05


Tree=264
num_leaves=16
num_cat=0
split_feature=13 5 6 0 19 13 20 5 6 6 3 21 20 17 20
split_gain=1.22221 3.12787 3.22174 3.1773 2.04647 1.86761 4.01843 10.2151 3.74567 2.09383 4.64422 2.18019 0.874086 1.15865 0.535097
threshold=0.098774069619316937 -0.74441730022405961 0.38043945030393422 93.040723276128219 11.318750000000003 0.18809284210021307 0.46812500000000007 0.22700754078277605 0.11478523713130605 0.99958851518450398 0.68322629814330826 0.080309471516416917 1.5456250000000005 185.50000000000003 0.39687500000000003
decision_type=2 2 2 2 2 2 2 2 2 2 2 2 2 2 2
left_child=1 2 4 -4 -1 6 7 -2 -8 11 -11 -7 14 -14 -3
right_child=5 12 3 -5 -6 9 8 -9 -10 10 -12 -13 13 -15 -16
leaf_value=0.0012916658719361173 -0.00043109414869161173 0.00019885666609288744 0.0019477772075168695 -0.0031505872323736141 -0.0011251190870996031 0.00039679087577152079 -0.000553903878843887 -0.0025898577826376813 0.00057692517143262856 -0.00018080097363714544 -0.00098759323669303663 -9.5844279283960215e-06 0.00047078183252481729 -0.0011476598652433126 0.0011594417278929347
leaf_weight=260 1267 636 51 111 219 6503 2832 178 2438 266 50 64480 1149 318 519
leaf_count=260 1267 636 51 111 219 6503 2832 178 2438 266 50 64480 1149 318 519
internal_value=6.58261e-06 0.000954643 -0.00217629 -0.0082716 -0.000114822 -3.30708e-05 -0.000830231 -0.00316609 -0.000189753 4.20064e-05 -0.00401899 6.0085e-05 0.00172006 0.000910021 0.00274892
internal_weight=81277 3263 641 162 479 78014 6715 1445 5270 71299 316 70983 2622 1467 1155
internal_count=81277 3263 641 162 479 78014 6715 1445 5270 71299 316 70983 2622 1467 1155
is_linear=0
shrinkage=0.05


Tree=265
num_leaves=16
num_cat=0
split_feature=3 3 20 20 15 22 19 21 2 21 18 21 22 6 12
split_gain=0.92682 1.48199 1.63353 3.52684 1.65745 1.20632 3.46482 2.64544 1.18361 2.36895 2.34668 2.24862 1.85241 1.33369 0.948989
threshold=-0.95642797789208678 -0.9103761370219875 3.0518750000000008 2.4993750000000006 249.50000000000003 0.97495241261619292 29.106250000000006 0.94740775439615788 0.098634210354335214 1.0392045756306625 88.437500000000014 0.16121660237067084 1.1747275960650838 -0.89404254237865755 22.050000000000001
decision_type=2 2 2 2 2 2 2 2 2 2 2 2 2 2 2
left_child=8 2 3 -2 -4 7 -7 -3 10 11 14 -10 -11 -12 -1
right_child=1 5 4 -5 -6 6 -8 -9 9 12 13 -13 -14 -15 -16
leaf_value=0.0046649552949274429 -0.0001826384664767714 3.1030362177605912e-05 -0.00029159168323774173 -0.0029351137685941411 0.0017066763354196249 0.00013493464383187271 -0.00018816764052476427 -0.00023290947477725462 -0.0011603566474247971 -0.0015939260874389288 -0.0026048782735586871 0.00025085354504823489 0.00030307567385370773 0.0007839403086709742 -0.0014012513926113166
leaf_weight=670 1197 60379 447 363 225 8838 77 3962 118 374 124 3853 250 357 53
leaf_count=670 1197 60379 447 363 225 8838 77 3962 118 374 124 3853 250 357 53
internal_value=8.83907e-05 4.15962e-05 -0.0012276 -0.00211538 0.000833334 8.02666e-05 0.000625351 4.74055e-06 0.000697534 0.000331883 0.00209302 0.000781919 -0.00253205 -0.000613305 0.0038935
internal_weight=81287 75488 2232 1560 672 73256 8915 64341 5799 4595 1204 3971 624 481 723
internal_count=81287 75488 2232 1560 672 73256 8915 64341 5799 4595 1204 3971 624 481 723
is_linear=0
shrinkage=0.05


Tree=266
num_leaves=10
num_cat=0
split_feature=22 16 5 0 19 21 5 20 5
split_gain=0.974742 3.32933 1.96116 3.85301 1.68822 1.26421 0.908973 2.04839 0.868641
threshold=1.0547836068262837 12.250000000000002 -0.05695216311707673 171.38000699371693 -1.2187499999999998 1.1562455465081565 0.99983759474438971 3.5043750000000009 0.67167992559793654
decision_type=2 2 2 2 2 2 2 2 2
left_child=5 -2 3 -3 -4 6 8 -8 -1
right_child=1 2 4 -5 -6 -7 7 -9 -10
leaf_value=3.0524276449014682e-05 -0.0014097010901301663 9.5811399472078956e-06 -0.00068543070575871894 -0.0020032673268260909 0.00089827018344852412 -0.0050410313384931862 -0.0002024589655885676 0.0014541630828384365 -8.0723352189424156e-05
leaf_weight=57139 65 1304 191 67 2141 56 101 327 19829
leaf_count=57139 65 1304 191 67 2141 56 101 327 19829
internal_value=4.80179e-05 0.000833334 0.00103025 -0.000470459 0.00191252 9.81272e-06 1.52465e-05 0.00231308 2.46874e-06
internal_weight=81220 3768 3703 1371 2332 77452 77396 428 76968
internal_count=81220 3768 3703 1371 2332 77452 77396 428 76968
is_linear=0
shrinkage=0.05


Tree=267
num_leaves=15
num_cat=0
split_feature=13 5 9 9 13 12 18 21 6 17 5 17 21 17
split_gain=0.875093 1.616 2.00419 3.30189 1.32806 3.46013 3.73455 1.40635 4.03379 2.90659 1.07237 1.00232 4.16129 1.00725
threshold=0.098774069619316937 -0.74441730022405961 0.20809824578491057 0.3545895107646006 0.18809284210021307 118.05000000000003 47.437500000000007 0.080309471516416917 0.26659387353423869 30.500000000000004 -0.92923668111203805 185.50000000000003 0.46897970803189576 116.50000000000001
decision_type=2 2 2 2 2 2 2 2 2 2 2 2 2 2
left_child=1 2 10 -4 5 6 -2 8 -6 -9 -1 13 -13 -3
right_child=4 11 3 -5 7 -7 -8 9 -10 -11 -12 12 -14 -15
leaf_value=0.0011521919724184918 -0.00074339475175718697 0.00031402857426083642 -0.0016158098558363974 -0.00021864425643634283 0.0024945764912640699 -0.0059891755326009653 4.473741042469367e-05 -0.00055867898140190577 5.4754295564066641e-05 3.6381849695854275e-05 -0.001173222943890471 -0.0019377559377226497 0.001196517309494745 0.00080658107097972536
leaf_weight=235 1620 1912 102 197 1024 47 5047 3378 5780 61174 90 92 307 328
leaf_count=235 1620 1912 102 197 1024 47 5047 3378 5780 61174 90 92 307 328
internal_value=7.57997e-05 0.000878027 -0.00141026 -0.00436455 4.22699e-05 -0.000630027 -0.000534723 0.000105527 0.000789242 3.34616e-05 0.00130769 0.0014191 -0.000889724 0.00183036
internal_weight=81333 3263 624 299 78070 6714 6667 71356 6804 64552 325 2639 399 2240
internal_count=81333 3263 624 299 78070 6714 6667 71356 6804 64552 325 2639 399 2240
is_linear=0
shrinkage=0.05


Tree=268
num_leaves=10
num_cat=0
split_feature=22 21 15 16 4 9 21 7 22
split_gain=0.868512 1.9865 1.72856 1.79474 4.26506 1.5914 1.07395 3.90091 2.89006
threshold=1.0547836068262837 1.1562455465081565 315.50000000000006 506.00000000000006 -0.38268343236508956 0.35811692819421032 0.96943688668899886 2.8750000000000004 0.955060365226584
decision_type=2 2 2 2 2 2 2 2 2
left_child=1 6 3 5 -5 -2 8 -8 -1
right_child=2 -3 -4 4 -6 -7 7 -9 -10
leaf_value=1.0961597803544763e-05 -7.4941830600821981e-05 -0.0047610458166849976 0.0025843532702530055 -0.00012200887534353957 -0.00069998628956519473 0.00069776998607450416 -0.00018729812246461329 9.8015737229971694e-05 0.00044144039046599409
leaf_weight=66314 1396 66 231 251 41 1886 4218 3541 3314
leaf_count=66314 1396 66 231 251 41 1886 4218 3541 3314
internal_value=7.06394e-05 3.44081e-05 0.000808147 0.000537213 -0.00321918 0.00087142 4.18031e-05 -0.000516175 0.000103981
internal_weight=81258 77453 3805 3574 292 3282 77387 7759 69628
internal_count=81258 77453 3805 3574 292 3282 77387 7759 69628
is_linear=0
shrinkage=0.05


Tree=269
num_leaves=16
num_cat=0
split_feature=3 6 22 19 6 12 5 17 4 20 5 17 16 16 22
split_gain=1.09298 1.40424 4.81834 6.25881 3.25512 1.42139 3.69757 1.05836 0.977048 3.46392 3.68984 3.21127 1.81969 3.41959 2.5623
threshold=-0.9733555533461492 -0.86974577485258975 0.37441597425644635 18.518750000000008 -0.96687281075841669 58.650000000000006 0.79904096188274243 32.500000000000007 -0.5 2.4993750000000006 -0.99866806308218525 115.50000000000001 13.350000000000003 18.350000000000005 0.33937597761445287
decision_type=2 2 2 2 2 2 2 2 2 2 2 2 2 2 2
left_child=1 2 3 -1 -4 7 -7 -3 12 11 -11 -10 14 -14 -2
right_child=8 5 4 -5 -6 6 -8 -9 9 10 -12 -13 13 -15 -16
leaf_value=0.00054884292432479738 8.1548303081456836e-05 0.00062709220165140314 0.00073283670764141958 -0.0037288943534044845 -0.00068199581521482492 0.00013683899447097537 -0.0024429968486055858 0.0012881796212624586 -0.0001372729613921913 -0.0031271233040411801 -0.00054390121303238628 0.0011751230409055243 -0.0008659620366577083 3.5834479568415304e-06 0.00086269378085430427
leaf_weight=44 11790 978 1007 43 1025 315 42 1116 8266 66 4920 2608 1180 45870 2002
leaf_count=44 11790 978 1007 43 1025 315 42 1116 8266 66 4920 2608 1180 45870 2002
internal_value=4.7495e-05 0.000798687 -0.000143936 -0.0116667 0.00034941 0.00161363 -0.00130252 0.00211079 2.73805e-06 -0.000346784 -0.00143803 0.000153578 9.38498e-05 -5.41975e-05 0.000598898
internal_weight=81272 4570 2119 87 2032 2451 357 2094 76702 15860 4986 10874 60842 47050 13792
internal_count=81272 4570 2119 87 2032 2451 357 2094 76702 15860 4986 10874 60842 47050 13792
is_linear=0
shrinkage=0.05


Tree=270
num_leaves=10
num_cat=0
split_feature=22 16 17 4 21 21 21 22 13
split_gain=1.20686 2.60058 1.98015 2.55895 1.701 0.946065 3.6521 2.29338 0.667043
threshold=1.0402426530358724 12.250000000000002 86.500000000000014 -0.97335555334614932 1.1562455465081565 0.96943688668899886 0.9711312372502785 0.96698013714576991 0.33679799580547704
decision_type=2 2 2 2 2 2 2 2 2
left_child=4 -2 3 -3 5 7 -7 -1 -4
right_child=1 2 8 -5 -6 6 -8 -9 -10
leaf_value=5.7530447565197046e-06 -0.0013328186982029221 -0.0017647576241392089 -0.00011608760125992516 0.00027796923613740231 -0.0041589456601294787 -0.0008982774301081732 -3.4615580225960187e-05 0.00059433272463054289 0.0018618775739596843
leaf_weight=67600 69 42 41 3713 65 254 7028 2068 509
leaf_count=67600 69 42 41 3713 65 254 7028 2068 509
internal_value=5.40001e-05 0.000861911 0.00101626 0.000605859 8.11549e-06 1.4945e-05 -0.000527327 7.16256e-05 0.00381818
internal_weight=81389 4374 4305 3755 77015 76950 7282 69668 550
internal_count=81389 4374 4305 3755 77015 76950 7282 69668 550
is_linear=0
shrinkage=0.05


Tree=271
num_leaves=14
num_cat=0
split_feature=17 17 15 3 13 5 15 2 15 17 20 17 4
split_gain=0.849549 5.52813 3.74622 5.69024 2.24411 2.79089 2.10916 1.5931 1.83667 0.961144 6.25348 2.75425 0.149077
threshold=307.50000000000006 304.50000000000006 474.50000000000006 1.0000000180025095e-35 0.25424178735441344 0.15951094710994371 408.50000000000006 0.79266553883976709 577.50000000000011 285.50000000000006 2.7431250000000005 259.50000000000006 -0.98611507088852035
decision_type=2 2 2 2 2 2 2 2 2 2 2 2 2
left_child=1 9 -3 -4 5 -2 -7 12 -9 11 -11 -1 -6
right_child=4 2 3 -5 7 6 -8 8 -10 10 -12 -13 -14
leaf_value=-6.4111270335578775e-06 -0.0051353345099496468 0.0010817623006618286 -0.0050708032959633983 -0.0021046489519419937 0.0014631992720180759 -0.00085866029511618737 0.00286802125147525 -0.00030224794630942758 0.0065168123391204993 -0.003642772399588089 0.0015524196128453502 0.0013769485854042527 0.0049040783052122054
leaf_weight=75387 72 42 45 54 52 40 132 786 479 581 669 2709 323
leaf_count=75387 72 42 45 54 52 40 132 786 479 581 669 2709 323
internal_value=2.2797e-05 -2.07562e-06 -0.00989362 -0.015202 0.00107219 -0.00340164 5.81397e-05 0.00173781 0.000889328 1.55019e-05 -0.00136 3.75181e-05 0.0046
internal_weight=81371 79487 141 99 1884 244 172 1640 1265 79346 1250 78096 375
internal_count=81371 79487 141 99 1884 244 172 1640 1265 79346 1250 78096 375
is_linear=0
shrinkage=0.05


Tree=272
num_leaves=16
num_cat=0
split_feature=6 5 15 5 5 6 19 19 6 3 21 6 0 12 5
split_gain=1.03179 11.0767 8.49342 11.6157 6.11058 2.35069 5.74575 6.45342 4.18382 7.29966 3.91083 3.73967 1.60706 1.5419 0.020098
threshold=0.92519182738459482 0.26866988313759588 5.5000000000000009 0.28519915169571858 0.28519915169571858 0.82293497932636273 10.268750000000002 4.293750000000002 0.80290535434334509 0.72947329433276253 0.49912950166219916 0.78192542922038288 209.53621956871638 95.850000000000009 0.17646842360078763
decision_type=2 2 2 2 2 2 2 2 2 2 2 2 2 2 2
left_child=5 12 3 -3 -4 8 7 -7 11 -10 -8 -1 13 -2 -14
right_child=1 2 4 -5 -6 6 10 -9 9 -11 -12 -13 14 -15 -16
leaf_value=2.6243961162451634e-05 0.00017487399627921354 6.7507248331839009e-05 -0.0016564953936046328 -0.0024335083178448152 -0.00018975061297103542 -0.00017517054465683831 -0.0025970452678533108 0.0022716569229779822 -0.00038870014415723564 -0.0023087824728426666 0.00050022938347405593 0.0027543151001642781 0.0025107745025392115 -0.00054126359859262333 0.00091191795939222099
leaf_weight=69193 5050 81 77 128 828 1979 52 1889 568 105 48 677 40 449 164
leaf_count=69193 5050 81 77 128 828 1979 52 1889 568 105 48 677 40 449 164
internal_value=9.51704e-05 -0.000493619 -0.00505386 -0.0141388 -0.0029558 0.000149039 0.00133317 0.00163909 8.24322e-05 -0.00384101 -0.0105 0.000120223 0.00039716 0.000235498 0.0047549
internal_weight=81328 6817 1114 209 905 74511 3968 3868 70543 673 100 69870 5703 5499 204
internal_count=81328 6817 1114 209 905 74511 3968 3868 70543 673 100 69870 5703 5499 204
is_linear=0
shrinkage=0.05


Tree=273
num_leaves=16
num_cat=0
split_feature=5 5 17 6 21 20 0 20 13 5 20 19 12 9 19
split_gain=0.801527 3.83282 3.98502 9.59499 1.74793 1.53426 2.94172 1.23879 1.02019 1.79633 2.5901 1.73654 1.3887 1.88547 1.01132
threshold=-0.96689237009891416 -0.98523971305672675 46.500000000000007 -0.14250536273956091 0.9900072820503848 5.142500000000001 500.62213718249438 1.1143750000000003 0.098774069619316937 -0.66528616069191593 3.7231250000000009 -3.3124999999999996 4.9500000000000002 0.29338948456484965 1.8812500000000003
decision_type=2 2 2 2 2 2 2 2 2 2 2 2 2 2 2
left_child=1 2 3 -1 -4 7 -7 -3 9 10 -2 -11 13 -10 -14
right_child=8 5 4 -5 -6 6 -8 -9 12 11 -12 -13 14 -15 -16
leaf_value=-0.0023133061156840186 -0.00019910999384886558 0.00037718109612525948 0.00020449295285090787 -0.00045955854786534239 -0.0013051183516859259 -0.0031949185038967474 0.0039005415171550089 0.0016866460911985186 -0.0016009820029937124 -7.2262387901844387e-05 -0.0037632872775048109 0.0005416599970450483 -0.00015412966662328861 0.0024260785367218301 2.5265752764486476e-05
leaf_weight=65 407 755 3261 721 68 43 42 1577 358 58 65 2414 9122 179 62065
leaf_count=65 407 755 3261 721 68 43 42 1577 358 58 65 2414 9122 179 62065
internal_value=7.51233e-05 0.000606246 -0.000321993 -0.00352417 0.000434064 0.0021866 -0.00441176 0.0024271 2.86604e-05 0.000940897 -0.00188559 0.00148058 -8.78348e-06 -0.0025419 1.03251e-05
internal_weight=81200 6532 4115 786 3329 2417 85 2332 74668 2944 472 2472 71724 537 71187
internal_count=81200 6532 4115 786 3329 2417 85 2332 74668 2944 472 2472 71724 537 71187
is_linear=0
shrinkage=0.05


Tree=274
num_leaves=11
num_cat=0
split_feature=2 16 20 1 18 19 5 15 22 1
split_gain=0.878123 1.08613 2.08861 1.06799 0.875526 3.0567 2.98128 0.47509 1.10183 2.22045e-16
threshold=0.88579628971768642 42.350000000000001 4.0256250000000007 889.08356498049113 51.937500000000007 1.8812500000000003 0.28519915169571858 428.50000000000006 0.76200375371267037 896.9280125111851
decision_type=2 2 2 2 2 2 2 2 2 2
left_child=3 2 -2 4 6 -6 -1 9 -9 -3
right_child=1 7 -4 -5 5 -7 -8 8 -10 -11
leaf_value=0.00016620790437827816 0.0012360385367412368 0.0050128703858432176 -0.0018661848657675541 -0.0079960576345644678 -0.00043729981393290565 -9.685247033413136e-06 -0.00010835089472347611 -0.00049503432170088738 0.00093531175258474764 0.0033926317672464488
leaf_weight=16325 79 82 41 60 2118 54178 7385 250 455 44
leaf_count=16325 79 82 41 60 2118 54178 7385 250 455 44
internal_value=1.9564e-05 0.00152997 -0.00291667 1.62385e-06 6.62469e-06 -0.000100717 0.000261493 0.00217208 0.00166667 0.005
internal_weight=81017 951 120 80066 80006 56296 23710 831 705 126
internal_count=81017 951 120 80066 80006 56296 23710 831 705 126
is_linear=0
shrinkage=0.05


Tree=275
num_leaves=16
num_cat=0
split_feature=13 13 3 0 19 18 12 18 13 18 0 22 12 0 0
split_gain=0.952594 1.23975 2.23972 3.64406 1.06463 0.937287 1.55783 1.91088 0.919709 0.729084 0.310112 0.27956 0.0794957 0.110504 2.22045e-16
threshold=0.017875073899448646 0.039047919899800984 1.0000000180025095e-35 95.627090974749237 -2.7562499999999996 75.062500000000014 1.0000000180025095e-35 89.437500000000014 0.098774069619316937 99.937500000000014 38.000384401465233 0.55660970297983248 1.3500000000000003 75.578641423891881 228.30016753371419
decision_type=2 2 2 2 2 2 2 2 2 2 2 2 2 2 2
left_child=5 2 3 -2 10 12 7 -7 -6 -4 -3 -8 13 -1 -14
right_child=1 4 9 -5 8 6 11 -9 -10 -11 -12 -13 14 -15 -16
leaf_value=0.0008271484408222023 0.00056606790531819537 0.00079084955478638409 0.0013714199869911169 -0.0026540618745695774 0.00052719062977773959 -0.001862528695674405 0.00028788794209548091 -3.8562095243051852e-07 -8.831224283830334e-06 -0.00056026638917073331 0.00082300498846014317 0.00046922738716942137 0.0015982502996399384 0.00012040077740176248 0.0016526404462325684
leaf_weight=96 81 40 122 77 2262 42 132 105 77882 41 138 149 75 83 42
leaf_count=96 81 40 122 77 2262 42 132 105 77882 41 138 149 75 83 42
internal_value=1.76363e-05 1.42622e-06 -0.00309969 -0.00734177 1.38196e-05 0.0018232 0.000327103 -0.00384354 5.24075e-06 0.00101227 0.0038764 0.0025089 0.00398649 0.00332402 0.005
internal_weight=81367 80643 321 158 80322 724 428 147 80144 163 178 281 296 179 117
internal_count=81367 80643 321 158 80322 724 428 147 80144 163 178 281 296 179 117
is_linear=0
shrinkage=0.05


Tree=276
num_leaves=16
num_cat=0
split_feature=13 5 0 19 13 18 5 17 6 3 18 11 18 18 20
split_gain=0.983591 1.4975 2.0119 2.28864 1.46325 2.623 8.61228 3.24023 1.67333 3.53173 1.37076 1.04283 1.37261 1.12627 0.821277
threshold=0.098774069619316937 -0.66528616069191593 223.92067428932225 10.856250000000003 0.19149240373159579 50.312500000000007 0.22700754078277605 241.50000000000003 0.99958851518450398 0.68322629814330826 51.937500000000007 0.49886298222673381 42.562500000000007 98.812500000000014 3.9518750000000007
decision_type=2 2 2 2 2 2 2 2 2 2 2 2 2 2 2
left_child=1 2 3 -1 5 6 -2 -7 10 -10 -6 13 -13 -3 -4
right_child=4 11 14 -5 8 7 -8 -9 9 -11 -12 12 -14 -15 -16
leaf_value=-0.00054833407645118808 -0.00019122365919601315 0.00073573623986570311 0.001562365781015697 -0.0014743055137074088 9.5972879175159156e-05 0.0001146265828902506 -0.002670361869682723 -0.0014556410233098516 -0.00018963185357516303 -0.00093411524621661948 -2.1832315037232765e-05 -0.0011777247850978116 0.00063155143365778042 6.2963754687241533e-05 -0.0010952959751602033
leaf_weight=286 1409 1269 318 140 21108 4679 337 600 272 51 49690 124 395 684 48
leaf_count=286 1409 1269 318 140 21108 4679 337 600 272 51 49690 124 395 684 48
internal_value=4.42208e-05 0.000894608 -0.000997475 -0.00333333 8.70185e-06 -0.000679715 -0.00235968 -0.000124076 7.67005e-05 -0.00351393 9.30819e-05 0.00150081 -0.000491329 0.00203021 0.00172131
internal_weight=81410 3264 792 426 78146 7025 1746 5279 71121 323 70798 2472 519 1953 366
internal_count=81410 3264 792 426 78146 7025 1746 5279 71121 323 70798 2472 519 1953 366
is_linear=0
shrinkage=0.05


Tree=277
num_leaves=14
num_cat=0
split_feature=22 16 19 15 21 5 5 18 3 22 19 6 19
split_gain=0.981994 1.50912 1.33662 2.04183 1.29776 3.31357 2.63945 1.69199 0.971115 0.795896 1.10631 0.823518 0.587956
threshold=1.2561972416294529 42.350000000000001 -0.20624999999999999 66.500000000000014 1.1562455465081565 0.89787622492179153 0.9893236546938301 16.812500000000004 -0.72947329433276231 1.1514808641025693 14.481250000000003 -0.6523320455745395 20.518750000000008
decision_type=2 2 2 2 2 2 2 2 2 2 2 2 2
left_child=4 8 3 -3 9 7 -7 -6 -2 11 -11 -1 -4
right_child=1 2 12 -5 5 6 -8 -9 -10 10 -12 -13 -14
leaf_value=8.5209548440879005e-05 -0.00097523671275331523 -0.0030497384692223647 0.0030898224465876903 0.010625861544945239 0.0019638873145381331 -0.0034970311969048707 -0.0035420578413320396 -0.00058589594324922852 0.0019198968279258881 0.0022151305439062816 -0.0013677811185033196 -3.6646808930496529e-05 -0.00021821875691349193
leaf_weight=26078 60 66 744 47 113 44 45 287 43 342 121 53364 106
leaf_count=26078 60 66 744 47 113 44 45 287 43 342 121 53364 106
internal_value=2.14831e-05 0.00152908 0.00214434 -0.0029646 1.49283e-06 -0.00256646 -0.0112921 -0.000625 -0.0042233 1.72081e-05 0.00208423 5.16118e-06 0.00282353
internal_weight=81460 1066 963 113 80394 489 89 400 103 79905 463 79442 850
internal_count=81460 1066 963 113 80394 489 89 400 103 79905 463 79442 850
is_linear=0
shrinkage=0.05


Tree=278
num_leaves=16
num_cat=0
split_feature=4 10 15 13 9 5 11 21 12 17 21 17 22 2 7
split_gain=0.872677 1.44898 2.62088 1.9469 1.29843 3.21694 2.2954 1.21532 1.19498 2.58068 4.30179 2.22542 5.81815 1.96211 1.70254
threshold=-0.95642797789208689 587.25000000000011 701.50000000000011 0.40220881808330172 0.43937471218667395 0.26037272046371446 0.21580499163452027 0.99185011748463714 389.25000000000006 190.50000000000003 0.95003132134324331 194.50000000000003 0.59184232273624404 0.75022667404834531 3.8750000000000004
decision_type=2 2 2 2 2 2 2 2 2 2 2 2 2 2 2
left_child=1 4 3 -3 5 -1 -6 -4 11 14 -11 13 -13 -2 -10
right_child=8 2 7 -5 6 -7 -8 -9 9 10 -12 12 -14 -15 -16
leaf_value=0.00022142509153138957 -3.7387990052003209e-05 -0.0077031445001126617 0.00082809580687385554 -0.0037250695305255585 -0.0018645364833529627 -0.00034020047299158408 0.00031531858673925552 -0.00025433971995077062 -4.1822489511523059e-05 -0.00099898340963374527 -0.012076471312786125 -0.00075724451201413597 0.0017155875499877131 0.0011146478073803447 0.00039806168689121698
leaf_weight=5666 48898 45 256 137 124 2957 8403 87 2600 3838 46 1859 4601 519 1251
leaf_count=5666 48898 45 256 137 124 2957 8403 87 2600 3838 46 1859 4601 519 1251
internal_value=3.85672e-05 0.000349364 -0.0022381 -0.00708791 0.000428572 -4.05873e-06 0.000866073 0.000335277 -4.77895e-05 -0.000630252 -0.00153965 3.28402e-05 0.000905573 -8.12472e-05 0.000286939
internal_weight=81287 17675 525 182 17150 8623 8527 343 63612 7735 3884 55877 6460 49417 3851
internal_count=81287 17675 525 182 17150 8623 8527 343 63612 7735 3884 55877 6460 49417 3851
is_linear=0
shrinkage=0.05


Tree=279
num_leaves=15
num_cat=0
split_feature=13 22 5 5 5 10 16 9 5 16 10 19 5 20
split_gain=0.915543 2.36702 2.70442 2.00659 2.5477 2.36642 1.83798 1.422 2.64435 2.02015 1.85847 4.62386 1.40714 1.21314
threshold=0.77973349484139653 1.0402426530358724 -0.90893996196865023 -0.92274349529687905 -0.85227431625818906 437.55000000000001 42.350000000000001 0.75708334563457425 0.091259403071267925 31.450000000000003 420.15000000000003 14.168750000000003 0.99939377080793557 0.81562500000000016
decision_type=2 2 2 2 2 2 2 2 2 2 2 2 2 2
left_child=7 3 -3 5 -5 -2 -4 10 9 -9 12 -12 -1 -10
right_child=1 2 6 4 -6 -7 -8 8 13 -11 11 -13 -14 -15
leaf_value=5.032146718256654e-05 0.00086471515768298023 -0.0019472065902307479 -0.00063860890253712309 -0.0024423591837732378 -9.5219711795720643e-05 -0.0029310390836200708 0.0019667845498750388 -0.001869359441944531 -0.00054534138970231997 0.00010478231656988274 -0.0029985453481502621 -0.00022108320356730834 0.0010308723424473985 0.00070556479603139
leaf_weight=55466 1314 65 51 626 12805 43 648 351 195 3196 316 2531 540 2980
leaf_count=55466 1314 65 51 626 12805 43 648 351 195 3196 316 2531 540 2980
internal_value=7.87039e-05 -0.000266204 0.00244764 -0.00040641 -0.000591542 0.00142594 0.00335479 0.000160503 0.00084945 -8.88073e-05 8.18142e-05 -0.00116438 0.000145163 0.00189764
internal_weight=81127 15552 764 14788 13431 1357 699 65575 6722 3547 58853 2847 56006 3175
internal_count=81127 15552 764 14788 13431 1357 699 65575 6722 3547 58853 2847 56006 3175
is_linear=0
shrinkage=0.05


Tree=280
num_leaves=11
num_cat=0
split_feature=19 3 22 11 9 13 5 16 13 10
split_gain=0.947468 0.846249 1.4695 2.16457 1.45602 0.968161 0.928154 0.61329 0.0745186 0.0165966
threshold=-2.7562499999999996 0.9946518923062071 0.60026047302797514 0.16205649047747453 0.61851120020498029 -1.0000000180025095e-35 -0.96689237009891416 23.550000000000004 0.29031369515947097 112.35000000000001
decision_type=2 2 2 2 2 2 2 2 2 2
left_child=7 5 3 -3 -4 9 -7 -1 -9 -2
right_child=1 2 4 -5 -6 6 -8 8 -10 -11
leaf_value=-1.1688628211127089e-05 0.0018981112223740101 -0.001049330123697982 0.00022760209557793061 0.0012872774997414603 -0.00084619091126018203 0.00027243245947778272 7.2378657730534757e-06 9.0705264751229193e-05 0.0028213379610754798 0.0035162207490209239
leaf_weight=40 79 488 970 131 167 6415 72677 76 129 40
leaf_count=40 79 488 970 131 167 6415 72677 76 129 40
internal_value=5.86122e-05 4.92178e-05 -0.00103645 -0.00299677 3.07829e-05 7.32855e-05 6.6505e-05 0.00316327 0.00426829 0.00457983
internal_weight=81212 80967 1756 619 1137 79211 79092 245 205 119
internal_count=81212 80967 1756 619 1137 79211 79092 245 205 119
is_linear=0
shrinkage=0.05


Tree=281
num_leaves=15
num_cat=0
split_feature=12 19 18 5 18 20 3 15 19 22 6 20 16 21
split_gain=1.22396 1.91737 3.85585 10.6882 3.066 2.85867 3.52526 1.82093 1.83014 1.82672 1.77382 1.42406 1.11312 0.923143
threshold=412.05000000000001 24.693750000000005 97.312500000000014 0.30164402523644185 12.812500000000002 1.8056250000000003 0.81241147629689026 668.50000000000011 29.593750000000004 0.69192686204197262 -0.99983123799342477 0.3206250000000001 757.70000000000016 0.96281366759331821
decision_type=2 2 2 2 2 2 2 2 2 2 2 2 2 2
left_child=7 5 4 -4 -3 11 -7 8 12 -9 -10 -2 -1 -11
right_child=1 2 3 -5 -6 6 -8 9 10 13 -12 -13 -14 -15
leaf_value=4.9093384802695017e-05 -0.0043610191691848335 -0.00013961277126448842 -0.00041087571412612949 -0.0092369052161333509 0.00016576167345234969 -7.2274008434073704e-05 -0.0026506785172635411 -0.0043540676165343866 -0.0031383988063415236 0.0032680145712525119 0.00061196201156620293 0.00044313171634875412 -0.00019687993631551924 7.9963961032234674e-05
leaf_weight=66929 55 751 330 115 1702 6804 224 41 40 863 638 1421 921 453
leaf_count=66929 55 751 330 115 1702 6804 224 41 40 863 638 1421 921 453
internal_value=8.65454e-05 -0.00039379 -0.00150449 -0.00578652 -0.00072768 -1.52867e-05 -0.000435401 0.000164914 0.000128999 0.00197863 0.00271386 0.00198509 0.000103169 0.00230243
internal_weight=81287 11402 2898 445 2453 8504 7028 69885 68528 1357 678 1476 67850 1316
internal_count=81287 11402 2898 445 2453 8504 7028 69885 68528 1357 678 1476 67850 1316
is_linear=0
shrinkage=0.05


Tree=282
num_leaves=14
num_cat=0
split_feature=22 16 21 5 5 20 11 6 6 5 12 12 19
split_gain=0.93847 1.7135 1.21704 2.8981 1.98948 1.45157 1.06107 0.902415 2.61889 0.778297 1.58467 0.747055 0.656724
threshold=1.2561972416294529 42.350000000000001 1.1562455465081565 0.89787622492179153 0.9893236546938301 1.1656250000000004 0.19641918352098156 0.99981043035926087 0.99999537620422141 -0.54220184589352438 22.050000000000001 458.55000000000001 12.181250000000002
decision_type=2 2 2 2 2 2 2 2 2 2 2 2 2
left_child=2 6 7 5 -5 -4 -2 11 -9 10 -3 -1 -11
right_child=1 9 3 4 -6 -7 -8 8 -10 12 -12 -13 -14
leaf_value=4.5967049395344676e-05 0.0023290736515558471 0.0019443957191025625 -0.0010774086882400827 -0.0028270014084030457 -0.0037911329120448459 0.0017964765901391283 -0.0011278196677500956 -0.0005795717128841988 0.00098249406160787873 0.00082496826820250549 -0.0021518718368838271 -6.1656326230613657e-05 0.0029075215360289605
leaf_weight=70864 43 154 178 46 44 222 62 215 140 446 83 8648 266
leaf_count=70864 43 154 178 46 44 222 62 215 140 446 83 8648 266
internal_value=5.47225e-05 0.001537 3.52802e-05 -0.00244898 -0.0105556 -0.000625 -0.00452381 5.05217e-05 -0.00246479 0.00220759 -0.000274261 6.17519e-05 0.00303371
internal_weight=81411 1054 80357 490 90 400 105 79867 355 949 237 79512 712
internal_count=81411 1054 80357 490 90 400 105 79867 355 949 237 79512 712
is_linear=0
shrinkage=0.05


Tree=283
num_leaves=14
num_cat=0
split_feature=6 20 22 18 18 16 1 15 18 6 18 22 11
split_gain=1.06281 2.70215 2.27481 2.45738 1.925 4.27134 1.32921 2.1698 1.23849 1.05454 0.589878 1.01093 0.0792123
threshold=-0.99273797715557011 2.3393750000000009 0.40779819579758086 12.812500000000002 10.937500000000002 677.4000000000002 893.41343906011468 879.50000000000011 89.937500000000014 -0.8611288361322974 78.062500000000014 0.40779819579758086 0.91733495860248249
decision_type=2 2 2 2 2 2 2 2 2 2 2 2 2
left_child=1 2 8 -4 -3 -6 7 9 -1 -2 12 -12 -8
right_child=6 4 3 -5 5 -7 10 -9 -10 -11 11 -13 -14
leaf_value=0.018377589550377844 -0.00020124728991265567 0.00084233277536085093 -0.00012241377642896648 0.0018809798303586927 6.4313071767615375e-05 -0.0038946674701902761 0.0010611444029995031 -0.00037698028272038363 -0.00090745396844600841 1.1096144748566923e-05 0.0037445283268140307 -0.0011009131050670647 0.00086526559331754455
leaf_weight=53 12345 150 241 1278 1591 251 177 43 230 64832 92 141 41
leaf_count=53 12345 150 241 1278 1591 251 177 43 230 64832 92 141 41
internal_value=5.21715e-06 0.000822351 0.00222531 0.0029921 -0.000446787 -0.000890336 -3.46974e-05 -5.05049e-05 -0.00189046 -4.42487e-05 0.00267184 0.000922747 0.00454128
internal_weight=81465 3794 1802 1519 1992 1842 77671 77220 283 77177 451 233 218
internal_count=81465 3794 1802 1519 1992 1842 77671 77220 283 77177 451 233 218
is_linear=0
shrinkage=0.05


Tree=284
num_leaves=12
num_cat=0
split_feature=22 6 21 16 13 2 13 0 20 20 3
split_gain=0.9968 0.969652 2.28553 5.03766 3.27205 1.22007 1.21189 0.890261 0.708327 0.0808612 2.22045e-16
threshold=1.4070707391092447 -0.99273797715557011 0.61471569061540343 291.15000000000003 0.086091695980022476 0.88579628971768642 0.098774069619316937 42.88952747603151 2.4456250000000006 2.1306250000000007 -0.93540483100319605
decision_type=2 2 2 2 2 2 2 2 2 2 2
left_child=1 2 3 -1 -4 6 -3 9 -7 10 -2
right_child=7 5 4 -5 -6 8 -8 -9 -10 -11 -12
leaf_value=-0.00014836914858073601 0.0027359916022726039 0.00026829674088747215 -0.0025934225767651046 -0.0075105138501474072 0.00066104108359523242 0.0011146456551187559 -1.8847379820180408e-05 -0.0005059814275589768 0.00052821123117127863 0.005546641740491731 0.0068001641471682715
leaf_weight=1197 53 3143 40 41 2480 214 73559 41 411 40 116
leaf_count=1197 53 3143 40 41 2480 214 73559 41 411 40 116
internal_value=4.76427e-05 3.79234e-05 0.000822246 -0.000936995 0.00168651 -1.93795e-07 -1.81219e-05 0.0032 0.0022 0.00452153 0.005
internal_weight=81335 81085 3758 1238 2520 77327 76702 250 625 209 169
internal_count=81335 81085 3758 1238 2520 77327 76702 250 625 209 169
is_linear=0
shrinkage=0.05


Tree=285
num_leaves=16
num_cat=0
split_feature=22 21 11 20 19 6 20 9 21 4 1 4 13 7 22
split_gain=1.05303 2.57797 5.05317 3.82402 2.4958 3.18585 2.05207 2.18867 2.76204 2.20057 2.03913 1.94872 1.85613 1.51904 1.36646
threshold=0.97495241261619292 0.95822069235233565 0.49886298222673381 2.1456250000000008 29.593750000000004 -0.99983123799342477 2.1456250000000008 0.62443686975610102 0.98045529040063018 -0.5277851165098012 47.875556161554172 -0.63405362205439475 0.43156430372995674 0.87500000000000011 0.93873121736646759
decision_type=2 2 2 2 2 2 2 2 2 2 2 2 2 2 2
left_child=1 4 13 -4 14 -6 10 9 -9 -8 11 -2 -12 -3 -1
right_child=6 2 3 -5 5 -7 7 8 -10 -11 12 -13 -14 -15 -16
leaf_value=-1.9742735276082938e-05 -0.0017885190638981204 -0.0014269844615152007 -0.00055518570515446274 -0.0002220217488369526 -0.0028418722880507118 0.0010384281953100887 0.00062736802270578224 0.0012880435714431185 -5.2525242577705647e-05 -7.5474744156079371e-05 -0.00068372859895490714 0.0015718718566733018 2.019663713451305e-06 0.0003736350569223531 0.00056147638969788376
leaf_weight=63279 133 156 797 1216 50 1098 1529 497 2169 531 1251 1108 3601 1189 2611
leaf_count=63279 133 156 797 1216 50 1098 1529 497 2169 531 1251 1108 3601 1189 2611
internal_value=3.47844e-05 -3.57973e-05 -0.00138773 -0.00297317 3.19224e-05 0.00234321 0.000494038 0.00127592 0.000330083 0.0025 -0.000112424 0.00169621 -0.00057502 0.00098513 -8.34706e-06
internal_weight=81215 70396 3358 2013 67038 1148 10819 4726 2666 2060 6093 1241 4852 1345 65890
internal_count=81215 70396 3358 2013 67038 1148 10819 4726 2666 2060 6093 1241 4852 1345 65890
is_linear=0
shrinkage=0.05


Tree=286
num_leaves=14
num_cat=0
split_feature=3 17 13 22 19 13 2 15 15 22 20 2 10
split_gain=0.95564 1.13506 1.58743 1.98613 1.27962 0.916751 0.893458 1.3719 0.723874 0.722373 1.09598 0.312984 0.0161504
threshold=0.9946518923062071 113.50000000000001 0.51875660534642742 1.0239849651243411 16.906250000000004 -1.0000000180025095e-35 0.88579628971768642 786.50000000000011 249.50000000000003 0.63896188710792401 1.6393750000000005 0.38391204052383626 106.35000000000001
decision_type=2 2 2 2 2 2 2 2 2 2 2 2 2
left_child=5 2 4 -4 -2 12 7 -7 -8 10 -3 -11 -1
right_child=1 9 3 -5 -6 6 8 -9 -10 11 -12 -13 -14
leaf_value=0.0010452644487337068 3.8449869072938964e-05 -0.0009437226572912617 -0.001582750149491926 0.0014385115997845926 -0.0010788727399770074 2.1306720325586307e-05 -0.00047579343483388349 -0.00011802800704164997 0.0005901055710770389 0.0030950089747931418 0.0017918554543189644 0.0015123331349867924 0.0033498102841267386
leaf_weight=73 822 55 414 72 134 77219 82 1317 879 130 43 113 40
leaf_count=73 822 55 414 72 134 77219 82 1317 879 130 43 113 40
internal_value=3.1514e-05 -0.00111329 -0.00172677 -0.0040535 -0.000543933 5.71538e-05 5.07568e-05 3.22147e-05 0.00156608 0.00148094 -0.00214286 0.00294239 0.00455752
internal_weight=81393 1783 1442 486 956 79610 79497 78536 961 341 98 243 113
internal_count=81393 1783 1442 486 956 79610 79497 78536 961 341 98 243 113
is_linear=0
shrinkage=0.05


Tree=287
num_leaves=15
num_cat=0
split_feature=19 16 20 12 22 20 5 10 21 5 22 20 21 15
split_gain=0.9617 2.78812 3.60963 4.00327 0.848896 2.23036 2.61985 2.03087 1.56341 3.28757 2.66546 0.711043 0.244444 0.204775
threshold=31.243750000000002 739.80000000000007 2.3393750000000009 583.05000000000007 0.93873121736646759 1.5256250000000005 -0.25205528343633254 2.5500000000000003 0.89095253074953418 -0.98803845231459242 0.93223833136274059 3.4043750000000004 0.95259296312453134 152.50000000000003
decision_type=2 2 2 2 2 2 2 2 2 2 2 2 2 2
left_child=4 11 3 -3 8 6 -6 -7 10 -10 -1 13 -4 -2
right_child=1 2 12 -5 5 7 -8 -9 9 -11 -12 -13 -14 -15
leaf_value=1.1502163962252402e-06 0.00073216036030711036 -0.00033970985960078215 2.5622374495143808e-05 0.00050312168234776958 -0.00055072494629870893 0.0015977826879463898 7.157941618144361e-05 8.5886823677121162e-05 -0.0024889049849606926 -0.00039769520933621849 -0.0032216221352708244 -0.0025822854597719776 0.00047024043066193669 0.0028694523175442251
leaf_weight=59318 40 102 45 51 2265 1069 3653 8444 126 5257 251 42 99 405
leaf_count=59318 40 102 45 51 2265 1069 3653 8444 126 5257 251 42 99 405
internal_value=4.74349e-06 0.00174745 -0.00207071 -0.0074183 -1.22536e-05 0.000321107 -0.000441027 0.000795228 -9.1452e-05 -0.000907486 -1.77104e-05 0.00407598 0.00361111 0.00466292
internal_weight=81167 784 297 153 80383 15431 5918 9513 64952 5383 59569 487 144 445
internal_count=81167 784 297 153 80383 15431 5918 9513 64952 5383 59569 487 144 445
is_linear=0
shrinkage=0.05


Tree=288
num_leaves=15
num_cat=0
split_feature=22 21 21 5 5 6 19 5 22 20 11 19 17 7
split_gain=0.991713 2.12983 3.37976 5.35322 2.82981 1.96022 1.95706 1.84549 3.96777 1.96301 1.73669 0.838771 0.787969 0.0320822
threshold=0.84699059042301206 0.81337618124760092 0.81609753992033429 0.52033990680116082 0.92273069556937592 -0.99938741687870725 33.23125000000001 -0.99763297024448894 0.79802805919857966 4.7031250000000009 0.15786936491413883 33.23125000000001 137.50000000000003 1.1250000000000002
decision_type=2 2 2 2 2 2 2 2 2 2 2 2 2 2
left_child=1 7 3 -3 -4 11 10 8 -1 -9 -7 13 -13 -2
right_child=5 2 4 -5 -6 6 -8 9 -10 -11 -12 12 -14 -15
leaf_value=0.0015698904305657775 0.0015733884105651359 -0.0024025732723970384 -0.00067568770565988698 -0.0063390914957229139 0.0012094650530179672 0.00044830746743350575 -0.00015326559858489078 1.7460396829178765e-05 -0.003673612397212827 -0.00043664935744144753 5.3813718300300887e-06 -0.00016135437814383897 0.0019799132957049495 0.0021949243861109679
leaf_weight=1042 92 117 2865 76 661 5172 57 45755 74 5212 19693 92 54 259
leaf_count=1042 92 117 2865 76 661 5172 57 45755 74 5212 19693 92 54 259
internal_value=2.22235e-05 -9.56953e-05 -0.00125168 -0.0076943 -0.000899036 0.000281089 0.000219084 -1.31519e-05 0.00199821 -5.71937e-05 0.000240298 0.00339034 0.00020548 0.0047151
internal_weight=81221 55802 3719 193 3526 25419 24922 52083 1116 50967 24865 497 146 351
internal_count=81221 55802 3719 193 3526 25419 24922 52083 1116 50967 24865 497 146 351
is_linear=0
shrinkage=0.05


Tree=289
num_leaves=15
num_cat=0
split_feature=6 20 20 10 18 5 6 17 17 19 19 3 1 2
split_gain=0.900099 2.01023 2.64089 1.9541 1.93268 1.75864 1.5259 1.02924 3.99397 3.2523 1.62085 4.04515 1.67981 1.34172
threshold=-0.99273797715557011 3.3881250000000009 3.5431250000000007 1.0500000000000003 98.687500000000014 1.0000000180025095e-35 -0.99761278905001471 307.50000000000006 304.50000000000006 20.018750000000004 23.493750000000006 1.0000000180025095e-35 862.19941252409456 0.88984291490515244
decision_type=2 2 2 2 2 2 2 2 2 2 2 2 2 2
left_child=1 3 4 -1 -3 -5 -4 8 13 -10 12 -12 -9 -2
right_child=7 2 6 5 -6 -7 -8 10 9 -11 11 -13 -14 -15
leaf_value=-0.0027263138111741992 -5.8514346739338236e-06 -0.0025087033215308685 0.0010319909602003368 0.0014440039707923884 -0.0043113677951082787 0.00010987535888104278 -0.0023149018094510347 0.0033353139720053923 -0.00026817381415719427 -0.0039456112371470797 -0.0037901512753369202 0.0086556944263424095 -0.00037908419781288973 0.00076422554399560713
leaf_weight=54 75338 94 431 1247 45 1536 334 916 63 68 175 131 406 315
leaf_count=54 75338 94 431 1247 45 1536 334 916 63 68 175 131 406 315
internal_value=4.57779e-05 0.000803261 -0.00125 0.00145753 -0.00758993 0.00164032 -9.8039e-05 9.17189e-06 -1.75497e-05 -0.00874046 0.00125307 -0.00202614 0.0020121 -2.44519e-06
internal_weight=81153 3741 904 2837 139 2783 765 77412 75784 131 1628 306 1322 75653
internal_count=81153 3741 904 2837 139 2783 765 77412 75784 131 1628 306 1322 75653
is_linear=0
shrinkage=0.05


Tree=290
num_leaves=16
num_cat=0
split_feature=5 5 17 6 22 20 4 22 17 12 13 6 15 6 16
split_gain=1.00581 3.48544 3.96353 9.73351 2.05161 3.71261 1.93007 0.964796 1.73711 1.61721 1.02003 2.37688 1.84499 0.765036 0.130257
threshold=-0.96235977360714686 -0.98523971305672675 47.500000000000007 -0.14250536273956091 0.2134665160446497 0.79437500000000016 -0.68322629814330815 1.3520815728244231 27.500000000000004 23.850000000000005 0.69183776425993671 0.99958851518450398 558.50000000000011 0.95178258287705175 3.9500000000000006
decision_type=2 2 2 2 2 2 2 2 2 2 2 2 2 2 2
left_child=1 2 3 -1 14 -6 -4 10 13 -10 12 -12 -2 -9 -3
right_child=7 4 6 -5 5 -7 -8 8 9 -11 11 -13 -14 -15 -16
leaf_value=-0.002181872893297149 3.4183489268075339e-06 0.0052093182205743514 -0.00013642219282917838 -0.00049682395259434745 -0.0021399260026713682 0.0010681391373940289 0.0010503290437355419 0.0030418987771639676 0.00038446287048008853 -0.0028191213040039526 -6.8708417811355751e-05 -0.00090978627761759536 0.00069670743376730199 -0.00039011048745694172 0.00088629372026823939
leaf_weight=59 49554 559 2384 782 270 2081 911 354 52 44 19983 40 3957 48 52
leaf_count=59 49554 559 2384 782 270 2081 911 354 52 44 19983 40 3957 48 52
internal_value=4.99201e-05 0.000618484 -0.000319149 -0.00338288 0.00192775 0.00125691 0.000462823 -4.59242e-06 0.00218876 -0.00385417 -1.94466e-05 -0.000323877 9.44667e-05 0.00363184 0.004509
internal_weight=81130 7098 4136 841 2962 2351 3295 74032 498 96 73534 20023 53511 402 611
internal_count=81130 7098 4136 841 2962 2351 3295 74032 498 96 73534 20023 53511 402 611
is_linear=0
shrinkage=0.05


Tree=291
num_leaves=16
num_cat=0
split_feature=19 9 11 3 21 17 15 10 9 3 10 10 16 2 22
split_gain=0.740788 3.15908 12.4126 3.23807 2.5462 2.17736 3.47865 2.12076 6.08098 2.8711 1.70872 3.075 1.1133 0.835084 0.429651
threshold=19.093750000000004 0.49031804067639162 0.22795530887694801 -0.63405362205439464 0.60965275685385789 119.50000000000001 173.50000000000003 420.15000000000003 0.72321562991986543 -0.097964660725097089 381.15000000000003 376.80000000000001 16.550000000000004 0.50371808373035509 0.95086663917336323
decision_type=2 2 2 2 2 2 2 2 2 2 2 2 2 2 2
left_child=7 5 3 -3 -4 14 -7 10 9 -9 11 -1 -10 -12 -2
right_child=1 2 4 -5 -6 6 -8 8 12 -11 13 -13 -14 -15 -16
leaf_value=1.3443096301737931e-05 0.0013763105826427027 -0.00089798233536847742 -0.0010570007939502139 -0.0065567137691076478 7.6830073557326864e-05 -0.0018634345227490764 0.0010386665202185171 -0.0027159767124122036 -0.00075640308163423312 -2.7268636019734841e-05 0.00051627325465803623 -0.0044651220543602673 0.0005335273269902128 0.0014569512507281348 0.0013869412513549781
leaf_weight=56477 939 47 2122 87 13769 164 3574 997 49 418 380 44 1202 547 316
leaf_count=56477 939 47 2122 87 13769 164 3574 997 49 418 380 44 1202 547 316
internal_value=9.13328e-05 0.000346846 4.68037e-06 -0.0151493 0.000132465 0.00144502 0.000840022 1.99639e-06 -0.00137659 -0.00362191 6.59729e-05 3.10506e-05 0.00116307 0.00219525 0.00324701
internal_weight=81132 21018 16025 134 15891 4993 3738 60114 2666 1415 57448 56521 1251 927 1255
internal_count=81132 21018 16025 134 15891 4993 3738 60114 2666 1415 57448 56521 1251 927 1255
is_linear=0
shrinkage=0.05


Tree=292
num_leaves=13
num_cat=0
split_feature=22 18 18 12 21 20 5 20 19 3 12 13
split_gain=0.728053 1.65522 5.12662 1.4178 1.17642 3.21312 1.80168 0.728842 7.3561 1.79463 0.368282 0.532896
threshold=1.2561972416294529 23.937500000000004 31.187500000000004 23.850000000000005 1.188714584207051 0.85187500000000016 0.74443451080969758 3.6881250000000008 1.8812500000000003 1.0000000180025095e-35 22.050000000000001 0.60025267352674316
decision_type=2 2 2 2 2 2 2 2 2 2 2 2
left_child=4 10 -3 -4 7 -6 -7 9 -9 -1 -2 -12
right_child=1 2 3 -5 5 6 -8 8 -10 -11 11 -13
leaf_value=-4.4297538886705529e-05 0.0023654713432396724 -0.0024857831031430133 0.0024529919746767177 -0.00048964417866457003 -0.0031083185875397205 0.0022097584215601085 -0.0028085102973708781 -0.0020050471365956881 -4.8484257617223349e-05 0.00012447027931201913 -0.00055179314395321368 0.0043510763141978567
leaf_weight=29771 240 78 394 148 68 156 72 225 16658 33374 70 139
leaf_count=29771 240 78 394 148 68 156 72 225 16658 33374 70 139
internal_value=5.54718e-05 0.00135173 -0.00032258 0.00140221 3.82204e-05 -0.00310811 -0.000263158 4.98577e-05 -0.000241959 0.00012788 0.0036637 0.00212919
internal_weight=81393 1069 620 542 80324 296 228 80028 16883 63145 449 209
internal_count=81393 1069 620 542 80324 296 228 80028 16883 63145 449 209
is_linear=0
shrinkage=0.05


Tree=293
num_leaves=13
num_cat=0
split_feature=1 21 12 6 9 15 15 22 5 18 16 15
split_gain=1.10349 2.23309 1.28625 2.62406 3.95287 2.39693 3.39674 3.24831 2.1496 1.11423 7.65506 1.3634
threshold=813.22547729162454 1.0227432954862874 344.55000000000001 0.029024409397335523 0.83457858926430728 383.50000000000006 374.50000000000006 0.58018101899028263 0.99966190462023474 99.937500000000014 457.30000000000001 371.50000000000006
decision_type=2 2 2 2 2 2 2 2 2 2 2 2
left_child=2 9 5 8 -5 6 -1 -7 -4 11 -11 -2
right_child=1 -3 3 4 -6 7 -8 -9 -10 10 -12 -13
leaf_value=5.9060147426537061e-07 0.0025835189665202392 -8.0249504198699851e-05 -0.00016398133717946653 0.0010058510245161405 -0.00092358924423322831 -0.0026472897088962856 -0.0022592838122759899 0.00054087031337812644 -0.0014940961077402734 2.7392843123556724e-05 -0.0089953019241560354 0.00023921473594718906
leaf_weight=53091 677 56 9985 981 41 491 648 9090 127 1290 41 4869
leaf_count=53091 677 56 9985 981 41 491 648 9090 127 1290 41 4869
internal_value=5.51073e-05 0.000658445 -1.0743e-06 -0.000496677 0.00191781 8.60709e-05 -4.38227e-05 0.000814633 -0.000740704 0.000739421 -0.000559729 0.00105121
internal_weight=81387 6933 74454 11134 1022 63320 53739 9581 10112 6877 1331 5546
internal_count=81387 6933 74454 11134 1022 63320 53739 9581 10112 6877 1331 5546
is_linear=0
shrinkage=0.05


Tree=294
num_leaves=16
num_cat=0
split_feature=2 3 17 13 13 1 22 22 1 13 18 22 18 5 2
split_gain=1.00074 0.848031 1.2425 1.42177 0.941048 0.828228 0.825022 1.21662 1.40143 1.26123 0.562582 0.422911 0.3499 0.0163043 2.22045e-16
threshold=0.88579628971768642 0.9946518923062071 113.50000000000001 0.50732677589719077 -1.0000000180025095e-35 889.08356498049113 0.76200375371267037 0.72015613995360439 896.9280125111851 0.94796072166598544 63.812500000000007 0.90025407143895564 43.312500000000007 0.63257020223555627 0.89310294626554354
decision_type=2 2 2 2 2 2 2 2 2 2 2 2 2 2 2
left_child=1 4 3 -3 13 -6 7 9 -9 -2 -4 14 -13 -1 -8
right_child=6 2 10 -5 5 -7 11 8 -10 -11 -12 12 -14 -15 -16
leaf_value=0.00028691483401387666 0.0014621778194388844 -0.00017672627936021171 -0.0019740369127419412 -0.0012622602724739532 1.1007459552593006e-05 -0.0063644963513296432 0.0045967797691935193 -0.0035137588921358674 0.0031244074150398532 -0.0012308161686205357 0.0013993709497282622 0.000412157328071209 -0.00010459638529952215 0.0031063688986928423 0.0061634815994135858
leaf_weight=40 352 916 67 524 78471 60 133 52 45 43 276 188 88 75 54
leaf_count=40 352 916 67 524 78471 60 133 52 45 43 276 188 88 75 54
internal_value=4.01801e-05 2.10747e-05 -0.00105721 -0.00170139 4.55206e-05 3.8902e-05 0.00164921 0.000223577 -0.00479381 0.0014557 0.00164723 0.00316415 0.00192029 0.00456522 0.005
internal_weight=81384 80429 1783 1440 78646 78531 955 492 97 395 343 463 276 115 187
internal_count=81384 80429 1783 1440 78646 78531 955 492 97 395 343 463 276 115 187
is_linear=0
shrinkage=0.05


Tree=295
num_leaves=16
num_cat=0
split_feature=4 18 9 17 6 20 18 5 16 11 10 22 2 21 3
split_gain=0.940268 1.6852 1.93985 2.43897 1.81785 1.70314 4.99829 3.62628 1.39943 5.37817 7.29285 2.39528 3.00896 2.42444 0.932706
threshold=-0.93540483100319616 46.187500000000007 0.75984678447284737 120.50000000000001 0.65071284653328287 2.7431250000000005 98.937500000000014 0.98213580174693105 711.75000000000011 0.47907874609127915 98.250000000000014 0.93873121736646759 0.57278257993638404 0.94387790197969024 0.84874750804349197
decision_type=2 2 2 2 2 2 2 2 2 2 2 2 2 2 2
left_child=1 2 4 -4 -1 6 -3 -7 11 14 -11 13 -13 -2 -10
right_child=8 5 3 -5 -6 7 -8 -9 9 10 -12 12 -14 -15 -16
leaf_value=0.00041419792400629703 -3.5514439555698892e-05 -0.00066872310600333662 -0.00020843270934779295 0.00028325087548273196 7.8798203169046799e-05 0.00046241758335305533 0.00075460176285285373 -0.00098873603559720318 0.00056965180484291227 -0.0011533401913999127 -0.00014750533131934645 0.00013859840229608322 0.0039198753596937736 -0.00092382098782967971 -0.00018191539688968032
leaf_weight=2705 45822 4416 440 433 2250 8579 2073 606 855 313 2403 8198 727 1130 287
leaf_count=2705 45822 4416 440 433 2250 8579 2073 606 855 313 2403 8198 727 1130 287
internal_value=3.55136e-05 0.00031904 0.00104496 -0.00112829 0.00142785 4.91261e-05 -0.000570966 0.000487208 -6.65437e-05 -0.000987558 -0.00219809 -2.95273e-06 0.000747899 -0.000145681 0.00189142
internal_weight=81237 21502 5828 873 4955 15674 6489 9185 59735 3858 2716 55877 8925 46952 1142
internal_count=81237 21502 5828 873 4955 15674 6489 9185 59735 3858 2716 55877 8925 46952 1142
is_linear=0
shrinkage=0.05


Tree=296
num_leaves=14
num_cat=0
split_feature=6 20 21 22 16 21 6 22 13 2 15 19 20
split_gain=1.09259 2.7358 2.88918 3.83953 2.0516 1.5968 3.17935 1.40671 0.877404 0.841001 1.25463 0.791895 0.0568889
threshold=-0.99273797715557011 3.1368750000000007 0.61471569061540343 0.53360245978582277 480.15000000000003 0.95651685061330394 -0.99864786094873803 0.50241255184352929 -1.0000000180025095e-35 0.88579628971768642 779.50000000000011 20.618750000000006 1.9731250000000002
decision_type=2 2 2 2 2 2 2 2 2 2 2 2 2
left_child=1 5 3 -3 -4 7 -7 -1 12 10 -10 -11 -2
right_child=8 2 4 -5 -6 6 -8 -9 9 11 -12 -13 -14
leaf_value=1.8456575363419761e-05 0.0030969071319146783 -0.00028978540555222654 0.003750429876985437 -0.0052097170838521735 -0.002717241507032269 0.00026790505682081875 -0.00099402600548029359 0.0016470411582837543 5.6356828555166082e-06 9.8339920413326482e-05 -0.00010456353068734907 0.00071998564841144641 0.00050096641371965103
leaf_weight=518 80 315 362 153 303 235 173 1753 75387 316 1272 302 45
leaf_count=518 80 315 362 153 303 235 173 1753 75387 316 1272 302 45
internal_value=5.504e-05 0.000881427 -0.00117829 -0.00418803 0.00093985 0.00175252 -0.00112745 0.00226993 1.43409e-05 7.57036e-06 -7.23967e-06 0.00184466 0.0042
internal_weight=81214 3812 1133 468 665 2679 408 2271 77402 77277 76659 618 125
internal_count=81214 3812 1133 468 665 2679 408 2271 77402 77277 76659 618 125
is_linear=0
shrinkage=0.05


Tree=297
num_leaves=11
num_cat=0
split_feature=5 6 6 21 6 13 5 21 17 20
split_gain=0.952516 0.933705 2.52051 6.11858 1.65847 1.29148 0.899827 0.809445 0.318655 0.135569
threshold=0.99995780822346225 0.99530134160901229 0.99249573635719013 0.17403939492051704 0.98486764554468398 0.72215345072608894 1.0000000180025095e-35 0.36241669866167697 99.500000000000014 3.9018750000000009
decision_type=2 2 2 2 2 2 2 2 2 2
left_child=1 2 4 -4 -1 7 -7 -3 9 -2
right_child=8 5 3 -5 -6 6 -8 -9 -10 -11
leaf_value=-7.038459201279301e-07 -0.00010272195478904787 0.00020888469866610503 -0.0016713630043200551 0.0041479917701712698 0.0015267481920537246 0.00010121889283259711 -0.0014792290268760609 0.0012248920836508172 0.0021077598600674 0.00058614309349416501
leaf_weight=77916 42 1027 264 189 910 83 87 483 122 65
leaf_count=77916 42 1027 264 189 910 83 87 483 122 65
internal_value=3.31332e-05 2.40247e-05 -6.93566e-07 -0.00371965 2.06786e-05 0.00119048 -0.00294118 0.00165563 0.00325328 0.00126168
internal_weight=81188 80959 79279 453 78826 1680 170 1510 229 107
internal_count=81188 80959 79279 453 78826 1680 170 1510 229 107
is_linear=0
shrinkage=0.05


Tree=298
num_leaves=14
num_cat=0
split_feature=22 21 5 20 20 18 18 15 22 19 5 0 20
split_gain=0.799013 1.10287 2.60503 2.83489 2.04031 1.09315 3.35093 0.999109 0.996442 1.00133 0.698272 0.580282 0.447822
threshold=1.2561972416294529 1.1562455465081565 0.74443451080969758 1.1856250000000002 0.96187500000000015 23.937500000000004 31.187500000000004 16.500000000000004 1.1514808641025693 14.481250000000003 -0.98523971305672675 83.231087133459084 0.66187500000000021
decision_type=2 2 2 2 2 2 2 2 2 2 2 2 2
left_child=1 8 4 -4 -3 11 -7 -8 10 -10 -1 12 -2
right_child=5 2 3 -5 -6 6 7 -9 9 -11 -12 -13 -14
leaf_value=-0.00017972501030012796 0.00025979754546206086 -0.00094952714139044398 -0.0056240452218470367 -0.0012016141656203887 0.0041699094970072048 -0.0019309046992394938 -0.0017684079222908848 0.00071281359088765323 0.0023515085288309812 -0.0013948529120150607 1.9432252403412e-05 -0.0014459057694671488 0.0022727533240669627
leaf_weight=4076 56 126 42 111 212 68 47 498 348 122 75111 40 362
leaf_count=4076 56 126 42 111 212 68 47 498 348 122 75111 40 362
internal_value=4.85726e-05 3.04439e-05 -0.00233198 -0.0077451 0.000118343 0.00140523 2.447e-05 0.00133028 4.50056e-05 0.00234043 3.13816e-05 0.00325328 0.00380383
internal_weight=81219 80148 491 153 338 1071 613 545 79657 470 79187 458 418
internal_count=81219 80148 491 153 338 1071 613 545 79657 470 79187 458 418
is_linear=0
shrinkage=0.05


Tree=299
num_leaves=15
num_cat=0
split_feature=20 19 16 12 18 19 4 5 5 21 6 20 5 5
split_gain=0.934597 6.38344 5.24672 6.14245 3.71071 2.6983 2.32847 1.81908 5.34168 9.14638 5.69575 3.81928 3.12934 2.60368
threshold=3.7043750000000006 1.5437500000000004 17.550000000000004 31.050000000000001 38.687500000000007 10.393750000000002 -0.44228869021900119 0.67167992559793654 0.7090011537757156 0.45121984760207767 0.49626980634301188 2.7431250000000005 -0.99866806308218525 0.3504237462291826
decision_type=2 2 2 2 2 2 2 2 2 2 2 2 2 2
left_child=7 2 -2 -4 6 -6 -3 11 9 -9 -10 13 -13 -1
right_child=1 4 3 -5 5 -7 -8 8 10 -11 -12 12 -14 -15
leaf_value=-2.5404105723531003e-05 0.00028793648778227819 0.00089604605935713732 -0.0003000163188381492 -0.0047175229971594913 0.00021576435266954777 -0.00043624691141040564 -0.00055714577623985093 -0.0019133589274573648 -0.00011987142571226251 -0.00040948075968549663 0.0018492538322795818 -0.0019180338672685421 0.00052995798356285557 0.00057164422593966948
leaf_weight=33394 72 1102 60 49 5491 9779 129 279 13126 905 2025 104 10139 4537
leaf_count=33394 72 1102 60 49 5491 9779 129 279 13126 905 2025 104 10139 4537
internal_value=3.14692e-05 -0.000302122 -0.00964088 -0.0165596 -0.000199685 -0.000412573 0.0024411 0.000117736 -0.000338231 -0.00357263 -8.54727e-05 0.000272346 0.00112906 4.09957e-05
internal_weight=81191 16682 181 109 16501 15270 1231 64509 16335 1184 15151 48174 10243 37931
internal_count=81191 16682 181 109 16501 15270 1231 64509 16335 1184 15151 48174 10243 37931
is_linear=0
shrinkage=0.05


end of trees

feature_importances:
doy_sin=455
kcs_fc_ens=437
doy_cos=357
cloud_fc_pct=256
wind_fc_ms=253
dni_fc_wm2=246
temp_fc_c=242
dhi_fc_wm2=233
kcs_fc=229
kcs_lag_24h=219
kcs_last=191
ghi_fc_wm2=168
pv_lag_24h_kw=165
kcs_recent=124
tod_sin=123
pv_last_kw=121
lead_time_hours=80
cos_zenith=77
clear_sky_kw=70
tod_cos=64
clear_sky_ghi_wm2=53
has_recent=36

parameters:
[boosting: gbdt]
[objective: quantile]
[metric: quantile]
[tree_learner: serial]
[device_type: cpu]
[data_sample_strategy: bagging]
[data: ]
[valid: ]
[num_iterations: 300]
[learning_rate: 0.05]
[num_leaves: 16]
[num_threads: 8]
[seed: 42]
[deterministic: 1]
[force_col_wise: 0]
[force_row_wise: 1]
[histogram_pool_size: -1]
[max_depth: 4]
[min_data_in_leaf: 40]
[min_sum_hessian_in_leaf: 0.001]
[bagging_fraction: 0.85]
[pos_bagging_fraction: 1]
[neg_bagging_fraction: 1]
[bagging_freq: 1]
[bagging_seed: 400]
[bagging_by_query: 0]
[feature_fraction: 1]
[feature_fraction_bynode: 1]
[feature_fraction_seed: 30056]
[extra_trees: 0]
[extra_seed: 12879]
[early_stopping_round: 0]
[early_stopping_min_delta: 0]
[first_metric_only: 0]
[max_delta_step: 0]
[lambda_l1: 0]
[lambda_l2: 0]
[linear_lambda: 0]
[min_gain_to_split: 0]
[drop_rate: 0.1]
[max_drop: 50]
[skip_drop: 0.5]
[xgboost_dart_mode: 0]
[uniform_drop: 0]
[drop_seed: 17869]
[top_rate: 0.2]
[other_rate: 0.1]
[min_data_per_group: 100]
[max_cat_threshold: 32]
[cat_l2: 10]
[cat_smooth: 10]
[max_cat_to_onehot: 4]
[top_k: 20]
[monotone_constraints: ]
[monotone_constraints_method: basic]
[monotone_penalty: 0]
[feature_contri: ]
[forcedsplits_filename: ]
[refit_decay_rate: 0.9]
[cegb_tradeoff: 1]
[cegb_penalty_split: 0]
[cegb_penalty_feature_lazy: ]
[cegb_penalty_feature_coupled: ]
[path_smooth: 0]
[interaction_constraints: ]
[verbosity: -1]
[saved_feature_importance_type: 0]
[use_quantized_grad: 0]
[num_grad_quant_bins: 4]
[quant_train_renew_leaf: 0]
[stochastic_rounding: 1]
[linear_tree: 0]
[max_bin: 255]
[max_bin_by_feature: ]
[min_data_in_bin: 3]
[bin_construct_sample_cnt: 200000]
[data_random_seed: 175]
[is_enable_sparse: 1]
[enable_bundle: 1]
[use_missing: 1]
[zero_as_missing: 0]
[feature_pre_filter: 1]
[pre_partition: 0]
[two_round: 0]
[header: 0]
[label_column: ]
[weight_column: ]
[group_column: ]
[ignore_column: ]
[categorical_feature: ]
[forcedbins_filename: ]
[precise_float_parser: 0]
[parser_config_file: ]
[objective_seed: 16083]
[num_class: 1]
[is_unbalance: 0]
[scale_pos_weight: 1]
[sigmoid: 1]
[boost_from_average: 1]
[reg_sqrt: 0]
[alpha: 0.1]
[fair_c: 1]
[poisson_max_delta_step: 0.7]
[tweedie_variance_power: 1.5]
[lambdarank_truncation_level: 30]
[lambdarank_norm: 1]
[label_gain: ]
[lambdarank_position_bias_regularization: 0]
[eval_at: ]
[multi_error_top_k: 1]
[auc_mu_weights: ]
[num_machines: 1]
[local_listen_port: 12400]
[time_out: 120]
[machine_list_filename: ]
[machines: ]
[gpu_platform_id: -1]
[gpu_device_id: -1]
[gpu_device_id_list: ]
[gpu_use_dp: 0]
[num_gpu: 1]

end of parameters

pandas_categorical:[]
