tree
version=v4
num_class=1
num_tree_per_iteration=1
label_index=0
max_feature_idx=23
objective=quantile
feature_names=clear_sky_kw clear_sky_ghi_wm2 cos_zenith tod_sin tod_cos doy_sin doy_cos lead_time_hours has_recent kcs_recent pv_last_kw kcs_last pv_lag_24h_kw kcs_lag_24h has_weather ghi_fc_wm2 dni_fc_wm2 dhi_fc_wm2 cloud_fc_pct temp_fc_c wind_fc_ms kcs_fc kcs_fc_ens nwp_lead_d
feature_infos=[8.0067576055486445:662.72299999999996] [10.013128144343288:900.75728806310656] [0.050188670617315613:0.89684342909509362] [-1:1] [-1:0.50000000000000011] [-0.9999994220246925:0.99998555065071859] [-0.99997919295908233:1] [0:5.75] [0:1] [-1:1.3] [0:751.20000000000005] [-1:1.3] [0:751.20000000000005] [-1:1.3] [0:1] [-1:896] [-1:915.10000000000002] [-1:426] [-1:100] [-6.7999999999999998:36.600000000000001] [-1:10.180000000000001] [-1:1.5] [-1:1.5] [-1:1]
tree_sizes=1525 1587 1590 1591 1596 1588 1600 1595 1616 1611 1609 1616 1614 1612 1608 1615 1609 1624 1522 1537 1599 1604 1636 1627 1634 1624 1528 1527 1631 1636 1629 1534 1631 1637 1631 1639 1536 1556 1645 1641 1635 1644 1529 1631 1638 1633 1620 1447 1528 1537 1651 1370 1366 1547 1369 1643 1539 1642 1621 1627 1538 1647 1376 1642 1657 1623 1632 1278 1628 1369 1360 1654 1618 1645 1663 1642 1452 1650 1437 1545 1618 1544 1626 1627 1633 1522 1619 1539 1657 1621 1642 1552 1642 1552 1534 1541 1375 1633 1621 1641 1659 1534 1532 1354 1650 1648 1561 1637 1157 1648 1543 1549 1648 1642 1648 1550 1171 1251 1644 1530 1615 1444 1633 1554 1653 1551 1632 1648 1635 1549 1662 1651 1072 1364 1636 1648 1355 1169 1341 1374 1648 1632 1626 1453 1642 1162 1455 1538 1636 1555 1413 1449 1337 1536 1562 1535 1539 1631 1542 1651 1365 1159 1436 1649 1651 1365 1627 1350 1525 1643 1516 1439 1351 1632 1632 1503 1647 1635 1348 1453 1647 1588 1341 1511 1335 1632 1522 1347 1607 1624 1431 1523 1631 1528 1645 1635 1434 1649 1544 1664 1512 1593 1364 1625 1530 1522 1634 1649 1342 1632 1632 1519 1521 1627 1540 1255 1628 1337 1629 1148 1327 1333 1343 1614 1430 1324 1328 1333 1355 1320 1493 1319 1443 1530 1245 1631 1243 1647 1498 1536 1640 1431 1656 1143 1627 1541 1323 1511 1635 1626 1508 1334 1438 1432 1241 1501 1647 1455 1450 1453 1344 1530 1277 1501 1537 1616 1336 1640 1629 1332 1628 1330 1520 1351 1662 1622 1271 1548 1546 1346 1543 1246 1663 1364 1353 1622 1350 1634 1665 1331 1536 1536 1254 1254 1634 1355 1534 1153 1620 1658

Tree=0
num_leaves=16
num_cat=0
split_feature=15 11 2 15 13 15 18 9 6 0 5 1 3 22 22
split_gain=1114.93 191.437 162.088 145.062 124.468 52.8758 47.1546 44.6361 30.4876 27.2622 22.6681 13.8651 13.429 13.1978 9.79307
threshold=582.50000000000011 0.86753702545146505 0.078267929288525093 442.50000000000006 0.88459935957937974 731.50000000000011 37.062500000000007 0.35188243739450648 -0.77243990499604276 42.88952747603151 0.91248814248966237 16.515562118626658 0.097964660725097366 0.82450478041733322 0.96252557479398182
decision_type=2 2 2 2 2 2 2 2 2 2 2 2 2 2 2
left_child=2 4 7 9 8 12 -6 13 -2 -4 -5 -9 -3 -1 -7
right_child=1 5 3 10 6 14 -8 11 -10 -11 -12 -13 -14 -15 -16
leaf_value=0.8708585590008745 0.8693775922060013 0.86887322962284086 0.86752906739711766 0.86716100275516506 0.86966579854488368 0.87132448088278058 0.86978592558241985 0.88711161017417905 0.8669838932034043 0.85803515208311365 0.86475946881925836 0.88401156067848208 0.87093804934153174 0.88683994412422185 0.87156666517257686
leaf_weight=862 2478 850 3122 7502 855 348 869 490 3520 56571 1952 561 319 344 600
leaf_count=862 2478 850 3122 7502 855 348 869 490 3520 56571 1952 561 319 344 600
internal_value=0.865386 0.881165 0.863212 0.862781 0.877514 0.894486 0.889354 0.876397 0.87411 0.86187 0.868536 0.88393 0.88737 0.869833 0.90326
internal_weight=81243 9839 71404 69147 7722 2117 1724 2257 5998 59693 9454 1051 1169 1206 948
internal_count=81243 9839 71404 69147 7722 2117 1724 2257 5998 59693 9454 1051 1169 1206 948
is_linear=0
shrinkage=1


Tree=1
num_leaves=16
num_cat=0
split_feature=15 11 1 15 13 15 22 11 17 1 6 0 21 17 15
split_gain=1011.95 199.05 157.044 137.368 123.65 44.5506 43.7644 37.2319 35.376 22.6772 20.9258 16.8637 13.5249 13.1915 6.64081
threshold=582.50000000000011 0.88297676467195652 30.756404504554286 442.50000000000006 0.88877943619288124 834.50000000000011 0.93223833136274059 0.42494102084372659 107.50000000000001 16.515562118626658 0.46611290379786346 42.88952747603151 0.90967044535717168 107.50000000000001 682.50000000000011
decision_type=2 2 2 2 2 2 2 2 2 2 2 2 2 2 2
left_child=2 4 7 11 8 -6 14 12 -2 -9 -5 -4 -1 -8 -3
right_child=1 6 3 10 5 -7 13 9 -10 -11 -12 -13 -14 -15 -16
leaf_value=0.0070705162908910437 -4.8375263197558695e-05 0.0048443558231774713 0.0016912324726581552 0.0014151917397975944 0.0033805953989893226 0.0055734046065418876 0.00099286406821479101 0.020644417107105257 0.0029244667824513447 0.017218647748231886 0.0018661873042583488 -0.006959137565169477 0.020644417107105257 0.0057647586813373546 0.005264131797997413
leaf_weight=1384 892 396 2518 9172 1497 265 126 404 5460 656 262 56598 463 890 297
leaf_count=1384 892 396 2518 9172 1497 265 126 404 5460 656 262 56598 463 890 297
internal_value=-3.8141e-05 0.0150092 -0.00210665 -0.00258935 0.0117427 0.023462 0.0305178 0.00927588 0.00849181 0.0167453 0.00301357 -0.00348349 0.00498917 0.037126 0.0208297
internal_weight=81280 9823 71457 68550 8114 1762 1709 2907 6352 1060 9434 59116 1847 1016 693
internal_count=81280 9823 71457 68550 8114 1762 1709 2907 6352 1060 9434 59116 1847 1016 693
is_linear=0
shrinkage=0.05


Tree=2
num_leaves=16
num_cat=0
split_feature=15 13 1 15 11 22 11 2 15 5 1 22 0 21 15
split_gain=900.321 190.473 138.7 119.02 108.382 61.346 35.2852 34.1174 29.3246 20.6104 19.7543 18.9287 14.9767 11.2621 9.14354
threshold=582.50000000000011 0.89235651893863843 30.756404504554286 439.50000000000006 0.88297676467195652 0.93223833136274059 0.42494102084372659 0.82649502802828911 834.50000000000011 -0.9905448150984083 16.515562118626658 0.93873121736646759 62.585180691928436 0.96718917225517786 766.50000000000011
decision_type=2 2 2 2 2 2 2 2 2 2 2 2 2 2 2
left_child=2 4 6 12 7 14 13 -2 -7 -5 -8 -6 -4 -1 -3
right_child=1 5 3 9 11 8 10 -9 -10 -11 -12 -13 -14 -15 -16
leaf_value=0.007379281459140425 0.001637809452417904 0.0041317835507221458 -0.0014649156570037737 0.002237417912522899 0.0044199936696956519 0.0036855101372473588 0.019612196251749994 0.0045045493218481168 0.0058600878668288283 0.0011542098894715359 0.016838437698781489 0.0045184289378568891 -0.0068938974380096333 0.019057520134379557 0.0047958618880459963
leaf_weight=1474 4814 671 4891 224 575 1100 391 1678 423 9459 657 508 53991 392 118
leaf_count=1474 4814 671 4891 224 575 1100 391 1678 423 9459 657 508 53991 392 118
internal_value=-0.000172432 0.0139694 -0.00212853 -0.00258259 0.0101353 0.0265311 0.00855525 0.00769254 0.0323933 0.00255448 0.0158969 0.0247784 -0.00342736 0.00443194 0.0152155
internal_weight=81366 9887 71479 68565 7575 2312 2914 6492 1523 9683 1048 1083 58882 1866 789
internal_count=81366 9887 71479 68565 7575 2312 2914 6492 1523 9683 1048 1083 58882 1866 789
is_linear=0
shrinkage=0.05


Tree=3
num_leaves=16
num_cat=0
split_feature=15 13 0 15 11 15 22 17 1 11 5 15 19 21 17
split_gain=805.919 169.72 119.346 116.918 93.8794 58.3091 36.6535 33.7242 29.6807 25.2958 21.2698 18.9454 13.0063 11.3606 2.54927
threshold=582.50000000000011 0.89235651893863843 17.42997173338448 408.50000000000006 0.88297676467195652 834.50000000000011 0.93673794425898937 107.50000000000001 47.875556161554172 0.41614619388080182 0.91248814248966237 726.00000000000011 14.631250000000003 0.98045529040063018 160.50000000000003
decision_type=2 2 2 2 2 2 2 2 2 2 2 2 2 2 2
left_child=2 4 9 8 7 6 -3 -2 -4 13 -5 -6 -11 -1 -7
right_child=1 5 3 10 11 14 -8 -9 -10 12 -12 -13 -14 -15 -16
leaf_value=0.0088794126277714717 -0.00012353457660907452 0.0041456836869542563 0.0029501243945936396 0.0014594648595899374 0.0034103035802531046 0.0053860105231242298 0.0035768284533612806 0.0026648909617364327 -0.0069208306563707193 0.01863158643916249 -0.00095944941804099746 0.0054199359365879668 0.01863158643916249 0.018672903547528874 0.0057028866961436392
leaf_weight=884 952 767 3038 9267 675 378 1051 5493 54855 319 2524 405 390 232 68
leaf_count=884 952 767 3038 9267 675 378 1051 5493 54855 319 2524 405 390 232 68
internal_value=-0.000245887 0.0132092 -0.00208778 -0.00241835 0.00959801 0.025212 0.0212376 0.00731187 -0.00334263 0.0105342 0.00211984 0.0232407 0.0179196 0.00584229 0.0414126
internal_weight=81298 9789 71509 69684 7525 2264 1818 6445 57893 1825 11791 1080 709 1116 446
internal_count=81298 9789 71509 69684 7525 2264 1818 6445 57893 1825 11791 1080 709 1116 446
is_linear=0
shrinkage=0.05


Tree=4
num_leaves=16
num_cat=0
split_feature=15 11 1 15 13 22 15 17 0 6 5 16 3 4 11
split_gain=702.265 167.656 109.146 92.5079 89.7478 47.9144 43.1208 33.4225 32.9697 31.6508 23.8967 23.0794 7.95101 6.79069 6.76155
threshold=569.50000000000011 0.88297676467195652 20.754677742411179 383.50000000000006 0.89695353440337888 0.93223833136274059 839.50000000000011 108.50000000000001 42.88952747603151 -0.57077231802681661 -0.99630266176052629 16.550000000000004 0.032701564615071628 -0.63405362205439475 0.41366650029419144
decision_type=2 2 2 2 2 2 2 2 2 2 2 2 2 2 2
left_child=2 4 11 8 9 12 -6 -7 -4 -2 -5 14 -3 -13 -1
right_child=1 5 3 10 6 7 -8 -9 -10 -11 -12 13 -14 -15 -16
leaf_value=0.0071466000062765907 0.0027442193331718048 0.0029882547109964298 0.0027931976607572075 0.0030801518893805169 0.0031837428097839572 0.00080590721743337536 0.0052122674645903536 0.0049058699106319763 -0.0071265234075963413 0.00047276588564589277 0.0005985331138409711 0.018164985987581313 0.0061974193974877363 0.017700007117204365 0.017700007117204365
leaf_weight=630 4747 527 3769 400 1393 161 203 893 52345 2369 12622 59 228 734 176
leaf_count=630 4747 527 3769 400 1393 161 203 893 52345 2369 12622 59 228 734 176
internal_value=-0.00036219 0.0116904 -0.00215488 -0.00245357 0.00881428 0.0255417 0.0195301 0.0324288 -0.00333464 0.0064109 0.00134311 0.0107598 0.0159272 0.0168159 0.00480149
internal_weight=81256 10521 70735 69136 8712 1809 1596 1054 56114 7116 13022 1599 755 793 806
internal_count=81256 10521 70735 69136 8712 1809 1596 1054 56114 7116 13022 1599 755 793 806
is_linear=0
shrinkage=0.05


Tree=5
num_leaves=16
num_cat=0
split_feature=15 11 0 15 13 15 18 2 0 5 21 3 11 22 5
split_gain=648.98 162.581 92.7431 92.0809 90.7843 48.2003 32.1397 29.6505 26.2314 20.9092 19.7142 15.0255 9.51317 8.89379 5.76058
threshold=577.50000000000011 0.88297676467195652 17.42997173338448 383.50000000000006 0.90505493087402578 750.50000000000011 33.062500000000007 0.82649502802828911 62.585180691928436 -0.99630266176052629 0.89681153326855478 0.58216583101416142 0.33147565027900833 0.93223833136274059 0.98802474685579866
decision_type=2 2 2 2 2 2 2 2 2 2 2 2 2 2 2
left_child=2 4 10 8 7 11 -6 -2 -4 -5 12 -3 -1 -7 -12
right_child=1 5 3 9 6 13 -8 -9 -10 -11 14 -13 -14 -15 -16
leaf_value=0.0054124688695666116 0.001269429012146247 0.0031749165396481277 -0.00010846485526850859 0.0029261442949114927 0.0037112739884095861 0.0056089055607965125 0.0038229554571665211 0.0037693823995963156 -0.0068877286560168789 0.00060349171563144901 0.016815006761344148 0.0029206682147083166 0.016815006761344148 0.004966619535737158 0.016851541340190897
leaf_weight=727 5113 933 5954 404 499 112 760 1867 49898 13216 515 73 530 623 43
leaf_count=727 5113 933 5954 404 499 112 760 1867 49898 13216 515 73 530 623 43
internal_value=-0.000353589 0.0115882 -0.00202541 -0.00231691 0.00865457 0.025471 0.0210127 0.0064255 -0.00321582 0.00136931 0.00913223 0.0183598 0.0056603 0.0352041 0.0169534
internal_weight=81267 9980 71287 69472 8239 1741 1259 6980 55852 13620 1815 1006 1257 735 558
internal_count=81267 9980 71287 69472 8239 1741 1259 6980 55852 13620 1815 1006 1257 735 558
is_linear=0
shrinkage=0.05


Tree=6
num_leaves=16
num_cat=0
split_feature=15 11 2 15 15 15 13 1 2 5 22 3 11 18 10
split_gain=572.999 141.223 87.0281 86.0971 68.8828 46.3311 35.06 29.9865 22.6046 19.8459 18.9119 17.9752 7.57868 7.38907 4.73214
threshold=569.50000000000011 0.88297676467195652 0.078267929288525093 317.50000000000006 834.50000000000011 779.50000000000011 0.90505493087402578 506.85831987117746 0.14626561355229351 0.76696112484652035 0.75404438876174906 -0.097964660725097089 0.91422826481256447 96.937500000000014 7.3500000000000005
decision_type=2 2 2 2 2 2 2 2 2 2 2 2 2 2 2
left_child=2 4 10 8 6 11 -2 -5 -4 -6 13 -3 -7 -1 -12
right_child=1 5 3 7 9 12 -8 -9 -10 -11 14 -13 -14 -15 -16
leaf_value=0.015951007479758091 0.0018608856992611011 0.0026187342077436879 -0.00089734700299038967 -0.0018096167733609406 0.0045775510183094234 0.0038693772487523315 0.0032761261486180418 0.0010328356675429085 -0.0080966750288495818 0.00043849221448117871 0.01601350767622501 0.0041770560491400533 0.0049399616976689657 -0.0011417662955818697 0.01597425642327694
leaf_weight=822 7094 787 5790 5653 352 242 1124 13278 43876 113 277 502 303 534 619
leaf_count=822 7094 787 5790 5653 352 242 1124 13278 43876 113 277 502 303 534 619
internal_value=-0.000444044 0.0104464 -0.00206065 -0.00237817 0.0077836 0.0230534 0.00672426 0.000490992 -0.00347179 0.0265054 0.00761101 0.017886 0.0352752 0.00388643 0.0132478
internal_weight=81366 10517 70849 68597 8683 1834 8218 18931 49666 465 2252 1289 545 1356 896
internal_count=81366 10517 70849 68597 8683 1834 8218 18931 49666 465 2252 1289 545 1356 896
is_linear=0
shrinkage=0.05


Tree=7
num_leaves=16
num_cat=0
split_feature=15 15 1 15 11 13 6 1 17 11 1 2 9 22 5
split_gain=489.145 130.631 81.0781 81.4774 69.9315 31.0475 29.6603 28.0449 21.3587 18.2562 17.4844 14.0258 13.7463 6.67447 4.82866
threshold=569.50000000000011 822.00000000000011 30.756404504554286 315.50000000000006 0.88297676467195652 0.92636427219951867 -0.88620506325989179 506.85831987117746 108.50000000000001 0.91422826481256447 16.515562118626658 0.14626561355229351 0.43381517525804386 1.0094957306721377 -0.031173458710879235
decision_type=2 2 2 2 2 2 2 2 2 2 2 2 2 2 2
left_child=2 4 10 11 6 9 -2 -5 -6 -3 12 -4 -1 -12 -7
right_child=1 5 3 7 8 14 -8 -9 -10 -11 13 -13 -14 -15 -16
leaf_value=0.015175892320551524 0.0030442520272942835 0.0031475201483649076 -0.0014990928990716401 -0.0018173306743276552 1.016884602622573e-05 0.00072113833006628438 0.0011548657237949289 0.00096570101407861828 0.0035289968393742103 0.0049167853948383911 0.0047794098272859213 -0.0077273984282478616 0.01517554360211309 0.013278998367418016 0.0047143654839156167
leaf_weight=568 2520 503 5131 5692 154 46 5654 13411 1325 97 1390 43550 413 505 294
leaf_count=568 2520 503 5131 5692 154 46 5654 13411 1325 97 1390 43550 413 505 294
internal_value=-0.000472168 0.00954734 -0.00197424 -0.00232312 0.00781467 0.0273404 0.0060044 0.00044417 0.0178195 0.0205 0.00624826 -0.00340903 0.0116667 0.00344327 0.0394118
internal_weight=81253 10593 70660 67784 9653 940 8174 19103 1479 600 2876 48681 981 1895 340
internal_count=81253 10593 70660 67784 9653 940 8174 19103 1479 600 2876 48681 981 1895 340
is_linear=0
shrinkage=0.05


Tree=8
num_leaves=16
num_cat=0
split_feature=15 13 2 15 11 15 6 2 19 2 22 16 5 1 9
split_gain=433.691 127.541 75.3794 63.1976 57.8531 40.9012 25.3864 22.2042 21.857 20.2892 19.1423 15.8632 14.8528 7.45328 5.35081
threshold=510.50000000000006 0.90965043340625495 0.078267929288525093 766.50000000000011 0.88297676467195652 294.50000000000006 -0.78324956448884031 0.14626561355229351 27.468750000000004 0.5256239771667427 0.93434736226528903 16.550000000000004 -0.031173458710879235 14.069689152548628 0.36158079992652203
decision_type=2 2 2 2 2 2 2 2 2 2 2 2 2 2 2
left_child=2 4 11 10 6 7 -2 -4 -6 -7 -3 14 -5 -13 -1
right_child=1 3 5 12 8 9 -8 -9 -10 -11 -12 13 -14 -15 -16
leaf_value=0.0017567358465038396 0.0027109450235629664 0.0034130155977116329 -0.00057931274191896367 0.0018314248082349383 0.0031233773006427699 -0.0022791564471033201 0.0007209781317076392 -0.007661960775931842 -0.00020256756747905459 0.00063429440923752373 0.0026951731406809122 0.014417928869183383 0.0043724696469680966 0.014416766422007433 0.012188992078405476
leaf_weight=808 4229 854 5767 134 1478 6318 6430 41468 186 10920 483 331 559 756 365
leaf_count=808 4229 854 5767 134 1478 6318 6430 41468 186 10920 483 331 559 756 365
internal_value=-0.000531906 0.00735282 -0.00222776 0.0189655 0.00543983 -0.00254238 0.00408622 -0.00330317 0.0141106 -0.000457711 0.0126141 0.00674779 0.0312193 0.0110994 0.00271526
internal_weight=81086 14353 66733 2030 12323 64473 10659 47235 1664 17238 1337 2260 693 1087 1173
internal_count=81086 14353 66733 2030 12323 64473 10659 47235 1664 17238 1337 2260 693 1087 1173
is_linear=0
shrinkage=0.05


Tree=9
num_leaves=16
num_cat=0
split_feature=15 15 2 15 11 17 19 13 5 5 2 2 22 11 6
split_gain=380.669 111.017 62.17 68.4119 49.9286 42.1611 26.9174 25.8142 25.2399 25.0004 17.6754 10.5402 7.8792 6.57507 1.95791
threshold=563.50000000000011 822.00000000000011 0.078267929288525093 360.50000000000006 0.87094040218993729 113.50000000000001 25.893750000000004 0.93305714672841977 -0.45274443793211405 0.88621069759564464 0.14626561355229351 0.054992037015752067 0.75404438876174906 0.41979351616330435 -0.78324956448884031
decision_type=2 2 2 2 2 2 2 2 2 2 2 2 2 2 2
left_child=2 4 11 10 6 14 -2 -7 -6 -5 -4 13 -13 -1 -3
right_child=1 5 3 9 8 7 -8 -9 -10 -11 -12 12 -14 -15 -16
leaf_value=0.013733141232927005 0.0020359849197709623 0.00046936061935858313 -0.00074855937079134076 0.00096196394556443592 0.00042879635726946754 0.0042483245278518668 -0.0002182333196231401 0.0042478876990449492 0.0032290594986469877 -0.0016027314366795387 -0.0060895616411325727 0.0073784243171488954 0.013695869978548259 0.013695869978548259 -9.2095260532704126e-05
leaf_weight=193 6441 52 5774 11276 369 492 1542 286 1477 3562 47462 1196 723 131 100
leaf_count=193 6441 52 5774 11276 369 492 1542 286 1477 3562 47462 1196 723 131 100
internal_value=-0.000593025 0.00816572 -0.00193318 -0.00220304 0.00660342 0.0246774 0.00488976 0.029383 0.0140141 0.000799298 -0.00303986 0.00625724 0.00484888 0.0145988 0.000592104
internal_weight=81076 10759 70317 68074 9829 930 7983 778 1846 14838 53236 2243 1919 324 152
internal_count=81076 10759 70317 68074 9829 930 7983 778 1846 14838 53236 2243 1919 324 152
is_linear=0
shrinkage=0.05


Tree=10
num_leaves=16
num_cat=0
split_feature=15 15 2 11 2 18 17 13 19 19 2 1 11 22 6
split_gain=340.451 111.573 59.4017 45.6656 42.891 40.1379 38.2739 26.4881 24.8536 17.7406 15.2678 15.1619 9.98537 7.351 2.50124
threshold=510.50000000000006 822.00000000000011 0.090840179555606179 0.88297676467195652 0.48754843495438849 92.187500000000014 113.50000000000001 0.93305714672841977 25.893750000000004 27.468750000000004 0.14626561355229351 14.069689152548628 0.42494102084372659 1.0094957306721377 -0.78324956448884031
decision_type=2 2 2 2 2 2 2 2 2 2 2 2 2 2 2
left_child=2 3 11 8 10 -6 14 -8 -2 -5 -4 12 -1 -13 -3
right_child=1 6 4 9 5 -7 7 -9 -10 -11 -12 13 -14 -15 -16
leaf_value=0.013036744413802768 0.0017342650240308466 0.00047483090235549976 -0.0013577405969869283 0.0027692016905678466 0.0013303386374811745 -0.0037801628008687195 0.004028952911383746 0.0040262274712890844 -0.00028952526507945996 -0.00012586792132828568 -0.0059293394009080243 0.0035946093815472481 0.013017527207722793 0.011392152969043917 -8.7973913855676766e-05
leaf_weight=371 9609 52 4822 1691 8390 12199 484 283 1925 227 38134 1858 256 749 103
leaf_count=371 9609 52 4822 1691 8390 12199 484 283 1925 227 38134 1858 256 749 103
internal_value=-0.000661283 0.00631905 -0.00216378 0.00516577 -0.0025002 -0.000623878 0.0231453 0.0277249 0.0039778 0.0123097 -0.00339953 0.0044465 0.0114274 0.00276755 0.00048387
internal_weight=81153 14374 66779 13452 63545 20589 922 767 11534 1918 42956 3234 627 2607 155
internal_count=81153 14374 66779 13452 63545 20589 922 767 11534 1918 42956 3234 627 2607 155
is_linear=0
shrinkage=0.05


Tree=11
num_leaves=16
num_cat=0
split_feature=15 15 2 0 11 13 18 19 11 3 1 22 1 11 10
split_gain=313.494 96.5048 58.5073 42.7772 41.3158 40.3721 37.3517 23.9561 23.5548 21.1485 16.4779 14.4556 13.0448 10.5127 5.17475
threshold=510.50000000000006 822.00000000000011 0.094852996890828503 349.67348706193633 0.87094040218993729 0.93305714672841977 92.187500000000014 26.131250000000005 0.91422826481256447 -0.097964660725097089 16.515562118626658 0.9713888976263666 91.428863988735031 0.40138615773322101 49.650000000000006
decision_type=2 2 2 2 2 2 2 2 2 2 2 2 2 2 2
left_child=2 4 10 12 7 8 -5 -2 -3 -6 13 -7 -4 -1 -12
right_child=1 5 3 6 9 11 -8 -9 -10 -11 14 -13 -14 -15 -16
leaf_value=0.012394646950590517 0.0016694423548141463 0.0025362966834949104 -0.0022470773401402078 0.0011037965169778841 0.0018597677159252037 0.0022103279560917624 -0.0038276629110617967 -0.00039556363309685151 0.0040538586216301012 0.0034737038645221508 -8.445826572072446e-05 0.0038648758742075469 -0.0060226927405499057 0.012441526953527449 0.0097484191333504534
leaf_weight=550 9453 532 5463 9188 1417 101 12730 1791 107 846 1379 208 35895 415 1188
leaf_count=550 9453 532 5463 9188 1417 101 12730 1791 107 846 1379 208 35895 415 1188
internal_value=-0.000673309 0.00600311 -0.00211786 -0.00246745 0.00492078 0.021424 -0.000681633 0.00368018 0.0142488 0.0110848 0.00414496 0.0362621 -0.00341385 0.00971502 0.00205103
internal_weight=81263 14455 66808 63276 13507 948 21918 11244 639 2263 3532 309 41358 965 2567
internal_count=81263 14455 66808 63276 13507 948 21918 11244 639 2263 3532 309 41358 965 2567
is_linear=0
shrinkage=0.05


Tree=12
num_leaves=16
num_cat=0
split_feature=15 15 0 11 15 17 1 6 5 20 11 11 1 21 19
split_gain=271.173 85.4791 57.3633 47.2028 41.4938 35.4566 22.5594 22.4332 19.3422 14.5286 14.1149 13.7181 13.0457 4.87495 0.557143
threshold=510.50000000000006 839.50000000000011 27.768902285068922 0.88297676467195652 294.50000000000006 113.50000000000001 826.13423661601553 -0.57077231802681661 0.86113431103781346 1.7531250000000005 0.42494102084372659 0.33853830530126588 14.069689152548628 0.74237992795631536 25.643750000000004
decision_type=2 2 2 2 2 2 2 2 2 2 2 2 2 2 2
left_child=2 3 11 7 10 14 -5 -2 -6 -7 -4 13 -13 -1 -3
right_child=1 5 4 6 8 9 -8 -9 -10 -11 -12 12 -14 -15 -16
leaf_value=-0.0003325452021724505 0.0017891580461906883 -0.00026882150377606061 -0.008426643406243944 0.0015533486662417054 0.00046131085622713036 0.0024364197972924582 0.0037956312404752723 0.00021870991516108898 -0.0026818047483681204 0.0037225751889532186 -0.0025930943310882807 0.011849570611097227 0.0099783188849473185 0.011369714791023484 0.00014787931757828112
leaf_weight=1243 7669 65 31122 1363 12920 73 643 4137 4316 408 15117 314 1146 619 40
leaf_count=1243 7669 65 31122 1363 12920 73 643 4137 4316 408 15117 314 1146 619 40
internal_value=-0.00074666 0.00547715 -0.00208819 0.00468361 -0.0024234 0.0241809 0.0117747 0.00347874 -0.000329544 0.0299272 -0.0032039 0.00431668 0.0079452 0.00147153 -0.00214286
internal_weight=81195 14398 66797 13812 63475 586 2006 11806 17236 481 46239 3322 1460 1862 105
internal_count=81195 14398 66797 13812 63475 586 2006 11806 17236 481 46239 3322 1460 1862 105
is_linear=0
shrinkage=0.05


Tree=13
num_leaves=16
num_cat=0
split_feature=15 12 2 11 22 15 15 6 11 5 9 1 9 1 15
split_gain=241.208 83.3595 50.6325 44.6586 42.8577 42.7728 27.1439 25.734 19.8768 19.467 16.6859 14.3406 12.529 4.81281 1.91089
threshold=510.50000000000006 620.25000000000011 0.10566818577182599 0.91422826481256447 0.9713888976263666 294.50000000000006 756.50000000000011 -0.89404254237865755 0.86753702545146505 0.86113431103781346 0.35811692819421032 14.069689152548628 0.39101972907915011 18.559747089846478 850.50000000000011
decision_type=2 2 2 2 2 2 2 2 2 2 2 2 2 2 2
left_child=2 3 10 7 8 12 -5 -2 -3 -7 13 -12 -4 -1 -6
right_child=1 4 5 6 14 9 -8 -9 -10 -11 11 -13 -14 -15 -16
leaf_value=0.0086615146658631289 0.0022502244133803047 0.0032461504226240557 -0.008279266104248395 0.0018176892070297657 0.0036082356790373953 0.00048390633052065559 0.0035708515536010421 0.00067259211034235717 0.0042983331718959294 -0.0026110690911024027 0.011258237083333636 0.0094241501738168369 -0.0029895467398451726 -0.0027101656039923492 0.0034455435445665873
leaf_weight=697 3787 414 27416 810 99 12936 243 8812 159 4300 311 1686 17735 1778 109
leaf_count=697 3787 414 27416 810 99 12936 243 8812 159 4300 311 1686 17735 1778 109
internal_value=-0.000756656 0.00510531 -0.00202209 0.00419645 0.0209923 -0.00239048 0.0140883 0.00336971 0.0139354 -0.000271526 0.00311717 0.00651727 -0.00319938 0.000373736 0.0404327
internal_weight=81292 14433 66859 13652 781 62387 1053 12599 573 17236 4472 1997 45151 2475 208
internal_count=81292 14433 66859 13652 781 62387 1053 12599 573 17236 4472 1997 45151 2475 208
is_linear=0
shrinkage=0.05


Tree=14
num_leaves=16
num_cat=0
split_feature=15 13 2 11 0 22 22 15 6 11 1 22 15 11 9
split_gain=237.194 83.7514 48.4284 39.1702 35.515 32.5513 32.0346 31.6257 26.8564 14.7661 13.8413 9.44608 8.15172 8.02828 7.5946
threshold=486.50000000000006 0.94796072166598544 0.10566818577182599 0.91422826481256447 349.67348706193633 0.96856514144734418 0.52606720290493003 811.50000000000011 -0.78324956448884031 0.86753702545146505 14.069689152548628 0.60425147473773888 779.50000000000011 0.40138615773322101 0.32070693245821907
decision_type=2 2 2 2 2 2 2 2 2 2 2 2 2 2 2
left_child=2 3 10 8 11 9 -6 -5 -2 -3 13 -4 -7 -1 -12
right_child=1 5 4 7 6 12 -8 -9 -10 -11 14 -13 -14 -15 -16
leaf_value=0.010647733659680355 0.0020295116690076725 0.003469272386510216 -0.0093723720323570688 0.0017780652299282951 -0.007849285014831087 0.0020532319907446972 0.00069182254680530972 0.0034447068754713192 0.00039327898475375326 0.0040195924622381373 -0.00057373557522848119 -0.0032835062345778175 0.0033087311645038191 0.010694180226375683 0.0088378759673653808
leaf_weight=360 5987 529 19840 987 8417 60 11688 159 8111 208 2056 20553 190 276 1801
leaf_count=360 5987 529 19840 987 8417 60 11688 159 8111 208 2056 20553 190 276 1801
internal_value=-0.00071237 0.00469441 -0.00206267 0.0037805 -0.00243463 0.0188095 -0.000717484 0.0126702 0.00305788 0.013521 0.00294569 -0.00328931 0.0344 0.00977987 0.00181877
internal_weight=81222 16231 64991 15244 60498 987 20105 1146 14098 737 4493 40393 250 636 3857
internal_count=81222 16231 64991 15244 60498 987 20105 1146 14098 737 4493 40393 250 636 3857
is_linear=0
shrinkage=0.05


Tree=15
num_leaves=16
num_cat=0
split_feature=15 15 0 13 17 0 18 19 17 11 1 22 11 10 21
split_gain=197.138 79.1959 44.3329 38.6603 36.3129 33.3878 28.8737 28.0601 15.4656 15.3528 13.1272 10.7117 7.81279 6.28373 0.122727
threshold=486.50000000000006 850.50000000000011 36.354587091161655 0.94796072166598544 113.50000000000001 349.67348706193633 92.187500000000014 26.131250000000005 151.50000000000003 0.86753702545146505 14.069689152548628 0.59684832315422798 0.40138615773322101 41.550000000000004 1.0273380354483297
decision_type=2 2 2 2 2 2 2 2 2 2 2 2 2 2 2
left_child=2 3 10 7 14 11 -7 -2 -6 -5 12 -4 -1 -12 -3
right_child=1 4 5 9 8 6 -8 -9 -10 -11 13 -13 -14 -15 -16
leaf_value=0.010056290878512113 0.0013933867702606685 -0.00040920712791243984 -0.0089523176953741641 0.0032971717966773328 0.0033559781032842305 0.00096675470445133365 -0.0036959717431032583 -0.00041639765292259998 0.0026746753346022058 0.0037091259948959748 -0.0010241164660954982 -0.0030673253117852353 0.010160633662120614 0.0081004194365631808 -0.00035111862628324221
leaf_weight=380 12620 40 19507 597 238 7876 12367 2361 104 262 1899 20907 271 1987 48
leaf_count=380 12620 40 19507 597 238 7876 12367 2361 104 262 1899 20907 271 1987 48
internal_value=-0.000747202 0.0041764 -0.00197595 0.00360164 0.0253488 -0.00233254 -0.000675049 0.00301014 0.0327193 0.0139173 0.00279149 -0.00316277 0.00936252 0.00169068 -0.00329546
internal_weight=81464 16270 65194 15840 430 60657 20243 14981 342 859 4537 40414 651 3886 88
internal_count=81464 16270 65194 15840 430 60657 20243 14981 342 859 4537 40414 651 3886 88
is_linear=0
shrinkage=0.05


Tree=16
num_leaves=16
num_cat=0
split_feature=15 15 1 22 5 17 0 18 20 9 4 1 2 13 19
split_gain=164.922 70.3968 42.7919 29.9446 37.0403 29.0852 26.1862 25.1009 16.4834 13.8281 11.8614 10.4962 10.428 5.08896 0.136765
threshold=449.50000000000006 839.50000000000011 47.875556161554172 1.0547836068262837 0.8697513045430848 113.50000000000001 321.9709346175556 86.812500000000014 1.7531250000000005 0.35188243739450648 -0.91037613702198739 14.069689152548628 0.18109320448608909 -1.0000000180025095e-35 25.056250000000006
decision_type=2 2 2 2 2 2 2 2 2 2 2 2 2 2 2
left_child=2 3 9 4 -2 14 12 -8 -7 13 -5 -11 -4 -1 -3
right_child=1 5 6 10 -6 8 7 -9 -10 11 -12 -13 -14 -15 -16
leaf_value=0.010028283367898946 0.0014112039149681956 -0.00036615163628846983 -0.00209760429467327 0.0024779748157548022 -0.00061599202594289084 0.0018618877489322676 0.00088576286594319042 -0.003424340244630281 0.002993107435547327 0.0096514395319508683 0.00058473460236063701 0.0076458436541543794 -0.0055448164141844256 -0.00084510510890919554 -0.00038874677151681586
leaf_weight=76 14047 62 6434 102 3870 70 6344 14478 397 323 45 1914 30714 2495 40
leaf_count=76 14047 62 6434 102 3870 70 6344 14478 397 323 45 1914 30714 2495 40
internal_value=-0.00078804 0.00334272 -0.00201408 0.00279728 0.00261288 0.020659 -0.00239003 -0.000970609 0.0259422 0.00251872 0.0252721 0.00539338 -0.00318564 1.75017e-05 -0.00352941
internal_weight=81411 18633 62778 18064 17917 569 57970 20822 467 4808 147 2237 37148 2571 102
internal_count=81411 18633 62778 18064 17917 569 57970 20822 467 4808 147 2237 37148 2571 102
is_linear=0
shrinkage=0.05


Tree=17
num_leaves=16
num_cat=0
split_feature=15 1 22 22 0 1 19 5 6 11 5 1 11 18 6
split_gain=165.128 79.3014 54.1137 46.0857 39.3839 31.2447 30.4144 37.1658 24.4589 22.3511 19.3698 17.1916 13.3189 5.77017 4.13005
threshold=569.50000000000011 842.29432769727725 0.9713888976263666 0.64510583258212084 421.92548715510821 51.193900140908774 24.693750000000005 0.75580964594513067 -0.92272482904738262 0.86753702545146505 -0.9905448150984083 18.559747089846478 0.42722053100543395 94.687500000000014 -0.78324956448884031
decision_type=2 2 2 2 2 2 2 2 2 2 2 2 2 2 2
left_child=3 6 9 11 5 -5 7 -2 -4 -3 -6 13 -13 -1 -8
right_child=1 2 8 4 10 -7 14 -9 -10 -11 -12 12 -14 -15 -16
leaf_value=0.010649265826353374 0.0017465169137805493 0.002735124806287651 0.0029140887461024966 0.0073259209446123411 0.0028585818333849771 -0.0018061497844428455 -3.1173759937985499e-05 -8.7236893601762495e-05 0.0033824857977563802 0.003069565310917888 0.0011355347322173648 -0.0086582279401076333 -0.0022778116910278632 -0.00070962939459132124 -0.00089028271077145672
leaf_weight=424 3360 1739 277 2598 354 23017 913 2384 181 574 8444 26421 9033 293 1168
leaf_count=424 3360 1739 277 2598 354 23017 913 2384 181 574 8444 26421 9033 293 1168
internal_value=-0.000712615 0.00510759 0.0123764 -0.00158634 -0.000276496 -0.00126781 0.00253355 0.00440982 0.0280786 0.00926718 0.00260968 -0.00283252 -0.00298753 0.00483263 -0.00264536
internal_weight=81180 10596 2771 70584 34413 25615 7825 5744 458 2313 8798 36171 35454 717 2081
internal_count=81180 10596 2771 70584 34413 25615 7825 5744 458 2313 8798 36171 35454 717 2081
is_linear=0
shrinkage=0.05


Tree=18
num_leaves=15
num_cat=0
split_feature=15 15 0 22 17 1 22 1 19 11 11 19 18 17
split_gain=144.27 64.9604 38.8626 30.5161 29.659 28.8269 33.2001 27.5401 23.6905 16.9689 7.68112 6.86733 6.14256 4.66791
threshold=486.50000000000006 839.50000000000011 17.42997173338448 0.5215573260631885 113.50000000000001 829.34325601962485 0.78357004264756969 482.93973195035323 26.131250000000005 0.9064770476780355 0.41366650029419144 7.0187500000000016 78.312500000000014 30.500000000000004
decision_type=2 2 2 2 2 2 2 2 2 2 2 2 2 2
left_child=2 5 10 12 -3 8 -7 -5 -2 -6 13 -12 -4 -1
right_child=1 4 3 7 9 6 -8 -9 -10 -11 11 -13 -14 -15
leaf_value=0.0048670375657494745 0.00091065571656866466 -0.00053727126518925746 -0.004385952063451065 -0.0022178704150374374 0.0026470051550066378 0.0011692895620983689 0.0029922287881843194 0.00083174170146385444 -0.00078259766520096408 0.002667266405524732 0.0099250367323798008 0.0086911246685838061 -0.0094690825301765105 0.010735761934459022
leaf_weight=932 10334 99 7911 27248 329 1620 1878 9431 1914 150 133 555 18624 167
leaf_count=932 10334 99 7911 27248 329 1620 1878 9431 1914 150 133 555 18624 167
internal_value=-0.000751615 0.00345075 -0.00180697 -0.00201253 0.0199135 0.00284644 0.00684963 -0.00107814 0.00170313 0.0250626 0.00546446 0.00960756 -0.00330413 0.00287079
internal_weight=81325 16324 65001 63214 578 15746 3498 36679 12248 479 1787 688 26535 1099
internal_count=81325 16324 65001 63214 578 15746 3498 36679 12248 479 1787 688 26535 1099
is_linear=0
shrinkage=0.05


Tree=19
num_leaves=15
num_cat=0
split_feature=15 15 11 17 13 2 17 0 1 11 15 11 6 22
split_gain=132.799 62.4384 35.3963 34.1655 30.8943 24.2965 21.2399 20.8759 14.9698 14.6835 11.7758 11.7109 8.3164 5.42072
threshold=486.50000000000006 850.50000000000011 0.42494102084372659 113.50000000000001 0.94796072166598544 0.10566818577182599 111.50000000000001 321.9709346175556 47.875556161554172 0.87094040218993729 237.50000000000003 0.91422826481256447 0.95436825032516992 0.75647429416590917
decision_type=2 2 2 2 2 2 2 2 2 2 2 2 2 2
left_child=2 4 8 -3 6 12 -2 -7 13 -6 -10 -5 -4 -1
right_child=1 3 5 11 9 7 -8 -9 10 -11 -12 -13 -14 -15
leaf_value=-0.0028924041955873535 -0.00044146336113365896 -0.00039098540131130011 0.0082547417062122774 0.0027154127940485135 0.002761275276549019 -0.0023936139509129419 0.0011554622212805851 0.00068888758520912606 -0.0071803699611345806 0.0029603010056814764 -0.0017670465589769823 0.0025339103997468917 0.013019225854315987 0.0070770926257005158
leaf_weight=1957 2415 90 1492 222 614 13453 12618 10185 26769 255 9975 109 120 1107
leaf_count=1957 2415 90 1492 222 614 13453 12618 10185 26769 255 9975 109 120 1107
internal_value=-0.000721976 0.00331036 -0.00173368 0.0223159 0.00280719 -0.000269308 0.00227732 -0.000674339 -0.00266253 0.0119735 -0.00294252 0.0297432 0.00566997 0.000695169
internal_weight=81381 16323 65058 421 15902 25250 15033 23638 39808 869 36744 331 1612 3064
internal_count=81381 16323 65058 421 15902 25250 15033 23638 39808 869 36744 331 1612 3064
is_linear=0
shrinkage=0.05


Tree=20
num_leaves=16
num_cat=0
split_feature=15 12 1 22 11 15 1 22 19 11 11 16 1 4 18
split_gain=121.592 58.6425 33.806 31.5491 27.6409 32.4103 25.5836 24.137 21.3754 14.7761 8.51691 7.1958 5.94372 4.22553 3.48323
threshold=486.50000000000006 632.25000000000011 20.754677742411179 0.5215573260631885 0.91422826481256447 850.50000000000011 490.55150450262278 0.9713888976263666 23.268750000000008 0.86753702545146505 0.38883399382227229 16.550000000000004 881.32549481136391 -0.63405362205439475 95.187500000000014
decision_type=2 2 2 2 2 2 2 2 2 2 2 2 2 2 2
left_child=2 4 11 10 8 -6 -5 9 -2 -3 -4 14 -9 -13 -1
right_child=1 7 3 6 5 -7 -8 12 -10 -11 -12 13 -14 -15 -16
leaf_value=0.00804444309784021 0.0011537148649918177 0.0028627826162836824 -0.0093339349049790608 -0.0018604927311618052 0.0016900420656102697 0.0024751091765892741 0.0009452061563714198 0.0026584128798458301 -0.00026137298805834814 0.0032063608797131119 -0.0027569769474158736 0.0087778236030450103 0.0024279836596195568 0.0080482204721890518 -0.0015986568200522244
leaf_weight=345 10036 328 20087 27713 1119 65 9031 91 4327 131 6503 60 82 727 467
leaf_count=345 10036 328 20087 27713 1119 65 9031 91 4327 131 6503 60 82 727 467
internal_value=-0.000707172 0.00317108 -0.0016735 -0.00185477 0.00256416 0.00990709 -0.000905455 0.0181013 0.00195885 0.0121024 -0.00316661 0.00550657 0.0340173 0.00891359 0.00220443
internal_weight=81112 16179 64933 63334 15547 1184 36744 632 14363 459 26590 1599 173 787 812
internal_count=81112 16179 64933 63334 15547 1184 36744 632 14363 459 26590 1599 173 787 812
is_linear=0
shrinkage=0.05


Tree=21
num_leaves=16
num_cat=0
split_feature=15 12 11 0 15 22 0 18 22 22 9 11 6 1 13
split_gain=112.662 60.0674 35.0483 31.1851 30.7302 29.5236 25.6749 25.272 20.9605 11.6927 11.6042 10.4775 10.2299 6.12016 4.07326
threshold=449.50000000000006 632.25000000000011 0.91422826481256447 42.88952747603151 850.50000000000011 0.96698013714576991 321.9709346175556 92.562500000000014 1.0547836068262837 1.1514808641025693 0.37802901622471824 0.87094040218993729 0.95936279103287792 881.32549481136391 -1.0000000180025095e-35
decision_type=2 2 2 2 2 2 2 2 2 2 2 2 2 2 2
left_child=3 2 8 10 -4 11 9 -8 -2 -5 14 -3 -12 -7 -1
right_child=1 5 4 6 -6 13 7 -9 -10 -11 12 -13 -14 -15 -16
leaf_value=0.0079775072248475364 0.00047794620815075822 0.0027173802965677896 0.001625762050241093 -0.0043082882892714258 0.0023785375401237708 0.0023693046918954975 0.00099582938891606943 -0.0032982127334357791 0.0017230439710410441 0.001577062428396247 0.0061180005168931188 0.0032812029917623667 0.012461289198158277 0.002286581308577122 -0.0012108809499180322
leaf_weight=77 16653 329 1282 35711 65 99 7945 12722 130 811 2206 129 145 89 2987
leaf_count=77 16653 329 1282 35711 65 99 7945 12722 130 811 2206 129 145 89 2987
internal_value=-0.000701033 0.00269599 0.00216216 -0.00171986 0.00992205 0.017678 -0.00206325 -0.00065491 0.00153935 -0.0028602 0.00190674 0.0108297 0.00454913 0.0343617 -0.000120758
internal_weight=81380 18776 18130 62604 1347 646 57189 20667 16783 36522 5415 458 2351 188 3064
internal_count=81380 18776 18130 62604 1347 646 57189 20667 16783 36522 5415 458 2351 188 3064
is_linear=0
shrinkage=0.05


Tree=22
num_leaves=16
num_cat=0
split_feature=15 1 22 11 19 6 0 22 5 22 2 21 19 0 5
split_gain=106.909 58.9962 60.7243 32.3085 24.2513 27.6395 23.6764 20.7523 17.2649 14.8783 9.62397 9.57312 6.35583 6.10382 2.18849
threshold=510.50000000000006 858.28592681893656 0.9713888976263666 0.40138615773322101 26.131250000000005 -0.64580103137750788 12.846731061816845 0.74839037964735244 0.75580964594513067 0.52606720290493003 0.54351136375314157 0.99185011748463714 18.056250000000006 42.88952747603151 0.21022171450811275
decision_type=2 2 2 2 2 2 2 2 2 2 2 2 2 2 2
left_child=3 4 7 9 5 -2 12 -3 -8 13 -11 -4 -5 -1 -6
right_child=1 2 11 6 14 -7 8 -9 -10 10 -12 -13 -14 -15 -16
leaf_value=-0.0022344782795212163 0.0013704424392535963 -0.00057803890662203039 0.0027550817222467341 0.0072471560086462385 -0.00085039854720750938 8.4897838772340928e-05 0.00024885689193924478 0.0028873034879132566 -0.0024239994722756761 -0.002684215004771773 0.00055010476519566371 0.0022324268407536208 0.00082986148309863736 -0.008870044037771762 0.00013231733526589346
leaf_weight=1739 5006 529 202 255 1764 5159 20897 1437 6625 14086 3755 97 109 19349 274
leaf_count=1739 5006 529 202 255 1764 5159 20897 1437 6625 14086 3755 97 109 19349 274
internal_value=-0.000678679 0.00321814 0.0106291 -0.00152249 0.00184258 0.00284063 -0.000223411 0.00743642 -0.000390961 -0.00245306 -0.00139034 0.0316221 0.0124451 -0.00335214 -0.00313543
internal_weight=81283 14468 2265 66815 12203 10165 27886 1966 27522 38929 17841 299 364 21088 2038
internal_count=81283 14468 2265 66815 12203 10165 27886 1966 27522 38929 17841 299 364 21088 2038
is_linear=0
shrinkage=0.05


Tree=23
num_leaves=16
num_cat=0
split_feature=15 1 11 22 0 19 6 13 12 5 1 11 22 18 6
split_gain=97.3915 65.1276 45.2835 37.3662 24.3029 24.1243 30.7334 22.9735 15.7279 14.0171 13.7959 9.5073 9.33386 3.79874 2.84501
threshold=577.50000000000011 842.29432769727725 0.86753702545146505 0.63896188710792401 421.92548715510821 24.481250000000006 -0.64580103137750788 0.86379296844321607 644.25000000000011 -0.9905448150984083 20.754677742411179 0.42722053100543395 0.9713888976263666 96.937500000000014 -0.80417042486635371
decision_type=2 2 2 2 2 2 2 2 2 2 2 2 2 2 2
left_child=3 5 12 10 7 6 -2 -5 -4 -6 13 -12 -3 -1 -7
right_child=1 2 8 4 9 14 -8 -9 -10 -11 11 -13 -14 -15 -16
leaf_value=0.007633209295950483 0.0014462219222700135 0.0021757195170047806 0.0022499410652582368 -0.001301939550285164 0.002620812240482068 -0.00013413133898903563 -2.7842025050601589e-05 0.0045748120378517557 0.0024286828812596414 0.00084621247182101178 -0.0069059855249423213 -0.0017502101461129083 0.0024131623677262136 -0.00052067879089529034 -0.00091345960387284044
leaf_weight=526 2404 1680 665 24847 334 860 2844 1104 148 9057 26108 8819 184 359 1240
leaf_count=526 2404 1680 665 24847 334 860 2844 1104 148 9057 26108 8819 184 359 1240
internal_value=-0.000676223 0.00393765 0.0106145 -0.00132628 -0.000172883 0.00150517 0.00331745 -0.000961621 0.0204613 0.00200671 -0.00246454 -0.00262075 0.00631974 0.00370056 -0.00302381
internal_weight=81179 10025 2677 71154 35342 7348 5248 25951 813 9391 35812 34927 1864 885 2100
internal_count=81179 10025 2677 71154 35342 7348 5248 25951 813 9391 35812 34927 1864 885 2100
is_linear=0
shrinkage=0.05


Tree=24
num_leaves=16
num_cat=0
split_feature=15 1 22 22 19 6 1 0 5 11 2 21 18 6 18
split_gain=86.0212 54.4133 50.6904 34.1828 25.0054 35.6374 22.3801 21.9466 15.2541 14.6177 14.5529 10.5833 8.32228 6.48755 5.62318
threshold=577.50000000000011 858.28592681893656 0.9713888976263666 0.5293860047854887 23.031250000000004 -0.6652727025667432 506.85831987117746 62.585180691928436 0.91248814248966237 0.86753702545146505 0.071283149758447253 0.99185011748463714 94.812500000000014 -0.78324956448884031 97.687500000000014
decision_type=2 2 2 2 2 2 2 2 2 2 2 2 2 2 2
left_child=3 4 9 10 5 -2 7 -5 -8 -3 14 -4 -12 -6 -1
right_child=1 2 11 6 13 -7 8 -9 -10 -11 12 -13 -14 -15 -16
leaf_value=0.0083078397790220908 0.0016586420390378887 0.002359308450905458 0.0024977058358421236 0.0036569627181397856 0.00014743679310312286 0.00018409069172836849 0.0011168450696639942 -0.0017712201262230392 -0.0013055592553117279 0.0023554919093524197 -0.0031451615369690587 0.0019404068341249026 -0.0085418327822495681 -0.00081614343387900886 -0.0051285961072214947
leaf_weight=523 1948 1270 206 4588 1633 2859 10985 24920 2804 400 10835 102 16418 1602 302
leaf_count=523 1948 1270 206 4588 1633 2859 10985 24920 2804 400 10835 102 16418 1602 302
internal_value=-0.000665583 0.00367265 0.0111021 -0.00127461 0.00184531 0.00413251 -0.000393446 -0.00117053 0.00126949 0.00766467 -0.00263338 0.0297403 -0.00283143 -0.00155332 0.00390909
internal_weight=81395 10020 1978 71375 8042 4807 43297 29508 13789 1670 28078 308 27253 3235 825
internal_count=81395 10020 1978 71375 8042 4807 43297 29508 13789 1670 28078 308 27253 3235 825
is_linear=0
shrinkage=0.05


Tree=25
num_leaves=16
num_cat=0
split_feature=15 1 22 22 19 6 0 0 5 11 1 21 18 18 6
split_gain=76.0157 53.6262 45.7187 33.2573 22.8176 30.3846 22.3686 19.1101 14.6719 12.5411 11.852 9.03581 7.86624 6.0365 5.5644
threshold=577.50000000000011 858.28592681893656 0.9713888976263666 0.5215573260631885 23.031250000000004 -0.6652727025667432 421.92548715510821 62.585180691928436 0.91248814248966237 0.87094040218993729 18.559747089846478 0.99185011748463714 99.437500000000014 94.687500000000014 -0.78324956448884031
decision_type=2 2 2 2 2 2 2 2 2 2 2 2 2 2 2
left_child=3 4 9 10 5 -2 7 -5 -8 -3 13 -4 -12 -1 -6
right_child=1 2 11 6 14 -7 8 -9 -10 -11 12 -13 -14 -15 -16
leaf_value=0.0077306496120711212 0.0014512226562403531 0.0023591236661139789 0.0024970416492728054 0.0036804691000061015 7.7448419452525374e-05 0.00017210686587253797 0.0012145352767812848 -0.0015507087414687668 -0.0011592937701614358 0.0022421236474652532 -0.0037755471522440149 0.0018079380280427043 -0.0094711567265201198 -0.0037935694624246299 -0.0007882944734601818
leaf_weight=394 1973 1264 211 4626 1638 2880 10198 26363 2661 387 15796 96 10965 266 1595
leaf_count=394 1973 1264 211 4626 1638 2880 10198 26363 2661 387 15796 96 10965 266 1595
internal_value=-0.000664286 0.003408 0.0108325 -0.0012382 0.00161019 0.00377807 -0.000384055 -0.00111152 0.00136908 0.00753785 -0.00260403 0.0285505 -0.00276727 0.00401515 -0.00164399
internal_weight=81313 10044 1958 71269 8086 4853 43848 30989 12859 1651 27421 307 26761 660 3233
internal_count=81313 10044 1958 71269 8086 4853 43848 30989 12859 1651 27421 307 26761 660 3233
is_linear=0
shrinkage=0.05


Tree=26
num_leaves=15
num_cat=0
split_feature=15 1 22 11 6 1 19 11 2 22 18 6 19 0
split_gain=70.2611 52.2216 43.4872 32.1228 24.3824 24.2666 17.0789 16.1071 15.2704 12.9203 10.8263 9.61762 6.91038 4.89967
threshold=577.50000000000011 858.28592681893656 0.9713888976263666 0.34478620775616037 0.2499757677084001 20.754677742411179 24.481250000000006 0.87094040218993729 0.42246796305136108 0.46586128174426661 34.687500000000007 -0.73865259438682551 7.0187500000000016 14.433246457543694
decision_type=2 2 2 2 2 2 2 2 2 2 2 2 2 2
left_child=3 4 7 9 6 12 -2 -3 -7 13 -4 -11 -5 -1
right_child=1 2 10 5 -6 8 -8 -9 -10 11 -12 -13 -14 -15
leaf_value=0.004299497349413756 0.00070884316545181134 0.0021762755573162709 0.0019157710821983511 0.0083129878197227402 0.0024035498369932295 -0.001784354468986266 -0.00051618319539404884 0.0023839024661545488 0.0004606458182847842 0.00057232071411668849 0.0026504551587944849 -0.0025211412514349225 0.0064713878865645504 -0.0081018657620365916
leaf_weight=335 5771 1280 224 152 58 16410 2267 377 17990 4100 79 14574 584 17096
leaf_count=335 5771 1280 224 152 58 16410 2267 377 17990 4100 79 14574 584 17096
internal_value=-0.000648672 0.00326372 0.0105867 -0.00120092 0.00149086 -0.00012466 0.00125777 0.00740193 -0.000316862 -0.0022483 0.0280033 -0.00133448 0.00885869 -0.0032273
internal_weight=81297 10056 1960 71241 8096 35136 8038 1657 34400 36105 303 18674 736 17431
internal_count=81297 10056 1960 71241 8096 35136 8038 1657 34400 36105 303 18674 736 17431
is_linear=0
shrinkage=0.05


Tree=27
num_leaves=15
num_cat=0
split_feature=1 22 22 17 22 22 18 19 2 11 1 21 18 17
split_gain=61.2686 53.8314 40.9842 28.2595 21.9147 17.0207 16.0985 15.9872 11.4946 9.41703 7.88677 7.46353 4.29466 1.34909
threshold=858.28592681893656 0.97495241261619292 0.65288773899010466 175.50000000000003 0.71730668215980542 1.0454491616588848 67.187500000000014 27.468750000000004 0.071283149758447253 0.47379425364570832 865.7615156383946 0.99376977840234615 97.687500000000014 236.50000000000003
decision_type=2 2 2 2 2 2 2 2 2 2 2 2 2 2
left_child=2 4 8 5 13 -4 -5 -6 12 -10 -3 -12 -1 -2
right_child=1 10 3 6 7 -7 -8 -9 9 -11 11 -13 -14 -15
leaf_value=0.0067309238380696447 0.0024440392875779552 0.0016156982592132052 -0.00060923764142987731 0.0016785333125173387 0.0027647282332474432 0.0015442421559448509 0.0005468774690986167 -0.00026148320805285399 -0.005791229162695013 -0.00083172613474838397 0.002278200579601809 0.0016572010369066083 -0.0044016797750760983 -0.0016114185664746483
leaf_weight=568 494 56 26677 3084 1269 4099 8207 351 27783 7196 132 72 344 1115
leaf_count=568 494 56 26677 3084 1269 4099 8207 351 27783 7196 132 72 344 1115
internal_value=-0.000676944 0.00580539 -0.00096706 9.18761e-05 0.00404305 -0.000693074 0.00223142 0.00814815 -0.00220821 -0.0023527 0.0276923 0.0322549 0.00333333 -9.01193e-05
internal_weight=81447 3489 77958 42067 3229 30776 11291 1620 35891 34979 260 204 912 1609
internal_count=81447 3489 77958 42067 3229 30776 11291 1620 35891 34979 260 204 912 1609
is_linear=0
shrinkage=0.05


Tree=28
num_leaves=16
num_cat=0
split_feature=15 1 22 22 2 2 5 19 5 0 11 18 18 6 18
split_gain=62.5558 42.7999 36.9772 30.0032 19.9995 26.2515 20.3864 19.2129 34.5214 13.7158 13.0541 8.88272 7.54288 6.59813 4.99274
threshold=577.50000000000011 858.28592681893656 0.9713888976263666 0.5215573260631885 0.42246796305136108 0.18109320448608909 0.75580964594513067 21.981250000000006 0.75580964594513067 27.768902285068922 0.87094040218993729 37.062500000000007 99.437500000000014 -0.78324956448884031 89.437500000000014
decision_type=2 2 2 2 2 2 2 2 2 2 2 2 2 2 2
left_child=3 7 10 9 5 -5 -6 8 -2 14 -3 -4 -11 -9 -1
right_child=1 2 11 4 6 -7 -8 13 -10 12 -12 -13 -14 -15 -16
leaf_value=0.0067635039339914091 0.0014692026108827248 0.0018634936584699217 0.0017448173921268439 0.001888763634847518 0.00097052379959804516 -0.0029804288447654761 -0.00087118862305635516 0.00018098589635049669 -0.00019660290309967939 -0.00342986003536596 0.0021260709088147512 0.0024040223718746704 -0.0085164081829459462 -0.00062387313031649712 -0.0035040398586626549
leaf_weight=892 2067 1261 228 6651 14723 15659 6713 1990 2088 15155 388 71 10805 1923 689
leaf_count=892 2067 1261 228 6651 14723 15659 6713 1990 2088 15155 388 71 10805 1923 689
internal_value=-0.00059303 0.00310703 0.00975873 -0.0011129 -0.000299 -0.00134693 0.000791658 0.00150099 0.00386883 -0.00240569 0.00682535 0.0259365 -0.00268105 -0.00101329 0.00211575
internal_weight=81303 10016 1948 71287 43746 22310 21436 8068 4155 27541 1649 299 25960 3913 1581
internal_count=81303 10016 1948 71287 43746 22310 21436 8068 4155 27541 1649 299 25960 3913 1581
is_linear=0
shrinkage=0.05


Tree=29
num_leaves=16
num_cat=0
split_feature=15 1 11 9 19 5 2 2 19 22 22 6 6 18 6
split_gain=59.3266 42.6057 28.6925 26.5508 17.283 19.6599 15.5529 17.4885 14.1231 11.8545 11.6676 7.95903 7.68138 4.84016 2.00644
threshold=577.50000000000011 842.29432769727725 0.34478620775616037 0.88698240928856531 24.481250000000006 0.75580964594513067 0.10566818577182599 0.42246796305136108 26.806250000000002 0.9713888976263666 0.46586128174426661 -0.28519997588938989 0.95436825032516992 99.562500000000014 -0.80417042486635371
decision_type=2 2 2 2 2 2 2 2 2 2 2 2 2 2 2
left_child=2 4 10 9 5 -2 12 -8 -5 -3 13 -12 -4 -1 -6
right_child=1 3 6 8 14 -7 7 -9 -10 -11 11 -13 -14 -15 -16
leaf_value=-0.0049955296908554443 0.0010741016125047729 0.0016739776605347258 0.0056005633858807798 0.001758948359067239 -0.0001168801860312361 -0.00029041260907356652 -0.0019376736159350317 0.00040180318132588823 -4.5564203027970154e-05 0.001592812008505454 5.1508880469341996e-06 -0.0026022916426133025 0.011181366202428322 -0.010830493555114784 -0.00071768781293411472
leaf_weight=10129 3010 2078 1815 212 860 2231 14993 17949 54 325 7331 11278 142 7260 1222
leaf_count=10129 3010 2078 1815 212 860 2231 14993 17949 54 325 7331 11278 142 7260 1222
internal_value=-0.000620543 0.00298639 -0.00112889 0.00839453 0.00101529 0.00254627 -0.000107311 -0.000364581 0.0233835 0.00673533 -0.00211929 -0.00124913 0.0042233 -0.00305049 -0.00283862
internal_weight=80889 9992 70897 2669 7323 5241 34899 32942 266 2403 35998 18609 1957 17389 2082
internal_count=80889 9992 70897 2669 7323 5241 34899 32942 266 2403 35998 18609 1957 17389 2082
is_linear=0
shrinkage=0.05


Tree=30
num_leaves=16
num_cat=0
split_feature=0 11 2 15 18 14 10 19 19 22 10 19 22 18 0
split_gain=49.732 38.2233 25.9099 24.2365 22.8735 19.2155 11.2044 11.0254 10.518 9.79146 9.52251 11.592 7.45067 3.47428 3.24368
threshold=388.73836019208801 0.91422826481256447 0.14959150140535873 811.50000000000011 92.937500000000014 1.0000000180025095e-35 71.550000000000026 26.343750000000004 5.8687500000000012 0.29624720954083728 41.550000000000004 6.0812500000000016 0.85835371514692682 98.562500000000014 15.959579625721219
decision_type=2 2 2 2 2 2 2 2 2 2 2 2 2 2 2
left_child=2 4 10 12 5 -2 13 -5 -8 -6 14 -12 -3 -4 -1
right_child=1 3 6 7 9 -7 8 -9 -10 -11 11 -13 -14 -15 -16
leaf_value=0.004776522309977064 0.014565553730794552 0.0012455557060697155 -0.0032132577122202426 0.0016676379526400099 -0.011011037362060055 0.00056495488805983791 0.0010966482677104651 0.00012896261680823696 -0.0019154383798112554 -0.00049244807585330241 0.0074888806629638486 0.0022168677569775514 0.0011529312657899305 -0.0076141275943068347 -0.0031540132067245704
leaf_weight=707 89 805 16525 184 2265 17888 2571 55 15067 10194 969 3341 727 6514 3329
leaf_count=707 89 805 16525 184 2265 17888 2571 55 15067 10194 969 3341 727 6514 3329
internal_value=-0.000651854 0.000874498 -0.00165463 0.00801524 0.000458995 0.0016001 -0.00217531 0.0228243 -0.0012269 -0.0011875 0.000883057 0.0025174 0.00570496 -0.00290139 -0.000862241
internal_weight=81230 32207 49023 1771 30436 17977 40677 239 17638 12459 8346 4310 1532 23039 4036
internal_count=81230 32207 49023 1771 30436 17977 40677 239 17638 12459 8346 4310 1532 23039 4036
is_linear=0
shrinkage=0.05


Tree=31
num_leaves=15
num_cat=0
split_feature=1 22 22 5 5 22 19 18 4 1 18 17 22 17
split_gain=46.2895 36.321 31.2674 20.4527 27.8321 17.5275 14.1587 13.2632 12.994 10.1657 7.96844 9.35552 5.90608 1.27462
threshold=858.28592681893656 0.9713888976263666 0.5215573260631885 0.75580964594513067 0.49065764355977465 0.71730668215980542 27.156250000000004 95.312500000000014 -0.93540483100319616 18.559747089846478 34.687500000000007 126.50000000000001 0.2870468908445819 353.50000000000006
decision_type=2 2 2 2 2 2 2 2 2 2 2 2 2 2
left_child=2 5 7 4 -4 13 -7 9 -5 -1 11 -3 -9 -2
right_child=1 10 3 8 -6 6 -8 12 -10 -11 -12 -13 -14 -15
leaf_value=0.0055350948786947974 0.00046558007950793235 0.0006167455513430407 -3.6202402044343608e-05 0.00031948439492581263 0.0016909567994299877 0.0024228586133512742 -0.00024442005146807082 -0.011662313428919354 -0.0016901880790597167 -0.0020434409175711355 0.0021625150071615958 0.0016431133675357203 -0.0044263940919440801 -0.0041826205571235129
leaf_weight=406 1466 56 31511 3646 5157 1249 368 6580 10761 10801 74 159 8870 129
leaf_count=406 1466 56 31511 3646 5157 1249 368 6580 10761 10801 74 159 8870 129
internal_value=-0.000612622 0.00501142 -0.000865925 -0.00014146 0.000485708 0.00348381 0.00715213 -0.00225401 -0.0017377 -0.0009445 0.0219896 0.0268605 -0.00320388 -0.000235111
internal_weight=81233 3501 77732 51075 36668 3212 1617 26657 14407 11207 289 215 15450 1595
internal_count=81233 3501 77732 51075 36668 3212 1617 26657 14407 11207 289 215 15450 1595
is_linear=0
shrinkage=0.05


Tree=32
num_leaves=16
num_cat=0
split_feature=2 18 5 5 1 22 22 1 6 22 4 6 10 16 10
split_gain=44.4107 34.1802 31.4659 52.8096 30.3695 17.7058 12.1338 11.065 9.06752 7.99948 6.63223 6.39145 5.63717 3.94361 1.12489
threshold=0.44483069147258164 90.187500000000014 0.74443451080969758 0.67167992559793654 91.428863988735031 1.0547836068262837 0.29624720954083728 20.754677742411179 -0.64580103137750788 1.1514808641025693 -0.63405362205439475 0.67644692717078936 77.550000000000026 12.250000000000002 346.9500000000001
decision_type=2 2 2 2 2 2 2 2 2 2 2 2 2 2 2
left_child=4 2 3 -2 7 -4 14 13 -8 12 -9 -11 -6 -1 -3
right_child=1 6 5 -5 9 -7 8 10 -10 11 -12 -13 -14 -15 -16
leaf_value=0.0027124815060896703 0.00093198628279168307 -0.0099693493161576163 -0.00051418843293644793 0.0021706553976781231 -0.0044712373617874657 0.0014904197070874704 0.00063401962265463314 0.0044518666397122984 -0.0017848916035705074 -0.0021083060384436527 -0.0013443288277127665 0.0034536199926890167 -0.0018917686932132683 0.0065104499446641652 0.0040064259233139948
leaf_weight=751 15233 2755 6184 728 20168 120 6939 1551 7129 165 5833 119 12673 839 96
leaf_count=751 15233 2755 6184 728 20168 120 6939 1551 7129 165 5833 119 12673 839 96
internal_value=-0.000613475 0.000597947 0.00188524 0.00306654 -0.00174102 -0.00110565 -0.00109611 0.00083909 -0.000493319 -0.00244 2.43758e-05 0.00591549 -0.00251226 0.00462264 -0.0040705
internal_weight=81283 39184 22265 15961 42099 6304 16919 8974 14068 33125 7384 284 32841 1590 2851
internal_count=81283 39184 22265 15961 42099 6304 16919 8974 14068 33125 7384 284 32841 1590 2851
is_linear=0
shrinkage=0.05


Tree=33
num_leaves=16
num_cat=0
split_feature=11 1 22 19 5 22 1 5 19 0 18 17 19 19 5
split_gain=43.1048 32.4039 26.1624 18.4183 22.4567 15.6696 10.4842 8.36059 8.01454 7.97823 7.05553 6.51789 4.69409 3.84816 1.66475
threshold=0.42494102084372659 858.28592681893656 0.97495241261619292 26.556250000000006 0.75580964594513067 0.44495228031460682 404.15015763424913 0.8697513045430848 27.156250000000004 93.040723276128219 99.437500000000014 126.50000000000001 21.456250000000008 20.618750000000006 0.21022171450811275
decision_type=2 2 2 2 2 2 2 2 2 2 2 2 2 2 2
left_child=5 3 8 4 -2 10 9 -8 -3 -7 12 -4 -1 -12 -5
right_child=1 2 11 14 -6 6 7 -9 -10 -11 13 -13 -14 -15 -16
leaf_value=-0.0040695716973826023 0.00080260419081225613 0.0018992460878252586 0.00029975962147396276 -0.0012701456508527886 -0.00068504061847700641 0.00025748760548617854 0.00057064349596424593 -0.0014313694281263556 -0.00031470067443233301 -0.0031065551812563376 -0.0096220839329837059 0.0017565346877196075 0.011868390529756124 0.002660698276392003 -9.6167232996235237e-05
leaf_weight=10578 23125 1840 65 2720 9231 4068 8147 2829 395 9834 7608 198 63 302 374
leaf_count=10578 23125 1840 65 2720 9231 4068 8147 2829 395 9834 7608 198 63 302 374
internal_value=-0.000606254 0.000624801 0.0061289 0.000236952 0.000589379 -0.00168194 -0.000861807 0.000293366 0.0043736 -0.00177385 -0.00278179 0.0210456 -0.00194108 -0.00391277 -0.00344861
internal_weight=81377 37948 2498 35450 32356 43429 24878 10976 2235 13902 18551 263 10641 7910 3094
internal_count=81377 37948 2498 35450 32356 43429 24878 10976 2235 13902 18551 263 10641 7910 3094
is_linear=0
shrinkage=0.05


Tree=34
num_leaves=16
num_cat=0
split_feature=2 2 11 22 5 2 4 1 18 19 11 9 4 20 18
split_gain=39.2417 27.7739 26.4494 25.9376 17.987 16.5038 11.9572 11.4641 8.50053 8.31701 7.51424 5.75513 7.81183 4.01337 2.27116
threshold=0.46046501859690087 0.18109320448608909 0.88297676467195652 1.0547836068262837 0.8697513045430848 0.87808306388233237 -0.91037613702198739 18.559747089846478 38.687500000000007 26.806250000000002 0.56790639347469185 0.34439979107777985 -0.72947329433276242 2.8743750000000006 99.312500000000014
decision_type=2 2 2 2 2 2 2 2 2 2 2 2 2 2 2
left_child=1 7 3 4 -2 9 -5 13 -7 -4 -9 14 -13 -1 -3
right_child=2 11 5 6 -6 8 -8 10 -10 -11 -12 12 -14 -15 -16
leaf_value=0.0055969118728891867 0.00034188056049220817 -0.0035419409346730576 0.0011740272435936451 0.0020657106781298749 -0.00090116546868004876 0.0010970803043206061 0.0001648602057625368 -0.0015586311622829197 0.0022117422002966127 -0.00041687441818754527 0.0031275405459542994 -0.00031542880360323634 -0.0030666596265137049 -0.0031122598461265781 -0.0072409194323846404
leaf_weight=1074 26283 12679 2660 71 7881 102 43 7747 185 409 2245 6522 8716 216 4521
leaf_count=1074 26283 12679 2660 71 7881 102 43 7747 185 409 2245 6522 8716 216 4521
internal_value=-0.000631439 -0.00165028 0.000552159 0.000137405 5.79546e-05 0.00478844 0.0239474 0.000486615 0.0162544 0.00371619 -8.607e-05 -0.00239349 -0.00168592 0.00492248 -0.00302035
internal_weight=81354 43720 37634 34278 34164 3356 114 11282 287 3069 9992 32438 15238 1290 17200
internal_count=81354 43720 37634 34278 34164 3356 114 11282 287 3069 9992 32438 15238 1290 17200
is_linear=0
shrinkage=0.05


Tree=35
num_leaves=16
num_cat=0
split_feature=11 1 22 19 5 22 6 17 19 18 22 5 1 5 19
split_gain=37.5633 30.0208 28.8313 19.7053 21.0716 14.8465 10.0031 9.47507 7.89961 7.46044 6.96197 6.74763 6.00591 4.9645 3.47451
threshold=0.42494102084372659 862.19941252409456 0.9713888976263666 21.368750000000006 0.75580964594513067 0.44495228031460682 -0.64580103137750788 164.50000000000003 26.806250000000002 99.437500000000014 0.65288773899010466 -0.99630266176052629 18.559747089846478 -0.61237985104942771 20.418750000000006
decision_type=2 2 2 2 2 2 2 2 2 2 2 2 2 2 2
left_child=5 3 10 4 -2 9 13 -5 -4 12 -3 -8 -1 -7 -11
right_child=1 2 8 7 -6 6 11 -9 -10 14 -12 -13 -14 -15 -16
leaf_value=0.0077832943622384715 0.001308660035294139 -0.0021243226666115447 0.0016696009775535297 -0.00088394378026565579 -0.00050418562988960997 -0.001565917206514872 0.0016050921826405479 0.00013697576378222517 7.2607450096073833e-05 -0.0090569357456429817 0.0017164832452407214 -0.0017122003432441858 -0.0038380760099620049 0.00077796404644136672 0.0018338592672194544
leaf_weight=299 16756 475 224 6770 8177 681 815 3901 46 7543 1530 17143 10340 6331 373
leaf_count=299 16756 475 224 6770 8177 681 815 3901 46 7543 1530 17143 10340 6331 373
internal_value=-0.000577 0.000574328 0.00614286 0.000218514 0.000988047 -0.00157898 -0.000782941 -0.00157952 0.0214815 -0.00265023 0.00407731 -0.00140829 -0.00178541 0.000818595 -0.00381253
internal_weight=81404 37879 2275 35604 24933 43525 24970 10671 270 18555 2005 17958 10639 7012 7916
internal_count=81404 37879 2275 35604 24933 43525 24970 10671 270 18555 2005 17958 10639 7012 7916
is_linear=0
shrinkage=0.05


Tree=36
num_leaves=15
num_cat=0
split_feature=2 1 18 22 11 22 10 19 6 22 18 4 0 10
split_gain=34.3305 27.394 24.7712 21.5528 21.0797 10.0582 8.74609 11.0976 6.76543 6.15831 5.18601 4.84465 3.32693 1.73273
threshold=0.46350937005593479 91.428863988735031 92.937500000000014 1.0617335189789521 0.91422826481256447 0.29624720954083728 34.350000000000009 6.0812500000000016 -0.64580103137750788 1.1514808641025693 98.687500000000014 -0.68322629814330815 15.959579625721219 346.9500000000001
decision_type=2 2 2 2 2 2 2 2 2 2 2 2 2 2
left_child=1 6 3 4 -2 13 12 -8 -7 10 -3 -11 -1 -4
right_child=2 9 5 -5 -6 8 7 -9 -10 11 -12 -13 -14 -15
leaf_value=0.0047000891652558534 0.00043591261960562039 -0.0021202247410090028 -0.0089994826608151956 0.0020697081394485174 0.001107695544795164 0.00049700157882032853 0.0074134238759334253 0.0017940228789035248 -0.0017031809332588713 0.0043670351756615114 -0.0054454080774062946 0.00017266819041046879 -0.0029770409608768107 0.0044962903234355795
leaf_weight=667 20919 25545 2581 56 1588 6104 1117 3762 5968 85 9150 219 3490 87
leaf_count=667 20919 25545 2581 56 1588 6104 1117 3762 5968 85 9150 219 3490 87
internal_value=-0.000637956 -0.0015834 0.00047811 0.00151952 0.00144244 -0.00111601 0.000870959 0.00230682 -0.000501989 -0.00221706 -0.00227915 0.00486842 -0.00081429 -0.0038943
internal_weight=81338 44035 37303 22563 22507 14740 9036 4879 12072 34999 34695 304 4157 2668
internal_count=81338 44035 37303 22563 22507 14740 9036 4879 12072 34999 34695 304 4157 2668
is_linear=0
shrinkage=0.05


Tree=37
num_leaves=15
num_cat=0
split_feature=22 1 22 17 22 19 5 11 21 12 18 22 16 7
split_gain=33.4047 36.5431 21.2542 18.6715 15.0525 9.20248 8.51157 8.47707 6.35556 12.2963 5.64161 5.11031 4.11028 3.83884
threshold=0.65288773899010466 862.19941252409456 0.99469066677254137 167.50000000000003 1.0346756122897782 26.806250000000002 0.85673801594079257 0.34732038072191468 0.080309471516416917 300.4500000000001 99.937500000000014 0.37441597425644635 5.9500000000000011 2.8750000000000004
decision_type=2 2 2 2 2 2 2 2 2 2 2 2 2 2
left_child=7 3 5 4 -2 -3 -5 10 9 -9 13 -12 -10 -1
right_child=1 2 -4 6 -6 -7 -8 8 12 -11 11 -13 -14 -15
leaf_value=-0.0051383702552224245 -0.00061044357520027024 0.0018350895776957418 0.0014938265549384211 0.00096424702294415916 0.0010778009182648228 -0.00016336451558882081 -0.00045553907657245625 0.0014695554012829843 -0.0068165296236157129 0.0096737069667147575 -0.010313693638500973 -0.0037268224482385039 -0.0011740661309626692 -0.0016229696774310251
leaf_weight=7724 24891 1512 73 9705 4649 424 2865 2513 1345 61 5124 3170 8951 8227
leaf_count=7724 24891 1512 73 9705 4649 424 2865 2513 1345 61 5124 3170 8951 8227
internal_value=-0.000646529 0.000283437 0.00687158 -3.08727e-05 -0.000717672 0.00587293 0.00158313 -0.00175199 -0.000714842 0.00150738 -0.00230254 -0.00336026 -0.0012704 -0.00175256
internal_weight=81234 44119 2009 42110 29540 1936 12570 37115 12870 2574 24245 8294 10296 15951
internal_count=81234 44119 2009 42110 29540 1936 12570 37115 12870 2574 24245 8294 10296 15951
is_linear=0
shrinkage=0.05


Tree=38
num_leaves=16
num_cat=0
split_feature=22 1 17 22 19 3 18 19 6 21 2 22 6 2 12
split_gain=34.6293 29.7731 19.5203 17.5083 14.3437 9.42976 8.87391 8.26225 7.55808 8.54801 22.2122 9.74078 4.74722 3.27585 0.891373
threshold=0.64510583258212084 858.28592681893656 167.50000000000003 0.98672435450526208 21.668750000000006 1.0000000180025095e-35 66.062500000000014 27.156250000000004 -0.80417042486635371 1.0000000180025095e-35 0.4971638623155708 0.31592674844659024 -0.99628250747696534 0.46683087568681542 68.550000000000026
decision_type=2 2 2 2 2 2 2 2 2 2 2 2 2 2 2
left_child=8 2 4 7 -2 -5 -4 -3 12 10 -10 -11 14 -14 -1
right_child=1 3 6 5 -6 -7 -8 -9 9 11 -12 -13 13 -15 -16
leaf_value=-0.0031903141545013068 -3.6472741961918187e-05 0.0017053063723921084 0.0013373197986972689 0.00015872686520740364 -0.00080763238555258137 0.0014185414428816267 0.00037669356191563039 -0.00033473337208125121 -0.0014965671234340886 -0.009562128782460988 0.010294645736622903 -0.002844232097132244 -0.0024292642229522066 0.0013627582601741547 -0.0081830202521790459
leaf_weight=286 22927 1699 3432 48 6946 112 9232 386 8202 6580 165 14803 1770 4036 677
leaf_count=286 22927 1699 3432 48 6946 112 9232 386 8202 6580 165 14803 1770 4036 677
internal_value=-0.000608296 0.000323566 2.73867e-05 0.00593541 -0.000670004 0.021875 0.00167246 0.00471223 -0.00175101 -0.00209412 -0.000739215 -0.00262428 -0.000243021 0.000296244 -0.00349429
internal_weight=81301 44782 42537 2245 29873 160 12664 2085 36519 29750 8367 21383 6769 5806 963
internal_count=81301 44782 42537 2245 29873 160 12664 2085 36519 29750 8367 21383 6769 5806 963
is_linear=0
shrinkage=0.05


Tree=39
num_leaves=16
num_cat=0
split_feature=11 19 5 15 6 4 22 18 5 17 21 18 17 5 19
split_gain=28.6626 18.4652 20.7743 26.801 13.9685 11.8188 8.0926 7.77943 7.1376 5.56866 4.58926 2.09897 1.33366 2.93889 0.999355
threshold=0.46788952564768355 27.468750000000004 0.75580964594513067 750.50000000000011 -0.75013812021657655 -0.93540483100319616 0.29624720954083728 99.812500000000014 -0.94139628442229062 116.50000000000001 0.37350113878892161 89.187500000000014 263.50000000000006 0.056951373111866731 29.106250000000006
decision_type=2 2 2 2 2 2 2 2 2 2 2 2 2 2 2
left_child=4 2 3 -2 6 -4 11 8 -6 -8 -9 -1 14 -14 -3
right_child=1 12 5 -5 7 -7 9 10 -10 -11 -12 -13 13 -15 -16
leaf_value=0.0054495702007421 0.00071379560152034735 -0.00048701406925455996 0.00046187353030066602 0.0009995172673087538 0.00042305202443264139 -0.0013504523258269817 -0.0007825094409416645 -0.0082336601483483651 -0.0016829530489042542 0.0011029829056189374 -0.0027205390986054837 -0.0079710241893706565 -0.0039545671031893607 0.0014373506492454627 -0.0015320450101356633
leaf_weight=71 21403 839 2454 1299 3993 5839 3014 5721 24151 5610 3553 1189 121 99 1611
leaf_count=71 21403 839 2454 1299 3993 5839 3014 5721 24151 5610 3553 1189 121 99 1611
internal_value=-0.000627232 0.000487894 0.000831585 0.00161395 -0.00142087 -0.00131014 0.000250909 -0.00186247 -0.00144862 0.000797772 -0.0031184 -0.00349206 -0.00350187 0.000227272 -0.00383674
internal_weight=80967 33665 30995 22702 47302 8293 9884 37418 28144 8624 9274 1260 2670 220 2450
internal_count=80967 33665 30995 22702 47302 8293 9884 37418 28144 8624 9274 1260 2670 220 2450
is_linear=0
shrinkage=0.05


Tree=40
num_leaves=16
num_cat=0
split_feature=2 1 18 5 19 22 22 2 6 4 22 20 16 3 16
split_gain=29.3318 24.208 21.9288 19.2749 23.8923 11.7771 9.4626 9.42421 7.3285 6.04681 4.46265 6.08884 3.30555 2.70283 0.138349
threshold=0.42246796305136108 118.26245651536257 92.937500000000014 0.8697513045430848 26.131250000000005 1.0547836068262837 0.2134665160446497 0.063975379262841706 -0.40613878790836594 -0.68322629814330815 1.110417304319298 1.6756250000000004 16.550000000000004 -0.29012925520284066 19.750000000000004
decision_type=2 2 2 2 2 2 2 2 2 2 2 2 2 2 2
left_child=1 7 3 4 -2 -5 14 12 -8 -9 13 -12 -1 -3 -4
right_child=2 10 6 5 -6 -7 8 9 -10 -11 11 -13 -14 -15 -16
leaf_value=0.0026466971069487267 0.0009537594706682047 -0.0019582463310148326 -0.012192321805236422 -0.00063071970284042439 -0.00053647995167900792 0.0012244239802814624 0.00012542203042401173 0.0031952310954410316 -0.0025710587195146694 -0.0010088640228055714 -0.0028905154316473496 0.002885037417801229 0.0050496543345784576 -0.0035878123158066782 -0.0019716064371664678
leaf_weight=488 17363 11428 1440 4915 2781 127 9163 1923 5729 8691 169 121 502 16576 104
leaf_count=488 17363 11428 1440 4915 2781 127 9163 1923 5729 8691 169 121 502 16576 104
internal_value=-0.000620094 -0.0015888 0.00030849 0.00123561 0.00192762 -0.00152916 -0.00111219 0.000334366 -0.000725894 -0.000100811 -0.00237754 0.0037931 0.005 -0.00244144 -0.00483808
internal_weight=81520 39898 41622 25186 20144 5042 16436 11604 14892 10614 28294 290 990 28004 1544
internal_count=81520 39898 41622 25186 20144 5042 16436 11604 14892 10614 28294 290 990 28004 1544
is_linear=0
shrinkage=0.05


Tree=41
num_leaves=16
num_cat=0
split_feature=11 1 19 18 22 6 19 21 21 22 22 21 20 7 21
split_gain=26.2786 15.6747 18.0402 17.7778 16.4243 11.5009 11.1199 8.96459 7.82038 5.7737 5.60537 5.59244 5.13495 3.8054 1.34272
threshold=0.34478620775616037 858.28592681893656 21.243750000000006 86.812500000000014 0.98672435450526208 -0.79382744783423187 23.631250000000005 0.84634341106641886 0.40051195698711545 0.71730668215980542 0.29624720954083728 1.0000000180025095e-35 1.6756250000000004 2.1250000000000004 1.0000000180025095e-35
decision_type=2 2 2 2 2 2 2 2 2 2 2 2 2 2 2
left_child=5 2 3 -2 9 10 -6 -4 11 -3 14 -7 -10 -12 -1
right_child=1 4 7 -5 6 8 -8 -9 12 -11 13 -13 -14 -15 -16
leaf_value=0.0054847466329958922 0.00091949949590795592 -0.00069390704629472837 -2.0456510548644196e-05 -0.00080623924989075006 0.0012515805645935661 -0.002836233618146096 0.00027885713050357711 -0.00079693422407268186 -0.0025746696703123559 0.0013319744553732008 -0.0011955174168219794 -0.0075224383175369787 -0.00034132303658937209 0.0011689313126309381 -0.009205755799577801
leaf_weight=44 17716 918 4638 12149 90 5908 66 6651 6852 1642 2191 8540 9578 3431 864
leaf_count=44 17716 918 4638 12149 90 5908 66 6651 6852 1642 2191 8540 9578 3431 864
internal_value=-0.000580601 0.0002496 6.80252e-06 0.000650426 0.00392857 -0.00155421 0.0196795 -0.0016959 -0.00195738 0.00296875 0.000352219 -0.00280593 -0.0012112 0.000940945 -0.00329295
internal_weight=81278 43870 41154 29865 2716 37408 156 11289 30878 2560 6530 14448 16430 5622 908
internal_count=81278 43870 41154 29865 2716 37408 156 11289 30878 2560 6530 14448 16430 5622 908
is_linear=0
shrinkage=0.05


Tree=42
num_leaves=15
num_cat=0
split_feature=9 19 5 15 15 4 6 22 7 20 17 17 2 21
split_gain=23.6529 15.1762 19.1749 21.3729 12.2224 10.9213 9.93169 5.74844 5.05778 3.96204 3.12195 0.658462 1.18125 0.199649
threshold=0.32458591997640424 29.106250000000006 0.75580964594513067 774.50000000000011 750.50000000000011 -0.93540483100319616 -0.79382744783423187 0.29624720954083728 2.1250000000000004 3.3706250000000009 135.50000000000003 271.50000000000006 0.85237769451933121 0.7332308436363445
decision_type=2 2 2 2 2 2 2 2 2 2 2 2 2 2
left_child=4 2 3 -2 6 -4 7 -1 -8 10 -6 13 -13 -3
right_child=1 11 5 -5 9 -7 8 -9 -10 -11 -12 12 -14 -15
leaf_value=-0.0088013612129203399 0.0004334319556705611 -0.0030340812109136434 0.00031858577620315077 0.00078654774609818179 -0.00026965058800464321 -0.0013653154831687817 -0.005473733202659101 0.00078412223878960088 -0.0017342579999282772 0.0016720817573156678 0.0015114240766253165 -0.0030575247193315169 0.0013283944208376008 -0.0013289903259991497
leaf_weight=805 32419 129 3465 1204 41 8565 9058 4496 19302 59 41 56 40 1602
leaf_count=805 32419 129 3465 1204 41 8565 9058 4496 19302 59 41 56 40 1602
internal_value=-0.000594352 0.000125315 0.000304141 0.000917079 -0.00160523 -0.00140898 -0.00166677 0.00031975 -0.00203808 0.0130851 0.00597561 -0.00434319 -0.000312501 -0.00456673
internal_weight=81282 47480 45653 33623 33802 12030 33661 5301 28360 141 82 1827 96 1731
internal_count=81282 47480 45653 33623 33802 12030 33661 5301 28360 141 82 1827 96 1731
is_linear=0
shrinkage=0.05


Tree=43
num_leaves=16
num_cat=0
split_feature=2 1 18 5 22 22 22 0 17 17 22 5 5 16 16
split_gain=23.4975 21.0566 16.3852 15.1375 30.1582 13.3653 9.19379 8.18033 5.82617 4.34017 4.20066 5.92792 3.7554 3.61471 0.226041
threshold=0.44483069147258164 91.428863988735031 92.937500000000014 0.74443451080969758 1.0002869304749129 1.0547836068262837 0.2134665160446497 15.959579625721219 64.500000000000014 30.500000000000004 1.1514808641025693 0.26866988313759588 0.878110924644389 12.250000000000002 19.750000000000004
decision_type=2 2 2 2 2 2 2 2 2 2 2 2 2 2 2
left_child=1 7 3 4 -2 -5 14 13 -8 -9 12 -12 -3 -1 -4
right_child=2 10 6 5 -6 -7 8 9 -10 -11 11 -13 -14 -15 -16
leaf_value=0.0024191013937597886 0.0006889246275452954 -0.0021529889688618803 -0.011109876865132739 -0.00041615708844006187 0.00062266612251447742 0.0014422185537847449 0.0063006721537253079 -0.0019170096546809957 -0.00064240779626454595 0.0019400678526248405 0.003899669489423527 -0.00015974716622648157 -0.0033406040613944616 0.0051077655571911572 -0.0012980074623863303
leaf_weight=684 16749 28885 1370 6531 311 126 157 4044 13948 3455 115 173 3738 784 95
leaf_count=684 16749 28885 1370 6531 311 126 157 4044 13948 3455 115 173 3738 784 95
internal_value=-0.000575064 -0.00139907 0.00030328 0.00113062 0.00191969 -0.000891544 -0.00095697 0.000748856 -0.000565404 8.06762e-05 -0.00198429 0.00402778 -0.00203737 0.00416212 -0.00472696
internal_weight=81165 41878 39287 23717 17060 6657 15570 8967 14105 7499 32911 288 32623 1468 1465
internal_count=81165 41878 39287 23717 17060 6657 15570 8967 14105 7499 32911 288 32623 1468 1465
is_linear=0
shrinkage=0.05


Tree=44
num_leaves=16
num_cat=0
split_feature=17 22 2 18 2 22 1 16 5 6 19 22 18 18 6
split_gain=23.0091 21.3724 16.4266 13.048 12.1604 10.5059 7.21808 5.11923 5.11388 5.01456 10.3393 3.01931 2.97101 2.63282 2.11799
threshold=175.50000000000003 0.70160493497879195 0.086452799198872624 95.562500000000014 0.42246796305136108 0.27557646666571983 862.19941252409456 163.95000000000002 0.68432406471780916 -0.40613878790836594 10.606250000000003 0.75647429416590917 1.0000000180025095e-35 85.687500000000014 0.16587474750015932
decision_type=2 2 2 2 2 2 2 2 2 2 2 2 2 2 2
left_child=2 9 11 4 -4 -5 7 -3 -8 10 -2 13 -13 -1 -11
right_child=1 6 3 5 -6 -7 8 -9 -10 14 -12 12 -14 -15 -16
leaf_value=0.0045556044180256787 0.0045213454093623101 0.0024332580681965983 -0.0015475555462176032 -0.0089186028304833222 0.00012232939181823301 -0.0020046602984788819 0.0016477933366864589 0.00068992008149887016 0.0029713660518646658 -0.0040953609245600519 -0.00025513899142370721 -0.0042453876020803532 0.0055727507803246873 -0.0019724273720970855 -0.00025184545976308508
leaf_weight=845 45 417 24523 5637 14843 12556 1282 9213 54 2488 6509 85 1093 861 833
leaf_count=845 45 417 24523 5637 14843 12556 1282 9213 54 2488 6509 85 1093 861 833
internal_value=-0.000542789 0.000889831 -0.00103676 -0.00122127 -0.000709497 -0.00232864 0.00240926 0.00193146 0.00585329 -0.00079747 4.57617e-06 0.00264563 0.00459253 0.00130129 -0.00238031
internal_weight=81284 20841 60443 57559 39366 18193 10966 9630 1336 9875 6554 2884 1178 1706 3321
internal_count=81284 20841 60443 57559 39366 18193 10966 9630 1336 9875 6554 2884 1178 1706 3321
is_linear=0
shrinkage=0.05


Tree=45
num_leaves=16
num_cat=0
split_feature=22 1 22 19 5 21 0 10 21 22 20 6 19 12 16
split_gain=20.5053 15.4583 14.7263 14.0768 14.6596 11.7243 21.5639 10.7089 9.42467 8.43661 5.67815 5.59613 5.51144 4.10278 0.202413
threshold=0.46586128174426661 858.28592681893656 0.99469066677254137 21.243750000000006 0.75580964594513067 1.0000000180025095e-35 388.73836019208801 37.95000000000001 0.84311250358172385 0.20742823990558748 3.5043750000000009 -0.80417042486635371 27.156250000000004 235.65000000000003 25.250000000000004
decision_type=2 2 2 2 2 2 2 2 2 2 2 2 2 2 2
left_child=5 3 12 4 -2 6 7 -1 -5 14 -4 -11 -3 -8 -7
right_child=1 2 10 8 -6 9 13 -9 -10 11 -12 -13 -14 -15 -16
leaf_value=-0.0033817080716819154 0.00062107843801970097 0.0011284833637544068 0.001108075201645803 -2.0155437356413878e-05 -0.00057631706524047721 -0.010580273068314126 0.0063795474099706262 0.002136473997341301 -0.00077905592746564689 -1.5556255790744046e-05 0.0011103188431573572 -0.0042282657235494358 -0.00030720734743409309 0.014216370261724183 -0.00061724008014052423
leaf_weight=5347 27790 2402 41 5189 13854 3440 42 3126 7406 2881 43 9366 401 47 100
leaf_count=5347 27790 2402 41 5189 13854 3440 42 3126 7406 2881 43 9366 401 47 100
internal_value=-0.000544647 -2.67841e-05 0.00353827 -0.000216543 0.000226442 -0.00175962 -0.000269798 -0.000526969 -0.00168122 -0.00256762 0.0241667 -0.00194619 0.00292008 0.0242135 -0.00471752
internal_weight=81475 57126 2887 54239 41644 24349 8562 8473 12595 15787 84 12247 2803 89 3540
internal_count=81475 57126 2887 54239 41644 24349 8562 8473 12595 15787 84 12247 2803 89 3540
is_linear=0
shrinkage=0.05


Tree=46
num_leaves=16
num_cat=0
split_feature=17 22 22 0 5 18 15 19 1 13 19 20 6 19 6
split_gain=19.2605 16.5847 14.8815 18.5604 12.287 11.0756 10.3362 16.1074 8.04224 7.66446 6.02313 5.40496 4.62136 9.82057 1.66181
threshold=175.50000000000003 0.75404438876174906 1.0346756122897782 418.75089861329189 0.9962888416657264 1.0000000180025095e-35 766.50000000000011 23.268750000000008 37.188474235256109 0.94796072166598544 11.856250000000003 2.9631250000000007 -0.40613878790836594 10.606250000000003 0.14888728888808328
decision_type=2 2 2 2 2 2 2 2 2 2 2 2 2 2 2
left_child=2 12 6 5 -5 -4 8 -8 -1 10 -3 -11 13 -2 -14
right_child=1 9 3 4 -6 -7 7 -9 -10 11 -12 -13 14 -15 -16
leaf_value=0.0024760253808683943 0.0042567456945194317 0.0033042503323823915 -0.0017449529290639886 0.0017174520694795818 0.00078596312795256031 0.0019081386822914692 0.00076157466156670387 -0.00017944529700604785 -0.0011016764590152243 0.0015344972835440287 0.00063752908901787983 0.0021848941588704265 -0.0031289001802717454 6.6199679636030906e-05 -0.00034136061723089262
leaf_weight=2503 49 713 731 76 119 3679 616 1015 51770 325 7286 193 2900 8225 1138
leaf_count=2503 49 713 731 76 119 3679 616 1015 51770 325 7286 193 2900 8225 1138
internal_value=-0.000581402 0.000729991 -0.00103282 0.00169924 0.0167949 0.00103174 -0.00125787 0.00266401 -0.00137573 0.00242632 0.00204463 0.00832046 -0.000443471 0.00023326 -0.00183012
internal_weight=81338 20829 60509 4605 195 4410 55904 1631 54273 8517 7999 518 12312 8274 4038
internal_count=81338 20829 60509 4605 195 4410 55904 1631 54273 8517 7999 518 12312 8274 4038
is_linear=0
shrinkage=0.05


Tree=47
num_leaves=14
num_cat=0
split_feature=9 19 5 21 15 4 22 18 6 20 17 2 16
split_gain=19.6332 14.0388 15.5119 17.5038 11.7376 11.1458 7.81677 6.58455 6.23438 3.95498 0.968554 1.62054 0.149858
threshold=0.32458591997640424 29.106250000000006 0.75580964594513067 0.99603219407051624 750.50000000000011 -0.91037613702198739 0.37441597425644635 99.437500000000014 -0.73865259438682551 2.9268750000000003 271.50000000000006 0.85237769451933121 451.35000000000008
decision_type=2 2 2 2 2 2 2 2 2 2 2 2 2
left_child=4 2 3 -2 6 -4 7 -1 -8 -6 12 -12 -3
right_child=1 10 5 -5 9 -7 8 -9 -10 -11 11 -13 -14
leaf_value=-0.0030070589259173419 0.00032465756328335822 -0.0037401131834418075 0.0002222109397444605 0.0018556484377950184 0.0004819354914809845 -0.0013899648597447297 0.00059815426913141837 -0.0078136042150137464 -0.0014134833785856586 0.0012138978536763035 -0.0026432388206162369 0.0012479885636545204 -0.0012164301671184544
leaf_weight=7864 31333 379 4063 2331 64 8021 4552 5436 15842 79 54 42 1372
leaf_count=7864 31333 379 4063 2331 64 8021 4552 5436 15842 79 54 42 1372
internal_value=-0.00054168 0.000112931 0.000285476 0.000837095 -0.00146245 -0.00125124 -0.00152312 -0.00246617 -0.000908111 0.0128322 -0.0041608 0.000729165 -0.0044289
internal_weight=81432 47595 45748 33664 33837 12084 33694 13300 20394 143 1847 96 1751
internal_count=81432 47595 45748 33664 33837 12084 33694 13300 20394 143 1847 96 1751
is_linear=0
shrinkage=0.05


Tree=48
num_leaves=15
num_cat=0
split_feature=17 22 1 22 18 21 12 5 21 6 13 18 4 20
split_gain=17.2671 20.4655 17.0884 13.2096 10.8019 9.70652 8.80231 7.51148 8.69878 6.32311 2.97669 2.90575 2.76009 1.92719
threshold=138.50000000000003 0.98672435450526208 30.756404504554286 0.74839037964735244 10.937500000000002 0.84311250358172385 246.15000000000003 0.878110924644389 0.99376977840234615 -0.40613878790836594 -1.0000000180025095e-35 77.312500000000014 -0.91037613702198739 1.6756250000000004
decision_type=2 2 2 2 2 2 2 2 2 2 2 2 2 2
left_child=2 3 10 9 -3 -5 -6 8 -4 -2 13 -12 -9 -1
right_child=1 4 7 5 6 -7 -8 12 -10 -11 11 -13 -14 -15
leaf_value=0.0060542241254339345 0.00012959254185481488 0.0013115087008922213 -0.0010795254390874114 0.0011363319197663 0.0019540058161671417 -4.1723839824599193e-05 0.00026314250907657447 -5.2320811985577802e-05 0.00025141508657237037 -0.0021589858576595458 0.0042256233592178538 0.0014470803901678812 -0.001958369298050345 0.0055121789688442734
leaf_weight=76 9856 47 37026 7823 111 5452 220 1008 3971 7158 1387 1362 5779 54
leaf_count=76 9856 47 37026 7823 111 5452 220 1008 3971 7158 1387 1362 5779 54
internal_value=-0.000567442 0.000368962 -0.00113426 0.000224668 0.0119312 0.00140678 0.00874622 -0.00135966 -0.00110459 -0.000697662 0.00260681 0.00225718 -0.0029004 0.01
internal_weight=81330 30667 50663 30289 378 13275 331 47784 40997 17014 2879 2749 6787 130
internal_count=81330 30667 50663 30289 378 13275 331 47784 40997 17014 2879 2749 6787 130
is_linear=0
shrinkage=0.05


Tree=49
num_leaves=15
num_cat=0
split_feature=9 19 5 15 15 4 6 7 22 22 5 17 20 19
split_gain=16.6765 15.0342 16.7987 16.1122 12.1724 9.75944 7.19386 6.15033 5.30633 4.20727 2.87284 9.12998 2.74594 0.885183
threshold=0.31596485240951494 26.556250000000006 0.75580964594513067 750.50000000000011 750.50000000000011 -0.91037613702198739 -0.72694848937061807 4.1250000000000009 0.97984190780597336 0.29624720954083728 0.21022171450811275 221.50000000000003 3.4043750000000004 29.106250000000006
decision_type=2 2 2 2 2 2 2 2 2 2 2 2 2 2
left_child=4 2 3 -2 6 -4 9 -8 12 -1 13 -12 -6 -3
right_child=1 10 5 -5 8 -7 7 -9 -10 -11 11 -13 -14 -15
leaf_value=-0.0056882056513075929 0.00049436414504141612 -0.00059514821825491836 0.00021503826090420021 0.00073710968723152354 -0.00020791623573808801 -0.0012637795622942136 -0.0033044396872478352 -0.00065989466097919201 0.0009540015380081143 0.00058859059490231713 -0.00040510311463683082 0.0023316739397723735 0.0018177657426606281 -0.0012001100575319834
leaf_weight=964 30996 1532 4110 1257 55 8027 18482 8625 52 5035 402 95 41 1679
leaf_count=964 30996 1532 4110 1257 55 8027 18482 8625 52 5035 402 95 41 1679
internal_value=-0.000540984 5.4263e-05 0.000309753 0.000906426 -0.00140194 -0.00127585 -0.0014659 -0.00181263 0.0129054 0.000100849 -0.00300432 0.000533198 0.0059375 -0.00355185
internal_weight=81352 48098 44390 32253 33254 12137 33106 27107 148 5999 3708 497 96 3211
internal_count=81352 48098 44390 32253 33254 12137 33106 27107 148 5999 3708 497 96 3211
is_linear=0
shrinkage=0.05


Tree=50
num_leaves=16
num_cat=0
split_feature=2 2 18 19 6 5 22 0 6 4 19 3 15 19 12
split_gain=16.6575 19.7139 14.4949 13.5639 20.6361 15.6632 8.29468 6.61956 6.4827 5.19052 5.13121 6.00359 3.85878 1.00805 1.00056
threshold=0.42246796305136108 0.14959150140535873 92.937500000000014 21.243750000000006 -0.79382744783423187 0.74443451080969758 0.2134665160446497 15.959579625721219 -0.39827153806311183 -0.63405362205439475 20.806250000000002 -0.29012925520284066 56.500000000000007 18.431250000000002 22.950000000000006
decision_type=2 2 2 2 2 2 2 2 2 2 2 2 2 2 2
left_child=1 7 3 5 -5 -2 13 12 -8 -9 11 -3 -1 -4 -12
right_child=2 10 6 4 -6 -7 8 9 -10 -11 14 -13 -14 -15 -16
leaf_value=0.0036833592345912845 0.0013690474453383105 -0.00064871196562641244 -0.008796005583802266 0.00031836543034429181 -0.00072646527351858151 -6.3030844080624635e-05 0.00016331873702262831 0.0054116665829535065 -0.0019066963095898508 -0.00064924458432100195 0.0010086190427124277 -0.0027169675467616349 0.0057554619907282962 0.00011620791834665028 -0.0053755018798764403
leaf_weight=1380 10241 10920 1470 4835 3676 6117 9218 1420 5670 5413 49 17795 120 71 2675
leaf_count=1380 10241 10920 1470 4835 3676 6117 9218 1420 5670 5413 49 17795 120 71 2675
internal_value=-0.000539658 -0.00126999 0.000163687 0.000925046 -0.000693809 0.00176733 -0.000988801 0.000892234 -0.000627352 0.000231961 -0.00184309 -0.00164635 0.0039 -0.00448086 -0.00391703
internal_weight=81070 39772 41298 24869 8511 16358 16429 8333 14888 6833 31439 28715 1500 1541 2724
internal_count=81070 39772 41298 24869 8511 16358 16429 8333 14888 6833 31439 28715 1500 1541 2724
is_linear=0
shrinkage=0.05


Tree=51
num_leaves=13
num_cat=0
split_feature=17 21 1 22 19 6 2 6 20 1 13 18
split_gain=16.1966 24.5816 17.2792 11.9689 9.84187 8.08227 12.3417 6.64926 5.35946 5.74852 2.74161 1.56498
threshold=111.50000000000001 1.0349233712981791 91.428863988735031 0.74839037964735244 27.468750000000004 0.097680735332368748 0.51161836622161483 -0.40613878790836594 3.2831250000000005 18.559747089846478 0.90086951071907151 85.312500000000014
decision_type=2 2 2 2 2 2 2 2 2 2 2 2
left_child=2 3 8 7 -5 10 -7 -2 9 -1 -4 -10
right_child=1 -3 5 4 -6 6 -8 -9 11 -11 -12 -13
leaf_value=0.0037863239636652169 0.00016886078205629283 0.0016165581598050595 -0.0014514668032961746 0.00049246170076592047 -0.00058577276700132164 -0.0012244907231024394 0.0048541768716253526 -0.0019258147272676808 0.00085129936596745222 0.0012133608439522147 8.25349704306334e-05 -0.0071477759413991733
leaf_weight=1126 11354 54 12908 17333 1606 18256 446 10172 308 6582 322 992
leaf_count=1126 11354 54 12908 17333 1606 18256 446 10172 308 6582 322 992
internal_value=-0.000532109 0.000176583 -0.00123351 0.000131594 0.00104836 -0.00177909 -0.00111004 -0.000674999 0.000700487 0.00120135 -0.00272487 -0.00226923
internal_weight=81459 40519 40940 40465 18939 31932 18702 21526 9008 7708 13230 1300
internal_count=81459 40519 40940 40465 18939 31932 18702 21526 9008 7708 13230 1300
is_linear=0
shrinkage=0.05


Tree=52
num_leaves=13
num_cat=0
split_feature=17 21 2 22 0 6 2 1 6 11 5 22
split_gain=14.9179 19.391 14.8528 11.8432 9.29292 8.3941 9.58003 6.22089 5.50792 5.13357 4.22459 2.51245
threshold=111.50000000000001 1.0349233712981791 0.18109320448608909 0.74839037964735244 291.31796270594708 0.097680735332368748 0.46350937005593479 14.069689152548628 -0.75581183015052977 1.0197147412827536 -0.108376950152639 0.20742823990558748
decision_type=2 2 2 2 2 2 2 2 2 2 2 2
left_child=2 3 7 8 -5 11 -7 10 -2 -9 -1 -4
right_child=1 -3 5 4 -6 6 -8 9 -10 -11 -12 -13
leaf_value=0.0016924164020805212 0.00042932473648378268 0.0015353474121834743 -0.0091152448698905691 -0.001203554220560051 0.00047320669702052289 -0.0014141989005401466 0.0023537653021030525 -5.0807763582577339e-05 -0.0015064906313200675 0.007521700330955461 0.0049756945215864955 -0.001048377225856214
leaf_weight=348 7855 47 1395 2158 16832 16109 1063 10563 13562 66 302 11174
leaf_count=348 7855 47 1395 2158 16832 16109 1063 10563 13562 66 302 11174
internal_value=-0.000544592 0.000136697 -0.00121648 9.93628e-05 0.00100842 -0.0018024 -0.00108374 0.000328485 -0.000706683 3.81021e-05 0.00507692 -0.00278423
internal_weight=81474 40454 41020 40407 18990 29741 17172 11279 21417 10629 650 12569
internal_count=81474 40454 41020 40407 18990 29741 17172 11279 21417 10629 650 12569
is_linear=0
shrinkage=0.05


Tree=53
num_leaves=15
num_cat=0
split_feature=22 19 5 15 18 2 5 19 3 22 16 6 17 1
split_gain=13.9693 12.8255 15.422 18.1722 11.744 13.2336 16.8508 10.3508 7.50012 6.16403 5.53466 5.01207 3.14666 2.216
threshold=0.46586128174426661 26.556250000000006 0.75580964594513067 750.50000000000011 87.437500000000014 0.4971638623155708 -0.96235977360714686 10.856250000000003 -0.29012925520284066 0.20742823990558748 860.80000000000007 -0.46800559042974538 263.50000000000006 23.031246328143116
decision_type=2 2 2 2 2 2 2 2 2 2 2 2 2 2
left_child=4 2 3 -2 5 8 -7 -4 -1 13 12 -11 -3 -6
right_child=1 10 7 -5 9 6 -8 -9 -10 11 -12 -13 -14 -15
leaf_value=0.0023616721200716913 0.00031902770695095664 -0.00086031861453996774 0.00021499447937262944 0.00068097322769059476 0.00014461314281621676 0.010038990266947502 -0.0012507660162315599 -0.00080702766521638944 -0.002179906380517356 -0.00088661091121408912 0.00014619474968972443 -0.0038895543953021087 0.00067727469682891939 -0.0086723112792166657
leaf_weight=2546 36749 3358 5869 1368 292 133 143 9245 5776 4313 62 7531 354 3550
leaf_count=2546 36749 3358 5869 1368 292 133 143 9245 5776 4313 62 7531 354 3550
internal_value=-0.000491396 -6.35921e-05 0.000136104 0.000672009 -0.00149564 -1.04687e-05 0.0107609 -0.00121543 -0.000367701 -0.0023097 -0.00288023 -0.00174519 -0.0031277 -0.00404998
internal_weight=81289 57005 53231 38117 24284 8598 276 15114 8322 15686 3774 11844 3712 3842
internal_count=81289 57005 53231 38117 24284 8598 276 15114 8322 15686 3774 11844 3712 3842
is_linear=0
shrinkage=0.05


Tree=54
num_leaves=13
num_cat=0
split_feature=17 21 1 6 22 5 6 5 10 19 13 5
split_gain=14.1453 18.286 14.5697 9.9064 13.6789 12.8903 7.64186 9.00375 5.5426 6.71983 4.53655 3.08356
threshold=111.50000000000001 1.0349233712981791 91.428863988735031 -0.64580103137750788 0.97495241261619292 -0.99630266176052629 0.097680735332368748 -0.94139628442229062 34.350000000000009 4.8312500000000016 0.90086951071907151 0.3504237462291826
decision_type=2 2 2 2 2 2 2 2 2 2 2 2
left_child=2 3 8 4 -2 -5 10 -8 11 -10 -4 -1
right_child=1 -3 6 5 -6 -7 7 -9 9 -11 -12 -13
leaf_value=-0.0033406053799168163 0.00041016943578220887 0.0014482131572369939 -0.0013028626137117959 0.0019791513638402233 0.0005550663054672382 -0.00052185956583434949 0.0028465433017947706 -0.0010539487967209493 0.006333150388057757 0.0015595017490402125 0.00013358213282841481 0.0020541481475271936
leaf_weight=2960 17569 49 12863 1146 842 20869 1677 16923 975 3821 308 1211
leaf_count=2960 17569 49 12863 1146 842 20869 1677 16923 975 3821 308 1211
internal_value=-0.000473632 0.000188387 -0.00113138 0.000151387 0.00100728 -0.000564389 -0.00163372 -0.000981184 0.000648488 0.00180776 -0.00255524 -0.000684489
internal_weight=81213 40475 40738 40426 18411 22015 31771 18600 8967 4796 13171 4171
internal_count=81213 40475 40738 40426 18411 22015 31771 18600 8967 4796 13171 4171
is_linear=0
shrinkage=0.05


Tree=55
num_leaves=16
num_cat=0
split_feature=2 2 19 5 18 22 0 4 19 3 22 20 5 11 2
split_gain=14.5091 13.5996 10.276 12.9938 11.2279 9.88801 5.74097 5.38274 3.58316 3.9051 2.83693 2.42236 0.809731 1.23357 0.204021
threshold=0.42246796305136108 0.21046938152966585 29.106250000000006 0.75580964594513067 90.187500000000014 1.0547836068262837 15.959579625721219 -0.72947329433276242 20.906250000000004 -0.29012925520284066 0.9281710202781549 4.4318750000000007 0.039769539193789977 0.77326445263358023 0.4539490784376225
decision_type=2 2 2 2 2 2 2 2 2 2 2 2 2 2 2
left_child=1 6 3 4 -2 -5 10 -8 9 -3 -1 -10 14 -14 -4
right_child=2 8 12 5 -6 -7 7 -9 11 -11 -12 -13 13 -15 -16
leaf_value=0.0022616022428759239 0.00065204774525219893 -0.00065773307335496032 -0.0039814836368335495 -0.00051932178162065578 -0.00020347432413579507 0.00078924951487369674 0.002218233421016568 -0.0012148305404063753 -0.0051007455979960262 -0.0024674499866905331 0.0038435992049579977 0.0049735923877673241 0.00010668396533506772 -0.00054353115999252897 -0.0014336638728931761
leaf_weight=997 15886 7913 40 11799 12155 126 2287 10336 2162 15446 514 42 143 352 953
leaf_count=997 15886 7913 40 11799 12155 126 2287 10336 2162 15446 514 42 143 352 953
internal_value=-0.000499132 -0.00118233 0.00015511 0.00030701 0.000894938 -0.00107547 6.226e-05 -0.000286383 -0.00187048 -0.00168864 0.00297485 -0.00379764 -0.00392473 -0.00227273 -0.00474824
internal_weight=81151 39697 41454 39966 28041 11925 14134 12623 25563 23359 1511 2204 1488 495 993
internal_count=81151 39697 41454 39966 28041 11925 14134 12623 25563 23359 1511 2204 1488 495 993
is_linear=0
shrinkage=0.05


Tree=56
num_leaves=15
num_cat=0
split_feature=22 19 18 2 20 5 5 4 3 16 21 21 16 5
split_gain=14.3989 12.1201 9.72518 11.3723 11.6685 9.38039 14.3837 10.1716 6.46892 6.26715 3.5647 2.89684 2.28991 2.06413
threshold=0.44495228031460682 26.806250000000002 87.437500000000014 0.50061446703503198 1.6006250000000002 0.75580964594513067 0.49065764355977465 -0.93540483100319616 -0.29012925520284066 11.450000000000001 0.139200615034903 0.4634711071403545 860.80000000000007 0.056951373111866731
decision_type=2 2 2 2 2 2 2 2 2 2 2 2 2 2
left_child=2 5 3 8 -5 6 -2 -7 -1 11 -11 -4 13 -3
right_child=1 12 9 4 -6 7 -8 -9 -10 10 -12 -13 -14 -15
leaf_value=0.0022545958428220815 8.4190969882966398e-05 -0.0011283600873092908 -0.0064958382982096543 0.0093406016236717796 -0.0072670388982806269 0.00039696666594188915 0.0012769496245122526 -0.00080378208280145304 -0.0020479540638115123 0.011417637594946075 -0.0021051417326479627 0.013050507796393496 0.0001229378917891 -0.00021773465127059577
leaf_weight=2556 33043 2337 7563 156 96 3862 6253 11513 5794 81 6977 52 52 1086
leaf_count=2556 33043 2337 7563 156 96 3862 6253 11513 5794 81 6977 52 52 1086
internal_value=-0.000471071 -5.03916e-05 -0.00152202 -0.000187167 0.0102778 0.000131604 0.000541275 -0.000915448 -0.000502995 -0.00230457 -0.00123123 -0.00329941 -0.00291367 -0.00307187
internal_weight=81421 58146 23275 8602 252 54671 39296 15375 8350 14673 7058 7615 3475 3423
internal_count=81421 58146 23275 8602 252 54671 39296 15375 8350 14673 7058 7615 3475 3423
is_linear=0
shrinkage=0.05


Tree=57
num_leaves=16
num_cat=0
split_feature=22 19 18 20 16 2 20 6 3 16 19 1 2 18 6
split_gain=12.8297 10.9301 10.0223 9.95748 10.9354 9.27657 9.79313 7.07442 6.25877 5.7219 4.01467 2.26949 0.72158 1.54977 0.22919
threshold=0.44495228031460682 29.106250000000006 87.437500000000014 1.9581250000000003 483.50000000000006 0.50061446703503198 1.6006250000000002 -0.99983123799342477 1.0000000180025095e-35 7.2500000000000009 12.881250000000003 39.92720747464265 0.83740769469779741 57.062500000000007 -0.99628250747696534
decision_type=2 2 2 2 2 2 2 2 2 2 2 2 2 2 2
left_child=2 3 5 4 -2 8 -7 -5 -1 11 -11 -4 14 -14 -3
right_child=1 12 9 7 -6 6 -8 -9 -10 10 -12 -13 13 -15 -16
leaf_value=0.0015110360219298766 -0.00014732312220768577 -0.00069269364997196848 -0.00016913891784311639 0.00067862426991258053 -0.0007446694601812863 0.008761396374154462 -0.0071311080009553041 0.00023532416869612976 -0.0023146280063547223 -0.0038114857009376398 -0.00028543493612518111 -0.0067021172332386893 -0.00064851423664931797 0.0001855916895912987 -0.0016599508767561504
leaf_weight=3519 15751 313 557 231 5555 145 95 34776 4743 4295 3857 5872 181 112 1241
leaf_count=3519 15751 313 557 231 5555 145 95 34776 4743 4295 3857 5872 181 112 1241
internal_value=-0.000474073 -7.82337e-05 -0.00147143 4.5903e-05 -0.000806347 -0.000107035 0.00958333 0.0005646 -0.000388527 -0.00226699 -0.00138739 -0.00338233 -0.00386302 -0.00158703 -0.00429215
internal_weight=81243 58160 23083 56313 21306 8502 240 35007 8262 14581 8152 6429 1847 293 1554
internal_count=81243 58160 23083 56313 21306 8502 240 35007 8262 14581 8152 6429 1847 293 1554
is_linear=0
shrinkage=0.05


Tree=58
num_leaves=16
num_cat=0
split_feature=22 19 2 17 18 2 20 5 3 16 21 17 5 2 16
split_gain=11.6889 11.4445 11.9715 11.7109 10.2329 9.43318 9.80782 9.04587 5.7749 5.62384 3.7181 3.61245 6.23078 2.45565 1.94778
threshold=0.44495228031460682 25.893750000000004 0.88579628971768642 151.50000000000003 87.437500000000014 0.50061446703503198 1.6006250000000002 0.75580964594513067 -0.3520614488341251 7.2500000000000009 0.2172718243009871 214.50000000000003 0.24372619187392155 0.071283149758447253 860.80000000000007
decision_type=2 2 2 2 2 2 2 2 2 2 2 2 2 2 2
left_child=4 2 7 -4 5 8 -7 -2 -1 13 -11 14 -13 -6 -3
right_child=1 11 3 -5 9 6 -8 -9 -10 10 -12 12 -14 -15 -16
leaf_value=0.0022943141074526089 0.0003016202346716563 -0.00070576940356996138 0.00085126148999624125 0.001490030982514619 0.0013863559614754966 0.0087690961492633956 -0.006687026478205774 -0.00047020137957153529 -0.0017530365114026927 0.00185524085064302 -0.0025911976306600554 -0.00043412927180267206 0.0025246896137355555 -0.0063386403371439824 7.3104127475504907e-05
leaf_weight=2253 37787 3694 62 459 304 162 100 15354 6012 1161 7050 676 160 6204 77
leaf_count=2253 37787 3694 62 459 304 162 100 15354 6012 1161 7050 676 160 6204 77
internal_value=-0.000457892 -7.97177e-05 0.0001256 0.00766795 -0.00140583 -2.75607e-05 0.00931298 5.16538e-05 -0.000323655 -0.00220429 -0.00133419 -0.00247124 0.000502391 -0.00330209 -0.00313047
internal_weight=81515 58269 53662 521 23246 8527 262 53141 8265 14719 8211 4607 836 6508 3771
internal_count=81515 58269 53662 521 23246 8527 262 53141 8265 14719 8211 4607 836 6508 3771
is_linear=0
shrinkage=0.05


Tree=59
num_leaves=16
num_cat=0
split_feature=17 22 0 10 22 18 5 19 16 16 1 16 19 15 21
split_gain=11.1141 12.234 22.0352 13.7614 11.0777 10.1072 8.35923 6.56874 6.3232 5.53528 4.75508 3.1097 3.5789 1.90765 1.73514
threshold=175.50000000000003 1.0346756122897782 418.75089861329189 394.35000000000008 0.70160493497879195 1.0000000180025095e-35 0.8697513045430848 27.468750000000004 163.95000000000002 93.750000000000014 858.28592681893656 246.35000000000005 6.0812500000000016 822.00000000000011 0.65524588524580374
decision_type=2 2 2 2 2 2 2 2 2 2 2 2 2 2 2
left_child=1 6 5 -4 11 -3 7 -1 9 -6 -10 12 -2 -8 -13
right_child=4 2 3 -5 8 -7 13 -9 10 -11 -12 14 -14 -15 -16
leaf_value=-0.00045345207191504653 0.0076752283825701683 -0.0014245262293484343 0.0010772667442066504 -7.4723866268261452e-05 -0.0048868942924776178 0.0017579293135275582 -0.0010029508456188576 -0.00062675567711963922 0.00050562984695418122 0.0026159830087957988 0.0011372305668993117 -0.0045734923655788608 -0.00032794532773705928 0.00012042377702746981 -0.00097003100371959689
leaf_weight=45728 49 742 134 64 79 3692 7758 2169 9000 350 1394 1089 6835 42 1864
leaf_count=45728 49 742 134 64 79 3692 7758 2169 9000 350 1394 1089 6835 42 1864
internal_value=-0.000466052 -0.000808816 0.00166019 0.0179798 0.000534849 0.000931438 -0.00101415 -0.000766959 0.00163864 0.00758741 0.00139311 -0.000679578 -9.73283e-05 -0.00253205 -0.00203691
internal_weight=80989 60329 4632 198 20660 4434 55697 47897 10823 429 10394 9837 6884 7800 2953
internal_count=80989 60329 4632 198 20660 4434 55697 47897 10823 429 10394 9837 6884 7800 2953
is_linear=0
shrinkage=0.05


Tree=60
num_leaves=15
num_cat=0
split_feature=22 19 2 17 20 18 22 9 4 21 16 16 10 17
split_gain=11.9694 11.4817 9.22622 10.3802 8.27801 8.00634 5.7563 4.41311 4.79756 4.17363 3.46891 3.01127 2.78674 2.06803
threshold=0.46586128174426661 26.556250000000006 0.88579628971768642 151.50000000000003 1.6756250000000004 95.437500000000014 0.20742823990558748 0.3282812617833446 0.22695468355932455 0.080309471516416917 860.80000000000007 25.250000000000004 28.650000000000002 267.50000000000006
decision_type=2 2 2 2 2 2 2 2 2 2 2 2 2 2
left_child=5 2 4 -4 -2 7 11 8 -1 -8 13 -7 -9 -3
right_child=1 10 3 -5 -6 6 9 12 -10 -11 -12 -13 -14 -15
leaf_value=-0.0017300200273424101 -0.00055604163541003726 -0.00067030605855061777 0.00081250188909244244 0.0012319980844476255 0.00025054535301913261 -0.0074642107184668752 0.0056419287876356451 -0.0028298833128419226 0.0067139602059124691 -0.0025736742543942437 0.00013698664059449639 0.00076022721177454542 0.001944585604510253 0.00038750178157812313
leaf_weight=6976 16660 3384 64 496 35946 3649 46 555 57 10255 66 70 2703 309
leaf_count=6976 16660 3384 64 496 35946 3649 46 555 57 10255 66 70 2703 309
internal_value=-0.000451525 -5.4898e-05 0.000133919 0.00651786 6.59609e-05 -0.00138024 -0.00215763 -0.000321156 -0.00102588 -0.00154888 -0.00272546 -0.00384378 0.00120012 -0.00292851
internal_weight=81236 56925 53166 560 52606 24311 14020 10291 7033 10301 3759 3719 3258 3693
internal_count=81236 56925 53166 560 52606 24311 14020 10291 7033 10301 3759 3719 3258 3693
is_linear=0
shrinkage=0.05


Tree=61
num_leaves=16
num_cat=0
split_feature=17 1 18 6 11 22 20 5 16 10 6 19 19 6 13
split_gain=10.5522 13.2492 9.22721 7.89557 10.0931 7.1271 10.5581 8.52668 5.26851 4.86775 4.32365 5.8139 4.14224 2.74234 1.87452
threshold=115.50000000000001 47.875556161554172 90.187500000000014 0.097680735332368748 0.50193233602916232 1.0175984756127823 3.0693750000000004 0.86113431103781346 860.80000000000007 43.650000000000006 -0.39827153806311183 10.056250000000004 4.293750000000002 0.11478523713130605 -1.0000000180025095e-35
decision_type=2 2 2 2 2 2 2 2 2 2 2 2 2 2 2
left_child=1 9 5 8 -5 7 -7 -2 -3 14 11 -4 -11 -12 -1
right_child=2 3 10 4 -6 6 -8 -9 -10 12 13 -13 -14 -15 -16
leaf_value=0.0049431720461514733 0.00047498148557237931 -0.0013237200936660387 0.0037358815195202514 -0.0014989340692694916 0.00071416190189016373 -7.4112480297139352e-05 0.0013477692940289075 -0.00067816254547078123 0.00012900816338064908 0.00779661784867609 -0.002787754493924145 -0.00011449906021006645 0.0026543992709414242 -0.0004613297306708164 -0.00070946824994134084
leaf_weight=64 17236 15316 78 17445 4435 126 98 3302 657 438 3693 10059 2020 4050 2259
leaf_count=64 17236 15316 78 17445 4435 126 98 3302 657 438 3693 10059 2020 4050 2259
internal_value=-0.000453764 -0.000996154 0.00014466 -0.00130941 -0.000692414 0.000861669 0.00973214 0.000764922 -0.00215457 0.001484 -0.000687921 -8.38632e-06 0.00303499 -0.00157756 -0.000157126
internal_weight=81276 42634 38642 37853 21880 20762 224 20538 15973 4781 17880 10137 2458 7743 2323
internal_count=81276 42634 38642 37853 21880 20762 224 20538 15973 4781 17880 10137 2458 7743 2323
is_linear=0
shrinkage=0.05


Tree=62
num_leaves=13
num_cat=0
split_feature=9 19 5 22 1 4 15 21 8 7 19 13
split_gain=10.2321 12.9201 10.5199 15.6201 9.40847 9.35708 7.09499 6.93136 6.84231 6.14429 5.63439 5.46868
threshold=0.32070693245821907 21.018750000000008 0.75580964594513067 1.0346756122897782 877.4997638195066 -0.91037613702198739 779.50000000000011 0.84311250358172385 1.0000000180025095e-35 1.6250000000000002 26.806250000000002 0.75843705238256343
decision_type=2 2 2 2 2 2 2 2 2 2 2 2
left_child=6 2 3 -2 7 -4 8 -3 11 -10 -6 -1
right_child=1 4 5 -5 10 -7 -8 -9 9 -11 -12 -13
leaf_value=-0.00079306590593020425 0.00060347692947030002 -0.00014875237428352284 0.00041709631064175694 0.0033305774919488423 0.0010393493161862907 -0.00088261047741293268 0.00067105632065218032 -0.00053569230482434485 -0.006584793109173777 -0.001523634792481323 -0.00024762729952190824 0.00080864606530017195
leaf_weight=16177 21906 5717 3533 1288 569 7205 55 7278 5565 9384 289 2241
leaf_count=16177 21906 5717 3533 1288 569 7205 55 7278 5565 9384 289 2241
internal_value=-0.000454211 1.51709e-05 0.000540492 0.00113952 -0.00127157 -0.0007534 -0.00112531 -0.00160639 -0.00115488 -0.00194963 0.00379953 -0.000509829
internal_weight=81207 47785 33932 23194 13853 10738 33422 12995 33367 14949 858 18418
internal_count=81207 47785 33932 23194 13853 10738 33422 12995 33367 14949 858 18418
is_linear=0
shrinkage=0.05


Tree=63
num_leaves=16
num_cat=0
split_feature=19 22 20 15 18 5 16 10 15 5 12 13 22 18 0
split_gain=8.93068 10.7859 8.63207 8.09004 7.93381 7.4424 5.02847 4.56255 0.746154 0.999158 1.27759 0.182371 0.0947441 0.452031 8.88178e-16
threshold=29.106250000000006 0.44495228031460682 1.6756250000000004 48.500000000000007 95.437500000000014 0.75580964594513067 7.2500000000000009 39.45000000000001 701.50000000000011 0.022575936829235418 551.25000000000011 0.79311601628176731 0.88409640893461805 61.437500000000007 319.73374581047239
decision_type=2 2 2 2 2 2 2 2 2 2 2 2 2 2 2
left_child=1 4 3 -3 7 -4 -6 -1 12 11 -11 -10 13 -2 -14
right_child=8 2 5 -5 6 -7 -8 -9 9 10 -12 -13 14 -15 -16
leaf_value=-0.0016916810078902241 -0.00062843182434873721 0.003465666547738248 0.00044297247890555115 -0.0006910938348898203 -0.0056025013356187829 -0.00024887884626367818 -0.0016950589785408499 0.0013856500937097132 -0.0002897574092336097 0.00020152216156090559 -0.00010252637132748626 -0.00078348103284070058 -0.0063047994863613677 -0.0033044096631105976 -0.0010518946090137446
leaf_weight=6098 189 1833 26950 15868 6354 11622 6878 3800 42 50 222 240 185 454 467
leaf_count=6098 189 1833 26950 15868 6354 11622 6878 3800 42 50 222 240 185 454 467
internal_value=-0.000483189 -0.000403198 -2.95891e-05 -0.000943733 -0.00131215 0.000389919 -0.00211306 -0.000241464 -0.00391834 -0.00238267 -0.000220589 -0.00446809 -0.00457529 -0.00414464 -0.005
internal_weight=81252 79403 56273 17701 23130 38572 13232 9898 1849 554 272 282 1295 643 652
internal_count=81252 79403 56273 17701 23130 38572 13232 9898 1849 554 272 282 1295 643 652
is_linear=0
shrinkage=0.05


Tree=64
num_leaves=16
num_cat=0
split_feature=10 19 18 6 17 7 6 8 9 11 16 19 10 5 15
split_gain=9.36709 9.96756 13.7904 13.053 10.1455 8.95133 8.45744 6.63758 4.26314 4.06968 3.97895 4.55984 3.66056 3.55196 2.79469
threshold=82.950000000000003 21.018750000000008 81.937500000000014 0.62420859727530387 98.500000000000014 3.6250000000000004 -0.77243990499604276 1.0000000180025095e-35 0.29338948456484965 0.71743724832538402 842.6500000000002 16.606250000000006 8.8500000000000014 0.91596454896554913 78.500000000000014
decision_type=2 2 2 2 2 2 2 2 2 2 2 2 2 2 2
left_child=5 2 3 -2 14 7 -6 12 -9 -4 13 -12 -1 -7 -3
right_child=1 4 9 -5 6 10 -8 8 -10 -11 11 -13 -14 -15 -16
leaf_value=-0.0007835681984957448 0.00064499882640201012 -0.0012683648842051753 -0.00074804275293088851 0.004519429625097657 0.00017540576233629585 8.9819045653043793e-05 -0.000593604502045669 -0.0062351289714043454 -0.0013473454312182215 0.0011427418947589254 0.00065233573383029328 0.0001548867775481282 0.003193336607386835 -0.0013155460765604744 -0.0018378797136841822
leaf_weight=8873 12375 619 12689 1429 6672 13290 3615 7029 7768 2437 47 165 289 1697 2198
leaf_count=8873 12375 619 12689 1429 6672 13290 3615 7029 7768 2437 47 165 289 1697 2198
internal_value=-0.000402258 0.000116095 0.000634288 0.00177702 -0.00102793 -0.000958681 -0.000299894 -0.00156079 -0.00221565 -0.000408569 -9.54129e-06 0.00679245 -0.000503166 -0.00010576 -0.00368655
internal_weight=81192 42034 28930 13804 13104 39158 10287 23959 14797 15126 15199 212 9162 14987 2817
internal_count=81192 42034 28930 13804 13104 39158 10287 23959 14797 15126 15199 212 9162 14987 2817
is_linear=0
shrinkage=0.05


Tree=65
num_leaves=16
num_cat=0
split_feature=17 22 2 5 2 16 16 16 18 11 19 21 22 20 6
split_gain=10.3204 9.73658 8.98312 6.16165 6.80074 5.24465 5.19112 5.00173 4.91054 3.58954 3.58534 2.85716 12.5457 2.41168 2.27043
threshold=175.50000000000003 0.70160493497879195 0.10566818577182599 0.8697513045430848 0.42246796305136108 163.95000000000002 93.750000000000014 870.85000000000014 89.937500000000014 0.48210033091605869 18.056250000000006 0.31903739457794872 0.5215573260631885 3.2831250000000005 -0.99983123799342477
decision_type=2 2 2 2 2 2 2 2 2 2 2 2 2 2 2
left_child=2 11 9 4 -4 6 -3 -5 -7 13 -11 12 -2 -1 -13
right_child=1 5 3 7 -6 8 -8 -9 -10 10 -12 14 -14 -15 -16
leaf_value=0.002233973960658673 0.0008953915336194281 -0.0045359687676055985 -0.0012405326957642627 -0.0009385433828074728 4.6732479710887013e-05 0.00086785009929171968 0.0024309451442992291 0.0002407794228123795 -0.00014176809820530076 0.0034971880367392402 -0.00012741524039080703 0.0028516641646386246 0.0061919962506079701 -0.0054636366797214814 -0.0011101628993249351
leaf_weight=2633 642 83 30811 8424 16390 7558 363 273 2981 887 446 62 51 499 9102
leaf_count=2633 642 83 30811 8424 16390 7558 363 273 2981 887 446 62 51 499 9102
internal_value=-0.000410382 0.00054889 -0.000741598 -0.000913987 -0.000688652 0.0015726 0.00688341 -0.00213694 0.00134785 0.00141657 0.00358965 -0.000591966 0.00250361 0.000491697 -0.00082606
internal_weight=81205 20842 60363 55898 47201 10985 446 8697 10539 4465 1333 9857 693 3132 9164
internal_count=81205 20842 60363 55898 47201 10985 446 8697 10539 4465 1333 9857 693 3132 9164
is_linear=0
shrinkage=0.05


Tree=66
num_leaves=16
num_cat=0
split_feature=17 1 22 19 19 15 1 4 17 13 11 15 20 5 17
split_gain=9.52218 8.73625 6.81084 6.35922 5.86643 11.7322 5.35049 4.72327 3.77974 3.07516 2.62316 2.50539 2.37714 2.0659 1.95089
threshold=169.50000000000003 30.756404504554286 0.74839037964735244 20.906250000000004 22.818750000000005 756.50000000000011 885.72605178898823 -0.97335555334614932 98.500000000000014 -1.0000000180025095e-35 0.87094040218993729 351.50000000000006 2.3068750000000007 -0.45274443793211405 30.500000000000004
decision_type=2 2 2 2 2 2 2 2 2 2 2 2 2 2 2
left_child=1 9 10 7 5 -3 -5 -4 -6 12 11 -2 -1 -12 -11
right_child=2 4 3 6 8 -7 -8 -9 -10 14 13 -13 -14 -15 -16
leaf_value=0.0046094683003156892 0.00031492396269175123 -0.00054916534882970753 0.002123932721003668 -0.00014718763346869616 -0.0020604633954864047 0.00059921068042149506 0.0010624036214289601 0.00077547242940364798 -0.0002444360622402718 0.0012126186803631687 0.0043837499721524854 -0.0011285234338709669 0.0049489930610674502 0.0009325796537591525 0.0052630274868371244
leaf_weight=91 5653 49764 1450 3578 1863 613 262 4089 4189 2086 140 6416 41 497 679
leaf_count=91 5653 49764 1450 3578 1863 613 262 4089 4189 2086 140 6416 41 497 679
internal_value=-0.000409712 -0.000739643 0.000476567 0.00149856 -0.000877121 -0.00070042 -6.51054e-05 0.00258259 -0.00234799 0.00193821 -0.000277823 -0.000442871 0.00939394 0.00284929 0.00158228
internal_weight=81411 59326 22085 9379 56429 50377 3840 5539 6052 2897 12706 12069 132 637 2765
internal_count=81411 59326 22085 9379 56429 50377 3840 5539 6052 2897 12706 12069 132 637 2765
is_linear=0
shrinkage=0.05


Tree=67
num_leaves=12
num_cat=0
split_feature=17 21 1 6 5 5 3 6 13 11 1
split_gain=8.23187 20.0521 10.8346 7.76053 8.45654 6.19012 8.45007 8.01326 5.63681 4.48768 4.47696
threshold=111.50000000000001 1.0349233712981791 118.26245651536257 0.097680735332368748 -0.94139628442229062 -0.99630266176052629 0.47114434510950071 -0.26867065956352881 0.86052858263075704 1.0197147412827536 20.754677742411179
decision_type=2 2 2 2 2 2 2 2 2 2 2
left_child=2 5 9 8 -5 6 -2 -7 -4 10 -1
right_child=1 -3 3 4 -6 7 -8 -9 -10 -11 -12
leaf_value=0.0028288517764324468 0.0026898795568640974 0.0012594786333338715 -0.0013078693091383487 0.0028091078015262229 -0.0008328481337876747 0.00020545950941461787 -0.002547385652858399 -0.00062358328549741687 0.00010632684036658532 0.0081791202002872345 -8.7113863399537796e-05
leaf_weight=1608 797 53 11449 1550 15558 26036 354 13086 788 69 9910
leaf_count=1608 797 53 11449 1550 15558 26036 354 13086 788 69 9910
internal_value=-0.000392455 0.000114565 -0.000891968 -0.00140314 -0.000715456 7.41179e-05 0.0036881 -3.22081e-05 -0.00236455 0.000402605 0.000326444
internal_weight=81258 40326 40932 29345 17108 40273 1151 39122 12237 11587 11518
internal_count=81258 40326 40932 29345 17108 40273 1151 39122 12237 11587 11518
is_linear=0
shrinkage=0.05


Tree=68
num_leaves=16
num_cat=0
split_feature=2 0 19 5 22 18 19 3 17 20 15 20 5 11 0
split_gain=9.59005 10.0307 7.86182 8.09175 8.77413 7.68538 5.79623 5.46486 3.20001 3.61328 3.53523 3.15952 0.859788 0.747099 0.279425
threshold=0.42246796305136108 42.88952747603151 29.106250000000006 0.8697513045430848 1.0547836068262837 90.187500000000014 20.706250000000008 -0.3520614488341251 30.500000000000004 2.7118750000000005 48.500000000000007 4.4318750000000007 0.022575936829235418 0.77326445263358023 369.01974957290918
decision_type=2 2 2 2 2 2 2 2 2 2 2 2 2 2 2
left_child=1 8 3 5 -5 -2 7 -3 9 -1 -10 -8 14 -14 -4
right_child=2 6 12 4 -6 -7 11 -9 10 -11 -12 -13 13 -15 -16
leaf_value=0.0013975375593121453 0.00048407910540732572 -0.00018737924843229204 -0.002571830662674874 -0.00044435440582327179 0.00077322900858959502 -0.0001899763093327098 -0.0041594741361254258 -0.0018052327307795048 0.010262678917398941 -0.006151873464777185 0.0017341948441138419 0.0055268055203137488 0.00019639195697280642 -0.00028035551504584482 -0.0010467755671500531
leaf_weight=2913 17649 11674 92 8795 131 13445 3001 19662 518 787 1197 43 157 403 838
leaf_count=2913 17649 11674 92 8795 131 13445 3001 19662 518 787 1197 43 157 403 838
internal_value=-0.000388354 -0.000942959 0.000143338 0.000276111 -0.00105086 0.000657039 -0.001258 -0.00105566 0.00105725 0.000229729 0.00284256 -0.003341 -0.00342282 -0.001875 -0.00435484
internal_weight=81305 39795 41510 40020 8926 31094 34380 31336 5415 3700 1715 3044 1490 560 930
internal_count=81305 39795 41510 40020 8926 31094 34380 31336 5415 3700 1715 3044 1490 560 930
is_linear=0
shrinkage=0.05


Tree=69
num_leaves=13
num_cat=0
split_feature=17 21 0 6 2 5 19 16 10 19 22 5
split_gain=8.10775 14.718 8.74668 7.31968 6.90031 5.65713 5.4967 4.99799 4.32161 6.25083 4.26982 3.63809
threshold=111.50000000000001 1.0349233712981791 93.040723276128219 0.097680735332368748 0.50371808373035509 0.91596454896554913 29.106250000000006 860.80000000000007 34.350000000000009 5.1312500000000005 0.38722073562583198 0.3504237462291826
decision_type=2 2 2 2 2 2 2 2 2 2 2 2
left_child=2 5 8 7 -5 6 -2 -4 11 -10 -7 -1
right_child=1 -3 3 4 -6 10 -8 -9 9 -11 -12 -13
leaf_value=-0.0031849490046743723 0.00022060404331172205 0.0011578432512377001 -0.0012228365310845359 -0.00075623379492124453 0.0032065268589966433 -0.0074241738116694322 -0.00070249411481787473 0.00010503620109677884 0.005041886967621945 0.00059002459996318848 -0.00036947927089615493 0.0018562897065985545
leaf_weight=3742 32631 52 11710 16636 546 830 1157 554 1294 4851 5779 1524
leaf_count=3742 32631 52 11710 16636 546 830 1157 554 1294 4851 5779 1524
internal_value=-0.000354588 0.000147221 -0.000851385 -0.0013068 -0.000640788 0.000113002 0.000374688 -0.00223989 0.000323809 0.00122457 -0.00122485 -0.000727308
internal_weight=81306 40449 40857 29446 17182 40397 33788 12264 11411 6145 6609 5266
internal_count=81306 40449 40857 29446 17182 40397 33788 12264 11411 6145 6609 5266
is_linear=0
shrinkage=0.05


Tree=70
num_leaves=13
num_cat=0
split_feature=17 21 1 6 18 5 11 13 5 17 13 6
split_gain=8.24178 11.4509 9.58808 7.66344 5.92687 5.98977 5.88069 4.57775 3.60226 3.70127 3.23104 3.22393
threshold=111.50000000000001 1.0349233712981791 33.992250159207309 0.14888728888808328 88.687500000000014 -0.99630266176052629 0.50193233602916232 0.86052858263075704 0.96234642434711437 28.500000000000004 -1.0000000180025095e-35 -0.40613878790836594
decision_type=2 2 2 2 2 2 2 2 2 2 2 2
left_child=2 4 8 7 5 -2 -5 -4 10 -10 -1 -6
right_child=1 -3 3 6 11 -7 -8 -9 9 -11 -12 -13
leaf_value=0.0043140039021163229 0.0018778362123719923 0.0010670656889022467 -0.001183229386917997 -0.0011625349276704214 4.1424208057054382e-06 0.0001590168078789811 0.00089058473889496023 0.00010253502658495178 0.0028097924460575734 0.012823897611858627 0.001582631033139382 -0.0011350939882130912
leaf_weight=99 819 50 15075 17330 10664 20274 4281 966 122 89 2859 8680
leaf_count=99 819 50 15075 17330 10664 20274 4281 966 122 89 2859 8680
internal_value=-0.000418656 8.68168e-05 -0.000919993 -0.0011423 5.72484e-05 0.00063694 -0.000527742 -0.00197026 0.00172136 0.00803317 0.00127113 -0.000574856
internal_weight=81308 40487 40821 37652 40437 21093 21611 16041 3169 211 2958 19344
internal_count=81308 40487 40821 37652 40437 21093 21611 16041 3169 211 2958 19344
is_linear=0
shrinkage=0.05


Tree=71
num_leaves=16
num_cat=0
split_feature=22 19 17 5 10 4 18 2 5 6 22 21 10 19 12
split_gain=7.41232 8.34596 9.41095 7.92539 12.6085 7.87364 7.40157 9.21999 8.91818 6.536 5.35012 3.98926 3.48598 3.03265 1.94484
threshold=0.44121505258354909 21.018750000000008 98.500000000000014 0.75580964594513067 90.15000000000002 -0.93540483100319616 86.437500000000014 0.50061446703503198 -0.96235977360714686 -0.77243990499604276 0.27557646666571983 0.11500706421605308 37.95000000000001 14.406250000000002 8.5500000000000025
decision_type=2 2 2 2 2 2 2 2 2 2 2 2 2 2 2
left_child=6 3 14 4 -2 -5 7 12 -9 -4 13 -12 -1 -8 -3
right_child=1 2 9 5 -6 -7 10 8 -10 -11 11 -13 -14 -15 -16
leaf_value=-0.0014782186193242669 -0.00022810155200079292 0.0035897937245799741 9.6243481942442856e-05 0.00042673723375216075 0.0011251964569441665 -0.00062105407523030496 -0.0064291853408314842 0.0081687313098910298 -0.0034137309924521242 -0.0004994971462421782 0.0047317063392114146 -0.001673791647013723 0.001301877311252258 -0.0010402394720793683 -0.0015416973839990067
leaf_weight=5281 15773 41 7303 3405 13970 10639 4875 126 102 4388 124 7790 2982 1624 3005
leaf_count=5281 15773 41 7303 3405 13970 10639 4875 126 102 4388 124 7790 2982 1624 3005
internal_value=-0.000414969 -0.000116535 -0.00114576 0.000229862 0.000692094 -0.000749076 -0.00117752 -6.47864e-06 0.00991228 -0.000500814 -0.00186741 -0.000994441 -0.000280166 -0.00293045 -0.00362114
internal_weight=81428 58524 14737 43787 29743 14044 22904 8491 228 11691 14413 7914 8263 6499 3046
internal_count=81428 58524 14737 43787 29743 14044 22904 8491 228 11691 14413 7914 8263 6499 3046
is_linear=0
shrinkage=0.05


Tree=72
num_leaves=16
num_cat=0
split_feature=2 17 6 4 22 17 19 10 5 0 19 17 17 17 11
split_gain=8.35618 7.91182 18.1985 8.07671 7.71069 8.24283 7.24152 7.11431 10.2532 4.45755 2.24208 2.20876 2.29421 1.51813 0.825371
threshold=0.4539490784376225 39.500000000000007 0.26659387353423869 -0.88144907265856332 0.2134665160446497 64.500000000000014 20.706250000000008 77.550000000000026 0.67167992559793654 21.076231027462548 18.343750000000004 15.500000000000002 98.500000000000014 9.5000000000000018 0.53818237482804954
decision_type=2 2 2 2 2 2 2 2 2 2 2 2 2 2 2
left_child=6 2 3 -2 10 -6 7 9 -9 -1 -3 13 -13 -8 -4
right_child=1 4 14 -5 5 -7 11 8 -10 -11 -12 12 -14 -15 -16
leaf_value=0.0026627592245271744 0.0077842686031132334 -0.0056974405568698469 -0.0099251392287986705 0.0014180256759037157 0.007407724824433479 5.8454499241187365e-05 -0.00040348565649426707 0.0010872298935651447 -0.00095249526618765084 -0.0015221127023981667 0.0012723378423085806 -0.0040360785244459461 -0.0013321135176995911 0.0083409109900219793 0.0010441601287763946
leaf_weight=1452 179 1257 219 91 142 36337 99 8859 4470 24386 88 2708 1066 49 52
leaf_count=1452 179 1257 219 91 142 36337 99 8859 4470 24386 88 2708 1066 49 52
internal_value=-0.000357504 0.000179199 0.00618299 0.0153704 9.33258e-05 0.000230405 -0.000835365 -0.000630251 0.000307974 -0.00111425 -0.00362454 -0.00288373 -0.00311871 0.00310811 -0.00297048
internal_weight=81454 38365 541 270 37824 36479 43089 39167 13329 25838 1345 3922 3774 148 271
internal_count=81454 38365 541 270 37824 36479 43089 39167 13329 25838 1345 3922 3774 148 271
is_linear=0
shrinkage=0.05


Tree=73
num_leaves=16
num_cat=0
split_feature=2 2 3 22 3 18 19 1 4 17 16 12 21 19 16
split_gain=8.06681 9.64543 7.80045 6.62982 6.33577 7.12378 5.2715 3.81624 4.3724 4.24963 3.26492 4.98104 2.8282 2.68369 0.512226
threshold=0.42246796305136108 0.21046938152966585 0.97335555334614954 0.71418509615329928 0.41248606129204562 90.187500000000014 23.493750000000006 20.754677742411179 -0.68322629814330815 30.500000000000004 480.15000000000003 43.650000000000006 0.93226957558497592 20.906250000000004 12.250000000000002
decision_type=2 2 2 2 2 2 2 2 2 2 2 2 2 2 2
left_child=1 7 4 14 5 -2 -6 9 -9 -1 13 -12 -5 -3 -4
right_child=2 10 3 12 6 -7 -8 8 -10 -11 11 -13 -14 -15 -16
leaf_value=0.0017185017035175306 0.00028159875019332997 -0.0012296842922156698 -0.0068787245411185693 0.0020020976417846766 -0.00024277273195773329 -0.00036080841402949602 -0.0007626259042437328 0.0016341420945638033 -0.00084004164555015525 0.0045112423798005048 0.0039373532708767206 -0.0016069711347666928 0.0009811751833050501 -0.0039496337678351671 0.00064261835857726279
leaf_weight=1320 15393 21040 77 233 12424 11974 1064 2979 9572 285 146 2794 105 1634 178
leaf_count=1320 15393 21040 77 233 12424 11974 1064 2979 9572 285 146 2794 105 1634 178
internal_value=-0.000388954 -0.000897663 9.91592e-05 0.00579258 1.65207e-05 0.000453647 -0.000870405 0.000149759 -0.000143814 0.00244548 -0.00147654 -0.00304422 0.0103846 -0.00127327 -0.000294119
internal_weight=81218 39770 41448 593 40855 27367 13488 14156 12551 1605 25614 2940 338 22674 255
internal_count=81218 39770 41448 593 40855 27367 13488 14156 12551 1605 25614 2940 338 22674 255
is_linear=0
shrinkage=0.05


Tree=74
num_leaves=16
num_cat=0
split_feature=22 18 19 17 20 22 6 13 16 21 19 12 6 6 12
split_gain=7.9736 8.06495 7.59579 7.91126 7.65795 9.54465 6.80471 6.74162 5.7145 11.6236 4.23895 3.22538 9.39696 3.3507 2.28155
threshold=0.44495228031460682 99.437500000000014 21.243750000000006 97.500000000000014 1.6756250000000004 0.74839037964735244 -0.79382744783423187 0.71737646351107986 22.450000000000003 0.2172718243009871 14.481250000000003 282.4500000000001 0.097680735332368748 0.99249573635719013 23.850000000000005
decision_type=2 2 2 2 2 2 2 2 2 2 2 2 2 2 2
left_child=1 11 4 14 7 -6 -5 -2 10 -10 -3 13 -13 -1 -4
right_child=2 8 3 6 5 -7 -8 -9 9 -11 -12 12 -14 -15 -16
leaf_value=-0.0012312707370303218 -0.00096211201588556391 -0.0056593986105484438 0.00021818911914106012 0.0001309352858901258 -0.00017338499487982252 0.00068400736933758204 -0.00046191289390980412 0.00055281559400665421 0.012822102851633163 -0.00042950934179994795 -0.00089516379098557536 0.00042504685733603669 0.0093340148680878584 0.0019413728049652618 -0.0015928525360115521
leaf_weight=11535 11553 5428 346 6784 14777 14938 4529 2665 59 1695 2261 945 156 1093 2432
leaf_count=11535 11553 5428 346 6784 14777 14938 4529 2665 59 1695 2261 945 156 1093 2432
internal_value=-0.000364305 -0.00114837 -5.11869e-05 -0.00106132 0.000272801 0.000729428 -0.000474234 -0.000681532 -0.00227311 0.000302165 -0.00286058 -0.000374755 0.00222071 -0.000601046 -0.00345213
internal_weight=81196 23172 58024 14091 43933 29715 11313 14218 9443 1754 7689 13729 1101 12628 2778
internal_count=81196 23172 58024 14091 43933 29715 11313 14218 9443 1754 7689 13729 1101 12628 2778
is_linear=0
shrinkage=0.05


Tree=75
num_leaves=16
num_cat=0
split_feature=17 22 1 5 19 16 16 16 13 15 19 18 17 20 22
split_gain=6.46837 6.27742 5.9385 5.72064 5.67093 4.99319 4.79756 4.56287 4.08971 3.44459 4.48631 2.88409 2.83956 2.35185 2.30916
threshold=169.50000000000003 0.70160493497879195 47.875556161554172 0.8697513045430848 21.768750000000008 163.95000000000002 105.65000000000002 870.85000000000014 -1.0000000180025095e-35 395.50000000000006 16.681250000000006 89.937500000000014 30.500000000000004 2.2256250000000004 0.59684832315422798
decision_type=2 2 2 2 2 2 2 2 2 2 2 2 2 2 2
left_child=2 9 8 4 -4 6 -3 -5 13 10 -2 -7 -10 -1 -11
right_child=1 5 3 7 -6 11 -8 -9 12 14 -12 -13 -14 -15 -16
leaf_value=0.0031950263046422777 -0.0010391817496590205 -0.0009992068512892627 -0.00024044492067135559 -0.00076732348240383843 -0.00041024746379751773 0.00066109372909528682 0.0024591978073014191 0.00022021841342994241 -3.2983008425178496e-05 -0.004609487339954651 0.0020169779610913789 -0.00012256957903260254 0.0039614966394092435 0.0040979834604946211 -0.00067237817814029825
leaf_weight=83 3952 111 39214 8097 6934 8039 345 272 3257 1437 2682 3019 1429 40 2460
leaf_count=83 3952 111 39214 8097 6934 8039 345 272 3257 1437 2682 3019 1429 40 2460
internal_value=-0.000371817 0.000359491 -0.000643564 -0.000792139 -0.000574024 0.0011664 0.00629386 -0.00199486 0.00104076 -0.000522744 0.000170333 0.000954964 0.000804523 0.0100406 -0.00170259
internal_weight=81371 22045 59326 54517 46148 11514 456 8369 4809 10531 6634 11058 4686 123 3897
internal_count=81371 22045 59326 54517 46148 11514 456 8369 4809 10531 6634 11058 4686 123 3897
is_linear=0
shrinkage=0.05


Tree=76
num_leaves=14
num_cat=0
split_feature=17 15 22 13 5 20 21 4 5 20 4 22 13
split_gain=7.54568 8.93487 8.55584 7.91712 6.90762 6.49423 6.494 12.1195 5.77234 5.64738 3.81743 3.64776 1.89783
threshold=103.50000000000001 205.50000000000003 1.0346756122897782 0.86052858263075704 0.91248814248966237 6.1281250000000007 0.77029506023990613 -0.63405362205439475 0.9053161325100999 1.8568750000000003 -0.98611507088852035 0.38722073562583198 0.86379296844321607
decision_type=2 2 2 2 2 2 2 2 2 2 2 2 2
left_child=1 6 4 10 8 12 9 -8 -2 -1 -4 -6 -3
right_child=2 5 3 -5 11 -7 7 -9 -10 -11 -12 -13 -14
leaf_value=-0.00035966163186028387 9.1092214526316959e-05 -0.00082462779983054856 0.0011880471161871669 0.00042156928842232227 -0.0066111290020435774 0.0023556133729596557 0.0032380426197193865 -0.00050021309304884326 0.0030454643618211524 -0.0029437935459902683 7.8993714634183285e-05 -0.00048029701879526859 0.00020656080511558539
leaf_weight=14087 36223 4591 46 71 826 41 1859 6211 327 10431 172 6257 262
leaf_count=14087 36223 4591 46 71 826 41 1859 6211 327 10431 172 6257 262
internal_value=-0.000351581 -0.000872687 9.31184e-05 0.00866782 3.63245e-05 -0.00286473 -0.000573525 0.000656752 0.000313268 -0.000978466 0.00394495 -0.00139277 -0.00303215
internal_weight=81404 37482 43922 289 43633 4894 32588 8070 36550 24518 218 7083 4853
internal_count=81404 37482 43922 289 43633 4894 32588 8070 36550 24518 218 7083 4853
is_linear=0
shrinkage=0.05


Tree=77
num_leaves=16
num_cat=0
split_feature=22 19 17 9 19 18 6 7 19 21 16 13 0 6 15
split_gain=6.85851 7.86944 7.65317 7.07115 9.60701 6.77977 6.4262 6.25794 4.12829 6.54009 4.3472 2.97998 3.11356 2.75813 1.8415
threshold=0.44121505258354909 21.018750000000008 97.500000000000014 0.50142405061816253 12.281250000000002 99.437500000000014 -0.77243990499604276 2.1250000000000004 16.531250000000004 0.26843280356524984 22.450000000000003 0.25767550752425245 111.39725722942525 0.7710868207630478 78.500000000000014
decision_type=2 2 2 2 2 2 2 2 2 2 2 2 2 2 2
left_child=5 3 14 7 -5 11 -4 -2 10 -10 -7 12 -1 -13 -3
right_child=1 2 6 4 -6 8 -8 -9 9 -11 -12 13 -14 -15 -16
leaf_value=0.0011867099912060807 -0.0014474433379792254 -0.0025626274388983235 9.3374191847820471e-05 0.0013469750397757552 0.00017415657422626253 -0.0047186125008680403 -0.00050786751931347347 0.00022326584993184246 0.002868204658179887 -0.0055574511358426172 0.00051928588352093683 0.00120576611961972 -0.0030053233384451736 -0.0013583654941640086 -0.0013399902519849851
leaf_weight=1148 9250 647 7281 4978 13238 6535 4463 16271 803 851 1126 5761 3461 3182 2264
leaf_count=1148 9250 647 7281 4978 13238 6535 4463 16271 803 851 1126 5761 3461 3182 2264
internal_value=-0.000323596 -3.61363e-05 -0.0010389 0.000299859 0.00105237 -0.00105764 -0.000470028 -0.000237257 -0.00209608 0.000169285 -0.00258517 -0.000343862 -0.00137666 0.000188414 -0.00333391
internal_weight=81259 58392 14655 43737 18216 22867 11744 25521 9315 1654 7661 13552 4609 8943 2911
internal_count=81259 58392 14655 43737 18216 22867 11744 25521 9315 1654 7661 13552 4609 8943 2911
is_linear=0
shrinkage=0.05


Tree=78
num_leaves=14
num_cat=0
split_feature=22 21 2 11 19 2 19 19 3 12 20 6 15
split_gain=5.88552 10.0489 10.698 6.97851 6.50435 5.52275 4.39454 3.61551 2.75244 2.55282 2.34017 1.46663 1.22266
threshold=0.31592674844659024 1.0000000180025095e-35 0.50061446703503198 1.1374882056746016 29.106250000000006 0.4137760620952457 14.331250000000002 15.318750000000003 -0.29012925520284066 235.65000000000003 1.3656250000000003 0.2332836900311728 693.50000000000011
decision_type=2 2 2 2 2 2 2 2 2 2 2 2 2
left_child=1 2 8 4 5 -2 11 -8 -1 -4 -5 -3 -6
right_child=3 6 9 10 12 -7 7 -9 -10 -11 -12 -13 -14
leaf_value=0.0014618033690423082 -0.00056717500810780756 -0.0069573650117456991 0.0035441655040981041 0.0078616743435400739 -0.0012178839055963999 0.00011934904454619799 0.0021237613613970282 -0.0021907438521559792 -0.001098875936352336 0.0091768691743722413 0.0017362336757715223 -0.0038790747442148548 -0.0001290849121633378
leaf_weight=2707 26578 2366 68 52 1261 36396 607 1525 5665 83 65 3350 587
leaf_count=2707 26578 2366 68 52 1261 36396 607 1525 5665 83 65 3350 587
internal_value=-0.000319765 -0.001167 2.17048e-05 -0.000106178 -0.000128198 -4.23996e-05 -0.00245795 -0.000520639 -0.000216198 0.0132119 0.012094 -0.00318055 -0.00305195
internal_weight=81310 16371 8523 64939 64822 62974 7848 2132 8372 151 117 5716 1848
internal_count=81310 16371 8523 64939 64822 62974 7848 2132 8372 151 117 5716 1848
is_linear=0
shrinkage=0.05


Tree=79
num_leaves=15
num_cat=0
split_feature=17 0 6 15 5 22 20 5 19 16 20 17 0 0
split_gain=5.58084 8.27725 5.4936 6.86288 5.62432 5.46603 9.64958 5.79037 5.70393 3.65075 3.3828 4.17669 3.31195 1.46377
threshold=115.50000000000001 93.040723276128219 0.04621408538533487 701.50000000000011 -0.86976336936302323 1.0175984756127823 4.496875000000002 0.86548282553247169 29.106250000000006 34.050000000000004 2.8743750000000006 30.500000000000004 15.959579625721219 324.57086105548984
decision_type=2 2 2 2 2 2 2 2 2 2 2 2 2 2
left_child=1 10 3 -3 -4 7 13 8 -2 -9 12 -12 -1 -7
right_child=5 2 4 -5 -6 6 -8 9 -10 -11 11 -13 -14 -15
leaf_value=0.002582850836159006 0.00025197057734251604 -0.0011306713609745718 0.0013680285299548932 7.8475941089601155e-05 -0.00069130764607090126 -0.00014533733388975013 0.0011797077484420916 -0.0058981768407116207 -0.00071116311531776435 -0.00046137683794539135 -0.0067313791167918566 0.0014022885861180155 0.00056385907678858655 0.00045784589202216091
leaf_weight=1235 29894 11903 3227 1104 15041 50 52 843 1085 6685 1286 932 7944 129
leaf_count=1235 29894 11903 3227 1104 15041 50 52 843 1085 6685 1286 932 7944 129
internal_value=-0.00033227 -0.000726707 -0.00114708 -0.00193242 -0.000587914 0.000102224 0.00777056 5.62224e-05 0.000358467 -0.00118757 0.000426866 -0.00132552 0.000850309 0.00226257
internal_weight=81410 42672 31275 13007 18268 38738 231 38507 30979 7528 11397 2218 9179 179
internal_count=81410 42672 31275 13007 18268 38738 231 38507 30979 7528 11397 2218 9179 179
is_linear=0
shrinkage=0.05


Tree=80
num_leaves=16
num_cat=0
split_feature=2 3 1 22 17 19 10 3 5 21 19 13 20 17 11
split_gain=5.51858 6.53952 6.5326 6.25846 7.58184 5.85578 5.47734 5.35821 6.47793 5.77908 2.75204 2.03358 2.21388 1.7432 1.30281
threshold=0.42246796305136108 0.97335555334614954 30.756404504554286 0.87113877711141308 100.50000000000001 20.118750000000002 77.550000000000026 0.41248606129204562 -0.99763297024448894 0.85084577651039284 19.706250000000008 -1.0000000180025095e-35 2.3068750000000007 30.500000000000004 0.39175426396321916
decision_type=2 2 2 2 2 2 2 2 2 2 2 2 2 2 2
left_child=2 7 11 10 -5 6 -4 8 -2 -9 -3 12 -1 -13 -7
right_child=1 3 5 4 -6 14 -8 9 -10 -11 -12 13 -14 -15 -16
leaf_value=0.0028750557101858412 0.0025498911079728241 1.5058634406645188e-05 -0.0012628747507521766 0.00058663765214657946 0.0035433064585740693 -0.0005889875380993895 0.00022718300071005449 -7.2599031388185779e-05 9.1348616662431453e-05 -0.00042558603236996038 0.0057784800234516754 0.00084249442756089983 0.0043884198848116252 0.0041300036877656631 -0.0034615914806805526
leaf_weight=85 621 355 22438 115 85 552 10761 8971 26804 4481 43 2077 40 678 3132
leaf_count=85 621 355 22438 115 85 552 10761 8971 26804 4481 43 2077 40 678 3132
internal_value=-0.000310078 9.34286e-05 -0.000730957 0.00528428 0.0125 -0.000910041 -0.000700173 1.74903e-05 0.000418413 -0.000799882 0.00165829 0.0015625 0.0078 0.00127949 -0.0028013
internal_weight=81238 41475 39763 598 200 36883 33199 40877 27425 13452 398 2880 125 2755 3684
internal_count=81238 41475 39763 598 200 36883 33199 40877 27425 13452 398 2880 125 2755 3684
is_linear=0
shrinkage=0.05


Tree=81
num_leaves=15
num_cat=0
split_feature=19 5 10 7 6 2 4 16 5 21 22 20 3 20
split_gain=5.06109 5.74588 7.38509 8.58045 6.37889 5.27271 5.74302 2.79048 1.1805 1.94119 2.69989 0.667073 0.634762 0.279635
threshold=29.106250000000006 0.8697513045430848 77.550000000000026 2.1250000000000004 -0.056951011027366626 0.090840179555606179 -0.91037613702198739 21.400000000000002 0.022575936829235418 0.94740775439615788 0.91515564604292654 4.3693750000000007 -0.16280825711808958 2.6481250000000007
decision_type=2 2 2 2 2 2 2 2 2 2 2 2 2 2
left_child=1 2 3 -1 -4 7 -7 -3 11 12 -11 13 -10 -2
right_child=8 5 4 -5 -6 6 -8 -9 9 10 -12 -13 -14 -15
leaf_value=-0.0024070275844069967 -0.0011608349295672783 -0.004043812172023758 5.9580329464387896e-06 -2.6553765410689956e-05 0.0011430733653017278 4.8950570648011392e-05 -0.00097407771176354844 0.0041212992597034377 -0.0012158348305562876 0.00026948671470387046 -1.7012924834483331e-05 0.0001638464625440872 3.7565885834905168e-05 -0.00067340427344700176
leaf_weight=11538 785 155 24790 20803 8587 3966 9237 273 391 42 165 41 114 311
leaf_count=11538 785 155 24790 20803 8587 3966 9237 273 391 42 165 41 114 311
internal_value=-0.000358877 -0.000298619 -0.000104843 -0.000643302 0.000416903 -0.00123285 -0.00140991 0.00422897 -0.00294484 -0.00134832 0.00272947 -0.00394459 -0.0030198 -0.00417883
internal_weight=81198 79349 65718 32341 33377 13631 13203 428 1849 712 207 1137 505 1096
internal_count=81198 79349 65718 32341 33377 13631 13203 428 1849 712 207 1137 505 1096
is_linear=0
shrinkage=0.05


Tree=82
num_leaves=16
num_cat=0
split_feature=18 22 19 15 16 19 17 6 21 22 4 15 16 21 1
split_gain=6.04132 7.4409 5.49226 5.24479 7.78573 6.23322 4.77322 4.73115 4.22128 3.62144 3.27694 3.03015 2.22178 5.81272 1.20977
threshold=99.812500000000014 0.26880829936081596 23.031250000000004 720.50000000000011 619.45000000000016 15.731250000000005 97.500000000000014 -0.9575230291762723 0.96501661655348248 1.1514808641025693 0.16280825711809024 22.500000000000004 17.550000000000004 0.2172718243009871 23.031246328143116
decision_type=2 2 2 2 2 2 2 2 2 2 2 2 2 2 2
left_child=2 12 3 4 -1 -5 11 -8 10 -10 -3 -4 14 -14 -2
right_child=1 8 6 5 -6 -7 7 -9 9 -11 -12 -13 13 -15 -16
leaf_value=0.00015689028476151954 0.0027919960597801064 -0.00063664831951943583 0.0083974991460428923 0.0009723075411688098 -0.00035392561295203364 0.00017754041041777034 0.00017303064232378489 -0.00039450373373184496 0.0092379892405108129 -0.0038298526805865098 0.007394816970770904 -0.0015711824946455233 0.0099651346505198746 -0.004087904297667028 -0.0050249123036371079
leaf_weight=49986 195 11750 61 139 4594 1537 2489 4176 60 43 234 1639 68 214 3952
leaf_count=49986 195 11750 61 139 4594 1537 2489 4176 60 43 234 1639 68 214 3952
internal_value=-0.000304856 -0.00115827 -8.67377e-05 9.10113e-05 6.41141e-06 0.00284606 -0.00128213 -0.000678921 -0.000515845 0.00956311 -0.000602471 -0.00364706 -0.00291149 0.00138298 -0.00320352
internal_weight=81137 16516 64621 56256 54580 1676 8365 6665 12087 103 11984 1700 4429 282 4147
internal_count=81137 16516 64621 56256 54580 1676 8365 6665 12087 103 11984 1700 4429 282 4147
is_linear=0
shrinkage=0.05


Tree=83
num_leaves=16
num_cat=0
split_feature=19 1 2 5 22 19 6 13 5 18 20 15 20 20 21
split_gain=5.41172 6.11172 6.1855 4.90435 5.5241 4.82014 4.37769 3.14004 1.38874 1.99668 2.56922 2.00334 0.604749 0.64146 0.10141
threshold=29.106250000000006 387.28301292094443 0.10566818577182599 0.91248814248966237 1.0454491616588848 11.643750000000002 0.11478523713130605 -1.0000000180025095e-35 0.022575936829235418 15.812500000000002 2.3231250000000006 682.50000000000011 2.6481250000000007 2.9993750000000006 0.78000167199141057
decision_type=2 2 2 2 2 2 2 2 2 2 2 2 2 2 2
left_child=1 2 7 5 -5 -3 -4 -1 12 10 -10 -11 14 -14 -2
right_child=8 3 6 4 -6 -7 -8 -9 9 11 -12 -13 13 -15 -16
leaf_value=0.0037778456014041679 -0.0030801617086463587 0.0013455227418191396 -0.0017393299825106943 -0.00046623258577099531 0.00061184411623188756 9.8984325160854676e-05 -0.00040201196089779289 0.0013525881583507518 -6.4395616862081715e-05 -0.0016339074760125139 0.00042792487781820516 4.7793108526872352e-05 3.4624992126869313e-05 -0.00052722498848479398 -0.00096842183670460828
leaf_weight=131 132 3679 12549 7047 152 28439 23035 4326 57 371 53 228 140 206 676
leaf_count=131 132 3679 12549 7047 152 28439 23035 4326 57 371 53 228 140 206 676
internal_value=-0.000269697 -0.000207164 -0.000641968 0.000235648 -0.000943882 0.00050003 -0.000861905 0.00111398 -0.00293344 -0.00119182 0.005 -0.00232888 -0.00400347 -0.00225434 -0.00475248
internal_weight=81221 79358 40041 39317 7199 32118 35584 4457 1863 709 110 599 1154 346 808
internal_count=81221 79358 40041 39317 7199 32118 35584 4457 1863 709 110 599 1154 346 808
is_linear=0
shrinkage=0.05


Tree=84
num_leaves=16
num_cat=0
split_feature=19 22 20 5 5 21 12 16 5 21 1 3 20 22 22
split_gain=4.78401 5.69764 5.52164 7.04463 5.10819 4.66676 8.04802 5.67087 1.82712 2.0756 1.70048 1.49276 0.669938 0.821907 0.0735704
threshold=29.106250000000006 0.44495228031460682 1.6756250000000004 -0.99940763397299126 0.75580964594513067 0.080309471516416917 229.35000000000002 7.2500000000000009 0.022575936829235418 0.94740775439615788 560.80616886868177 0.29012925520284144 2.6481250000000007 0.88207739598940205 0.69831893259642208
decision_type=2 2 2 2 2 2 2 2 2 2 2 2 2 2 2
left_child=1 5 3 -3 -4 6 -1 -7 12 11 -11 -10 14 -14 -2
right_child=8 2 4 -5 -6 7 -8 -9 9 10 -12 -13 13 -15 -16
leaf_value=-0.00033724105275532339 -0.00069786708943665038 0.0037080871193293191 0.00038292262649816341 -0.00040720256120644097 -0.000162319979875582 -0.0041842383721173455 0.0054510940250402529 -0.00083962642370180314 -0.0010154166142539694 -0.00040256901566543263 0.00017162845987660493 0.00083802740329456656 0.00059992818771003632 -0.00059886654578416145 -0.0010076137343578762
leaf_weight=8612 48 243 26985 17491 11631 5900 238 8481 449 47 162 45 73 261 765
leaf_count=8612 48 243 26985 17491 11631 5900 238 8481 449 47 162 45 73 261 765
internal_value=-0.000297247 -0.000238814 3.28293e-05 -0.000697531 0.00036824 -0.000897724 5.64853e-06 -0.00145366 -0.00281081 -0.0008037 0.0033732 -0.00257085 -0.00404098 -0.00215569 -0.0048155
internal_weight=81431 79581 56350 17734 38616 23231 8850 14381 1850 703 209 494 1147 334 813
internal_count=81431 79581 56350 17734 38616 23231 8850 14381 1850 703 209 494 1147 334 813
is_linear=0
shrinkage=0.05


Tree=85
num_leaves=15
num_cat=0
split_feature=19 0 1 3 3 20 22 3 6 3 4 12 18 0
split_gain=4.86114 4.96748 7.07678 6.09972 4.97669 4.59705 4.33975 3.41537 0.864381 1.13856 1.06693 2.70118 0.625158 2.22045e-16
threshold=29.106250000000006 314.71832301356096 87.639233698879806 0.97335555334614954 0.41248606129204562 3.2831250000000005 0.71418509615329928 -0.77259657388510605 -0.99628250747696534 0.47114434510950071 -0.5 449.25000000000006 1.0000000180025095e-35 286.79071782855834
decision_type=2 2 2 2 2 2 2 2 2 2 2 2 2 2
left_child=1 2 5 4 -3 -1 -5 -4 10 12 11 -2 -10 -12
right_child=8 3 7 6 -6 -7 -8 -9 9 -11 13 -13 -14 -15
leaf_value=0.0013684409812143152 0.00034060152288024838 0.0001683994411113457 -0.0021161822644900521 0.00014260233613181298 -0.00026982221225960932 -0.0036002226692686263 0.001541130044249834 -0.0005944116480948988 -4.46713275499999e-05 0.00030178842633164695 -0.0062521907764496237 -7.9601991472817745e-05 -0.0011156652650700901 -0.0011769571484131179
leaf_weight=7399 76 25364 7181 176 13114 1237 227 24852 131 41 74 247 1217 43
leaf_count=7399 76 25364 7181 176 13114 1237 227 24852 131 41 74 247 1217 43
internal_value=-0.000291784 -0.000233188 -0.000619515 0.000170905 0.000106813 0.000650763 0.00629032 -0.000961978 -0.00284035 -0.00345213 -0.000909092 0.000572754 -0.00370178 -0.005
internal_weight=81379 79550 40669 38881 38478 8636 403 32033 1829 1389 440 323 1348 117
internal_count=81379 79550 40669 38881 38478 8636 403 32033 1829 1389 440 323 1348 117
is_linear=0
shrinkage=0.05


Tree=86
num_leaves=16
num_cat=0
split_feature=19 5 2 19 3 4 22 1 1 12 3 5 12 3 21
split_gain=5.49277 4.72288 5.67881 6.13082 5.47401 2.99152 5.44299 3.6995 0.287837 0.432491 0.579047 0.195814 0.62093 0.182456 0.074748
threshold=30.606250000000006 0.91248814248966237 0.40790916868132171 19.493750000000002 0.97335555334614954 -0.91037613702198739 1.0547836068262837 33.992250159207309 767.33709057079034 538.95000000000016 1.0000000180025095e-35 -0.67803021058859214 275.55000000000001 0.2269546835593246 0.72335850401626589
decision_type=2 2 2 2 2 2 2 2 2 2 2 2 2 2 2
left_child=1 2 3 -1 -4 6 -3 -7 11 10 -10 12 -2 -11 -13
right_child=8 5 4 -5 -6 7 -8 -9 9 13 -12 14 -14 -15 -16
leaf_value=-0.00028295058460606307 0.00076638801145106905 -4.9121665968892106e-05 9.8258027682851095e-05 -0.0034207854377853869 0.001289336876191772 0.0031882550423223857 0.00080678953088288835 -0.0011506639873583224 0.00037594612660927232 -0.00078162059440956195 -0.00025219456470311919 -0.0013103494733033767 -0.0012165327457123621 -0.00023108009644211649 -0.0009980178002175987
leaf_weight=30561 40 3205 33928 3775 743 339 64 7609 51 195 46 49 89 52 532
leaf_count=30561 40 3205 33928 3775 743 339 64 7609 51 195 46 49 89 52 532
internal_value=-0.000275475 -0.000228362 -7.36894e-05 -0.000529475 0.000377692 -0.00117991 9.32995e-05 -0.00170357 -0.00386148 -0.00267442 0.000154638 -0.00443662 -0.00267442 -0.00378543 -0.00482788
internal_weight=81278 80224 69007 34336 34671 11217 3269 7948 1054 344 97 710 129 247 581
internal_count=81278 80224 69007 34336 34671 11217 3269 7948 1054 344 97 710 129 247 581
is_linear=0
shrinkage=0.05


Tree=87
num_leaves=15
num_cat=0
split_feature=19 22 18 20 11 18 22 5 5 0 17 20 0 21
split_gain=4.82857 5.39435 6.28743 6.06822 5.81179 5.59625 5.27787 4.92423 1.16792 1.50174 4.86534 0.456349 0.751508 0.222727
threshold=29.106250000000006 0.44495228031460682 1.0000000180025095e-35 4.2731250000000012 1.1374882056746016 87.437500000000014 0.239516344057006 -0.96235977360714686 1.0000000180025095e-35 386.19733302737654 109.50000000000001 2.6481250000000007 605.08927166733793 0.78000167199141057
decision_type=2 2 2 2 2 2 2 2 2 2 2 2 2 2
left_child=1 5 3 -3 -4 7 -7 -1 11 -10 -11 13 -13 -2
right_child=8 2 4 -5 -6 6 -8 -9 9 10 -12 12 -14 -15
leaf_value=0.0034459572439716809 -0.0024028536796375064 -0.00032979356735213797 7.6718716358398849e-05 0.00052469858919468998 0.0052772758867396423 -0.004351533525240577 -0.00093590418212325668 -0.0002156753184424281 -0.0027940959121696366 0.00020115478737821603 -0.00017102147235248594 -0.00056045305787192658 0.00025067891547881185 -0.0011205820355283335
leaf_weight=555 132 2409 53599 184 98 5020 9583 7985 214 74 555 247 68 588
leaf_count=555 132 2409 53599 184 98 5020 9583 7985 214 74 555 247 68 588
internal_value=-0.000257715 -0.00019847 6.57298e-05 -0.00233899 0.000181853 -0.000841076 -0.00143567 0.000175643 -0.00276358 -0.00138197 -0.000151035 -0.00388889 -0.00230159 -0.00458333
internal_weight=81311 79433 56290 2593 53697 23143 14603 8540 1878 843 629 1035 315 720
internal_count=81311 79433 56290 2593 53697 23143 14603 8540 1878 843 629 1035 315 720
is_linear=0
shrinkage=0.05


Tree=88
num_leaves=16
num_cat=0
split_feature=7 11 16 7 10 22 3 7 19 17 20 1 12 18 8
split_gain=4.6817 10.5992 14.1838 6.66475 5.40944 6.07619 5.92887 4.44508 4.04579 3.59535 2.38991 2.27094 1.84915 1.59264 1.45323
threshold=2.1250000000000004 0.62511787762828253 451.35000000000008 0.62500000000000011 432.30000000000007 0.74839037964735244 0.41248606129204562 1.0000000180025095e-35 12.493750000000004 99.500000000000014 4.001875000000001 27.787469958067373 15.150000000000002 93.687500000000014 1.0000000180025095e-35
decision_type=2 2 2 2 2 2 2 2 2 2 2 2 2 2 2
left_child=1 7 3 -3 5 10 -7 14 -4 12 -2 -9 -6 -11 -1
right_child=4 2 8 -5 9 6 -8 11 -10 13 -12 -13 -14 -15 -16
leaf_value=0.0023957151853393806 7.3249462770491406e-06 0.0033332036413320056 0.00061207913873396677 0.00082945118128520011 0.0013069143368617051 0.00060694264112979603 -6.8703243752354587e-05 0.0016013536071117673 -0.00030852143941302351 4.6305168568822053e-05 -0.0016174205603993932 -0.0011487714021993717 -0.0013449449347862049 -0.0011423350991606987 -0.0045042642411024089
leaf_weight=169 20446 1629 569 3173 162 10386 6056 919 4340 2664 5398 19891 1949 1038 2401
leaf_count=169 20446 1629 569 3173 162 10386 6056 919 4340 2664 5398 19891 1949 1038 2401
internal_value=-0.000272202 -0.000729958 0.00065853 0.00259059 4.27232e-05 0.000239322 0.000990754 -0.00130667 -0.00123141 -0.00138741 -0.000238741 -0.00106439 -0.00303411 -0.000448407 -0.00326848
internal_weight=81190 33091 9711 4802 48099 42286 16442 23380 4909 5813 25844 20810 2111 3702 2570
internal_count=81190 33091 9711 4802 48099 42286 16442 23380 4909 5813 25844 20810 2111 3702 2570
is_linear=0
shrinkage=0.05


Tree=89
num_leaves=16
num_cat=0
split_feature=19 5 10 7 6 4 18 2 5 18 0 20 22 12 20
split_gain=4.58719 4.53741 6.01597 7.45707 6.72852 4.16719 5.83458 4.27013 1.58339 2.23634 1.01461 0.616425 0.999203 0.3125 0.070787
threshold=29.106250000000006 0.878110924644389 95.250000000000014 2.3750000000000004 0.90070004940655357 -0.88144907265856332 66.437500000000014 0.090840179555606179 1.0000000180025095e-35 1.0000000180025095e-35 386.19733302737654 2.6481250000000007 0.88207739598940205 533.25000000000011 0.73812500000000014
decision_type=2 2 2 2 2 2 2 2 2 2 2 2 2 2 2
left_child=1 2 3 -1 -4 6 -3 -7 11 13 -11 14 -13 -10 -2
right_child=8 5 4 -5 -6 7 -8 -9 9 10 -12 12 -14 -15 -16
leaf_value=-0.0016497118237401777 -0.0036044465166040237 0.00048786085521115158 0.00017599665273998564 9.5862532272368323e-05 0.0041062558090683597 0.0029585324943903132 -0.0006786710141546468 -0.00089863444180861242 0.00014193348267243922 -0.0029555129512701291 -0.00013014907477222631 0.0036063000952479083 -0.00043682943686536774 1.60161377286633e-05 -0.0010732589236821855
leaf_weight=14824 49 1405 29701 21254 450 418 3015 8373 40 197 550 47 269 40 682
leaf_count=14824 49 1405 29701 21254 450 418 3015 8373 40 197 550 47 269 40 682
internal_value=-0.00026035 -0.00020267 -3.38987e-05 -0.000469539 0.000487379 -0.00104875 0.000203619 -0.00167842 -0.00270544 -0.00107013 -0.00192102 -0.00399714 -0.0021519 0.006875 -0.0047948
internal_weight=81314 79440 66229 36078 30151 13211 4420 8791 1874 827 747 1047 316 80 731
internal_count=81314 79440 66229 36078 30151 13211 4420 8791 1874 827 747 1047 316 80 731
is_linear=0
shrinkage=0.05


Tree=90
num_leaves=16
num_cat=0
split_feature=16 9 3 8 18 20 12 15 7 13 4 6 5 17 22
split_gain=4.49319 7.45055 9.30574 8.8749 6.97206 6.82101 6.60696 6.3644 6.32851 6.18837 4.92391 4.27294 4.1513 3.45436 0.926011
threshold=623.1500000000002 0.32070693245821907 -0.9103761370219875 1.0000000180025095e-35 88.687500000000014 4.1506250000000007 34.650000000000006 708.50000000000011 1.6250000000000002 0.68349776447443311 -0.95642797789208689 -0.97507822412530132 0.3504237462291826 229.50000000000003 1.0199771783745757
decision_type=2 2 2 2 2 2 2 2 2 2 2 2 2 2 2
left_child=1 3 6 12 -4 7 -3 11 -5 10 -7 -2 -1 -9 -11
right_child=5 2 4 8 -6 9 -8 13 -10 14 -12 -13 -14 -15 -16
leaf_value=-0.00046082969023365891 0.00013398723040652601 0.00069070718281256677 0.00078472525837696642 -0.0051160134989551792 -9.6853928519640965e-05 0.0013856311558021767 -0.0032212789895171125 -2.9279132572735547e-05 -0.0010013517915846717 -0.0005196463990465906 0.00036300987349454066 -0.00062943808255044279 0.00095642190970880627 0.0008863053451020911 0.00015688628236824512
leaf_weight=11593 571 2772 17575 5561 15000 156 4225 3194 9319 236 230 5008 5552 103 92
leaf_count=11593 571 2772 17575 5561 15000 156 4225 3194 9319 236 230 5008 5552 103 92
internal_value=-0.000281881 -0.000145748 0.000313099 -0.000712726 0.000668456 -0.00129823 -0.00134129 -0.00167643 -0.00160618 0.00340336 0.0076943 -0.00270568 6.26993e-05 6.52096e-05 -0.00164634
internal_weight=81187 71597 39572 32025 32575 9590 6997 8876 14880 714 386 5579 17145 3297 328
internal_count=81187 71597 39572 32025 32575 9590 6997 8876 14880 714 386 5579 17145 3297 328
is_linear=0
shrinkage=0.05


Tree=91
num_leaves=15
num_cat=0
split_feature=19 22 18 1 6 6 18 17 3 21 6 17 5 5
split_gain=4.32531 5.68706 7.89878 7.32405 6.13466 3.97056 4.18051 3.56175 3.95109 3.2501 2.63959 2.13042 1.66865 0.79132
threshold=23.393750000000004 0.74839037964735244 40.187500000000007 668.781110053112 0.99855310097228334 -0.39827153806311183 66.437500000000014 88.500000000000014 0.35206144883412588 0.73933902847118593 -0.99628250747696534 15.500000000000002 0.17646842360078763 0.17646842360078763
decision_type=2 2 2 2 2 2 2 2 2 2 2 2 2 2
left_child=1 5 3 -3 -4 9 -7 11 10 -1 -9 -2 -10 -13
right_child=7 2 4 -5 -6 6 -8 8 12 -11 -12 13 -14 -15
leaf_value=0.00040319961473615534 0.0073004556932939656 -0.00042169880781382459 0.00057341366666944246 0.0002005020452875719 0.0089258937624411734 0.0001598815299266891 -0.0014092371182488315 0.00025647852178370975 -0.00079699671533012609 -0.0032841663170530208 -0.0001171296227041455 -0.0028893935240235369 3.3696204395079926e-05 -0.0017734130892077334
leaf_weight=13507 63 7135 19387 1671 93 8654 21301 718 1029 746 5347 1032 244 247
leaf_count=13507 63 7135 19387 1671 93 8654 21301 718 1029 746 5347 1032 244 247
internal_value=-0.000235545 -0.000109252 0.000444388 -0.000798321 0.00100616 -0.000463492 -0.000790353 -0.00129032 -0.000857183 0.000223461 -0.00032564 -0.00365872 -0.00338963 -0.00410086
internal_weight=81174 72494 28286 8806 19480 44208 29955 8680 7338 14253 6065 1342 1273 1279
internal_count=81174 72494 28286 8806 19480 44208 29955 8680 7338 14253 6065 1342 1273 1279
is_linear=0
shrinkage=0.05


Tree=92
num_leaves=16
num_cat=0
split_feature=16 22 18 6 20 6 0 6 6 22 4 6 11 7 7
split_gain=4.62989 9.14727 8.57157 9.10762 7.29117 12.7309 12.6697 5.28581 5.15269 7.08901 5.20692 4.56144 3.35763 10.4262 4.07371
threshold=506.00000000000006 0.74839037964735244 38.687500000000007 0.96633974041180493 3.5043750000000009 0.18281312110578132 434.80136972232953 0.99855310097228334 -0.9292178835113839 0.9713888976263666 -0.88144907265856332 -0.99938741687870725 0.85488659115969112 0.87500000000000011 0.87500000000000011
decision_type=2 2 2 2 2 2 2 2 2 2 2 2 2 2 2
left_child=1 12 3 -3 8 11 -7 -4 9 -2 -10 -6 14 -14 -1
right_child=4 2 7 -5 5 6 -8 -9 10 -11 -12 -13 13 -15 -16
leaf_value=-0.0020337778916704901 -0.00013357368889353841 -0.0020098906165614862 0.00070254456328804505 0.0033966652952428563 0.00049343080643702132 0.0034241627618962281 0.0039163493782297734 0.0087819447828205357 -0.0001130242161598843 0.00032861781564110762 -0.00076248228604834406 -3.8539199489237322e-05 0.0059389193601268094 -8.3841098903797477e-05 -0.00033719766633743208
leaf_weight=7917 1964 2792 17478 150 68 328 104 90 4347 473 5466 2584 279 1305 35916
leaf_count=7917 1964 2792 17478 150 68 328 104 90 4347 473 5466 2584 279 1305 35916
internal_value=-0.00022957 -4.75538e-05 0.000828863 -0.00166893 -0.00101213 0.00116083 0.00912037 0.00124715 -0.00155918 0.000498563 -0.00207021 -0.000135748 -0.000443337 0.00181818 -0.000525062
internal_weight=81261 65927 20510 2942 15334 3084 432 17568 12250 2437 9813 2652 45417 1584 43833
internal_count=81261 65927 20510 2942 15334 3084 432 17568 12250 2437 9813 2652 45417 1584 43833
is_linear=0
shrinkage=0.05


Tree=93
num_leaves=15
num_cat=0
split_feature=16 22 18 16 19 19 6 16 22 17 6 20 16 21
split_gain=4.73402 6.40107 8.83083 5.95094 7.15547 5.84794 5.51118 4.30053 3.91877 3.62052 3.56489 3.00309 3.50443 3.34036
threshold=623.1500000000002 0.74839037964735244 33.062500000000007 829.65000000000009 11.318750000000003 20.906250000000004 -0.97507822412530132 105.65000000000002 1.0239849651243411 229.50000000000003 -0.99052477729077237 4.0256250000000007 7.2500000000000009 0.60965275685385789
decision_type=2 2 2 2 2 2 2 2 2 2 2 2 2 2
left_child=1 11 7 6 -5 -4 10 -3 -6 -8 -2 13 -13 -1
right_child=3 2 5 4 8 -7 9 -9 -10 -11 -12 12 -14 -15
leaf_value=-3.6684621051865496e-05 -7.5555597282128789e-05 0.0057034876854001933 0.0008513189159006871 0.00059077705466669837 0.0001184057822748286 -0.00019863902672670347 -0.00047161843153275499 -0.0010442570945119777 -0.00023267096820692168 0.00079927251860927972 0.00049055281497753067 -0.0051265160829209672 -0.00082200353050677964 -0.0011652499757738948
leaf_weight=28986 826 106 16406 67 1297 5599 6641 3724 322 80 347 2004 6994 7970
leaf_count=28986 826 106 16406 67 1297 5599 6641 3724 322 80 347 2004 6994 7970
internal_value=-0.000276458 -0.000137139 0.000492548 -0.00132046 0.00137604 0.000878208 -0.00189638 -0.00172324 0.000713402 -0.0024483 0.00126598 -0.000491145 -0.00131029 -0.000291699
internal_weight=81369 71789 25835 9580 1686 22005 7894 3830 1619 6721 1173 45954 8998 36956
internal_count=81369 71789 25835 9580 1686 22005 7894 3830 1619 6721 1173 45954 8998 36956
is_linear=0
shrinkage=0.05


Tree=94
num_leaves=15
num_cat=0
split_feature=19 22 21 12 18 20 17 19 4 5 15 13 20 17
split_gain=5.00842 5.21577 6.82597 7.19009 5.45501 5.4854 5.00367 4.90862 3.5847 4.19133 4.44153 2.17857 1.68212 1.77584
threshold=23.031250000000004 0.30973942200225313 1.0000000180025095e-35 282.4500000000001 1.0000000180025095e-35 0.53562500000000013 102.50000000000001 14.481250000000003 -0.5 -0.63921128368950708 428.50000000000006 0.60396141626924715 3.8781250000000007 15.500000000000002
decision_type=2 2 2 2 2 2 2 2 2 2 2 2 2 2
left_child=1 2 3 -1 6 -6 -3 -4 9 11 -11 -2 13 -10
right_child=8 4 7 -5 5 -7 -8 -9 12 10 -12 -13 -14 -15
leaf_value=-0.00013162459325471906 4.9960870458720643e-05 -0.00065283319628244311 -0.0040374550347727764 0.005375323403155447 -0.0010423182318249214 0.00018776200311709895 0.00014861955662245839 0.00011279650387531358 0.0042386848959760576 0.00091301562915355313 -6.9709528045763805e-05 -0.0007529433987968399 0.00419165393324327 -0.002441187547518809
leaf_weight=8384 578 1476 5651 110 3416 50165 543 1912 68 636 4332 1807 59 2044
leaf_count=8384 578 1476 5651 110 3416 50165 543 1912 68 636 4332 1807 59 2044
internal_value=-0.000295083 -0.000151905 -0.000945695 2.70767e-05 7.73369e-05 0.000173474 -0.002474 -0.00203821 -0.00137232 -0.000845234 -1.81171e-05 -0.00256814 -0.00315753 -0.00339015
internal_weight=81181 71657 16057 8494 55600 53581 2019 7563 9524 7353 4968 2385 2171 2112
internal_count=81181 71657 16057 8494 55600 53581 2019 7563 9524 7353 4968 2385 2171 2112
is_linear=0
shrinkage=0.05


Tree=95
num_leaves=15
num_cat=0
split_feature=19 5 2 3 2 22 16 5 0 17 20 20 22 20
split_gain=4.132 4.20159 5.20256 6.14722 4.8332 3.13037 3.06825 1.28993 1.70894 4.59608 1.19976 0.682374 0.912037 0.166261
threshold=29.106250000000006 0.91248814248966237 0.40790916868132171 0.97335555334614954 0.18690755086793212 0.38722073562583198 204.75000000000003 1.0000000180025095e-35 383.60474876755592 108.50000000000001 1.8568750000000003 2.6481250000000007 0.88207739598940205 0.73812500000000014
decision_type=2 2 2 2 2 2 2 2 2 2 2 2 2 2
left_child=1 2 4 -4 -1 10 -7 11 -9 -10 -3 13 -13 -2
right_child=7 5 3 -5 -6 6 -8 8 9 -11 -12 12 -14 -15
leaf_value=0.00044196839162980437 -0.0029589218712153457 -0.0013447485264638074 0.00010885836958453146 0.0012637198392829452 -0.00079403301377565833 0.00060012654262789854 -0.00039887866480481886 -0.0025044083335478331 0.0002324036227367893 -7.5556942999973985e-05 -0.0047603097094154681 0.0034894694092497489 -0.0004448089296122956 -0.00095769261302519745
leaf_weight=10637 46 350 33309 737 23654 2784 6644 209 51 549 1389 47 271 659
leaf_count=10637 46 350 33309 737 23654 2784 6644 209 51 549 1389 47 271 659
internal_value=-0.000250567 -0.000196469 -4.95351e-05 0.000388297 -0.000484239 -0.00109564 -0.000736106 -0.00259825 -0.00110631 0.000249999 -0.00304485 -0.0037781 -0.00185535 -0.00464539
internal_weight=81336 79504 68337 34046 34291 11167 9428 1832 809 600 1739 1023 318 705
internal_count=81336 79504 68337 34046 34291 11167 9428 1832 809 600 1739 1023 318 705
is_linear=0
shrinkage=0.05


Tree=96
num_leaves=13
num_cat=0
split_feature=19 7 11 16 7 18 22 10 16 17 5 6
split_gain=4.88061 4.50392 9.92438 9.2599 4.60505 3.83882 6.52668 4.76132 3.03873 2.82352 4.09504 1.87565
threshold=25.056250000000006 2.1250000000000004 0.63016555456806922 451.35000000000008 1.0000000180025095e-35 89.937500000000014 0.26880829936081596 256.9500000000001 870.85000000000014 214.50000000000003 0.24372619187392155 -0.99628250747696534
decision_type=2 2 2 2 2 2 2 2 2 2 2 2
left_child=1 2 4 -4 -1 7 -7 -3 9 11 -11 -2
right_child=8 5 3 -5 -6 6 -8 -9 -10 10 -12 -13
leaf_value=-0.0038672947159686848 3.6574102797733575e-05 0.00051664598368579995 0.0017095009925502055 -0.00016756382442390482 -0.00082897800173921507 -0.0036104939697987649 6.9858218824141798e-05 -0.00019752486834985223 0.00013996228315023675 -0.00044169820537959888 0.0012461153438677961 -0.00048024313700478099
leaf_weight=2545 604 19101 4340 3556 20390 3575 15919 5983 52 863 232 4006
leaf_count=2545 604 19101 4340 3556 20390 3575 15919 5983 52 863 232 4006
internal_value=-0.000244315 -0.000137186 -0.000601831 0.00092705 -0.00112819 0.00018417 -0.000342158 0.000593206 -0.00164756 -0.00175723 0.000525113 -0.00229935
internal_weight=81166 75409 30831 7896 22935 44578 19494 25084 5757 5705 1095 4610
internal_count=81166 75409 30831 7896 22935 44578 19494 25084 5757 5705 1095 4610
is_linear=0
shrinkage=0.05


Tree=97
num_leaves=16
num_cat=0
split_feature=16 9 8 4 22 7 20 19 0 18 17 6 9 5 18
split_gain=4.68963 5.79908 8.61486 6.51207 11.7332 5.92044 5.62514 6.20698 6.68863 5.57966 4.27338 4.0673 3.76865 3.7047 0.568962
threshold=623.1500000000002 0.32070693245821907 1.0000000180025095e-35 -0.63405362205439475 1.0094957306721377 1.6250000000000002 3.5793750000000006 20.218750000000004 449.89689060342016 33.062500000000007 229.50000000000003 -0.99761278905001471 0.40144420130018471 0.3504237462291826 54.937500000000007
decision_type=2 2 2 2 2 2 2 2 2 2 2 2 2 2 2
left_child=1 2 13 4 -3 -4 10 8 -8 -5 11 -2 -9 -1 -12
right_child=6 3 5 9 -6 -7 7 12 -10 -11 14 -13 -14 -15 -16
leaf_value=-0.00035379457675728114 0.00018346222888398085 0.00038202441997605698 -0.0044964223072445266 -0.0024556039725677488 0.0028066671537499669 -0.00082184199428310108 -0.00020292111286595094 0.00034121096688591215 0.00064593653073482615 -8.569426035704385e-05 0.0016960473792619381 -0.00029238714961908521 -0.00019391190270598118 0.0010601358409592922 0.00091609298105358925
leaf_weight=11656 508 24630 5526 2337 825 9313 322 43 545 12013 40 7434 706 5564 43
leaf_count=11656 508 24630 5526 2337 825 9313 322 43 545 12013 40 7434 706 5564 43
internal_value=-0.000251213 -0.000112297 -0.000612778 0.000290791 0.000770967 -0.00149572 -0.00128669 0.0014047 0.00428489 -0.000560977 -0.00182866 -0.00194661 -0.00192924 0.000148082 0.00945783
internal_weight=81505 71864 32059 39805 25455 14839 9641 1616 867 14350 8025 7942 749 17220 83
internal_count=81505 71864 32059 39805 25455 14839 9641 1616 867 14350 8025 7942 749 17220 83
is_linear=0
shrinkage=0.05


Tree=98
num_leaves=16
num_cat=0
split_feature=16 16 2 21 4 18 0 19 0 6 17 3 22 22 6
split_gain=4.85543 6.22195 5.11716 7.15638 9.0518 5.07352 4.42277 4.10131 5.01392 3.95659 3.712 3.64019 3.43566 3.23892 1.80363
threshold=623.1500000000002 812.20000000000016 0.4539490784376225 0.94740775439615788 -0.81241147629689003 13.812500000000002 93.040723276128219 11.643750000000002 490.72332325485905 -0.96687281075841669 30.500000000000004 -0.95642797789208678 0.79357304727596534 1.0239849651243411 -0.99052477729077237
decision_type=2 2 2 2 2 2 2 2 2 2 2 2 2 2 2
left_child=2 9 6 5 -5 -4 10 8 -3 14 -1 -8 -11 -9 -2
right_child=1 7 3 4 -6 -7 11 13 -10 12 -12 -13 -14 -15 -16
leaf_value=-0.00073822093038424614 -9.4369139706215906e-05 -0.0002166329008493899 0.0030923861363661722 0.002797447749274849 -0.0013052918703924908 0.00014638215276475657 -0.0036670272911120197 6.3034465953095315e-05 0.00053815475491915128 0.00098714375893893514 0.001521048489109838 -0.00055681473290844334 -0.00053369984599129579 -0.00021147396232827577 0.00037078425502396335
leaf_weight=6107 730 47 492 43 51 28996 2635 1976 60 42 5285 28178 5980 380 453
leaf_count=6107 730 47 492 43 51 28996 2635 1976 60 42 5285 28178 5980 380 453
internal_value=-0.00027101 -0.00132292 -0.000129342 0.000374889 0.0141489 0.000330981 -0.000482764 0.000846527 0.0104206 -0.00206454 0.000359023 -0.000793984 -0.00258386 0.000411714 0.000579035
internal_weight=81455 9668 71787 29582 94 29488 42205 2463 107 7205 11392 30813 6022 2356 1183
internal_count=81455 9668 71787 29582 94 29488 42205 2463 107 7205 11392 30813 6022 2356 1183
is_linear=0
shrinkage=0.05


Tree=99
num_leaves=16
num_cat=0
split_feature=16 22 2 6 4 19 20 16 6 17 6 17 6 18 6
split_gain=3.96008 7.45321 7.2855 6.76944 6.66394 11.2287 13.5607 7.92314 7.43206 6.6407 5.91884 4.03657 3.69375 4.89655 4.46452
threshold=497.85000000000008 0.74839037964735244 0.40790916868132171 0.99855310097228334 -0.84874750804349175 12.606250000000003 3.5043750000000009 812.20000000000016 -0.99465740988130902 130.50000000000003 -0.9292178835113839 290.50000000000006 -0.39827153806311183 99.812500000000014 -0.96687281075841669
decision_type=2 2 2 2 2 2 2 2 2 2 2 2 2 2 2
left_child=1 12 3 -3 5 6 -2 10 -9 -4 -6 -7 14 -14 -1
right_child=4 2 9 -5 7 11 -8 8 -10 -11 -12 -13 13 -15 -16
leaf_value=-0.0021174197928636881 0.00011787057582548341 -0.00010567320535278781 0.0038020222938548588 0.0084563537897500533 2.2647863112148805e-05 -0.00011268269958032073 0.0029937416913436935 0.0032530825013382539 0.00013988880135560043 0.00066604379407699216 -0.0010724812182436453 0.0015359926336524323 -0.00046300370658600197 -0.0020801248808124304 0.00061355957127376718
leaf_weight=3564 908 12374 347 92 1704 6404 415 41 511 7219 5726 77 21720 8171 12052
leaf_count=3564 908 12374 347 92 1704 6404 415 41 511 7219 5726 77 21720 8171 12052
internal_value=-0.000266524 -9.5288e-05 0.000708365 -3.4495e-05 -0.00097745 6.15057e-05 0.00425926 -0.00199324 0.00378623 0.00193233 -0.00242261 -0.000795403 -0.000449053 -0.000774649 0.000174179
internal_weight=81325 65539 20032 12466 15786 7804 1323 7982 552 7566 7430 6481 45507 29891 15616
internal_count=81325 65539 20032 12466 15786 7804 1323 7982 552 7566 7430 6481 45507 29891 15616
is_linear=0
shrinkage=0.05


Tree=100
num_leaves=16
num_cat=0
split_feature=16 9 8 20 19 6 12 3 18 7 16 5 5 6 4
split_gain=4.40264 6.01341 6.34521 6.00146 9.38543 7.07126 6.60331 5.60843 9.60084 5.59553 4.52433 3.97902 3.72724 3.25294 2.25006
threshold=494.45000000000005 0.32070693245821907 1.0000000180025095e-35 2.5506250000000006 15.556250000000002 -0.9292178835113839 48.150000000000006 -0.9103761370219875 81.937500000000014 1.6250000000000002 198.85000000000005 0.17646842360078763 0.3504237462291826 -0.99761278905001471 -0.93540483100319616
decision_type=2 2 2 2 2 2 2 2 2 2 2 2 2 2 2
left_child=1 2 12 5 6 11 -5 10 -9 -4 -3 -2 -1 -6 -7
right_child=3 7 9 4 13 14 -8 8 -10 -11 -12 -13 -14 -15 -16
leaf_value=-0.00048100391822503597 -0.00012946580140337072 0.00022846024129704887 -0.0041962582807468481 0.0086673342614845498 0.00028344323192916677 -0.00020356806850223318 0.00039685800029213599 0.0011901538523912483 -4.3044543117572783e-05 -0.00077934293624378913 -0.002511306258226347 0.00043678466770713878 0.0012207123517392711 -0.00017104258245222498 -0.00082808836535318113
leaf_weight=11016 1179 3698 5462 70 309 1844 2131 11015 17006 9055 2871 532 5131 5460 4661
leaf_count=11016 1179 3698 5462 70 309 1844 2131 11015 17006 9055 2871 532 5131 5460 4661
internal_value=-0.000270753 -8.76587e-05 -0.000597444 -0.0010089 -3.13688e-05 -0.00195716 0.00274648 0.000364266 0.00067253 -0.001356 -0.000950679 0.00090298 8.45346e-05 -0.00109118 -0.00270946
internal_weight=81440 65254 30664 16186 7970 8216 2201 34590 28021 14517 6569 1711 16147 5769 6505
internal_count=81440 65254 30664 16186 7970 8216 2201 34590 28021 14517 6569 1711 16147 5769 6505
is_linear=0
shrinkage=0.05


Tree=101
num_leaves=15
num_cat=0
split_feature=19 5 10 16 7 1 22 19 18 2 11 15 18 6
split_gain=5.00939 4.68281 3.81848 6.7845 6.24659 3.02792 3.15357 2.08751 1.50517 1.34397 1.25488 0.814987 1.81384 0.384622
threshold=29.106250000000006 0.91248814248966237 77.550000000000026 497.85000000000008 2.1250000000000004 33.992250159207309 0.38722073562583198 10.606250000000003 1.0000000180025095e-35 0.77669607539082508 0.83960345806004832 693.50000000000011 62.937500000000007 -0.99628250747696534
decision_type=2 2 2 2 2 2 2 2 2 2 2 2 2 2
left_child=1 2 4 -4 -1 7 -7 -3 9 10 -2 13 -13 -10
right_child=8 5 3 -5 -6 6 -8 -9 11 -11 -12 12 -14 -15
leaf_value=-0.001697097434071223 5.4351847319893513e-06 0.0055669980374219406 0.00049688487291121852 -0.000139051491224305 5.6707679377190461e-05 -0.0039720326911731191 -0.00030814574388147195 -0.0024439531314698732 -0.0004368189392465396 -0.00023989917299969493 0.00016357351323084197 -0.00044009428129337393 0.00032478361473420666 -0.0012459417923406143
leaf_weight=11816 49 199 26710 8396 21435 1610 9265 142 257 69 45 367 110 929
leaf_count=11816 49 199 26710 8396 21435 1610 9265 142 257 69 45 367 110 929
internal_value=-0.000247486 -0.000188067 -3.26972e-05 0.000330996 -0.00041668 -0.00113499 -0.00128046 0.0035044 -0.0028368 0.00174847 0.0056383 -0.00328623 -0.00154088 -0.0039882
internal_weight=81399 79573 68357 35106 33251 11216 10875 341 1826 163 94 1663 477 1186
internal_count=81399 79573 68357 35106 33251 11216 10875 341 1826 163 94 1663 477 1186
is_linear=0
shrinkage=0.05


Tree=102
num_leaves=15
num_cat=0
split_feature=19 5 1 15 2 3 19 19 18 22 15 6 0 12
split_gain=4.04216 4.28952 3.38382 3.44983 3.23616 5.84237 4.99985 2.42857 1.65647 1.23383 1.15156 0.986583 1.13238 0.663685
threshold=29.106250000000006 0.91248814248966237 33.992250159207309 563.50000000000011 0.40790916868132171 0.97335555334614954 20.118750000000002 10.606250000000003 1.0000000180025095e-35 0.96446072324501853 774.50000000000011 -0.99628250747696534 386.19733302737654 512.85000000000014
decision_type=2 2 2 2 2 2 2 2 2 2 2 2 2 2
left_child=1 4 7 -4 6 -6 -1 -3 9 -2 -11 12 -10 -13
right_child=8 2 3 -5 5 -7 -8 -9 11 10 -12 13 -14 -15
leaf_value=-0.00021187489435267926 -0.0004953437409210671 0.0070835300318236151 -0.0010300946745331193 0.00013485344700711889 6.52519652806201e-05 0.0011179434078698769 -0.0027745472639091667 -0.001639838180113329 -0.0023790571470229086 0.00021597219788084649 -0.0001420682917114279 -0.001031853810591476 8.8688407571333849e-05 -0.00037604993634629698
leaf_weight=30956 44 204 9355 1459 33423 771 3274 153 117 67 56 904 282 377
leaf_count=30956 44 204 9355 1459 33423 771 3274 153 117 67 56 904 282 377
internal_value=-0.000251223 -0.000197564 -0.00110599 -0.0012641 -4.92529e-05 0.000294787 -0.000392931 0.00368347 -0.00256362 0.00218563 0.0047561 -0.00303572 -0.000864663 -0.00371194
internal_weight=81442 79595 11171 10814 68424 34194 34230 357 1847 167 123 1680 399 1281
internal_count=81442 79595 11171 10814 68424 34194 34230 357 1847 167 123 1680 399 1281
is_linear=0
shrinkage=0.05


Tree=103
num_leaves=13
num_cat=0
split_feature=19 16 5 10 7 6 5 21 1 15 19 16
split_gain=4.534 4.68426 4.64531 4.55178 6.46514 4.93772 3.03563 3.36818 3.03329 2.96606 2.42314 2.10491
threshold=25.056250000000006 870.85000000000014 0.91248814248966237 96.750000000000014 2.1250000000000004 0.90070004940655357 0.17646842360078763 0.82733500538191052 33.992250159207309 563.50000000000011 10.606250000000003 817.20000000000016
decision_type=2 2 2 2 2 2 2 2 2 2 2 2
left_child=2 6 3 4 -1 -5 11 -8 10 -10 -4 -2
right_child=1 -3 8 5 -6 -7 7 -9 9 -11 -12 -13
leaf_value=-0.0013524821055268844 -0.00074215611462471673 0.00017877523738634202 0.004764149629243106 0.00022717864584972594 0.00012291622968250954 0.0036755163159878945 0.00090499389774954537 -0.000102869669235865 -0.0010159516892989274 0.00012315126104081359 -0.0013064598759380047 4.6339294389113887e-05
leaf_weight=13581 4128 47 197 27205 23135 447 344 809 9367 1430 148 477
leaf_count=13581 4128 47 197 27205 23135 447 344 809 9367 1430 148 477
internal_value=-0.000225359 -0.00157192 -0.000121839 4.13237e-05 -0.000323566 0.00052582 -0.00170024 0.000594101 -0.00106444 -0.00121191 0.00355072 -0.0022747
internal_weight=81315 5805 75510 64368 36716 27652 5758 1153 11142 10797 345 4605
internal_count=81315 5805 75510 64368 36716 27652 5758 1153 11142 10797 345 4605
is_linear=0
shrinkage=0.05


Tree=104
num_leaves=16
num_cat=0
split_feature=16 22 18 6 4 19 5 6 6 6 16 9 6 18 19
split_gain=4.33673 6.95098 5.75516 6.93489 5.67739 8.23149 19.8974 5.38448 5.12151 4.33752 4.28883 3.24441 2.89003 4.02986 3.69728
threshold=497.85000000000008 0.74839037964735244 38.687500000000007 0.96633974041180493 -0.98611507088852035 8.9187500000000028 0.85673801594079257 -0.97507822412530132 0.99855310097228334 -0.99052477729077237 812.20000000000016 0.23497460429806286 -0.40613878790836594 97.687500000000014 9.9437500000000032
decision_type=2 2 2 2 2 2 2 2 2 2 2 2 2 2 2
left_child=1 12 3 -3 5 6 -2 9 -4 -6 -9 -7 14 -14 -1
right_child=4 2 8 -5 7 11 -8 10 -10 -11 -12 -13 13 -15 -16
leaf_value=0.0032354445675193892 0.00016972665196978961 -0.0015514456821403388 0.0005730994309585967 0.0032100066192125433 -8.9218891911468928e-05 0.0012845960971684133 0.0024880446237391333 -0.00055588664228850484 0.0080327025052597742 0.00058736264285996276 2.2289825425756469e-05 -1.1951038888449482e-05 -0.00031369459470379841 -0.0017150323784196589 6.0493693151884921e-05
leaf_weight=129 173 2685 17175 143 1176 79 76 10160 93 567 1542 2036 17933 11960 15280
leaf_count=129 173 2685 17175 143 1176 79 76 10160 93 567 1542 2036 17933 11960 15280
internal_value=-0.000255952 -7.63032e-05 0.00069765 -0.00139321 -0.000999116 0.00126057 0.00985944 -0.00139643 0.00104007 0.00119621 -0.0017826 0.000248226 -0.000419629 -0.000706354 0.000136607
internal_weight=81207 65398 20096 2828 15809 2364 249 13445 17268 1743 11702 2115 45302 29893 15409
internal_count=81207 65398 20096 2828 15809 2364 249 13445 17268 1743 11702 2115 45302 29893 15409
is_linear=0
shrinkage=0.05


Tree=105
num_leaves=16
num_cat=0
split_feature=16 20 6 17 6 2 22 20 12 21 3 11 5 21 22
split_gain=4.42593 5.97109 8.22277 15.0293 6.92723 6.65203 5.23531 6.9615 4.65031 4.26491 8.34454 4.0021 3.42777 2.30233 1.67075
threshold=497.85000000000008 2.6156250000000005 0.28313308994381592 142.50000000000003 -0.9292178835113839 0.62700413017236201 0.29624720954083728 2.1106250000000006 235.65000000000003 0.26090223171635446 0.29012925520284144 1.1374882056746016 -0.18492532721306487 0.17403939492051704 0.96698013714576991
decision_type=2 2 2 2 2 2 2 2 2 2 2 2 2 2 2
left_child=6 4 5 -4 12 -3 7 8 -1 10 -8 -11 -2 -9 -6
right_child=1 2 3 -5 14 -7 9 13 -10 11 -12 -13 -14 -15 -16
leaf_value=-0.00036674345749209943 -0.0018800613777227805 -0.00070252247573269512 0.00058990602547325725 0.0037749114963709558 -0.00099775833279663385 6.3465302731535643e-05 9.4888999111169398e-06 -0.0051040369991853908 0.002598608596796087 6.2733139549569421e-05 0.0051303735560478507 0.0045255232504872759 0.00019114220194268289 -0.0018682855357222252 -0.00019544320907772533
leaf_weight=9682 324 2179 731 137 3507 4479 1201 2702 548 47816 676 109 1444 2678 3106
leaf_count=9682 324 2179 731 137 3507 4479 1201 2702 548 47816 676 109 1444 2678 3106
internal_value=-0.000231743 -0.000979759 4.25181e-05 0.00461981 -0.00189775 -0.000554222 -4.98391e-05 -0.000848816 -8.30901e-05 0.000200593 0.00253862 0.000109023 0.000882352 -0.00230483 -0.00264101
internal_weight=81319 15907 7526 868 8381 6658 65412 15610 10230 49802 1877 47925 1768 5380 6613
internal_count=81319 15907 7526 868 8381 6658 65412 15610 10230 49802 1877 47925 1768 5380 6613
is_linear=0
shrinkage=0.05


Tree=106
num_leaves=15
num_cat=0
split_feature=19 6 6 9 6 5 22 17 3 5 21 17 20 5
split_gain=4.54362 4.6709 4.0184 5.99277 5.64696 3.97272 8.19726 3.30292 3.88391 3.09077 2.11893 1.52906 1.4347 1.00565
threshold=23.031250000000004 -0.64580103137750788 0.011826144619637555 0.43937471218667395 -0.26037106507032781 0.57782244426053786 0.48771597661162774 88.500000000000014 0.35206144883412588 -0.082689790342551819 0.98781659971371172 15.500000000000002 0.70062500000000016 0.8697513045430848
decision_type=2 2 2 2 2 2 2 2 2 2 2 2 2 2
left_child=1 5 4 -4 -3 9 -7 11 10 -1 -9 -2 -10 -13
right_child=7 2 3 -5 -6 6 -8 8 12 -11 -12 13 -14 -15
leaf_value=0.00078512632353945177 0.0053436971095821547 -9.6035842903368764e-05 -0.00050920313047175597 0.00051098891208478311 -0.00085695888084624794 -0.0036395276457894827 0.0016084587828323232 -0.0001427028279105518 8.5329264925089823e-05 -0.0002063844602352719 0.0001108920632038572 -0.0023614457682709145 -0.00056128779290721682 0.00062219136527796859
leaf_weight=7537 68 10541 24505 10758 6929 923 2581 6039 133 8110 561 1286 1358 73
leaf_count=7537 68 10541 24505 10758 6929 923 2581 6039 133 8110 561 1286 1358 73
internal_value=-0.000248889 -0.000112961 -0.00035585 -4.86357e-05 -0.00097596 0.000555844 0.00207762 -0.00127548 -0.000884317 0.000215056 -0.000363638 -0.00349334 -0.00318914 -0.00385946
internal_weight=81402 71884 52733 35263 17470 19151 3504 9518 8091 15647 6600 1427 1491 1359
internal_count=81402 71884 52733 35263 17470 19151 3504 9518 8091 15647 6600 1427 1491 1359
is_linear=0
shrinkage=0.05


Tree=107
num_leaves=16
num_cat=0
split_feature=16 10 6 3 7 4 4 6 19 20 3 16 16 5 18
split_gain=4.2024 5.12933 7.42122 5.52713 5.03365 5.27367 4.88875 7.34362 6.74227 7.81237 4.87515 4.6322 4.33787 3.12857 2.55557
threshold=497.85000000000008 119.85000000000001 0.90070004940655357 -0.9103761370219875 3.1250000000000004 -0.95642797789208689 -0.84874750804349175 -0.99761278905001471 12.606250000000003 3.4718750000000007 -0.3520614488341251 766.60000000000014 829.65000000000009 0.99995780822346225 96.937500000000014
decision_type=2 2 2 2 2 2 2 2 2 2 2 2 2 2 2
left_child=1 4 3 -3 5 -1 8 11 9 -2 -4 -8 -9 -10 -6
right_child=6 2 10 -5 14 -7 7 12 13 -11 -12 -13 -14 -15 -16
leaf_value=-0.0033495607600224214 8.6288894223945472e-05 -0.0011294878964382888 0.010511179888307982 0.00056115152903854861 0.00071211917956732085 -0.00061540313472475483 0.00012703923830958988 -0.00059833085939183851 -9.0417166737142063e-05 0.0024686682220166367 0.0030868406394667291 0.0018646717610859573 0.00024397781694021124 0.0019544286568827208 -0.00046791243635308053
leaf_weight=3502 923 5559 64 18991 10738 19623 283 7405 6397 436 56 115 288 42 6757
leaf_count=3502 923 5559 64 18991 10738 19623 283 7405 6397 436 56 115 288 42 6757
internal_value=-0.000233374 -5.59056e-05 0.000512767 0.000452137 -0.000401281 -0.000885407 -0.000962617 -0.00182363 -6.92497e-05 0.00313098 0.0129167 0.00479899 -0.00216626 -0.000744682 0.000238638
internal_weight=81179 65290 24670 24550 40620 23125 15889 8091 7798 1359 120 398 7693 6439 17495
internal_count=81179 65290 24670 24550 40620 23125 15889 8091 7798 1359 120 398 7693 6439 17495
is_linear=0
shrinkage=0.05


Tree=108
num_leaves=11
num_cat=0
split_feature=13 19 7 11 9 20 9 5 18 20
split_gain=4.17745 4.07275 3.45235 6.80241 3.18336 2.09442 1.22135 1.10469 1.68 0.558524
threshold=-1.0000000180025095e-35 29.106250000000006 2.1250000000000004 0.62511787762828253 0.76413887238889033 2.3068750000000007 0.24860566422379807 0.022575936829235418 15.812500000000002 2.6306250000000007
decision_type=2 2 2 2 2 2 2 2 2 2
left_child=5 2 3 -2 -4 6 -1 9 -9 -3
right_child=1 7 4 -5 -6 -7 -8 8 -10 -11
leaf_value=0.0024153757454351385 -0.0010009548370610195 -0.0006113032092009195 0.00011878774966015727 0.00017242494449399253 -0.00033281758341292936 0.0042959478397479418 -0.002436488476984057 0.00018272481903461869 -0.00033699450151429084 -0.00023720550786303701
leaf_weight=42 23190 770 42379 9174 4614 41 43 100 600 353
leaf_count=42 23190 770 42379 9174 4614 41 43 100 600 353
internal_value=-0.000208227 -0.000222347 -0.000168669 -0.000566062 0.000105014 0.00888889 0.00441176 -0.00255897 -0.001 -0.00353072
internal_weight=81306 81180 79357 32364 46993 126 85 1823 700 1123
internal_count=81306 81180 79357 32364 46993 126 85 1823 700 1123
is_linear=0
shrinkage=0.05


Tree=109
num_leaves=16
num_cat=0
split_feature=16 4 6 19 17 9 8 7 19 18 16 13 20 17 5
split_gain=4.26002 5.98944 5.73022 5.24061 9.35413 5.172 8.19659 4.47924 4.47187 4.257 3.90654 3.74915 3.70242 3.52523 2.59509
threshold=497.85000000000008 -0.84874750804349175 -0.97507822412530132 12.606250000000003 141.50000000000003 0.32070693245821907 1.0000000180025095e-35 1.1250000000000002 26.556250000000006 88.437500000000014 822.45000000000016 0.50732677589719077 3.2356250000000006 290.50000000000006 0.056951373111866731
decision_type=2 2 2 2 2 2 2 2 2 2 2 2 2 2 2
left_child=5 3 12 4 -2 6 11 -8 9 -7 -4 -1 -3 -5 -10
right_child=1 2 10 13 -6 8 7 -9 14 -11 -12 -13 -14 -15 -16
leaf_value=-0.00026579583405551642 2.4590610292663499e-05 5.5163862033085261e-06 -0.00074323234346496386 -8.8654386583356766e-05 0.0013403378842787152 0.00070705514331388187 -0.0043849169635477112 -0.0011764861628112513 -0.002122704175987848 -7.1489861106124278e-05 0.00016936889506435546 0.0012855876325355939 0.00060491768689575128 0.0015232312622269165 0.00032604494370916458
leaf_weight=10752 966 945 6613 6385 384 16733 4041 10393 963 16641 342 5416 205 76 430
leaf_count=10752 966 945 6613 6385 384 16733 4041 10393 963 16641 342 5416 205 76 430
internal_value=-0.0002359 -0.000969466 -0.00192165 1.85624e-05 0.00285185 -5.72913e-05 -0.000531339 -0.0013974 0.000359967 0.000475818 -0.00246226 0.000241835 0.00134782 -0.000573442 -0.00241565
internal_weight=81285 15916 8105 7811 1350 65369 30602 14434 34767 33374 6955 16168 1150 6461 1393
internal_count=81285 15916 8105 7811 1350 65369 30602 14434 34767 33374 6955 16168 1150 6461 1393
is_linear=0
shrinkage=0.05


Tree=110
num_leaves=15
num_cat=0
split_feature=19 6 16 9 13 15 10 17 3 5 20 17 5 5
split_gain=3.56096 4.18155 3.96871 6.1453 4.38778 3.36697 4.4606 3.3526 4.078 2.85705 2.55806 1.81345 1.73854 1.24872
threshold=23.031250000000004 -0.64580103137750788 629.85000000000002 0.32070693245821907 0.25034717147968283 750.50000000000011 199.35000000000002 91.500000000000014 0.35206144883412588 0.57782244426053786 4.7393750000000017 15.500000000000002 0.17646842360078763 0.8697513045430848
decision_type=2 2 2 2 2 2 2 2 2 2 2 2 2 2
left_child=1 5 3 -3 -4 9 -7 11 10 -1 -9 -2 -10 -13
right_child=7 2 4 -5 -6 6 -8 8 12 -11 -12 13 -14 -15
leaf_value=0.00011380356573910757 0.0041483534855182884 -0.00073997756153125266 0.0019842468181866845 0.0002689594439558804 -0.0002182606696688615 0.00087954967371642258 8.8262113217906217e-05 -5.6834676153878538e-05 -0.0007316777821903403 0.00099634323015738795 0.0015027797612942051 -0.0018471441586216946 1.5374103347591761e-05 0.00064590599144415551
leaf_weight=15104 66 25322 159 23297 3849 242 434 6363 1174 3255 196 1374 273 81
leaf_count=15104 66 25322 159 23297 3849 242 434 6363 1174 3255 196 1374 273 81
internal_value=-0.000197626 -7.68899e-05 -0.000306593 -0.000181926 -0.00181886 0.000558181 0.00402367 -0.00110581 -0.000696978 0.000430578 -0.000166947 -0.00325773 -0.00309952 -0.00362543
internal_weight=81189 71662 52627 48619 4008 19035 676 9527 8006 18359 6559 1521 1447 1455
internal_count=81189 71662 52627 48619 4008 19035 676 9527 8006 18359 6559 1521 1447 1455
is_linear=0
shrinkage=0.05


Tree=111
num_leaves=15
num_cat=0
split_feature=19 5 12 19 3 17 3 1 22 21 5 17 17 5
split_gain=3.91889 4.32106 3.67067 9.81264 4.94185 2.97414 3.55799 2.72381 2.52099 2.41955 2.17021 1.85782 1.51828 1.14961
threshold=23.031250000000004 0.91248814248966237 232.35000000000002 11.856250000000003 -0.3520614488341251 87.500000000000014 0.35206144883412588 33.992250159207309 0.38722073562583198 0.99867338805245887 0.17646842360078763 25.500000000000004 15.500000000000002 0.8697513045430848
decision_type=2 2 2 2 2 2 2 2 2 2 2 2 2 2
left_child=1 2 4 -4 -1 12 9 11 -9 -7 -8 -3 -2 -14
right_child=5 7 3 -5 -6 6 10 8 -10 -11 -12 -13 13 -15
leaf_value=0.00044575305782526477 0.0054796284418266363 0.001226020622110085 0.0029052534905137763 0.0001425692903712614 -0.00043664258248175646 -0.00011633852216032134 -0.00071058477468089766 -0.003327111448824604 -0.00028443559811128281 0.00013350122487027717 5.316908130457007e-05 0.0071830315749806936 -0.0022447162478263305 0.00057457295431461266
leaf_weight=16901 66 214 1122 13810 28913 6304 1196 1586 9195 334 277 141 1250 75
leaf_count=16901 66 214 1122 13810 28913 6304 1196 1586 9195 334 277 141 1250 75
internal_value=-0.000220192 -9.40442e-05 7.19377e-05 0.000752745 -0.000149955 -0.00117449 -0.000808163 -0.000999462 -0.00114136 -0.000314855 -0.00303123 0.00330986 -0.00331057 -0.00367925
internal_weight=81384 71882 60746 14932 45814 9502 8111 11136 10781 6638 1473 355 1391 1325
internal_count=81384 71882 60746 14932 45814 9502 8111 11136 10781 6638 1473 355 1391 1325
is_linear=0
shrinkage=0.05


Tree=112
num_leaves=16
num_cat=0
split_feature=16 6 20 6 22 18 6 19 11 5 20 21 21 17 12
split_gain=3.72737 5.00601 6.00762 7.13038 4.0008 5.46328 5.69176 4.55932 2.72668 3.83426 2.55977 3.852 3.5182 2.23217 1.70024
threshold=497.85000000000008 -0.9575230291762723 2.5506250000000006 0.28313308994381592 0.74839037964735244 38.687500000000007 0.96633974041180493 20.906250000000004 0.77326445263358023 0.14250626876356556 4.001875000000001 0.19498416531758353 0.62856295443980437 271.50000000000006 195.75000000000003
decision_type=2 2 2 2 2 2 2 2 2 2 2 2 2 2 2
left_child=4 8 13 -4 10 6 -6 -7 9 -2 12 -12 -1 -3 -10
right_child=1 2 3 -5 5 7 -8 -9 14 -11 11 -13 -14 -15 -16
leaf_value=9.8200024949930863e-05 0.00015610205747291746 -0.00044959817989800996 -0.00011446949005802421 0.0013458464660423101 -0.0019697952312149928 0.00082862938862156451 0.0029391962235245025 -0.00028203118869788037 -0.0012710084156647484 0.00067603715279999552 -0.0042808950427990653 -0.00067583050609671053 -0.0011478377952222184 0.0015160206754973979 2.40440701768733e-05
leaf_weight=29823 810 6761 5755 875 2658 13300 151 3881 171 274 1683 7248 6729 62 1181
leaf_count=29823 810 6761 5755 875 2658 13300 151 3881 171 274 1683 7248 6729 62 1181
internal_value=-0.000241023 -0.000928002 -0.00130566 -0.000233787 -7.43066e-05 0.000515256 -0.00152902 0.000849484 0.00115763 0.00302583 -0.000333422 -0.00109226 -0.00014801 -0.00234721 -0.000340238
internal_weight=81362 15889 13453 6630 65473 19990 2809 17181 2436 1084 45483 8931 36552 6823 1352
internal_count=81362 15889 13453 6630 65473 19990 2809 17181 2436 1084 45483 8931 36552 6823 1352
is_linear=0
shrinkage=0.05


Tree=113
num_leaves=16
num_cat=0
split_feature=19 9 7 5 22 11 4 21 22 5 1 5 3 16 0
split_gain=3.80747 4.24149 5.84359 4.81153 5.4528 4.41376 4.35578 3.78957 5.72384 3.21356 3.16676 2.72295 2.68936 2.00952 1.13912
threshold=21.018750000000008 0.50376447874621288 0.87500000000000011 0.75580964594513067 1.0953539084248738 0.50193233602916232 -0.68322629814330815 0.47949992508414002 0.66700730401730424 -0.63921128368950708 359.56890902476988 0.92273069556937592 1.0000000180025095e-35 822.45000000000016 421.92548715510821
decision_type=2 2 2 2 2 2 2 2 2 2 2 2 2 2 2
left_child=1 2 5 4 -3 -1 -5 8 12 13 -11 -4 -2 -9 -10
right_child=7 3 11 6 -6 -7 -8 9 14 10 -12 -13 -14 -15 -16
leaf_value=-0.0029026168449609001 0.0039184553140513461 0.00051699066584481369 7.3247166878075525e-05 7.1466367021900498e-05 0.0022208079185479404 0.0012012661896302127 -0.00089493870527793953 -0.00073274594563494224 0.0069103276613846163 -0.0025652945714021193 -4.426106947569286e-05 -0.00076347796994069193 -0.0053316676052145183 0.00011700663578765734 0.0054593636608756026
leaf_weight=6442 709 13059 32515 4268 588 972 2904 3704 40 1964 8344 5200 247 272 41
leaf_count=6442 709 13059 32515 4268 588 972 2904 3704 40 1964 8344 5200 247 272 41
internal_value=-0.00021712 -5.21635e-05 -0.000324515 0.000538209 0.00108925 -0.00160777 -0.000510319 -0.00092716 0.00199132 -0.00113904 -0.000673265 -7.22536e-05 0.000910041 -0.00234658 0.0147531
internal_weight=81269 65948 45129 20819 13647 7414 7172 15321 1037 14284 10308 37715 956 3976 81
internal_count=81269 65948 45129 20819 13647 7414 7172 15321 1037 14284 10308 37715 956 3976 81
is_linear=0
shrinkage=0.05


Tree=114
num_leaves=16
num_cat=0
split_feature=16 2 6 17 21 19 5 2 18 3 22 19 10 3 20
split_gain=3.59301 5.28242 5.9697 12.3868 4.62714 5.74556 4.78439 3.85082 6.5051 7.31494 6.18915 4.53407 3.80084 3.55947 1.57369
threshold=497.85000000000008 0.62700413017236201 0.28313308994381592 176.50000000000003 0.98045529040063018 26.556250000000006 0.98049069993378934 0.36174732109570135 67.687500000000014 1.0000000180025095e-35 0.17842796183671719 20.118750000000002 77.550000000000026 0.97335555334614954 4.1506250000000007
decision_type=2 2 2 2 2 2 2 2 2 2 2 2 2 2 2
left_child=7 2 13 -4 6 -6 -3 11 9 -9 -10 12 -1 -2 -13
right_child=1 4 3 -5 5 -7 -8 8 10 -11 -12 14 -14 -15 -16
leaf_value=-0.00080699062622363463 -0.00095858377926380522 -0.00018644976128145128 -2.4893125475088131e-05 0.0038703400006310433 6.9903741430646097e-05 0.0003093267818015835 0.00097875370842145991 0.0021242584329359774 -0.0036630377133793921 0.00033242442375300588 0.0001334102263441354 -0.0028532510436868651 0.00041339095158840749 0.00028851654154824326 0.0032408801033565263
leaf_weight=20125 4790 5767 2067 53 2193 187 291 1980 1270 2914 27604 2767 8816 543 47
leaf_count=20125 4790 5767 2067 53 2193 187 291 1980 1270 2914 27604 2767 8816 543 47
internal_value=-0.000222567 -0.00089705 -0.00186703 0.000377357 -4.02951e-05 0.00182773 -0.000774184 -5.89881e-05 0.000312721 0.00199836 2.70127e-05 -0.00045426 -0.00026796 -0.00275924 -0.00237029
internal_weight=81414 15891 7453 2120 8438 2380 6058 65523 33768 4894 28874 31755 28941 5333 2814
internal_count=81414 15891 7453 2120 8438 2380 6058 65523 33768 4894 28874 31755 28941 5333 2814
is_linear=0
shrinkage=0.05


Tree=115
num_leaves=15
num_cat=0
split_feature=19 6 9 7 5 22 4 20 3 15 17 13 11 22
split_gain=3.24955 4.35029 4.29101 5.6549 4.55301 6.03236 4.24934 4.14518 4.02604 6.72408 3.04472 2.90876 2.60606 2.38978
threshold=21.018750000000008 -0.77243990499604276 0.43612360189835503 0.62500000000000011 0.75580964594513067 1.1514808641025693 -0.63405362205439475 5.470625000000001 -0.8814490726585632 240.50000000000003 15.500000000000002 0.73121408015120981 0.45330388417155904 0.91515564604292654
decision_type=2 2 2 2 2 2 2 2 2 2 2 2 2 2
left_child=2 8 3 12 5 -4 -6 10 13 -10 -3 -5 -1 -2
right_child=1 7 4 11 6 -7 -8 -9 9 -11 -12 -13 -14 -15
leaf_value=-0.003808118369550808 -0.0008894011657601871 0.0044959780305999413 0.00047907644797029101 -0.00033256454209000465 5.5710330504834458e-05 0.0027412030647116768 -0.0011641942039589367 0.012165175494950338 0.0070489192866799184 2.718144079174734e-05 -0.00043403379836824685 0.00051881587437802837 0.000731106597337071 -0.0027156689920729794
leaf_weight=4057 1523 66 16678 30986 5719 476 3080 48 217 6747 5938 4536 550 712
leaf_count=4057 1523 66 16678 30986 5719 476 3080 48 217 6747 5938 4536 550 712
internal_value=-0.000227646 -0.000885517 -7.58161e-05 -0.000399837 0.000425191 0.000899497 -0.00049949 -0.00192664 -0.000200566 0.000392015 -0.00204364 -0.000186083 -0.00204797 -0.00204698
internal_weight=81333 15251 66082 40129 25953 17154 8799 6052 9199 6964 6004 35522 4607 2235
internal_count=81333 15251 66082 40129 25953 17154 8799 6052 9199 6964 6004 35522 4607 2235
is_linear=0
shrinkage=0.05


Tree=116
num_leaves=11
num_cat=0
split_feature=13 9 3 6 7 11 18 20 18 9
split_gain=3.14487 3.01096 4.64648 3.83854 3.61559 7.86614 3.061 2.25209 1.86503 1.40789
threshold=-1.0000000180025095e-35 0.77052697978513596 -0.8814490726585632 -0.99761278905001471 2.1250000000000004 0.6798349395803609 70.687500000000014 2.3068750000000007 50.812500000000007 0.24860566422379807
decision_type=2 2 2 2 2 2 2 2 2 2
left_child=7 4 8 -4 5 -2 -6 9 -3 -1
right_child=1 2 3 -5 6 -7 -8 -9 -10 -11
leaf_value=0.0025237583391625336 -0.0008362496230436443 -0.0025727021172295339 0.00036123090191071076 -0.00011612434703168933 0.00023087035603226811 0.00057315658437311664 -9.7554867049336105e-05 0.0040385952046511518 -0.001333957805125411 -0.0024294670243799571
leaf_weight=40 24370 1412 363 6293 16537 4546 26474 40 1175 46
leaf_count=40 24370 1412 363 6293 16537 4546 26474 40 1175 46
internal_value=-0.000194722 -0.000206974 -0.00105648 -0.000357573 -9.78087e-05 -0.000530158 0.000192856 0.00769841 -0.00285466 0.00313953
internal_weight=81296 81170 9243 6656 71927 28916 43011 126 2587 86
internal_count=81296 81170 9243 6656 71927 28916 43011 126 2587 86
is_linear=0
shrinkage=0.05


Tree=117
num_leaves=12
num_cat=0
split_feature=19 13 5 5 1 20 4 20 20 20 17
split_gain=3.14301 2.91945 2.79829 2.98289 2.67141 1.33842 1.1645 0.594433 0.516 1.52678 0.551681
threshold=30.606250000000006 -1.0000000180025095e-35 0.91248814248966237 0.38243310158943505 33.992250159207309 2.3068750000000007 -0.13052619222005149 0.75687500000000019 2.5506250000000006 3.3506250000000009 152.50000000000003
decision_type=2 2 2 2 2 2 2 2 2 2 2
left_child=1 5 3 -3 -4 6 -1 -2 10 -10 -9
right_child=7 2 4 -5 -6 -7 -8 8 9 -11 -12
leaf_value=-0.0033602935875997422 8.2706715034386319e-05 -0.00011312241784401907 0.0036883674534204467 0.00022555509013288109 -0.00034118600396268483 0.0039264947829140999 0.0023295640623882709 -0.00059098616258956361 0.00017777249064927845 -0.00061065808643737205 -0.00050037099758762544
leaf_weight=45 79 49460 302 19386 10757 40 44 472 158 157 201
leaf_count=45 79 49460 302 19386 10757 40 44 472 158 157 201
internal_value=-0.000148643 -0.000112703 -0.000124837 -6.24702e-06 -0.000863099 0.0074031 0.00398876 -0.00284442 -0.00317814 -0.00150794 -0.00395988
internal_weight=81101 80034 79905 68846 11059 129 89 1067 988 315 673
internal_count=81101 80034 79905 68846 11059 129 89 1067 988 315 673
is_linear=0
shrinkage=0.05


Tree=118
num_leaves=16
num_cat=0
split_feature=16 20 19 6 19 22 21 6 5 6 5 16 6 4 1
split_gain=2.996 5.17509 4.71388 4.94566 4.02838 4.62382 4.60552 3.80187 4.66311 3.71798 2.57154 4.74732 2.30517 1.98966 0.65709
threshold=497.85000000000008 2.1106250000000006 15.481250000000003 -0.6523320455745395 26.556250000000006 0.75404438876174906 0.66683367292104756 -0.94703994556331683 0.17646842360078763 -0.97507822412530132 0.074116354202380205 207.55000000000004 -0.39827153806311183 -0.93540483100319616 869.62487684614928
decision_type=2 2 2 2 2 2 2 2 2 2 2 2 2 2 2
left_child=4 7 3 -3 5 12 -7 8 -2 -4 14 -12 -1 -9 -6
right_child=1 2 9 -5 10 6 -8 13 -10 -11 11 -13 -14 -15 -16
leaf_value=0.00026456356780255979 -0.00021522047804724512 0.0017254791401301519 0.00016727845115653057 0.00023405964749329003 -0.002145964074489522 0.0015945904304457651 0.0002556398757006209 -0.00013301801745886483 0.00079359745502173844 -0.00016716931610973173 0.0033568079684193498 -0.00065144081337624687 -0.00057438386219065289 -0.00068878913009439563 0.00022043042660569324
leaf_weight=15463 852 94 1318 2310 990 1469 16922 1446 278 5772 58 343 30152 3721 42
leaf_count=15463 852 94 1318 2310 990 1469 16922 1446 278 5772 58 343 30152 3721 42
internal_value=-0.000189586 -0.00080774 -7.05721e-05 0.00184276 -4.04205e-05 1.82783e-05 0.000687563 -0.00191917 0.000707963 -0.000719324 -0.00266225 0.00073566 -0.000251563 -0.00249371 -0.00398256
internal_weight=81230 15791 9494 2404 65439 64006 18391 6297 1130 7090 1433 401 45615 5167 1032
internal_count=81230 15791 9494 2404 65439 64006 18391 6297 1130 7090 1433 401 45615 5167 1032
is_linear=0
shrinkage=0.05


Tree=119
num_leaves=15
num_cat=0
split_feature=1 3 9 5 3 13 12 4 19 22 17 15 20 6
split_gain=3.59896 4.06795 3.41404 3.11652 3.6843 2.28133 2.01249 2.00486 1.49759 1.42372 1.30583 3.67698 1.16252 1.11546
threshold=30.756404504554286 -0.9103761370219875 0.76413887238889033 0.91248814248966237 -0.3520614488341251 -1.0000000180025095e-35 42.750000000000007 -0.95642797789208689 5.6312500000000005 0.86771414278424042 30.500000000000004 48.500000000000007 2.8743750000000006 0.04621408538533487
decision_type=2 2 2 2 2 2 2 2 2 2 2 2 2 2
left_child=5 2 6 4 -3 8 -2 -5 -1 -4 12 -12 -7 -10
right_child=1 3 9 7 -6 10 -8 -9 13 -11 11 -13 -14 -15
leaf_value=0.0032734637964482944 0.00061126038035482703 0.00028153447459698379 -0.001389143049482372 7.4184906119968466e-05 -9.9967844680000885e-05 0.0016188528866374714 -0.0018001803256206207 -0.00052204381185726189 0.0022014048094687049 -0.0033626236092496376 0.0088980555353759469 0.00037946470323553739 -0.0032779603151636416 -0.0030035550600314839
leaf_weight=44 2226 17142 662 2243 44418 1697 2611 7592 43 1465 219 449 394 49
leaf_count=44 2226 17142 662 2243 44418 1697 2611 7592 43 1465 219 449 394 49
internal_value=-0.000185469 -0.00024943 -0.00140293 -0.000136916 -4.87449e-06 0.00154577 -0.000668804 -0.000963397 0.00786765 -0.0030724 0.00123414 0.00315868 0.00061932 0.00423913
internal_weight=81254 78359 6964 71395 61560 2895 4837 9835 136 2127 2759 668 2091 92
internal_count=81254 78359 6964 71395 61560 2895 4837 9835 136 2127 2759 668 2091 92
is_linear=0
shrinkage=0.05


Tree=120
num_leaves=16
num_cat=0
split_feature=1 3 9 6 15 19 22 16 17 16 16 13 5 5 19
split_gain=3.50632 3.90125 4.16171 3.43061 5.8212 5.46032 2.33199 2.1255 1.68682 3.87539 2.49436 1.81144 1.24881 1.16993 0.910019
threshold=30.756404504554286 -0.9103761370219875 0.67413425264435822 -0.79382744783423187 391.50000000000006 20.518750000000008 0.44121505258354909 195.95000000000002 30.500000000000004 38.250000000000007 26.850000000000005 0.039047919899800984 0.67167992559793654 0.88621069759564464 21.768750000000008
decision_type=2 2 2 2 2 2 2 2 2 2 2 2 2 2 2
left_child=8 2 6 4 -3 -5 -2 -4 11 10 -10 13 -11 -1 -13
right_child=1 3 7 5 -6 -7 -8 -9 9 12 -12 14 -14 -15 -16
leaf_value=0.0042046531797904664 -0.0049123930380760086 0.0012139958646630745 -0.001166611321078953 -6.7643151438224011e-05 -7.578368937194263e-05 -0.00023858409133478399 0.00015536115392680145 -0.0026985845584641178 0.0079423164129519084 0.00015284073144606824 0.01327998317829732 2.6545084910119684e-05 0.0027886241213206445 -0.0023726134891321957 0.0042857036342696759
leaf_weight=211 737 6487 849 49341 9675 5992 3194 2168 106 389 42 1809 139 43 134
leaf_count=211 737 6487 849 49341 9675 5992 3194 2168 106 389 42 1809 139 43 134
internal_value=-0.000171923 -0.000234758 -0.00136586 -0.000124835 0.000516024 -0.000312021 -0.00029382 -0.00276268 0.00154368 0.00372781 0.0108784 0.000871642 0.00172348 0.00484252 0.000352546
internal_weight=81316 78443 6948 71495 16162 55333 3931 3017 2873 676 148 2197 528 254 1943
internal_count=81316 78443 6948 71495 16162 55333 3931 3017 2873 676 148 2197 528 254 1943
is_linear=0
shrinkage=0.05


Tree=121
num_leaves=14
num_cat=0
split_feature=1 3 9 7 10 18 16 21 13 20 17 15 17
split_gain=3.2395 3.67901 3.95757 2.91431 5.49535 2.72737 2.39476 2.26656 1.38457 1.82533 0.895801 2.4934 1.48365
threshold=30.756404504554286 -0.9103761370219875 0.67413425264435822 2.3750000000000004 102.15000000000002 90.187500000000014 195.95000000000002 0.76695557973610662 -1.0000000180025095e-35 1.6756250000000004 30.500000000000004 48.500000000000007 21.500000000000004
decision_type=2 2 2 2 2 2 2 2 2 2 2 2 2
left_child=8 2 7 4 -3 -5 -4 -2 9 -1 12 -12 -10
right_child=1 3 6 5 -6 -7 -8 -9 10 -11 11 -13 -14
leaf_value=0.0010991311483854725 -0.0017744006346570502 -0.0011513938658018472 -0.00091435893216247383 0.00015828252931863223 4.2576059189539799e-05 -0.00024773569632668968 -0.0025938628642549495 0.0012756723496716302 0.0016149987595131421 0.003084092573035819 0.0087864322465328222 0.00037165662807264277 -0.0042980391807100433
leaf_weight=75 2454 15300 872 22551 17187 16354 2198 1439 1768 50 228 459 326
leaf_count=75 2454 15300 872 22551 17187 16354 2198 1439 1768 50 228 459 326
internal_value=-0.000187114 -0.000247911 -0.00134497 -0.000140913 -0.000490505 0.000151008 -0.0026873 -0.000286413 0.00145217 0.0066 0.00122078 0.00278748 0.00070678
internal_weight=81261 78355 6963 71392 32487 38905 3070 3893 2906 125 2781 687 2094
internal_count=81261 78355 6963 71392 32487 38905 3070 3893 2906 125 2781 687 2094
is_linear=0
shrinkage=0.05


Tree=122
num_leaves=16
num_cat=0
split_feature=21 16 16 4 21 21 21 21 20 21 12 6 19 5 20
split_gain=2.87813 5.15409 4.3863 6.10249 6.06915 4.4525 4.45149 4.13621 3.88581 3.94971 3.8786 3.43049 3.33037 2.93283 1.31583
threshold=0.83712162974109916 423.00000000000006 307.45000000000005 -0.63405362205439475 0.90967044535717168 0.91245792307354623 0.97906082590804389 0.71530001113282327 3.7456250000000009 0.16693932549729343 444.15000000000003 -0.99628250747696534 19.918750000000006 0.99274428880883148 0.29062500000000008
decision_type=2 2 2 2 2 2 2 2 2 2 2 2 2 2 2
left_child=1 8 4 6 14 -6 -4 10 13 -10 -3 -5 -9 -1 -2
right_child=2 7 3 11 5 -7 -8 12 9 -11 -12 -13 -14 -15 -16
leaf_value=0.00014352143985798076 0.0048347770890473079 0.0025529602305715019 -0.00019612636990081636 0.0001788596325807281 0.008303761379845731 0.0016132326062138621 7.3113087775813069e-05 0.0012008455304879785 -0.0042692005858715352 -0.00053508917494776503 0.00028648034622979379 -0.00087827193133432056 -9.697394455249951e-05 -0.0039925452852034408 -0.0029298700576511961
leaf_weight=40306 58 51 8398 333 41 3337 4622 2127 1723 10424 42 6599 1610 703 853
leaf_count=40306 58 51 8398 333 41 3337 4622 2127 1723 10424 42 6599 1610 703 853
internal_value=-0.000177097 1.70205e-05 -0.000633432 -0.00094527 0.000817206 0.00179396 -0.000307221 0.00178851 -0.000110619 -0.000896107 0.0122043 -0.00214368 0.0015293 0.000122045 -0.00280461
internal_weight=81227 56986 24241 19952 4289 3378 13020 3830 53156 12147 93 6932 3737 41009 911
internal_count=81227 56986 24241 19952 4289 3378 13020 3830 53156 12147 93 6932 3737 41009 911
is_linear=0
shrinkage=0.05


Tree=123
num_leaves=15
num_cat=0
split_feature=19 5 21 16 3 20 9 8 11 10 5 4 22 16
split_gain=2.71696 4.55705 3.75515 5.12413 3.38307 3.3472 2.99691 6.25579 4.78354 4.52584 4.38609 3.98735 3.88 2.4175
threshold=21.018750000000008 -0.63921128368950708 0.31435808229910606 55.95000000000001 0.97335555334614954 5.470625000000001 0.43110668575072725 1.0000000180025095e-35 0.28847425333536558 3.4500000000000006 0.75580964594513067 -0.63405362205439475 1.0953539084248738 817.20000000000016
decision_type=2 2 2 2 2 2 2 2 2 2 2 2 2 2
left_child=6 5 3 -3 -4 13 7 9 -9 -1 12 -12 -8 -2
right_child=1 2 4 -5 -6 -7 10 8 -10 -11 11 -13 -14 -15
leaf_value=5.2158919255323078e-05 -0.00078068868839999811 0.0039814710881553748 -8.2933599510424906e-05 0.0073218987311267532 0.0052265287423606567 0.012269561457623337 0.00048019674217322257 -0.0022194214746393999 -1.1303074619064247e-05 0.001439702523671724 6.0272456011746167e-05 -0.0011391026670483642 0.001792129240026686 8.2508362077908688e-05
leaf_weight=15937 3992 238 10557 44 71 41 16714 12541 9160 1931 5780 3130 649 329
leaf_count=15937 3992 238 10557 44 71 41 16714 12541 9160 1931 5780 3130 649 329
internal_value=-0.000179009 -0.00077986 -0.000233732 0.00546099 -0.000384834 -0.00214581 -3.96415e-05 -0.000314515 -0.000884983 0.000378329 0.000374337 -0.000527498 0.000837124 -0.00228072
internal_weight=81114 15272 10910 282 10628 4362 65842 39569 21701 17868 26273 8910 17363 4321
internal_count=81114 15272 10910 282 10628 4362 65842 39569 21701 17868 26273 8910 17363 4321
is_linear=0
shrinkage=0.05


Tree=124
num_leaves=16
num_cat=0
split_feature=3 3 18 16 9 19 5 5 7 10 19 16 2 6 16
split_gain=3.35376 5.32222 10.7034 10.4829 4.35258 4.26466 3.42606 9.80925 3.21005 2.51125 2.24959 2.22831 2.16395 2.12807 1.88295
threshold=-0.77259657388510605 -0.41248606129204529 86.812500000000014 483.50000000000006 0.66808392867815669 15.006250000000003 0.68432406471780916 0.63257020223555627 2.3750000000000004 124.05000000000003 7.356250000000002 140.35000000000005 0.40790916868132171 0.99958851518450398 60.550000000000004
decision_type=2 2 2 2 2 2 2 2 2 2 2 2 2 2 2
left_child=4 2 3 -2 6 -4 7 -1 9 -3 -8 14 -13 -10 -6
right_child=1 8 5 -5 11 -7 10 -9 13 -11 -12 12 -14 -15 -16
leaf_value=8.2043370849881769e-05 0.002412083481315214 -0.00091677705074618776 -0.0026622689982793253 -5.8478421753496539e-05 -0.0019776709507016506 0.00039363218557542492 0.0024472653854630102 0.0069056261822232042 5.0161339210467342e-05 -2.6873474897929258e-05 -0.0022621842550333716 -0.0026297723023581132 -0.00029814330344358055 -0.0079079352281452384 0.0014731710687890477
leaf_weight=4985 4903 15224 3254 2407 683 2699 261 253 28915 9879 2503 3085 1389 240 528
leaf_count=4985 4903 15224 3254 2407 683 2699 261 253 28915 9879 2503 3085 1389 240 528
internal_value=-0.000176585 -3.19172e-05 0.000865942 0.00214774 -0.000890262 -0.000708048 -0.000138717 0.000612828 -0.000251393 -0.000665858 -0.00156295 -0.00194811 -0.00246312 0.00010547 -4.54182e-05
internal_weight=81208 67521 13263 7310 13687 5953 8002 5238 54258 25103 2764 5685 4474 29155 1211
internal_count=81208 67521 13263 7310 13687 5953 8002 5238 54258 25103 2764 5685 4474 29155 1211
is_linear=0
shrinkage=0.05


Tree=125
num_leaves=15
num_cat=0
split_feature=16 20 12 5 19 22 18 5 16 15 12 8 3 16
split_gain=2.93827 4.68436 4.1249 3.42183 3.06721 3.64034 4.79762 2.88868 5.78768 2.8803 4.03658 2.62071 1.92924 0.850134
threshold=497.85000000000008 2.0943750000000008 29.250000000000004 -0.96235977360714686 26.556250000000006 0.74839037964735244 37.937500000000007 0.074116354202380205 207.55000000000004 738.50000000000011 538.95000000000016 1.0000000180025095e-35 0.97335555334614954 441.55000000000007
decision_type=2 2 2 2 2 2 2 2 2 2 2 2 2 2
left_child=4 9 -3 -4 5 11 -7 13 -9 12 -11 -1 -2 -6
right_child=1 2 3 -5 7 6 -8 8 -10 10 -12 -13 -14 -15
leaf_value=0.00045705949965278595 -0.00052414265187056416 0.0048354693363390818 -0.0011538811139736799 4.108483829952997e-06 -0.0030578714767811321 -0.0010303964423097557 0.00059965686074476253 0.0032501181521629751 -0.00046314875148055051 0.00028179334590722432 -0.00022071601053706659 -0.00049173024930950621 8.3872231785521412e-05 -0.00032655662095351445
leaf_weight=11686 4727 49 390 9210 790 2532 16436 57 349 400 621 33266 447 245
leaf_count=11686 4727 49 390 9210 790 2532 16436 57 349 400 621 33266 447 245
internal_value=-0.000160398 -0.000771271 -8.23931e-05 -0.000156251 -1.23174e-05 3.91102e-05 0.00061999 -0.00229355 0.00128079 -0.00184423 0.000582761 -0.000205999 -0.00232316 -0.00369565
internal_weight=81205 15844 9649 9600 65361 63920 18968 1441 406 6195 1021 44952 5174 1035
internal_count=81205 15844 9649 9600 65361 63920 18968 1441 406 6195 1021 44952 5174 1035
is_linear=0
shrinkage=0.05


Tree=126
num_leaves=16
num_cat=0
split_feature=19 21 15 0 22 21 18 0 20 20 20 0 5 11 12
split_gain=3.06256 2.89045 4.80748 4.86132 2.75677 6.87049 5.39848 3.9533 3.53772 3.42306 2.61036 6.25308 2.87453 2.4655 1.24587
threshold=21.018750000000008 0.31435808229910606 145.50000000000003 634.98842135500524 0.27557646666571983 1.0000000180025095e-35 1.0000000180025095e-35 388.73836019208801 0.53562500000000013 3.6706250000000007 5.5343750000000016 583.37689981426524 -0.63921128368950708 0.21916250449816324 18.750000000000004
decision_type=2 2 2 2 2 2 2 2 2 2 2 2 2 2 2
left_child=4 2 14 -4 5 7 9 -1 -8 -6 12 -12 -3 -7 -2
right_child=1 10 3 -5 6 13 8 -9 -10 -11 11 -13 -14 -15 -16
leaf_value=0.00021713812332030977 0.0048334751717980474 -0.00044044179061096268 0.007707400191352097 -0.00032943870770688603 -0.00046596229174699722 -0.0032909493799742995 -0.00088845951801221675 0.0060244712125945088 0.00018473519168565449 0.00025476797811544718 0.011401195896768575 -0.0022394386814337565 -9.768331076256357e-05 -0.00040810043408786158 -0.0045408651273247556
leaf_weight=8375 99 4206 59 46 1492 4249 3359 84 46149 270 54 70 10512 1913 141
leaf_count=8375 99 4206 59 46 1492 4249 3359 84 46149 270 54 70 10512 1913 141
internal_value=-0.000188585 -0.00082867 0.00369565 0.012619 -4.10538e-05 -0.000646674 0.000131655 0.000278401 0.000228447 -0.00258797 -0.000933838 0.00629032 -0.000994702 -0.00191659 -0.000208335
internal_weight=81078 15187 345 105 65891 14621 51270 8459 49508 1762 14842 124 14718 6162 240
internal_count=81078 15187 345 105 65891 14621 51270 8459 49508 1762 14842 124 14718 6162 240
is_linear=0
shrinkage=0.05


Tree=127
num_leaves=16
num_cat=0
split_feature=19 5 16 20 20 3 15 5 9 8 16 20 18 5 7
split_gain=2.76401 3.01574 3.82043 4.76199 3.15433 3.12568 6.71034 2.7871 2.58985 9.01709 3.99122 5.20209 3.59104 3.25811 2.95949
threshold=21.018750000000008 -0.63921128368950708 817.20000000000016 2.7756250000000007 5.470625000000001 -0.8814490726585632 348.50000000000006 0.90162119223771331 0.32070693245821907 1.0000000180025095e-35 494.45000000000005 3.5043750000000009 70.687500000000014 0.3504237462291826 1.6250000000000002
decision_type=2 2 2 2 2 2 2 2 2 2 2 2 2 2 2
left_child=8 2 4 -4 -2 7 -7 -3 9 13 12 -12 -10 -1 -11
right_child=1 5 3 -5 -6 6 -8 -9 10 14 11 -13 -14 -15 -16
leaf_value=-8.9442975317975703e-05 -0.0007294434895715816 -0.0011223317059052115 -0.00018645270214907403 0.00026645757429042137 0.011221801224580476 0.0026725414170132985 -4.4664088783283071e-05 0.012593848587307388 0.0010049634911473199 -0.0030429026460287337 -0.00024434730701146498 0.00033449188622750948 0.00014882121632741796 0.00080040353482161884 -0.00093342257796523551
leaf_weight=11608 3954 2511 200 141 49 813 7568 40 8099 5422 4933 1674 19294 6238 8845
leaf_count=11608 3954 2511 200 141 49 813 7568 40 8099 5422 4933 1674 19294 6238 8845
internal_value=-0.000148608 -0.00075478 -0.00186925 0.00321114 -0.00230202 -0.000311929 0.000154515 -0.00184438 -8.54717e-06 -0.000330553 0.000295587 -0.000807478 0.000561639 0.00041858 -0.00126761
internal_weight=81389 15276 4344 341 4003 10932 8381 2551 66113 32113 34000 6607 27393 17846 14267
internal_count=81389 15276 4344 341 4003 10932 8381 2551 66113 32113 34000 6607 27393 17846 14267
is_linear=0
shrinkage=0.05


Tree=128
num_leaves=16
num_cat=0
split_feature=16 20 5 19 11 7 5 19 1 6 5 16 3 4 12
split_gain=2.76436 4.80979 3.50985 2.95467 3.36651 7.05135 2.88329 2.84472 2.64604 3.34691 2.33162 6.0684 1.60415 0.770927 0.202723
threshold=497.85000000000008 2.0943750000000008 -0.96235977360714686 26.556250000000006 0.34478620775616037 0.62500000000000011 0.75580964594513067 15.481250000000003 885.72605178898823 -0.99273797715557011 0.074116354202380205 207.55000000000004 0.97335555334614954 -0.97335555334614932 151.35000000000002
decision_type=2 2 2 2 2 2 2 2 2 2 2 2 2 2 2
left_child=3 8 14 4 5 -1 -6 -4 12 -10 13 -12 -2 -5 -3
right_child=1 2 7 10 6 -7 -8 -9 9 -11 11 -13 -14 -15 -16
leaf_value=-0.0034135727746367217 -0.00031377964645094099 -0.00013395437164601291 0.00026717934585376027 0.00023074058521990238 0.00047131052487240315 -7.1061431044340103e-05 -0.00035978587224038528 -4.3591733708353428e-05 -0.00060471667577398347 0.0017803032725086966 0.0031162828949324777 -0.00057568390176369964 0.00010515797501884379 -0.001727650352980954 -0.0010847082555312053
leaf_weight=3875 5684 40 2378 97 22947 30432 6727 6887 59 82 57 337 463 916 364
leaf_count=3875 5684 40 2378 97 22947 30432 6727 6887 59 82 57 337 463 916 364
internal_value=-0.000176718 -0.000766749 -6.67092e-05 -3.27289e-05 1.71133e-05 -0.000320198 0.000407089 0.000132217 -0.00184319 0.00492908 -0.00229922 0.000964466 -0.00199854 -0.00356861 -0.00462871
internal_weight=81345 15957 9669 65388 63981 34307 29674 9265 6288 141 1407 394 6147 1013 404
internal_count=81345 15957 9669 65388 63981 34307 29674 9265 6288 141 1407 394 6147 1013 404
is_linear=0
shrinkage=0.05


Tree=129
num_leaves=15
num_cat=0
split_feature=19 3 3 6 6 5 19 3 19 5 5 17 18 21
split_gain=2.63373 3.7645 4.05878 3.24632 2.54757 4.26978 5.61692 3.16791 2.70238 2.62094 2.5037 1.84883 1.04036 0.96272
threshold=23.031250000000004 -0.9103761370219875 0.35206144883412588 -0.99628250747696534 -0.72694848937061807 0.57782244426053786 15.318750000000003 0.98611507088852057 19.918750000000006 -0.13398594226331254 0.17646842360078763 15.500000000000002 55.812500000000007 1.1192229567126728
decision_type=2 2 2 2 2 2 2 2 2 2 2 2 2 2
left_child=4 11 3 -3 5 9 -7 8 -6 -1 -4 -2 -13 -9
right_child=1 2 10 -5 7 6 -8 13 -10 -11 -12 12 -14 -15
leaf_value=0.0008395834090073192 0.0041680204237977614 0.00024978631925521303 -0.0005987765108396222 -5.5308581795336862e-05 -4.3720847113779244e-05 0.0041995234037784527 0.0002145729831975826 -0.0024376981699591634 -0.00030460984610032463 -0.00015214572886585945 9.5764165627780141e-05 -0.0025678672030018273 -0.0018091439518216367 0.0018234378566530736
leaf_weight=5796 71 640 1203 5713 50003 868 1192 1585 3513 8660 281 862 832 134
leaf_count=5796 71 640 1203 5713 50003 868 1192 1585 3513 8660 281 862 832 134
internal_value=-0.000181494 -0.000959176 -0.000489347 6.06001e-05 -7.74217e-05 0.000467424 0.00259709 -0.000240338 -0.000172473 0.000163945 -0.00284367 -0.00304533 -0.00337662 -0.00235311
internal_weight=81353 9602 7837 6353 71751 16516 2060 55235 53516 14456 1484 1765 1694 1719
internal_count=81353 9602 7837 6353 71751 16516 2060 55235 53516 14456 1484 1765 1694 1719
is_linear=0
shrinkage=0.05


Tree=130
num_leaves=16
num_cat=0
split_feature=3 9 3 18 15 6 5 6 5 22 22 16 5 2 6
split_gain=2.53651 4.14441 3.80525 8.94738 9.81404 4.64979 3.20373 5.58664 4.41016 3.08193 4.76805 2.59416 2.21646 2.00706 1.50034
threshold=-0.77259657388510605 0.66808392867815669 -0.3520614488341251 86.812500000000014 341.50000000000006 -0.6391983530350368 0.3504237462291826 0.49626980634301188 0.91248814248966237 0.44121505258354909 0.45621943920528563 140.35000000000005 0.74443451080969758 0.4017320731775621 -0.54940789553007929
decision_type=2 2 2 2 2 2 2 2 2 2 2 2 2 2 2
left_child=1 9 3 4 -2 -5 7 -4 -8 14 -11 12 -3 -13 -1
right_child=2 11 6 5 -6 -7 8 -9 -10 10 -12 13 -14 -15 -16
leaf_value=-0.00087171488232486031 0.0026585217778610573 -0.00039658123780218882 -1.6875820406391178e-05 0.0011298492260225328 -1.0719776853623814e-05 -0.0016592053980015575 0.00032564604825975857 -0.0016981868429406242 -0.00021621035577410884 0.0061920497197175866 0.00023301165785697764 -0.0025913016080333987 0.0039384555410067598 -0.00019990972962588007 -0.0042260283277396875
leaf_weight=969 4522 999 21996 2015 3901 4883 12585 10701 6935 125 5963 2968 184 1435 1044
leaf_count=969 4522 999 21996 2015 3901 4883 12585 10701 6935 125 5963 2968 184 1435 1044
internal_value=-0.000127117 -0.000747791 -1.33378e-06 0.000691533 0.00178499 -0.000643666 -0.000204628 -0.000507234 0.000302253 -2.53067e-05 0.000535478 -0.00179556 0.000283177 -0.00235408 -0.00172131
internal_weight=81225 13687 67538 15321 8423 6898 52217 32697 19520 8101 6088 5586 1183 4403 2013
internal_count=81225 13687 67538 15321 8423 6898 52217 32697 19520 8101 6088 5586 1183 4403 2013
is_linear=0
shrinkage=0.05


Tree=131
num_leaves=16
num_cat=0
split_feature=3 9 3 18 16 19 5 5 7 10 16 16 22 16 19
split_gain=2.46128 4.42821 3.34476 8.53947 10.3943 3.5593 2.82872 10.6703 2.81661 2.72016 2.047 1.74646 2.15739 1.70712 1.66402
threshold=-0.77259657388510605 0.66808392867815669 -0.3520614488341251 86.812500000000014 483.50000000000006 15.006250000000003 0.67167992559793654 0.64579916509010216 3.3750000000000004 119.85000000000001 829.65000000000009 140.35000000000005 0.9486081455657206 88.550000000000011 6.8687500000000012
decision_type=2 2 2 2 2 2 2 2 2 2 2 2 2 2 2
left_child=1 6 3 4 -2 -5 7 -1 9 -4 -10 13 -13 -3 -8
right_child=2 11 8 5 -6 -7 14 -9 10 -11 -12 12 -14 -15 -16
leaf_value=0.00024989789115384149 0.0021989594917509107 -0.0019364493558824425 -0.00059533538336137227 -0.0024006683171470034 -8.6775617687401277e-05 0.00029384915988005879 0.0035394365676505455 0.0063217200735058683 7.9895782531350448e-05 1.7857133269786017e-05 0.00017990961943623344 -0.00060110232252044704 -0.0015524902035993144 0.0019126805323376817 -0.0020482374358696855
leaf_weight=5102 5556 827 21684 3770 2834 3123 231 101 17542 12379 608 2551 1907 389 2601
leaf_count=5102 5556 827 21684 3770 2834 3123 231 101 17542 12379 608 2551 1907 389 2601
internal_value=-0.000147467 -0.000758262 -2.341e-05 0.000627166 0.00169845 -0.000676775 -3.11258e-06 0.000689024 -0.000213837 -0.000481902 0.000289255 -0.00182764 -0.00228578 -0.000148028 -0.00127472
internal_weight=81205 13709 67496 15283 8390 6893 8035 5203 52213 34063 18150 5674 4458 1216 2832
internal_count=81205 13709 67496 15283 8390 6893 8035 5203 52213 34063 18150 5674 4458 1216 2832
is_linear=0
shrinkage=0.05


Tree=132
num_leaves=10
num_cat=0
split_feature=19 13 16 5 16 20 18 21 21
split_gain=2.6517 2.1936 2.03252 7.11197 4.62418 1.91653 1.47553 0.469134 0.747008
threshold=30.606250000000006 -1.0000000180025095e-35 812.20000000000016 -0.70898476237405783 654.60000000000014 1.6756250000000004 1.0000000180025095e-35 0.95459619071755297 0.94740775439615788
decision_type=2 2 2 2 2 2 2 2 2
left_child=1 5 4 -4 -3 -1 -2 8 -8
right_child=6 2 3 -5 -6 -7 7 -9 -10
leaf_value=0.0010411318713923628 0.00010786939326304205 -6.2476814829626613e-05 0.00035172782430448445 2.9245483160121699e-05 -0.0002176616422725449 0.0026648124507034909 -0.00079467635895916146 -0.00036042354852316375 0.00024498768913414938
leaf_weight=75 69 72162 218 2086 5570 58 654 253 88
leaf_count=75 69 72162 218 2086 5570 58 654 253 88
internal_value=-0.000170683 -0.000137773 -0.000148434 0.0013151 -0.000191814 0.00627819 -0.00265038 -0.0031407 -0.00250674
internal_weight=81233 80169 80036 2304 77732 133 1064 995 742
internal_count=81233 80169 80036 2304 77732 133 1064 995 742
is_linear=0
shrinkage=0.05


Tree=133
num_leaves=13
num_cat=0
split_feature=19 2 15 3 19 3 5 6 18 20 20 17
split_gain=2.32858 2.16348 5.04295 3.49468 4.71478 4.70645 3.22587 2.62387 1.18036 0.730277 3.60969 0.919667
threshold=30.606250000000006 0.36174732109570135 171.50000000000003 0.97335555334614954 19.393750000000004 0.2269546835593246 -0.108376950152639 -0.039769286347669845 1.0000000180025095e-35 2.6481250000000007 2.8418750000000008 147.50000000000003
decision_type=2 2 2 2 2 2 2 2 2 2 2 2
left_child=1 2 6 5 -5 -3 -1 -4 -2 11 -11 -10
right_child=8 3 7 4 -6 -7 -8 -9 9 10 -12 -13
leaf_value=-0.00093826437577584378 7.5575434135264651e-05 0.00014281366836159018 -0.003045182295017085 0.0005399955039819131 0.0051149469133668539 -0.00015717073849791184 0.0003260517217384322 -0.00039873184191944149 -0.00061772326939262239 0.0017888877829204267 -0.0003931045966726235 -0.00025445685566275161
leaf_weight=14578 67 26094 2207 1057 172 19995 12915 3333 480 59 205 256
leaf_count=14578 67 26094 2207 1057 172 19995 12915 3333 480 59 205 256
internal_value=-0.000149108 -0.000118295 -0.000428815 9.84814e-05 0.00272986 2.83136e-05 -0.000151494 -0.00180506 -0.00246954 -0.0029 -0.000643941 -0.00370924
internal_weight=81418 80351 33033 47318 1229 46089 27493 5540 1067 1000 264 736
internal_count=81418 80351 33033 47318 1229 46089 27493 5540 1067 1000 264 736
is_linear=0
shrinkage=0.05


Tree=134
num_leaves=16
num_cat=0
split_feature=9 3 6 5 7 11 15 15 21 18 5 18 12 4 9
split_gain=2.38889 3.42332 3.03709 3.05878 2.57742 8.96727 7.99404 2.21382 2.16094 2.95152 1.83214 1.60843 1.38877 1.31975 0.698247
threshold=0.77642700650137353 -0.8814490726585632 -0.99761278905001471 0.056951373111866731 0.37500000000000006 0.62511787762828253 335.50000000000006 416.50000000000006 1.0742368018613928 1.0000000180025095e-35 0.95998215779580554 50.812500000000007 19.650000000000002 0.41248606129204562 0.83165033786439546
decision_type=2 2 2 2 2 2 2 2 2 2 2 2 2 2 2
left_child=4 11 3 -3 5 13 -7 -4 10 -10 -6 14 -13 -1 -2
right_child=1 2 7 -5 8 6 -8 -9 9 -11 -12 12 -14 -15 -16
leaf_value=-0.0023433823789160038 -0.0019642732881431273 0.00020842200938499535 0.00021817345920717649 0.00050487762377996977 4.2602793898544774e-05 0.0039639789798803062 -0.00021711019585464241 -0.00016979848203506733 -0.0039378684183098978 0.0018572191700399901 -0.00022885939704086244 0.0029158945745409726 -0.0015348158472192133 0.0022741564559056425 -0.0018814248947258156
leaf_weight=4889 461 312 2259 55 58420 625 788 3860 140 1378 5793 139 1014 230 967
leaf_count=4889 461 312 2259 55 58420 625 788 3860 140 1378 5793 139 1014 230 967
internal_value=-0.000137712 -0.000902725 -0.000289856 0.00412806 -4.17238e-05 -0.000988979 0.00253715 -0.00055483 5.24094e-05 0.00191699 8.33045e-06 -0.00244285 -0.00105377 -0.0019623 -0.00356443
internal_weight=81330 9067 6486 367 72263 6532 1413 6119 65731 1518 64213 2581 1153 5119 1428
internal_count=81330 9067 6486 367 72263 6532 1413 6119 65731 1518 64213 2581 1153 5119 1428
is_linear=0
shrinkage=0.05


Tree=135
num_leaves=16
num_cat=0
split_feature=21 12 0 21 6 21 18 18 22 6 6 3 19 19 5
split_gain=2.30751 3.65381 4.57743 5.26636 4.77445 3.6924 3.79201 2.92993 5.28602 4.41622 7.3792 4.45819 4.2447 2.65725 1.37489
threshold=0.83712162974109916 35.550000000000004 509.2052378551536 0.97906082590804389 -0.99628250747696534 0.90967044535717168 1.0000000180025095e-35 86.437500000000014 0.17842796183671719 0.99681593486783593 0.9980355542543059 -0.097964660725097089 2.6687500000000006 18.343750000000004 0.85226249403558707
decision_type=2 2 2 2 2 2 2 2 2 2 2 2 2 2 2
left_child=7 5 4 -4 -3 14 -7 9 13 11 -11 -1 -10 -9 -2
right_child=1 2 3 -5 -6 6 -8 8 12 10 -12 -13 -14 -15 -16
leaf_value=0.00085208168450542215 -0.0038428015945533387 0.00056278726284936459 -0.00010253780349554688 0.00013308695164843294 -0.00043059920103535914 -0.0040962744583473388 0.0016493568848946084 -0.0034673738581021242 -0.0029487776770416615 0.012573816878759941 0.0013660216964994632 -0.00026111669010324157 2.2400145019012802e-05 0.0026816527646385865 0.0010433494105957948
leaf_weight=9430 586 369 4779 2293 12857 226 3125 2576 1647 148 572 12417 30368 148 56
leaf_count=9430 586 369 4779 2293 12857 226 3125 2576 1647 148 572 12417 30368 148 56
internal_value=-0.000164039 -0.000572435 -0.000844419 0.000182408 -0.00139347 0.000810167 0.00147568 9.0729e-06 -0.000279082 0.000452651 0.00430555 0.000325673 -9.91735e-05 -0.00239354 -0.00266355
internal_weight=81597 24291 20298 7072 13226 3993 3351 57306 34739 22567 720 21847 32015 2724 642
internal_count=81597 24291 20298 7072 13226 3993 3351 57306 34739 22567 720 21847 32015 2724 642
is_linear=0
shrinkage=0.05


Tree=136
num_leaves=13
num_cat=0
split_feature=19 16 5 13 16 3 6 19 18 17 20 20
split_gain=3.03337 2.22914 5.19123 4.59236 3.85066 3.42929 3.2241 2.74607 1.4468 0.319255 1.40389 0.634711
threshold=30.606250000000006 812.20000000000016 -0.73282214301478099 0.89235651893863843 654.60000000000014 -0.47114434510950071 -0.9292178835113839 26.806250000000002 1.0000000180025095e-35 141.50000000000003 1.6393750000000005 2.6481250000000007
decision_type=2 2 2 2 2 2 2 2 2 2 2 2
left_child=1 4 3 -3 7 -4 -6 -1 -2 11 -11 -10
right_child=8 2 5 -5 6 -7 -8 -9 9 10 -12 -13
leaf_value=-2.4871747730406522e-05 7.8240664901134188e-05 0.00034926243450306052 0.00026467404943134189 -0.00044365794062532754 8.9273878826912864e-05 4.6763172074365496e-06 -0.00034746922680321628 -0.00081830243588189354 -0.00057236810638780782 0.00027671874456503936 -0.00090689069468386733 -0.00016432124311114898
leaf_weight=71176 63 162 140 46 1163 1937 4341 1381 440 113 276 165
leaf_count=71176 63 162 140 46 1163 1937 4341 1381 440 113 276 165
internal_value=-0.000162956 -0.000127948 0.00141138 0.00894231 -0.000173007 0.000657197 -0.00144804 -7.6286e-05 -0.00282403 -0.00328974 -0.00217224 -0.00400827
internal_weight=81403 80346 2285 208 78061 2077 5504 72557 1057 994 389 605
internal_count=81403 80346 2285 208 78061 2077 5504 72557 1057 994 389 605
is_linear=0
shrinkage=0.05


Tree=137
num_leaves=11
num_cat=0
split_feature=19 13 9 7 10 4 18 6 17 20
split_gain=2.56678 1.99867 2.06279 1.92261 3.03757 2.07455 0.906279 0.428231 1.04027 0.181056
threshold=31.243750000000002 -1.0000000180025095e-35 0.28777287929503853 3.8750000000000004 119.85000000000001 -0.58216583101416164 1.0000000180025095e-35 -0.99273797715557011 147.50000000000003 2.6481250000000007
decision_type=2 2 2 2 2 2 2 2 2 2
left_child=1 2 -1 4 -3 -5 -2 8 -8 -9
right_child=6 3 -4 5 -6 -7 7 9 -10 -11
leaf_value=0.0031837972410419082 5.7595755748224289e-05 -0.00045871915727109546 8.3824632927934322e-05 0.00017639927716970195 2.8903037555316151e-05 -0.00052798759297782586 -0.00040630465785707314 -0.00092133824397270896 0.00023902824148711277 -0.00050219575502767546
leaf_weight=58 55 31123 67 18512 25576 5269 141 367 84 130
leaf_count=58 55 31123 67 18512 25576 5269 141 367 84 130
internal_value=-0.000145119 -0.00011755 0.0062 -0.000127362 -0.000285632 0.000249988 -0.00300515 -0.00347646 -0.00166667 -0.00429578
internal_weight=81382 80605 125 80480 56699 23781 777 722 225 497
internal_count=81382 80605 125 80480 56699 23781 777 722 225 497
is_linear=0
shrinkage=0.05


Tree=138
num_leaves=13
num_cat=0
split_feature=19 13 2 16 3 11 12 20 1 5 0 9
split_gain=2.80282 1.81761 1.95584 4.92343 2.95964 1.48205 0.863682 1.24625 0.835591 0.455925 1.32672 0.091969
threshold=30.606250000000006 -1.0000000180025095e-35 0.40790916868132171 307.45000000000005 0.2269546835593246 0.16205649047747453 472.65000000000003 0.88812500000000016 881.32549481136391 -0.67803021058859214 416.24921498014834 0.88698240928856531
decision_type=2 2 2 2 2 2 2 2 2 2 2 2
left_child=1 5 3 -3 -4 -1 9 -8 -9 10 -2 -11
right_child=6 2 4 -5 -6 -7 7 8 -10 11 -12 -13
leaf_value=0.0021102565497645525 0.0038796942188643923 -0.0001519489227299251 0.00013937661045694357 -0.00084304543498259069 -8.8372453738830701e-05 0.00037911757104491101 0.00022783489672077362 -0.00027432539436017143 3.6497048072390015e-05 -0.00080506800087244527 -0.0010140080599556664 -0.00055609756989000462
leaf_weight=52 40 30660 23398 7228 19017 78 77 276 74 426 76 74
leaf_count=52 40 30660 23398 7228 19017 78 77 276 74 426 76 74
internal_value=-0.000171585 -0.000138191 -0.000147754 -0.000408838 8.54639e-05 0.00576923 -0.00274689 -0.00101874 -0.00228572 -0.00394481 -0.00112069 -0.0046
internal_weight=81476 80433 80303 37888 42415 130 1043 427 350 616 116 500
internal_count=81476 80433 80303 37888 42415 130 1043 427 350 616 116 500
is_linear=0
shrinkage=0.05


Tree=139
num_leaves=13
num_cat=0
split_feature=19 7 10 8 19 3 18 18 18 20 20 6
split_gain=2.41624 1.91374 2.69957 4.84078 3.60187 2.30737 2.90788 1.18639 1.00663 0.732025 2.696 0.761385
threshold=30.606250000000006 4.3750000000000009 119.85000000000001 1.0000000180025095e-35 12.281250000000002 -0.77259657388510605 69.187500000000014 33.062500000000007 1.0000000180025095e-35 2.6481250000000007 2.8418750000000008 -0.98521978256641018
decision_type=2 2 2 2 2 2 2 2 2 2 2 2
left_child=1 2 3 -1 -4 7 -7 -3 -2 11 -11 -10
right_child=8 5 4 -5 -6 6 -8 -9 9 10 -12 -13
leaf_value=0.00023294916640841879 6.718996068963041e-05 -0.0013712859043447441 0.00085030024577194122 -0.00057739407465570388 -2.1440409781898028e-05 0.00044509254587134185 4.0019068742037993e-05 -0.00039917622973395235 -0.00010264170298630084 0.0010082398239805801 -0.00034711374937962012 -0.00090999700692278272
leaf_weight=12327 64 583 4998 22748 22933 5557 8509 2631 258 51 211 469
leaf_count=12327 64 583 4998 22748 22933 5557 8509 2631 258 51 211 469
internal_value=-0.000103826 -7.26166e-05 -0.000200458 -0.000492517 0.000166301 0.000393517 0.000669699 -0.000815185 -0.00248338 -0.00287664 -0.000610688 -0.00369326
internal_weight=81339 80286 63006 35075 27931 17280 14066 3214 1053 989 262 727
internal_count=81339 80286 63006 35075 27931 17280 14066 3214 1053 989 262 727
is_linear=0
shrinkage=0.05


Tree=140
num_leaves=16
num_cat=0
split_feature=19 6 15 5 3 19 7 21 21 0 19 6 6 21 22
split_gain=3.05535 2.66175 4.09786 6.82272 3.28559 2.93937 2.87036 2.57145 2.48385 4.05126 7.09383 2.81686 3.45171 1.84176 1.7247
threshold=23.031250000000004 -0.72694848937061807 374.50000000000006 0.63257020223555627 -0.63405362205439464 20.518750000000008 4.3750000000000009 0.98612669923180774 0.97906082590804389 288.38543775669797 26.556250000000006 -0.96234030595689413 -0.97111920233974802 0.84311250358172385 0.9486081455657206
decision_type=2 2 2 2 2 2 2 2 2 2 2 2 2 2 2
left_child=1 2 3 -1 -4 6 -3 -7 11 14 -11 12 -2 -13 -10
right_child=8 5 4 -5 -6 7 -8 -9 9 10 -12 13 -14 -15 -16
leaf_value=0.00067556027177037429 -9.5740758211504339e-05 -0.00016287154972986933 -0.0024126305371886072 0.0041943489666894677 -2.3778471961715327e-05 -0.00090265712579638228 0.00031995981175254385 5.9329206956226517e-05 0.0015764147047500115 -1.4762654801653568e-05 0.00022044499270594599 -0.00031253839596095701 0.00056902693811611803 -0.00047318674824619559 -0.0032034579843624694
leaf_weight=9188 2577 40868 574 519 6283 2180 11373 608 43 727 318 2325 329 2832 440
leaf_count=9188 2577 40868 574 519 6283 2180 11373 608 43 727 318 2325 329 2832 440
internal_value=-0.000152987 -4.07175e-05 0.000514971 0.00117595 -0.000420739 -0.000207982 -0.000123563 -0.00178981 -0.000991034 0.000857329 0.00260765 -0.00134131 -9.63536e-05 -0.00204286 -0.00292961
internal_weight=81184 71593 16564 9707 6857 55029 52241 2788 9591 1528 1045 8063 2906 5157 483
internal_count=81184 71593 16564 9707 6857 55029 52241 2788 9591 1528 1045 8063 2906 5157 483
is_linear=0
shrinkage=0.05


Tree=141
num_leaves=16
num_cat=0
split_feature=21 18 22 21 10 21 20 6 12 3 21 16 15 13 11
split_gain=2.09552 3.81203 5.77667 4.42089 3.53164 3.45053 3.44597 3.30893 3.72863 4.2898 3.52407 2.51213 2.45899 3.94269 0.84069
threshold=0.83712162974109916 75.062500000000014 0.17842796183671719 0.83004677550763539 54.45000000000001 0.080309471516416917 5.2006250000000014 -0.99628250747696534 40.95000000000001 -0.9103761370219875 0.90967044535717168 26.850000000000005 791.50000000000011 0.73618828286826277 0.54565385475854244
decision_type=2 2 2 2 2 2 2 2 2 2 2 2 2 2 2
left_child=1 3 11 6 -5 -4 -1 12 10 -10 -9 -3 13 -2 -14
right_child=7 2 5 4 -6 -7 -8 8 9 -11 -12 -13 14 -15 -16
leaf_value=0.0003528626849948761 -0.00017295182173764643 -0.0033168465503400587 0.0038159105911076152 0.016281198885781258 0.0027523690221856714 -7.253335931444543e-05 0.0016826909060856617 -0.0027843156711018875 -0.0023548335456136079 -9.2292137764794638e-05 0.0012150529371105494 0.0032187433716806082 0.00016756705512811047 0.00054727873722142063 -0.00033548395180558023
leaf_weight=14674 340 2733 68 61 297 38402 626 751 1621 17131 3648 40 46 439 179
leaf_count=14674 340 2733 68 61 297 38402 626 751 1621 17131 3648 40 46 439 179
internal_value=-0.000149034 1.66066e-05 -0.000235556 0.000680801 0.00617318 -7.66843e-05 0.000552286 -0.000539227 -0.000661096 -0.000968431 0.00064901 -0.0024396 0.00227092 0.00360077 -0.00233333
internal_weight=81056 56901 41243 15658 358 38470 15300 24155 23151 18752 4399 2773 1004 779 225
internal_count=81056 56901 41243 15658 358 38470 15300 24155 23151 18752 4399 2773 1004 779 225
is_linear=0
shrinkage=0.05


Tree=142
num_leaves=16
num_cat=0
split_feature=19 21 0 0 5 20 11 8 9 6 6 22 12 12 0
split_gain=2.43415 2.78485 3.89385 3.41883 2.35387 3.30572 2.08828 6.47016 4.8386 3.01657 2.19609 2.10422 1.9984 1.9387 1.32493
threshold=21.018750000000008 0.31435808229910606 375.01576684580374 634.98842135500524 -0.63921128368950708 5.470625000000001 0.34478620775616037 1.0000000180025095e-35 0.50669096962772453 0.99958851518450398 0.99932962452255414 0.94274434759927639 181.65000000000003 18.750000000000004 123.49312058986087
decision_type=2 2 2 2 2 2 2 2 2 2 2 2 2 2 2
left_child=6 2 13 -4 5 -3 7 9 -9 -1 11 -8 -6 -2 -12
right_child=1 4 3 -5 12 -7 10 8 -10 -11 14 -13 -14 -15 -16
leaf_value=0.00033710896094885307 0.005393023348168078 -0.00036698365870748329 0.006944091218442138 -0.00042737694440391703 -0.00094672372958094016 0.0089817343450330125 0.00031503593106706695 -0.0015857048375486191 0.0015067961819375305 -0.0098494707501393768 0.005532611654456723 -6.5482768251353817e-05 -4.6053378341779463e-07 -0.0043689634661433331 0.0021840359923312939
leaf_weight=17548 100 4223 91 52 2847 45 24005 15999 1560 291 44 6566 7806 116 43
leaf_count=17548 100 4223 91 52 2847 45 24005 15999 1560 291 44 6566 7806 116 43
internal_value=-0.000147906 -0.000716624 0.0036351 0.010035 -0.000821327 -0.0018135 -1.6351e-05 -0.000277983 -0.000959338 0.000392678 0.000285732 0.000263157 -0.000423825 -0.000601853 0.00821839
internal_weight=81336 15280 359 143 14921 4268 66056 35398 17559 17839 30658 30571 10653 216 87
internal_count=81336 15280 359 143 14921 4268 66056 35398 17559 17839 30658 30571 10653 216 87
is_linear=0
shrinkage=0.05


Tree=143
num_leaves=14
num_cat=0
split_feature=19 5 5 19 5 6 1 19 12 0 20 20 18
split_gain=1.94459 1.74826 2.84823 3.90689 2.83809 2.24133 3.02289 1.84961 0.659872 1.06725 1.19578 0.256102 0.0215636
threshold=31.243750000000002 0.91248814248966237 0.39827038710620805 15.556250000000002 0.28519915169571858 -0.065537083312030994 610.63900478621701 8.4812500000000028 416.85000000000008 546.0088857594094 0.88812500000000016 2.6481250000000007 17.687500000000004
decision_type=2 2 2 2 2 2 2 2 2 2 2 2 2
left_child=1 2 4 -4 -1 7 -7 -3 11 -10 -11 12 -2
right_child=8 5 3 -5 -6 6 -8 -9 9 10 -12 -13 -14
leaf_value=-4.314146042032441e-05 -0.00023028928545625055 0.00015752146985417066 0.00070812413487220821 -7.7810512483990671e-05 -0.00050944653757417624 -0.00029983765282322068 0.00048447955249846311 -0.00077966127706971251 0.00016096115146899798 0.00019795176084751008 -0.00023337375520289178 -0.00099472796479507667 -0.0014100295805238685
leaf_weight=47396 40 1104 12085 6943 2957 5010 1350 3676 53 69 291 71 251
leaf_count=47396 40 1104 12085 6943 2957 5010 1350 3676 53 69 291 71 251
internal_value=-0.000120302 -9.63115e-05 -2.95589e-06 0.000518183 -0.00019989 -0.000677739 -6.28943e-05 -0.00149582 -0.0026129 -0.00124697 -0.00222222 -0.00417127 -0.00482818
internal_weight=81296 80521 69381 19028 50353 11140 6360 4780 775 413 360 362 291
internal_count=81296 80521 69381 19028 50353 11140 6360 4780 775 413 360 362 291
is_linear=0
shrinkage=0.05


Tree=144
num_leaves=16
num_cat=0
split_feature=16 20 5 19 5 16 16 20 6 19 8 19 21 20 16
split_gain=2.19092 3.88864 8.46514 10.9149 4.46871 3.45776 4.8417 4.10076 3.20167 3.17133 3.15949 2.90234 4.825 3.78968 1.75882
threshold=195.95000000000002 1.5256250000000005 -0.99940763397299126 13.206250000000002 -0.29343379936893921 120.75000000000001 140.35000000000005 5.2631250000000014 0.99024581825578073 21.668750000000006 1.0000000180025095e-35 12.181250000000002 0.77674216302848376 5.8693750000000007 54.050000000000004
decision_type=2 2 2 2 2 2 2 2 2 2 2 2 2 2 2
left_child=5 2 3 -2 -4 7 9 10 -8 -7 -1 12 -3 -13 -9
right_child=1 11 4 -5 -6 6 8 14 -10 -11 -12 13 -14 -15 -16
leaf_value=0.00084083296228248396 -0.0021166184914257146 -0.00076794675538554126 -0.0011662575408319313 0.0061063935133899884 -0.00012042253292530601 0.002410480993227564 0.00016402861793558802 -0.0043979796234567062 0.006100531009675253 0.0037224286200506574 -0.00035276836547695989 -8.3223002978305142e-05 0.00066080432986752866 0.0017953954833029679 0.00015660939395561888
leaf_weight=9742 82 2441 4390 86 5915 1740 4690 1089 55 187 22803 23500 3884 333 396
leaf_count=9742 82 2441 4390 86 5915 1740 4690 1089 55 187 22803 23500 3884 333 396
internal_value=-0.000162481 -0.000422216 -0.00125227 0.00988095 -0.00143377 9.67999e-05 0.00113759 -0.000107259 0.00027924 0.00325117 9.98498e-06 -0.000133962 0.000818181 -0.00038665 -0.00267677
internal_weight=81333 40631 10473 168 10305 40702 6672 34030 4745 1927 32545 30158 6325 23833 1485
internal_count=81333 40631 10473 168 10305 40702 6672 34030 4745 1927 32545 30158 6325 23833 1485
is_linear=0
shrinkage=0.05


Tree=145
num_leaves=11
num_cat=0
split_feature=13 18 21 20 16 21 12 20 15 18
split_gain=1.87581 1.92096 1.71676 3.95421 3.68852 5.3104 3.54562 3.06844 2.96435 1.29428
threshold=-1.0000000180025095e-35 56.437500000000007 0.83712162974109916 1.4081250000000003 426.25000000000006 0.71530001113282327 40.95000000000001 4.001875000000001 22.500000000000004 96.812500000000014
decision_type=2 2 2 2 2 2 2 2 2 2
left_child=1 -1 4 8 7 -6 -5 -2 -4 -3
right_child=2 9 3 6 5 -7 -8 -9 -10 -11
leaf_value=-0.00043789099190016533 8.4343815648690965e-05 0.0031974616759891349 0.0034996264837267909 0.0014375268953764756 0.0028248937038998761 0.0006261024491644396 -3.1780472508276691e-05 -0.00088538187355717492 -0.00053403097344112394 0.0014490803666299314
leaf_weight=43 43343 45 204 2071 69 3673 14303 9894 7705 40
leaf_count=43 43343 45 204 2071 69 3673 14303 9894 7705 40
internal_value=-0.00011058 0.0059375 -0.000120107 -0.000472142 2.99221e-05 0.0015473 -2.87052e-05 -7.67335e-05 -0.00139019 0.0102941
internal_weight=81390 128 81262 24283 56979 3742 16374 53237 7909 85
internal_count=81390 128 81262 24283 56979 3742 16374 53237 7909 85
is_linear=0
shrinkage=0.05


Tree=146
num_leaves=14
num_cat=0
split_feature=2 15 12 15 22 22 19 15 17 5 18 2 19
split_gain=1.99028 9.03955 4.57975 3.83637 5.12133 4.76764 3.01705 2.58142 2.36021 1.28578 1.94645 0.519008 0.276629
threshold=0.51161836622161483 38.500000000000007 235.65000000000003 395.50000000000006 0.29624720954083728 0.59684832315422798 25.243750000000006 446.50000000000006 143.50000000000003 0.056951373111866731 66.062500000000014 0.38938428848561307 4.8312500000000016
decision_type=2 2 2 2 2 2 2 2 2 2 2 2 2
left_child=6 2 -2 4 -3 -5 7 8 -1 11 -11 -8 -9
right_child=1 3 -4 5 -6 -7 9 12 -10 10 -12 -13 -14
leaf_value=-7.9484585276429155e-05 0.0021415494525038252 -0.0010388955729201609 0.0089298312096440461 -0.0042176484415398516 0.0011716228020188242 -8.0153727373841812e-06 -0.0030575746696508755 -0.00072263174832984129 -0.00081523380438876442 -0.00060326866326491045 0.0039737778854612533 -0.00067066826827804759 -0.0013552188552528909
leaf_weight=41949 65 2347 62 1430 8834 20035 683 45 4567 286 140 400 354
leaf_count=41949 65 2347 62 1430 8834 20035 683 45 4567 286 140 400 354
internal_value=-0.000110658 0.000190247 0.0135039 0.000138454 0.000889454 -0.000252738 -0.000314308 -0.000243527 -0.000209177 -0.00251491 -0.000187795 -0.00343029 -0.00424812
internal_weight=81197 32773 127 32646 11181 21465 48424 46915 46516 1509 426 1083 399
internal_count=81197 32773 127 32646 11181 21465 48424 46915 46516 1509 426 1083 399
is_linear=0
shrinkage=0.05


Tree=147
num_leaves=15
num_cat=0
split_feature=5 5 21 20 5 6 2 6 4 13 15 15 19 10
split_gain=1.91813 3.15015 7.83375 6.11678 2.35176 4.62727 3.94711 2.13541 2.57766 3.93902 2.95612 1.98653 3.38218 1.38713
threshold=0.91248814248966237 0.9053161325100999 0.37875588280343236 3.561875000000001 0.38243310158943505 0.8511460603353429 0.42246796305136108 0.029024409397335523 -0.95642797789208689 0.81986890606357632 93.500000000000014 632.50000000000011 16.531250000000004 420.15000000000003
decision_type=2 2 2 2 2 2 2 2 2 2 2 2 2 2
left_child=1 4 -3 -4 6 -6 -1 11 9 -9 -10 13 -13 -2
right_child=7 2 3 -5 5 -7 -8 8 10 -11 -12 12 -14 -15
leaf_value=-0.00078515728162079166 -0.0012992352202907066 0.003587321280617234 -3.4665651327517407e-05 0.0035961675376672735 4.1578095790369493e-05 0.0026365891678001565 4.7673275037095803e-05 0.0016886658997415001 0.0016116029693949117 -0.00032252787564878885 -0.00049754852982641614 0.00043994308538913688 -0.00018765515049256392 0.00035136455498324383
leaf_weight=27026 4946 45 370 42 17339 1647 23687 739 873 316 3063 332 370 567
leaf_count=27026 4946 45 370 42 17339 1647 23687 739 873 316 3063 332 370 567
internal_value=-0.000153758 -5.67319e-05 0.00408096 0.00191747 -8.38618e-05 0.000390813 -0.000261571 -0.000761201 9.01504e-06 0.00220379 -0.000579269 -0.00137973 0.00112535 -0.00169871
internal_weight=81362 70156 457 412 69699 18986 50713 11206 4991 1055 3936 6215 702 5513
internal_count=81362 70156 457 412 69699 18986 50713 11206 4991 1055 3936 6215 702 5513
is_linear=0
shrinkage=0.05


Tree=148
num_leaves=16
num_cat=0
split_feature=19 2 17 13 3 6 6 10 1 2 17 2 18 15 15
split_gain=1.92172 3.10906 4.75276 3.1123 2.36862 2.3477 9.63482 2.46736 2.15359 3.90948 2.80065 1.6226 1.50289 2.38137 1.44025
threshold=23.031250000000004 0.35051387319718408 109.50000000000001 0.83082831397007462 0.35206144883412588 -0.26037106507032781 -0.16799793862756093 77.550000000000026 320.9461628572372 0.18690755086793212 39.500000000000007 0.090840179555606179 93.312500000000014 182.50000000000003 22.500000000000004
decision_type=2 2 2 2 2 2 2 2 2 2 2 2 2 2 2
left_child=5 12 3 -3 -4 8 11 -8 9 -1 -10 -7 14 -14 -2
right_child=1 2 4 -5 -6 6 7 -9 10 -11 -12 -13 13 -15 -16
leaf_value=0.0011161563666132652 0.005051110060013804 8.5474748922209122e-05 -8.3534516310632557e-05 0.00016014479751243947 -0.00045841777144557883 0.0019133816078301044 -0.00029880088145615991 0.00020150787004992582 0.0044429441014337207 -0.0016131640758359649 0.00021638670087807869 -0.0022964755080018256 -0.0022000941585681266 0.0075059586904329722 -0.002872434005857908
leaf_weight=3070 46 1005 5478 444 1185 72 25383 14411 71 4504 21987 2279 358 45 1017
leaf_count=3070 46 1005 5478 444 1185 72 25383 14411 71 4504 21987 2279 358 45 1017
internal_value=-0.000101101 -0.000766341 -0.000383384 0.00221187 -0.000947772 -1.2331e-05 -0.000252107 -6.83532e-05 0.000328698 -0.000398734 0.000578474 -0.0033624 -0.0028854 -0.000285361 -0.00387112
internal_weight=81355 9578 8112 1449 6663 71777 42145 39794 29632 7574 22058 2351 1466 403 1063
internal_count=81355 9578 8112 1449 6663 71777 42145 39794 29632 7574 22058 2351 1466 403 1063
is_linear=0
shrinkage=0.05


Tree=149
num_leaves=15
num_cat=0
split_feature=5 5 20 6 5 2 22 2 15 15 6 4 6 16
split_gain=1.92062 2.18586 4.20598 7.10719 3.20821 3.0195 4.4536 4.0588 2.07794 5.58427 2.0199 1.31711 2.2374 1.90942
threshold=0.95998215779580554 0.38243310158943505 1.0956250000000003 0.63755505330306683 0.68432406471780916 0.42246796305136108 0.97495241261619292 0.29351060719892536 132.50000000000003 124.50000000000001 0.14888728888808328 -0.63405362205439475 -0.13398942717002907 134.75000000000003
decision_type=2 2 2 2 2 2 2 2 2 2 2 2 2 2
left_child=1 5 3 -3 -4 7 -7 -1 9 10 -2 12 -10 -13
right_child=8 2 4 -5 -6 6 -8 -9 11 -11 -12 13 -14 -15
leaf_value=-0.00016812046967802364 -0.00060649345062057714 8.5210950661629461e-05 0.00066351951506926361 0.004988765119169564 -0.00012165352151465969 2.1528848619462161e-06 0.00017337424709760159 -0.001338326202689409 -0.00083348912727869309 0.0084900906709633669 0.0018791119796086374 0.0033267135607383232 -5.7702685389987445e-05 -0.0018111495327700689
leaf_weight=17154 1228 1965 7700 1104 12299 22394 1312 9801 979 77 321 144 3261 1528
leaf_count=17154 1228 1965 7700 1104 12299 22394 1312 9801 979 77 321 144 3261 1528
internal_value=-0.000133942 -5.62206e-05 0.000347233 0.00207071 8.27529e-05 -0.000239929 0.000171685 -0.00060193 -0.000894138 0.000688806 3.55056e-05 -0.0013295 -0.00086085 -0.00251794
internal_weight=81267 73729 23068 3069 19999 50661 23706 26955 7538 1626 1549 5912 4240 1672
internal_count=81267 73729 23068 3069 19999 50661 23706 26955 7538 1626 1549 5912 4240 1672
is_linear=0
shrinkage=0.05


Tree=150
num_leaves=14
num_cat=0
split_feature=1 19 5 15 16 5 16 20 17 12 18 19 18
split_gain=2.12607 2.22359 2.12672 7.49744 2.05252 4.34846 3.5986 1.76203 2.88845 2.37588 1.14646 1.057 0.324872
threshold=885.72605178898823 30.606250000000006 0.42958674266195179 317.50000000000006 794.90000000000009 -0.70898476237405783 654.60000000000014 1.6218750000000004 221.50000000000003 127.65000000000002 1.0000000180025095e-35 19.281250000000004 83.937500000000014
decision_type=2 2 2 2 2 2 2 2 2 2 2 2 2
left_child=1 4 7 -4 6 -6 -1 8 -2 -9 -3 -5 -12
right_child=2 10 3 11 5 -7 -8 9 -10 -11 12 -13 -14
leaf_value=-6.299141364914187e-05 -0.00085422756247110782 9.5562717788597986e-05 0.0073878102123757705 -0.0035519652794095582 0.00026107761381905046 1.8972543950497936e-05 -0.00020262895095941671 0.0045767409158853096 0.0025020309487762374 -2.7302526275953379e-05 -0.00028715543471862924 0.00093452167617442028 -0.001012695158381597
leaf_weight=71569 58 69 46 96 309 2319 4997 46 85 882 649 55 270
leaf_count=71569 58 69 46 96 309 2319 4997 46 85 882 649 55 270
internal_value=-0.000130756 -0.000162881 0.00190063 0.00667513 -0.000133471 0.00124049 -0.00018063 0.00102241 0.00618881 0.000226292 -0.00252024 0.00129139 -0.00298694
internal_weight=81450 80182 1268 197 79194 2628 76566 1071 143 928 988 151 919
internal_count=81450 80182 1268 197 79194 2628 76566 1071 143 928 988 151 919
is_linear=0
shrinkage=0.05


Tree=151
num_leaves=14
num_cat=0
split_feature=19 5 6 0 5 20 5 2 12 18 20 18 5
split_gain=2.00539 1.7258 2.13827 2.59405 1.92366 3.49161 2.87376 1.38421 0.633881 0.551491 0.531783 0.228291 0.0849027
threshold=31.243750000000002 0.95998215779580554 -0.16799793862756093 518.14996634307329 0.38243310158943505 1.0956250000000003 0.28519915169571858 0.60369861424157856 416.85000000000008 0.43750000000000006 1.4081250000000003 12.812500000000002 -0.67803021058859214
decision_type=2 2 2 2 2 2 2 2 2 2 2 2 2
left_child=1 4 7 -4 6 -6 -1 -3 11 -10 -11 -2 -13
right_child=8 2 3 -5 5 -7 -8 -9 9 10 -12 12 -14
leaf_value=-5.7449098369464943e-05 -0.00020627153933336622 -0.00088156946199806081 -0.00032720108496357985 0.0002437802713458824 0.0011589293860426802 2.1232345233152534e-05 -0.00056366317310717101 -0.0049837843527855887 6.5486037374541006e-05 0.00022405135147491857 -0.00021970595547004374 -0.00083477268607363726 -0.0012450786484730725
leaf_weight=47211 51 733 4777 1264 3111 19882 2515 671 45 96 283 41 275
leaf_count=47211 51 733 4777 1264 3111 19882 2515 671 45 96 283 41 275
internal_value=-0.000155952 -0.000131232 -0.000856281 -0.000447775 -5.70014e-05 0.000321184 -0.000231872 -0.00261396 -0.00266119 -0.00134434 -0.0019657 -0.00418256 -0.00468355
internal_weight=80955 80164 7445 6041 72719 22993 49726 1404 791 424 379 367 316
internal_count=80955 80164 7445 6041 72719 22993 49726 1404 791 424 379 367 316
is_linear=0
shrinkage=0.05


Tree=152
num_leaves=13
num_cat=0
split_feature=1 5 19 8 10 10 10 10 20 20 15 21
split_gain=2.06256 2.94867 2.17473 1.96166 6.73253 3.17378 1.53405 3.21174 1.72612 1.02329 1.9186 0.403072
threshold=877.4997638195066 -0.23537230790205757 31.243750000000002 1.0000000180025095e-35 34.350000000000009 3.4500000000000006 192.15000000000003 124.05000000000003 3.5793750000000006 0.85187500000000016 609.50000000000011 0.97906082590804389
decision_type=2 2 2 2 2 2 2 2 2 2 2 2
left_child=2 -2 3 5 -5 -1 7 -3 -8 10 -4 -11
right_child=1 6 9 4 -6 -7 8 -9 -10 11 -12 -13
leaf_value=7.073255775885203e-05 0.0024147828945690944 0.00017517792487685205 -0.0022634496200806967 -0.0014446747919407428 -8.4490927990432723e-06 0.0010687812283237221 0.0001876446495263733 0.0021603340315040059 -0.00025155032153009244 -0.00050024298650012435 0.00048867045342859108 -1.3614097837019458e-05
leaf_weight=16299 44 503 47 8833 51461 2156 734 250 385 563 45 70
leaf_count=16299 44 503 47 8833 51461 2156 734 250 385 563 45 70
internal_value=-9.70647e-05 0.00152401 -0.000136146 -0.00011105 -0.000249114 0.000340015 0.00122329 0.00296813 4.91498e-05 -0.00286207 0.00206522 -0.0035782
internal_weight=81390 1916 79474 78749 60294 18455 1872 753 1119 725 92 633
internal_count=81390 1916 79474 78749 60294 18455 1872 753 1119 725 92 633
is_linear=0
shrinkage=0.05


Tree=153
num_leaves=15
num_cat=0
split_feature=5 5 21 20 22 16 20 4 13 20 7 11 10 19
split_gain=1.6552 2.72733 7.43525 4.07793 1.92023 3.32305 3.12842 2.48505 1.89181 2.11647 1.87524 5.47827 2.07981 0.632034
threshold=0.91248814248966237 0.9053161325100999 0.37875588280343236 3.561875000000001 0.38722073562583198 202.35000000000002 0.85187500000000016 -0.68322629814330815 0.53759295816126418 1.1143750000000003 1.6250000000000002 0.31577560854913594 289.05000000000001 14.406250000000002
decision_type=2 2 2 2 2 2 2 2 2 2 2 2 2 2
left_child=1 10 -3 -4 8 6 -6 -7 13 -10 11 -1 -12 -2
right_child=4 2 3 -5 5 7 -8 -9 9 -11 12 -13 -14 -15
leaf_value=-0.0020416479820943162 -0.003778079686616156 0.003385915684733681 -1.8239354736549887e-05 0.0034148768514179043 0.0039222155881350152 -4.742953832295076e-05 0.00052456874709779985 -0.0010169681973584859 0.0081612625278838623 -0.00062347244622386875 0.00015395150184773149 5.6473160210688126e-05 -0.00011404666703714018 0.0024179951458091014
leaf_weight=7795 1204 44 345 42 233 4255 2556 2406 44 432 36789 14413 10788 47
leaf_count=7795 1204 44 345 42 233 4255 2556 2406 44 432 36789 14413 10788 47
internal_value=-0.000122432 -3.24724e-05 0.00393271 0.00171835 -0.000687574 -0.000407409 0.00104159 -0.00101411 -0.00222061 0.000462184 -5.69619e-05 -0.00043633 0.00012012 -0.00324141
internal_weight=81393 70216 431 387 11177 9450 2789 6661 1727 476 69785 22208 47577 1251
internal_count=81393 70216 431 387 11177 9450 2789 6661 1727 476 69785 22208 47577 1251
is_linear=0
shrinkage=0.05


Tree=154
num_leaves=15
num_cat=0
split_feature=5 6 0 18 0 7 11 8 16 11 2 18 12 20
split_gain=1.62129 1.79022 2.49787 2.54358 1.92099 1.64299 5.32789 5.35528 4.34683 2.47577 3.31867 2.98672 1.48957 1.10937
threshold=0.95998215779580554 -0.099822328936730861 515.24472866800727 64.187500000000014 27.768902285068922 1.6250000000000002 0.28652592511209668 1.0000000180025095e-35 143.35000000000005 0.79253942258403909 0.38062825758633906 69.562500000000014 502.35000000000008 3.1368750000000007
decision_type=2 2 2 2 2 2 2 2 2 2 2 2 2 2
left_child=5 4 3 -3 -2 6 7 -1 -8 11 -11 -7 -4 -6
right_child=1 2 12 -5 13 9 8 -9 -10 10 -12 -13 -14 -15
leaf_value=0.00040913257055076265 0.0054917779336742974 -0.00047153803729318115 0.00046233046429839091 5.842614045023609e-05 -0.0005705792899338033 0.00029183267357060381 0.0010202238584519551 -0.0033405991439977032 -0.00013404794716067355 -0.0018278915326376804 -9.4061956635988755e-07 -4.4739408935609807e-05 -0.00026602644595811342 -0.0012710150233057366
leaf_weight=2560 65 1581 940 2556 1501 15805 5276 5035 10634 2246 4908 27249 85 819
leaf_count=2560 65 1581 940 2556 1501 15805 5276 5035 10634 2246 4908 27249 85 819
internal_value=-0.000108296 -0.000806282 -0.000282837 -0.000830313 -0.0019392 -3.68332e-05 -0.000381835 -0.00147136 0.000138277 0.00012468 -0.000736652 0.000267802 0.00192683 -0.00217673
internal_weight=81260 7547 5162 4137 2385 73713 23505 7595 15910 50208 7154 43054 1025 2320
internal_count=81260 7547 5162 4137 2385 73713 23505 7595 15910 50208 7154 43054 1025 2320
is_linear=0
shrinkage=0.05


Tree=155
num_leaves=15
num_cat=0
split_feature=19 0 17 15 20 9 6 19 20 3 15 16 17 13
split_gain=1.41042 2.60292 4.26596 3.58101 2.96204 2.62423 2.33978 3.32951 6.3355 2.40622 2.377 1.9092 1.79087 1.53188
threshold=23.031250000000004 279.34590720736833 109.50000000000001 344.50000000000006 4.2106250000000012 0.62865236164261795 -0.64580103137750788 10.056250000000004 1.1656250000000004 0.98611507088852057 391.50000000000006 619.45000000000016 15.500000000000002 0.8669652917494437
decision_type=2 2 2 2 2 2 2 2 2 2 2 2 2 2
left_child=6 4 3 -3 12 -4 7 8 -1 11 -9 -8 -2 -11
right_child=1 2 5 -5 -6 -7 9 10 -10 13 -12 -13 -14 -15
leaf_value=0.00017180103726017429 0.0061654283777563042 0.0009560136133711203 -0.00037687521110681284 6.1499697077705171e-05 0.0067407704181651198 -1.8266275159492974e-09 -4.6925262299714909e-05 0.00066011717484935992 0.0093806430285053814 -0.0019171570373309325 -9.6577048146162845e-05 -9.7310702814645621e-05 -0.0019994485590991927 0.0094599968890684265
leaf_weight=114 69 96 2535 1149 41 3939 46803 11245 55 1478 7596 4181 1639 54
leaf_count=114 69 96 2535 1149 41 3939 46803 11245 55 1478 7596 4181 1639 54
internal_value=-0.000111985 -0.000685468 -0.000290842 0.00238956 -0.0024271 -0.000806303 -3.6072e-05 0.000439241 0.00742603 -0.000208128 0.000376571 -0.00014946 -0.0027459 -0.00216058
internal_weight=80994 9468 7719 1245 1749 6474 71526 19010 169 52516 18841 50984 1708 1532
internal_count=80994 9468 7719 1245 1749 6474 71526 19010 169 52516 18841 50984 1708 1532
is_linear=0
shrinkage=0.05


Tree=156
num_leaves=15
num_cat=0
split_feature=3 9 22 21 16 20 10 10 6 6 7 11 3 10
split_gain=1.52775 2.7175 2.14591 2.45044 2.18038 2.07511 1.92839 4.23249 4.85686 4.4448 3.12359 4.91902 1.9976 1.70321
threshold=-0.9103761370219875 0.68823118262144323 0.94274434759927639 0.96049329778957337 115.25000000000001 0.41937500000000011 124.05000000000003 128.85000000000002 -0.82413948779581736 0.90070004940655357 0.62500000000000011 0.80118552338457449 -0.3520614488341251 43.650000000000006
decision_type=2 2 2 2 2 2 2 2 2 2 2 2 2 2
left_child=1 5 3 -3 -4 -1 10 8 -8 -9 11 -2 -12 -7
right_child=6 2 4 -5 -6 13 7 9 -10 -11 12 -13 -14 -15
leaf_value=0.0083470460588526696 -0.0015647892658639526 -0.0011271776881611351 0.0014729457423429744 0.0013294070613166153 -0.0031988745219111332 -0.0049213660838592016 0.00090693958219447562 2.5395050392895145e-05 0.0015065087004876383 0.011585698372248014 0.00076342179218280527 0.010892399779986149 -0.00012114477223727723 9.3720732811774292e-05
leaf_weight=65 5198 1716 175 102 1232 417 170 27663 526 62 5822 99 33646 4385
leaf_count=65 5198 1716 175 102 1232 417 170 27663 526 62 5822 99 33646 4385
internal_value=-0.000121682 -0.000773605 -0.00189923 -0.000764578 -0.00336532 -2.7739e-05 -4.96008e-05 0.000272509 0.00412356 0.000175833 -0.000254106 -0.00139419 -0.000101096 -0.000147856
internal_weight=81278 8092 3225 1818 1407 4867 73186 28421 696 27725 44765 5297 39468 4802
internal_count=81278 8092 3225 1818 1407 4867 73186 28421 696 27725 44765 5297 39468 4802
is_linear=0
shrinkage=0.05


Tree=157
num_leaves=16
num_cat=0
split_feature=3 9 3 18 15 19 6 6 19 9 18 13 20 4 9
split_gain=1.78668 2.97809 2.35308 5.22721 5.91453 3.99705 2.1857 3.38734 1.86159 1.92517 1.79186 2.76274 0.92803 0.545308 0.378449
threshold=-0.9103761370219875 0.83165033786439546 -0.3520614488341251 86.812500000000014 338.50000000000006 14.256250000000003 0.99958851518450398 0.99681593486783593 27.156250000000004 0.82854131057176161 98.562500000000014 0.48981063636641925 2.0418750000000006 -0.98611507088852035 0.92778892343959862
decision_type=2 2 2 2 2 2 2 2 2 2 2 2 2 2 2
left_child=1 8 3 4 -2 -5 7 -4 9 -1 14 -12 -10 -8 -3
right_child=2 10 6 5 -6 -7 13 -9 12 -11 11 -13 -14 -15 -16
leaf_value=-0.00021205205831299016 0.0015453328474177965 -0.0023306560514800992 -8.1335317382237279e-05 -0.0020531447069835696 -3.8060879977510224e-05 0.00027108952663333836 -0.0025667067488282518 0.0028989802944681745 -0.0023438571999212596 0.0046476918997102601 -0.0038283651657425098 0.0073103530016905482 5.2626290637536865e-05 -0.0078552154132671397 -0.00035943079924232466
leaf_weight=6153 6533 1052 51215 4591 4897 4952 90 679 330 52 96 81 110 296 166
leaf_count=6153 6533 1052 51215 4591 4897 4952 90 679 330 52 96 81 110 296 166
internal_value=-0.000113357 -0.000820897 -3.56994e-05 0.000411719 0.00113298 -0.000452165 -0.000215189 -0.000187306 -0.000379986 -0.000157133 -0.00292115 0.00177966 -0.00352273 -0.00396373 -0.00360427
internal_weight=81293 8040 73253 20973 11430 9543 52280 51894 6645 6205 1395 177 440 386 1218
internal_count=81293 8040 73253 20973 11430 9543 52280 51894 6645 6205 1395 177 440 386 1218
is_linear=0
shrinkage=0.05


Tree=158
num_leaves=15
num_cat=0
split_feature=19 7 10 8 5 10 18 0 6 17 13 18 20 4
split_gain=1.50204 1.46818 3.19704 3.93024 2.10556 2.07512 2.92236 1.21066 1.05308 0.978014 2.30831 0.528309 0.230894 0.136527
threshold=31.243750000000002 3.3750000000000004 111.15000000000002 1.0000000180025095e-35 -0.9905448150984083 254.55000000000004 81.937500000000014 262.14744766764551 -0.99273797715557011 147.50000000000003 0.87711861195752006 1.9375000000000002 1.5631250000000005 -0.99465189230620676
decision_type=2 2 2 2 2 2 2 2 2 2 2 2 2 2
left_child=1 2 3 -1 -4 6 -3 -7 9 12 -11 -10 -2 -13
right_child=8 5 4 -5 -6 7 -8 -9 11 10 -12 13 -14 -15
leaf_value=0.00022166809565264748 -0.00018621191849111507 0.00039311578673829445 0.00136285367049502 -0.00088110991494116562 7.6740091655280723e-06 -0.0011898085330106917 -0.00012345321733860242 -7.2986588182319164e-06 1.5249189802057442e-05 0.00034133760765898101 -0.00026932241174405536 -0.00018937542020360036 -6.3057087946271228e-06 -0.00087954059566875049
leaf_weight=8310 69 11026 899 17949 23057 2791 12080 4389 60 41 56 42 87 428
leaf_count=8310 69 11026 899 17949 23057 2791 12080 4389 60 41 56 42 87 428
internal_value=-0.000138651 -0.000117453 -0.000283283 -0.000664345 0.000134412 0.000157497 0.00038821 -0.000584959 -0.00231801 0.000335967 0.00427835 -0.00358491 -0.00211539 -0.00414894
internal_weight=81284 80501 50215 26259 23956 30286 23106 7180 783 253 97 530 156 470
internal_count=81284 80501 50215 26259 23956 30286 23106 7180 783 253 97 530 156 470
is_linear=0
shrinkage=0.05


Tree=159
num_leaves=16
num_cat=0
split_feature=2 15 5 15 2 22 6 17 15 6 20 4 5 5 22
split_gain=1.76218 4.58838 2.97078 2.65849 5.33555 4.59914 3.43227 8.14769 3.94769 3.41958 2.49501 2.6047 2.4742 2.37678 1.78199
threshold=0.36174732109570135 171.50000000000003 -0.96689237009891416 405.50000000000006 0.60726151223354408 0.59684832315422798 0.2499757677084001 39.500000000000007 398.50000000000006 0.28313308994381592 2.5156250000000009 -0.58216583101416164 -0.99630266176052629 -0.88622299073327826 0.37441597425644635
decision_type=2 2 2 2 2 2 2 2 2 2 2 2 2 2 2
left_child=1 2 14 6 9 -6 7 -2 -8 -5 12 -12 -3 -4 -1
right_child=3 10 13 4 5 -7 8 -9 -10 -11 11 -13 -14 -15 -16
leaf_value=-0.0045459894428524546 0.0037415579604876191 0.0054865992354622001 0.0015801145420899902 -0.00073028489011514261 -0.0035197333759525206 4.1488858925492451e-05 -0.00050431289507926562 0.00035709437137312916 0.0054706454014406608 0.000148340022389273 0.00054625652046992774 -0.0019837326760535909 -0.0018091454841867431 -0.0001655368532956916 -0.0012048499310568686
leaf_weight=690 423 103 2121 3524 1267 16357 7395 18413 112 913 1035 856 3598 23389 1198
leaf_count=690 423 103 2121 3524 1267 16357 7395 18413 112 913 1035 856 3598 23389 1198
internal_value=-0.000104677 -0.000386482 -0.000120083 8.73883e-05 -0.00031753 7.2627e-05 0.000426488 0.00078679 -0.000477555 -0.00186725 -0.0016917 -0.000214174 -0.00244664 2.1559e-05 -0.0020339
internal_weight=81394 32990 27398 48404 22061 17624 26343 18836 7507 4437 5592 1891 3701 25510 1888
internal_count=81394 32990 27398 48404 22061 17624 26343 18836 7507 4437 5592 1891 3701 25510 1888
is_linear=0
shrinkage=0.05


Tree=160
num_leaves=13
num_cat=0
split_feature=19 6 5 22 6 15 16 6 18 6 17 12
split_gain=1.74618 1.55325 3.06686 5.30214 2.69991 3.46327 2.28067 1.97664 0.887924 0.758192 0.742814 0.225785
threshold=31.243750000000002 -0.64580103137750788 0.57782244426053786 0.5293860047854887 -0.56369940867848845 604.50000000000011 131.45000000000002 -0.54219087765047058 1.0000000180025095e-35 -0.99273797715557011 147.50000000000003 512.85000000000014
decision_type=2 2 2 2 2 2 2 2 2 2 2 2
left_child=1 2 6 -4 5 -3 -1 -6 -2 10 -10 -11
right_child=8 4 3 -5 7 -7 -8 -9 9 11 -12 -13
leaf_value=0.00098277341626223425 6.1904584263830739e-05 -0.0015364698776998459 -0.0020452362048221247 0.0010507703194646172 0.00086821641210545154 4.8860723197481355e-05 -6.8249426097136121e-05 -8.7297749096609519e-05 -0.00020411319312879715 -0.00085134567412812993 0.00023735159285167897 -0.0001832125247955604
leaf_weight=6212 59 1940 1013 2656 733 1037 16050 50953 151 379 86 122
leaf_count=6212 59 1940 1013 2656 733 1037 16050 50953 151 379 86 122
internal_value=-9.89679e-05 -7.59374e-05 0.000242758 0.00158217 -0.00022712 -0.0016913 2.20094e-05 -0.000142786 -0.00242786 -0.00289973 -0.000569621 -0.004002
internal_weight=81391 80594 25931 3669 54663 2977 22262 51686 797 738 237 501
internal_count=81391 80594 25931 3669 54663 2977 22262 51686 797 738 237 501
is_linear=0
shrinkage=0.05


Tree=161
num_leaves=11
num_cat=0
split_feature=13 5 5 21 19 2 6 1 20 9
split_gain=1.61879 1.47232 3.12149 8.37853 1.71181 3.0836 2.04841 1.7058 1.07037 1.08651
threshold=-1.0000000180025095e-35 0.91248814248966237 0.9053161325100999 0.37875588280343236 8.4812500000000028 0.13192861037923923 -0.099822328936730861 318.07010218948255 2.3068750000000007 0.24860566422379807
decision_type=2 2 2 2 2 2 2 2 2 2
left_child=8 2 7 -4 5 -3 -6 -2 9 -1
right_child=1 4 3 -5 6 -7 -8 -9 -10 -11
leaf_value=0.0014266028226853679 -0.00034668585741515033 0.0067041613263129594 0.0032416957986022574 0.00019513431085272897 -0.00077084284976014841 -5.814695923763953e-05 -6.2402562045694209e-05 4.5011793240361092e-05 0.0030990250947415844 -0.0021154913440395956
leaf_weight=42 30327 278 46 403 3246 2490 5183 39182 45 48
leaf_count=42 30327 278 46 403 3246 2490 5183 39182 45 48
internal_value=-0.00010026 -0.00010936 -2.41585e-05 0.0041314 -0.000641691 0.000437138 -0.000995967 -5.10018e-05 0.00537037 0.00222222
internal_weight=81290 81155 69958 449 11197 2768 8429 69509 135 90
internal_count=81290 81155 69958 449 11197 2768 8429 69509 135 90
is_linear=0
shrinkage=0.05


Tree=162
num_leaves=14
num_cat=0
split_feature=3 19 12 3 5 16 21 19 4 13 21 1 16
split_gain=1.78373 3.1073 3.34047 2.02214 3.16821 2.18851 2.1696 1.98092 1.81985 0.683177 0.919977 0.757181 0.576318
threshold=0.9946518923062071 19.493750000000002 142.65000000000003 0.88144907265856365 -0.63921128368950708 697.55000000000007 0.86786824711423971 -1.3812499999999999 -0.58216583101416164 0.65567198223736167 0.96718917225517786 359.56890902476988 373.50000000000006
decision_type=2 2 2 2 2 2 2 2 2 2 2 2 2
left_child=3 9 -3 7 6 -6 -5 12 -9 11 -11 -2 -1
right_child=1 2 -4 4 5 -7 -8 8 -10 10 -12 -13 -14
leaf_value=-0.0030488846244493746 -0.0020899760850767806 -0.0038660325676936331 0.012339260229130455 8.0534228272784449e-05 0.00080562043943083368 -0.0007656002974169825 -0.0026431376687999861 -3.1790619685553172e-06 -0.00042776990657306227 -0.00057857493698609114 0.0083396485719134852 0.00085789105808110964 0.00049309735558956426
leaf_weight=384 1408 45 50 1723 4665 292 655 55709 16062 169 41 55 70
leaf_count=384 1408 45 50 1723 4665 292 655 55709 16062 169 41 55 70
internal_value=-0.000120378 -0.00169118 0.00710526 -8.54713e-05 0.00070552 0.00142526 -0.000794787 -0.000165803 -0.000144976 -0.00219068 0.000476189 -0.00257348 -0.00345815
internal_weight=81328 1768 95 79560 7335 4957 2378 72225 71771 1673 210 1463 454
internal_count=81328 1768 95 79560 7335 4957 2378 72225 71771 1673 210 1463 454
is_linear=0
shrinkage=0.05


Tree=163
num_leaves=16
num_cat=0
split_feature=21 16 22 20 6 6 17 15 15 22 0 5 2 13 20
split_gain=2.03213 3.70393 3.00709 2.70397 3.92726 4.31437 3.80169 3.18274 2.51595 3.10952 2.89841 2.35822 2.31504 2.18935 1.74522
threshold=0.83712162974109916 412.75000000000006 0.75404438876174906 1.4656250000000004 0.28313308994381592 -0.71502926860092908 176.50000000000003 24.500000000000004 395.50000000000006 0.60026047302797514 388.73836019208801 -0.45274443793211405 0.4539490784376225 0.81986890606357632 4.4643750000000013
decision_type=2 2 2 2 2 2 2 2 2 2 2 2 2 2 2
left_child=1 8 14 7 5 -5 -6 11 10 -10 -1 -2 -4 -9 -3
right_child=3 2 12 4 6 -7 -8 13 9 -11 -12 -13 -14 -15 -16
leaf_value=-0.0001644269238898767 -0.0003926565783461196 -0.0013842894428682708 0.0051276736804901843 5.9564470022368914e-05 0.00030064784574275884 -0.00018593025102318743 0.0031828569424173277 -0.00083270133490465678 -0.0039011758950497836 -0.00019378833918760167 0.00072890560861033288 0.0055609463870461553 0.00071535990032831303 3.0232653490108063e-05 0.00039988632894213364
leaf_weight=35043 114 703 156 5214 3012 7717 104 6442 1413 5496 10781 163 3102 1479 304
leaf_count=35043 114 703 156 5214 3012 7717 104 6442 1413 5496 10781 163 3102 1479 304
internal_value=-0.000120812 4.2281e-05 0.00145955 -0.000504229 -0.000126816 -0.000510789 0.00146662 -0.00124299 -7.23468e-05 -0.00096179 6.17568e-05 0.00402527 0.00219767 -0.00142722 -0.000928502
internal_weight=81243 56998 4265 24245 16047 12931 3116 8198 52733 6909 45824 277 3258 7921 1007
internal_count=81243 56998 4265 24245 16047 12931 3116 8198 52733 6909 45824 277 3258 7921 1007
is_linear=0
shrinkage=0.05


Tree=164
num_leaves=16
num_cat=0
split_feature=21 18 21 5 22 20 3 5 5 19 20 19 20 22 16
split_gain=1.53141 3.32832 4.54251 4.57612 4.38406 4.15882 3.28696 4.0227 3.77702 3.24631 2.81777 3.63035 2.50047 1.9886 1.92579
threshold=0.83712162974109916 67.687500000000014 0.83004677550763539 0.99907018497641664 0.17842796183671719 2.3756250000000008 0.58216583101416142 -0.048361574224334618 0.76696112484652035 1.2187500000000002 0.57937500000000008 16.743750000000006 1.4256250000000004 0.9713888976263666 131.45000000000002
decision_type=2 2 2 2 2 2 2 2 2 2 2 2 2 2 2
left_child=1 2 3 -1 12 -4 10 13 -9 -6 14 -12 -3 -8 -2
right_child=6 4 5 -5 9 -7 7 8 -10 -11 11 -13 -14 -15 -16
leaf_value=0.00046345178072140027 0.0071298133900817616 0.00079574681822512346 0.0033626775695795165 0.003110911271834427 -0.0034386822166244005 0.0083147327173770033 -0.0016469236437698519 0.00026833246355575496 -0.00038241006480157922 2.916649855234159e-05 0.00025917267045200083 -4.9789694218782978e-05 -0.0034768718138005607 -0.00036004292331381601 -0.00084288371920231565
leaf_weight=12041 98 460 170 40 1162 141 1925 1847 2127 40489 6126 10034 2353 985 1005
leaf_count=12041 98 460 170 40 1162 141 1925 1847 2127 40489 6126 10034 2353 985 1005
internal_value=-9.64791e-05 4.52007e-05 0.00076985 0.000616256 -0.000156757 0.00673633 -0.000430075 -0.00135387 -0.000319578 -2.77316e-05 -6.16938e-05 0.000105197 -0.00206719 -0.00276632 -0.0025068
internal_weight=81003 56856 12392 12081 44464 311 24147 6884 3974 41651 17263 16160 2813 2910 1103
internal_count=81003 56856 12392 12081 44464 311 24147 6884 3974 41651 17263 16160 2813 2910 1103
is_linear=0
shrinkage=0.05


Tree=165
num_leaves=13
num_cat=0
split_feature=19 6 5 22 19 22 22 4 18 6 17 20
split_gain=1.57096 1.46446 2.58696 4.57807 2.43287 3.82875 2.1494 2.04654 0.741821 0.642946 0.733411 0.312043
threshold=31.243750000000002 -0.64580103137750788 0.57782244426053786 0.48771597661162774 19.918750000000006 0.96446072324501853 0.91951189572853198 -0.13052619222005149 1.0000000180025095e-35 -0.99273797715557011 147.50000000000003 2.584375000000001
decision_type=2 2 2 2 2 2 2 2 2 2 2 2
left_child=1 2 6 -4 7 -6 -1 -3 -2 10 -10 -11
right_child=8 4 3 -5 5 -7 -8 -9 9 11 -12 -13
leaf_value=0.00013941433221588545 5.1480857581156467e-05 -5.7388361600201428e-05 -0.0027337719218622236 0.0010313771127030079 -0.00098134238226185006 3.1779461348448053e-05 -0.00011027285774720718 -0.001268885981456543 -0.0002053867179969464 -0.00058548485650882203 0.0001778941863199274 -0.00032714212403272614
leaf_weight=17098 64 47868 917 2719 3238 1561 5145 2059 149 360 78 141
leaf_count=17098 64 47868 917 2719 3238 1561 5145 2059 149 360 78 141
internal_value=-0.0001325 -0.000110726 0.000199195 0.00143564 -0.000257283 -0.00133257 -2.92346e-06 -0.000153926 -0.00234849 -0.0028022 -0.000594715 -0.0038024
internal_weight=81397 80605 25879 3636 54726 4799 22243 49927 792 728 227 501
internal_count=81397 80605 25879 3636 54726 4799 22243 49927 792 728 227 501
is_linear=0
shrinkage=0.05


Tree=166
num_leaves=16
num_cat=0
split_feature=16 16 22 13 4 1 20 19 22 0 6 22 13 20 19
split_gain=1.70789 3.77243 5.4504 5.98686 3.48855 5.20678 4.52825 4.07732 3.39938 4.31719 2.97471 2.15771 1.75762 0.726286 0.124466
threshold=195.95000000000002 189.65000000000001 0.54843259826653223 0.73121408015120981 -0.63405362205439475 187.70241039538928 0.66187500000000021 7.1937500000000014 0.94274434759927639 93.040723276128219 -0.99938741687870725 0.27557646666571983 0.8538647486901485 1.1143750000000003 9.4437500000000032
decision_type=2 2 2 2 2 2 2 2 2 2 2 2 2 2 2
left_child=1 10 14 -4 5 6 -2 -7 9 -6 13 -12 -10 -1 -3
right_child=4 2 3 -5 8 7 -8 -9 12 -11 11 -13 -14 -15 -16
leaf_value=0.0009300512246665281 -0.002008521979234013 -0.00095889224708465854 0.0030321614068030771 0.0092576539086855741 0.0023337346710809565 -0.0009450890702509436 0.0045590037572675263 1.1685923404839225e-05 -0.00076360733381122066 -0.00029383384000544418 -0.00044799521621331247 0.00037074936039083574 0.00015201653870153836 -0.0063149074590496922 -0.0063491812163672737
leaf_weight=52 224 41 315 76 293 2445 645 24267 4429 7921 14526 25170 389 425 113
leaf_count=52 224 41 315 76 293 2445 645 24267 4429 7921 14526 25170 389 425 113
internal_value=-9.47375e-05 0.000134092 0.00426605 0.00740409 -0.000324158 -5.621e-06 0.00380322 -0.000129531 -0.000998313 -0.00037984 7.80363e-05 0.0001252 -0.00205272 -0.00384696 -0.0037013
internal_weight=81331 40718 545 391 40613 27581 869 26712 13032 8214 40173 39696 4818 477 154
internal_count=81331 40718 545 391 40613 27581 869 26712 13032 8214 40173 39696 4818 477 154
is_linear=0
shrinkage=0.05


Tree=167
num_leaves=13
num_cat=0
split_feature=19 16 22 17 20 5 6 13 5 22 12 12
split_gain=2.00091 1.57278 4.13871 5.25346 3.26547 7.44009 2.76358 2.62854 1.10527 0.473067 0.670747 0.329602
threshold=-1.0562499999999997 195.95000000000002 0.74433757270387024 257.50000000000006 1.4081250000000003 -0.99940763397299126 -0.99938741687870725 0.26119323315165471 0.7210268013660811 0.80364765204188771 14.550000000000002 98.850000000000009
decision_type=2 2 2 2 2 2 2 2 2 2 2 2
left_child=8 2 6 -4 5 -3 -2 -6 9 10 -1 -11
right_child=1 4 3 -5 7 -7 -8 -9 -10 11 -12 -13
leaf_value=-0.0048836500300134212 -0.0059060258762974579 0.0040948946962221866 0.0011895119052403628 0.0021187037455526431 0.0005202932253561592 -0.0003973950101025285 2.3985813450069288e-05 -4.6898320187275582e-05 0.0015354301164538589 -0.0037029835989901387 0.0054587610014672668 -0.0014494600236771692
leaf_weight=46 455 151 4662 101 4114 9149 35164 27024 58 409 55 40
leaf_count=46 455 151 4662 101 4114 9149 35164 27024 58 409 55 40
internal_value=-8.64579e-05 -6.49604e-05 0.000155761 0.00153999 -0.000285376 -0.00110753 -2.93395e-05 -3.98239e-05 -0.00294408 -0.00363636 -0.000544556 -0.00433185
internal_weight=81428 80820 40382 4763 40438 9300 35619 31138 608 550 101 449
internal_count=81428 80820 40382 4763 40438 9300 35619 31138 608 550 101 449
is_linear=0
shrinkage=0.05


Tree=168
num_leaves=15
num_cat=0
split_feature=3 12 3 5 15 19 21 19 7 16 18 13 22 20
split_gain=1.5852 2.18572 1.53318 3.80949 2.98206 2.21953 2.14016 1.44602 1.385 0.967278 0.992988 0.695422 0.459571 0.262126
threshold=0.9946518923062071 157.05000000000004 0.88144907265856365 -0.63921128368950708 431.50000000000006 -1.2187499999999998 0.37875588280343236 19.493750000000002 1.8750000000000002 287.95000000000005 85.062500000000014 0.71316314529017333 0.80364765204188771 0.37687500000000007
decision_type=2 2 2 2 2 2 2 2 2 2 2 2 2 2
left_child=2 9 5 6 -5 12 -4 11 -7 10 -2 -3 -1 -11
right_child=1 7 3 4 -6 8 -8 -9 -10 13 -12 -13 -14 -15
leaf_value=0.0019684220594882911 0.0010109316383038317 0.00088025240480451596 0.0014590338725794557 0.0010726889730376858 -0.00042353948478039124 -0.00017293447987566855 -0.0020315271684440933 0.011761917221855128 1.253657668987398e-05 -0.00080434506349405565 -0.0024063150097049287 -0.00070852047240173982 -0.0025444026103712716 -0.0033388540497578225
leaf_weight=64 285 110 725 4426 538 23946 1617 47 47770 64 796 49 431 423
leaf_count=64 285 110 725 4426 538 23946 1617 47 47770 64 796 49 431 423
internal_value=-0.000111391 -0.00158963 -7.84121e-05 0.000611825 0.00139605 -0.000148247 -0.00105039 0.00325243 -0.000125217 -0.00222577 -0.00139223 0.000974842 -0.00348485 -0.00407598
internal_weight=81291 1774 79517 7306 4964 72211 2342 206 71716 1568 1081 159 495 487
internal_count=81291 1774 79517 7306 4964 72211 2342 206 71716 1568 1081 159 495 487
is_linear=0
shrinkage=0.05


Tree=169
num_leaves=16
num_cat=0
split_feature=3 3 18 12 19 6 6 9 22 22 0 18 18 6 4
split_gain=2.34575 3.82685 5.26616 5.23698 3.54635 2.56749 3.74872 2.06693 2.73609 3.99236 2.11561 5.16286 2.28175 1.38372 0.443414
threshold=-0.77259657388510605 -0.41248606129204529 86.812500000000014 40.050000000000004 14.018750000000002 0.99958851518450398 0.99681593486783593 0.66808392867815669 0.44121505258354909 0.45621943920528563 279.34590720736833 13.812500000000002 53.687500000000007 -0.54940789553007929 -0.98611507088852035
decision_type=2 2 2 2 2 2 2 2 2 2 2 2 2 2 2
left_child=7 2 3 -2 -4 6 -3 8 13 -10 12 -12 -9 -1 -7
right_child=1 5 4 -5 -6 14 -8 10 9 -11 11 -13 -14 -15 -16
leaf_value=-0.0008685448927154845 0.0044913026268249027 -6.6102477768221292e-05 -0.0021307177825732062 0.00019756918376121445 0.00042852387701508587 -0.0016922342284555175 0.0029085855803354524 -0.0018570421907672361 0.0059117178063276057 7.583693943893582e-05 0.00031023853640963726 -0.00034128701379510093 -0.0008533841525982769 -0.0039173190700213028 -0.0068485199721726678
leaf_weight=971 1763 53104 2969 5607 3006 87 711 2100 123 5949 216 1356 1932 1027 322
leaf_count=971 1763 53104 2969 5607 3006 87 711 2100 123 5949 216 1356 1932 1027 322
internal_value=-0.000131889 -1.1027e-05 0.00074747 0.00164179 -0.00035565 -0.0001977 -0.000167705 -0.000729122 -0.000216854 0.000311264 -0.00146681 8.90573e-05 -0.00207341 -0.00182182 -0.00414426
internal_weight=81243 67569 13345 7370 5975 54224 53815 13674 8070 6072 5604 1572 4032 1998 409
internal_count=81243 67569 13345 7370 5975 54224 53815 13674 8070 6072 5604 1572 4032 1998 409
is_linear=0
shrinkage=0.05


Tree=170
num_leaves=15
num_cat=0
split_feature=6 5 13 18 6 22 22 5 21 22 0 5 22 0
split_gain=1.64103 5.14722 7.22153 4.45388 3.66984 6.45746 2.43366 2.12011 2.06799 4.93186 4.54785 1.34045 4.18023 1.77636e-15
threshold=0.92519182738459482 0.26866988313759588 0.07223230506449535 84.187500000000014 0.90070004940655357 0.99469066677254137 0.25465851305898707 0.24372619187392155 1.0000000180025095e-35 0.17842796183671719 388.73836019208801 0.3504237462291826 0.56359132608277374 145.01090119318681
decision_type=2 2 2 2 2 2 2 2 2 2 2 2 2 2
left_child=4 2 3 -2 8 6 -6 -4 10 -10 -1 13 -13 -3
right_child=1 11 7 -5 5 -7 -8 -9 9 -11 -12 12 -14 -15
leaf_value=0.00068812416683664598 0.0091698165882570775 -0.014512976372650711 -0.00084237160423502634 -0.01100948929947218 -0.0016498749678648898 0.0123840266068208 0.0031202920695619068 0.00099152642931460292 -0.0028965160034643707 -2.0208588247803845e-05 0.0054813065680524246 -0.0042954436150955781 0.011931240737741496 -0.014061827880182967
leaf_weight=5147 168 343 5381 46 390 55 644 124 1996 66048 96 276 55 467
leaf_count=5147 168 343 5381 46 390 55 644 124 1996 66048 96 276 55 467
internal_value=-9.82335e-05 -0.000838194 -0.000226439 0.00878505 -2.9984e-05 0.00285124 0.00196325 -0.00057675 -7.27972e-05 -0.000146524 0.000884035 -0.00390447 -0.00122357 -0.005
internal_weight=81236 6860 5719 214 74376 1089 1034 5505 73287 68044 5243 1141 331 810
internal_count=81236 6860 5719 214 74376 1089 1034 5505 73287 68044 5243 1141 331 810
is_linear=0
shrinkage=0.05


Tree=171
num_leaves=14
num_cat=0
split_feature=6 5 13 21 6 22 9 5 20 18 22 5 22
split_gain=1.65828 4.58746 6.85012 5.27163 2.72036 6.59439 4.93867 2.15665 1.6516 5.39585 2.12178 1.64098 4.0733
threshold=0.92519182738459482 0.26866988313759588 0.07223230506449535 0.81087204432723647 0.86869874770991873 1.0271798652121988 0.35811692819421032 0.24372619187392155 4.001875000000001 75.937500000000014 0.91951189572853198 0.3504237462291826 0.56359132608277374
decision_type=2 2 2 2 2 2 2 2 2 2 2 2 2
left_child=4 2 3 -2 8 6 -6 -4 10 -10 -1 -3 -13
right_child=1 11 7 -5 5 -7 -8 -9 9 -11 -12 12 -14
leaf_value=0.0001014948429206823 0.0075330355776915816 -0.013430550264058694 -0.00082807883218829603 0.014145455221718365 0.0031516486844063957 0.015400536143439815 -0.00099245285955622004 0.0010644952769984521 0.00032855386166554131 -0.0011832637227378185 -6.4329378075840912e-05 -0.0035066130965021296 0.016783450854513309
leaf_weight=44899 162 801 5324 48 1201 58 1080 124 3416 7920 15719 259 59
leaf_count=44899 162 801 5324 48 1201 58 1080 124 3416 7920 15719 259 59
internal_value=-0.000119651 -0.00086838 -0.000289856 0.00857143 -5.13519e-05 0.00162676 0.00120342 -0.000631426 -0.000105902 -0.000659846 -2.31074e-06 -0.00379357 -0.000754718
internal_weight=81070 6777 5658 210 74293 2339 2281 5448 71954 11336 60618 1119 318
internal_count=81070 6777 5658 210 74293 2339 2281 5448 71954 11336 60618 1119 318
is_linear=0
shrinkage=0.05


Tree=172
num_leaves=13
num_cat=0
split_feature=2 15 12 15 6 5 6 17 2 6 19 13
split_gain=1.71121 6.27107 3.644 2.63871 2.32392 6.04728 3.30029 2.11084 3.64193 2.69123 0.287491 0.0891892
threshold=0.51161836622161483 38.500000000000007 235.65000000000003 446.50000000000006 0.011826144619637555 -0.99866806308218525 -0.26867065956352881 143.50000000000003 0.42246796305136108 0.78192542922038288 4.8312500000000016 0.80985362845790143
decision_type=2 2 2 2 2 2 2 2 2 2 2 2
left_child=3 2 -2 7 6 -6 -3 8 -1 -9 -5 -12
right_child=1 4 -4 10 5 -7 -8 9 -10 -11 11 -13
leaf_value=-0.00024350948389336588 0.0016870533709431848 3.8651006662364318e-05 0.0067243239067744905 -0.00038814068167498136 0.0060038207187781516 0.0003314179781631576 -0.00031905777548059774 -0.0010309376412671321 0.00045245316719799467 0.002518895958274309 -0.0012170813207182437 -0.00045422971798690718
leaf_weight=38347 62 24829 59 44 153 3755 3955 4422 4906 227 330 40
leaf_count=38347 62 24829 59 44 153 3755 3955 4422 4906 227 330 40
internal_value=-0.00011149 0.000167158 0.0115289 -0.00030073 0.000125106 0.00126919 -3.02263e-05 -0.000266378 -0.000157563 -0.00127877 -0.00427536 -0.00472973
internal_weight=81129 32813 121 48316 32692 3908 28784 47902 43253 4649 414 370
internal_count=81129 32813 121 48316 32692 3908 28784 47902 43253 4649 414 370
is_linear=0
shrinkage=0.05


Tree=173
num_leaves=16
num_cat=0
split_feature=2 16 13 5 4 3 5 20 19 16 15 3 21 17 5
split_gain=1.73653 4.39755 3.79968 4.78319 3.61312 2.99748 3.21884 5.90706 3.29676 2.98877 3.88889 2.94398 2.59458 2.56415 1.72201
threshold=0.40790916868132171 307.45000000000005 0.14514526567155514 0.59177612190863982 -0.97335555334614932 0.2269546835593246 -0.99763297024448894 1.2206250000000003 8.4812500000000028 842.6500000000002 774.50000000000011 0.97335555334614954 0.90967044535717168 156.50000000000003 -0.99275805973510278
decision_type=2 2 2 2 2 2 2 2 2 2 2 2 2 2 2
left_child=1 4 3 -3 13 6 7 -2 -8 11 -11 -7 -6 -1 -4
right_child=5 2 14 -5 12 9 8 -9 -10 10 -12 -13 -14 -15 -16
leaf_value=-0.0021205885595640406 0.0045749270368801859 0.00031461204582752187 0.0042604601120195115 0.010089377555376774 -7.5869554348055742e-05 -0.00018398851279854338 0.0011274116250978839 0.00095756182468468795 5.4242236201703541e-05 0.00027998434139133702 -1.0086550188240141e-05 0.00061600529822976443 0.0011263044712432238 0.0038809249678555102 -0.00085725885794527804
leaf_weight=2955 57 307 169 89 24560 17793 1574 472 21960 208 271 730 3398 84 6804
leaf_count=2955 57 307 169 89 24560 17793 1574 472 21960 208 271 730 3398 84 6804
internal_value=-8.8481e-05 -0.000333109 -0.001431 0.00333333 -7.21049e-05 0.000129454 0.000500144 0.00435728 0.000413443 -0.000339965 0.0035595 -0.000440805 0.000105872 -0.00170945 -0.00170156
internal_weight=81431 38366 7369 396 30997 43065 24063 529 23534 19002 479 18523 27958 3039 6973
internal_count=81431 38366 7369 396 30997 43065 24063 529 23534 19002 479 18523 27958 3039 6973
is_linear=0
shrinkage=0.05


Tree=174
num_leaves=16
num_cat=0
split_feature=2 15 12 17 21 19 2 11 12 17 17 6 17 3 17
split_gain=1.57864 5.51784 3.94775 5.03833 3.7192 5.56474 5.19791 4.84185 3.60361 2.71355 2.68965 2.40598 3.20436 1.74893 1.67193
threshold=0.60726151223354408 434.50000000000006 249.45000000000002 93.500000000000014 0.97906082590804389 26.556250000000006 0.77669607539082508 0.86753702545146505 412.05000000000001 64.500000000000014 261.50000000000006 0.29958852271690523 145.50000000000003 0.2269546835593246 239.50000000000003
decision_type=2 2 2 2 2 2 2 2 2 2 2 2 2 2 2
left_child=1 2 10 -4 8 7 -7 -6 9 -2 -1 14 -13 -10 -3
right_child=4 11 3 -5 5 6 -8 -9 13 -11 -12 12 -14 -15 -16
leaf_value=-0.00017200495628407606 0.0040305523880522689 -0.00065537785018824994 0.0030207673425883385 0.00035404622365349579 0.00015026196073020075 0.00029020583406324808 0.00014775529882731945 -0.00028880660107344878 -3.5227245461512796e-05 0.00021481396979910621 0.0034459951921435219 -0.00017287788432784217 0.0011288421737097117 -0.00039155528617641473 0.0011285613100474878
leaf_weight=49708 113 2633 463 3130 1928 114 144 549 5294 12357 63 450 192 3860 73
leaf_count=49708 113 2633 463 3130 1928 114 144 549 5294 12357 63 450 192 3860 73
internal_value=-0.00010861 -0.00025321 -0.000129677 0.00147091 0.000228046 0.00196526 0.00895349 0.00123738 8.32289e-06 0.000561346 -0.000245224 -0.00222222 0.000529594 -0.000745031 -0.00287509
internal_weight=81071 56712 53364 3593 24359 2735 258 2477 21624 12470 49771 3348 642 9154 2706
internal_count=81071 56712 53364 3593 24359 2735 258 2477 21624 12470 49771 3348 642 9154 2706
is_linear=0
shrinkage=0.05


Tree=175
num_leaves=15
num_cat=0
split_feature=6 5 13 19 6 21 22 2 11 16 5 22 10 0
split_gain=2.16311 4.7659 5.04275 4.7521 2.66729 4.53368 2.95552 1.8812 1.84473 1.54076 1.32227 3.14759 1.05736 8.88178e-16
threshold=0.92519182738459482 0.26866988313759588 0.07223230506449535 0.46250000000000002 0.90070004940655357 0.99867338805245887 0.25465851305898707 0.30396853431644377 1.1374882056746016 766.60000000000014 0.3504237462291826 0.56359132608277374 32.550000000000004 235.28692469036645
decision_type=2 2 2 2 2 2 2 2 2 2 2 2 2 2
left_child=4 2 3 -2 8 6 -6 -4 9 -1 13 -12 -10 -3
right_child=1 10 7 -5 5 -7 -8 -9 12 -11 11 -13 -14 -15
leaf_value=-4.6286429265864239e-05 0.011190544094179189 -0.01262675156991944 -0.00038905606175860901 -0.0019097172069591347 -0.0021254115883066462 0.01169595073099486 0.0030566501121750442 -0.0038015183645697271 -0.00013852974042992544 4.6866092145254895e-05 -0.0032501673204232183 0.016324571204127346 0.0043804418730707447 -0.010911886547762043
leaf_weight=69246 134 750 5146 73 381 46 658 336 40 3963 259 54 69 49
leaf_count=69246 134 750 5146 73 381 46 658 336 40 3963 259 54 69 49
internal_value=-7.35197e-05 -0.000927071 -0.000341889 0.00731884 4.50131e-06 0.00246544 0.00178537 -0.000631158 -3.1917e-05 -4.15944e-05 -0.00392086 -0.00116614 0.00646789 -0.005
internal_weight=81204 6801 5689 207 74403 1085 1039 5482 73318 73209 1112 313 109 799
internal_count=81204 6801 5689 207 74403 1085 1039 5482 73318 73209 1112 313 109 799
is_linear=0
shrinkage=0.05


Tree=176
num_leaves=16
num_cat=0
split_feature=16 20 5 3 2 19 19 18 20 13 0 16 6 17 19
split_gain=1.68717 3.94159 5.9802 7.34009 5.4682 3.29339 4.24186 3.87496 2.64215 2.70423 3.41158 2.3765 3.02308 2.3094 2.05551
threshold=267.75000000000006 1.5256250000000005 -0.99940763397299126 0.2269546835593246 0.65342960970230435 10.856250000000003 7.7812500000000009 89.187500000000014 4.001875000000001 0.50732677589719077 567.35599457351543 2.3500000000000001 0.91852788691372023 317.50000000000006 2.6687500000000006
decision_type=2 2 2 2 2 2 2 2 2 2 2 2 2 2 2
left_child=8 2 3 -2 -4 6 -3 -7 9 13 -11 12 -10 -1 -13
right_child=1 5 4 -5 -6 7 -8 -9 11 10 -12 14 -14 -15 -16
leaf_value=-0.00011112313983997764 0.0053764476300132459 -0.00011781231913192528 -0.0007481800441998431 0.00024326997216413856 0.00010026384776907744 -5.4920762567648468e-06 0.00088283060519131267 -0.00066292612396049843 -0.0039142789485121119 0.00093415442910762679 -0.00093403709502845535 -0.0085012582672140367 0.0036522267811219264 0.0018981400678457301 -0.00023423824337559596
leaf_weight=23720 49 1987 6480 85 1969 18346 2174 3209 1182 12899 2167 249 208 302 6164
leaf_count=23720 49 1987 6480 85 1969 18346 2174 3209 1182 12899 2167 249 208 302 6164
internal_value=-0.000106541 -0.000373044 -0.00130083 0.0091791 -0.00146704 -6.33859e-05 0.00122446 -0.000311994 8.83953e-05 0.000256088 0.000781228 -0.000751635 -0.0026259 -7.32674e-05 -0.000345393
internal_weight=81190 34299 8583 134 8449 25716 4161 21555 46891 39088 15066 7803 1390 24022 6413
internal_count=81190 34299 8583 134 8449 25716 4161 21555 46891 39088 15066 7803 1390 24022 6413
is_linear=0
shrinkage=0.05


Tree=177
num_leaves=16
num_cat=0
split_feature=2 16 16 19 6 15 20 3 12 3 5 15 19 5 22
split_gain=1.94788 4.28234 4.11507 6.46057 3.23902 2.3821 2.377 2.04742 3.78542 2.51824 3.00854 2.98107 2.32564 1.96924 0.91978
threshold=0.36174732109570135 307.45000000000005 294.45000000000005 10.168750000000003 0.16587474750015932 171.50000000000003 0.81562500000000016 0.97335555334614954 164.55000000000004 0.2269546835593246 -0.99763297024448894 145.50000000000003 10.606250000000003 -0.99275805973510278 0.9406657420651664
decision_type=2 2 2 2 2 2 2 2 2 2 2 2 2 2 2
left_child=1 2 5 -4 13 -1 -6 9 14 10 -2 -11 -10 -3 -9
right_child=7 4 3 -5 6 -7 -8 8 12 11 -12 -13 -14 -15 -16
leaf_value=-0.00013241812392951103 0.0017096046970839997 0.0050328214711544738 0.0099185549982253873 8.0887062959570595e-05 -0.0013443379000489409 -0.0014298177743749874 0.00015202156970617629 -0.0004362945990404269 0.0037071801670849531 0.0012024417398192998 6.4163451851646244e-05 -0.00016288352943913794 0.0011273939000473506 -0.0023306555124385669 0.00048048425347187282
leaf_weight=25646 576 127 162 285 735 1378 1930 551 42 2698 26436 17267 527 2763 101
leaf_count=25646 576 127 162 285 735 1378 1930 551 42 2698 26436 17267 527 2763 101
internal_value=-9.87405e-05 -0.000394539 -0.000138511 0.00461969 -0.00166067 -0.000217216 -0.000403378 0.000103945 0.00212531 5.14069e-05 0.000366132 -0.000374406 0.00510545 -0.00282007 -0.000475461
internal_weight=81224 33026 27471 447 5555 27024 2665 48198 1221 46977 27012 19965 569 2890 652
internal_count=81224 33026 27471 447 5555 27024 2665 48198 1221 46977 27012 19965 569 2890 652
is_linear=0
shrinkage=0.05


Tree=178
num_leaves=13
num_cat=0
split_feature=1 12 6 17 4 18 17 6 2 6 3 11
split_gain=1.71855 1.97216 1.44668 2.60184 1.36778 2.56253 2.11806 1.86087 1.50956 4.99776 2.27597 0.948081
threshold=885.72605178898823 115.05000000000003 -0.99273797715557011 237.50000000000003 0.13052619222005193 49.812500000000007 30.500000000000004 -0.9292178835113839 0.36174732109570135 0.11478523713130605 -0.68322629814330804 0.81325371173421968
decision_type=2 2 2 2 2 2 2 2 2 2 2 2
left_child=4 -2 11 -4 8 7 -7 -6 9 -1 -10 -3
right_child=1 2 3 -5 5 6 -8 -9 10 -11 -12 -13
leaf_value=-0.0013227140695311625 0.0037845452268452529 -0.0011506450434820333 0.0014945471187169461 0.00010105027924239576 -0.0044513418325861382 -0.00079586861711976428 0.0039438961214905916 0.00072002386399769931 0.00020126858085005311 -3.0132320079316786e-05 -3.5566006329261196e-05 0.00011278748232260372
leaf_weight=9280 57 233 319 548 375 543 929 301 5945 21675 41123 127
leaf_count=9280 57 233 319 548 375 543 929 301 5945 21675 41123 127
internal_value=-0.000116937 0.00169782 0.00127547 0.00238178 -0.000146002 0.0010987 0.00226902 -0.00144971 -0.000180269 -0.000451463 -1.91332e-06 -0.00138889
internal_weight=81455 1284 1227 867 80171 2148 1472 676 78023 30955 47068 360
internal_count=81455 1284 1227 867 80171 2148 1472 676 78023 30955 47068 360
is_linear=0
shrinkage=0.05


Tree=179
num_leaves=14
num_cat=0
split_feature=16 21 20 3 22 5 22 18 18 3 22 12 3
split_gain=1.59701 4.21005 6.97688 2.6465 1.9781 3.99576 5.45983 5.35644 3.19349 4.59413 3.09024 0.101622 0.169386
threshold=860.80000000000007 1.0273380354483297 3.8781250000000007 0.41248606129204562 0.91951189572853198 -0.048361574224334618 0.96698013714576991 80.562500000000014 67.687500000000014 0.41248606129204562 0.239516344057006 507.15000000000003 1.0000000180025095e-35
decision_type=2 2 2 2 2 2 2 2 2 2 2 2 2
left_child=4 2 3 -2 8 6 -6 -7 9 -1 -10 12 -3
right_child=1 11 -4 -5 5 7 -8 -9 10 -11 -12 -13 -14
leaf_value=0.00058570252653527752 2.9362837537741124e-05 -0.00054428568900576459 0.0016444012559281547 0.00029342532595328145 -0.00060891596533671553 -5.2451712214911663e-05 -5.6776773431031195e-05 0.00088645199900142858 -0.00146477117690198 -0.00045386499426813799 -4.6584002118014931e-05 -0.00025059305703038933 -2.8308046081146485e-05
leaf_weight=11273 368 49 49 110 3157 9023 4182 1310 5100 5432 41148 96 64
leaf_count=11273 368 49 49 110 3157 9023 4182 1310 5100 5432 41148 96 64
internal_value=-0.000117441 0.00220109 0.00458254 0.00274058 -0.000138606 -0.000606045 -0.00149816 2.75803e-05 -7.38766e-06 0.000585153 -0.000221416 -0.00380383 -0.00278761
internal_weight=81361 736 527 478 80625 17672 7339 10333 62953 16705 46248 209 113
internal_count=81361 736 527 478 80625 17672 7339 10333 62953 16705 46248 209 113
is_linear=0
shrinkage=0.05


Tree=180
num_leaves=16
num_cat=0
split_feature=7 11 15 11 9 0 18 6 11 21 8 20 16 6 17
split_gain=1.38212 8.03225 6.39829 2.09156 1.86154 2.67353 2.21286 1.75805 1.46971 2.50047 1.52012 1.3827 3.08243 1.894 1.35817
threshold=0.37500000000000006 0.64929931624025206 431.50000000000006 0.91422826481256447 0.76413887238889033 260.04973745969738 51.312500000000007 -0.99761278905001471 0.29286754035454365 0.49418126894205877 1.0000000180025095e-35 4.001875000000001 2.3500000000000001 0.92519182738459482 97.500000000000014
decision_type=2 2 2 2 2 2 2 2 2 2 2 2 2 2 2
left_child=1 8 3 -3 11 6 -6 -7 10 -10 -1 13 -13 -2 -4
right_child=4 2 14 -5 5 7 -8 -9 9 -11 -12 12 -14 -15 -16
leaf_value=-0.00011277097571218839 8.5279033061014763e-05 0.0023993555318682523 0.00029158474622409283 0.0046616542180262441 -0.0014771437653381247 0.00024132060792132705 -0.00039579273029999892 -5.1529426487958231e-05 0.00065905990140278047 -0.001675608687941772 -0.0047738008413114839 -0.0034485723912593535 -8.3529021874478079e-05 -0.00075771729986390431 -0.00015956614933997876
leaf_weight=431 48880 797 53 105 1635 386 1435 5033 1008 2206 1763 1271 9867 5238 1129
leaf_count=431 48880 797 53 105 1635 386 1435 5033 1008 2206 1763 1271 9867 5238 1129
internal_value=-0.000128453 -0.000775495 0.0018618 0.00503326 -6.27173e-05 -0.000759219 -0.00193811 -9.13465e-05 -0.00179179 -0.00111077 -0.00278943 2.7889e-05 -0.000479441 0.000132302 -0.000558377
internal_weight=81237 7492 2084 902 73745 8489 3070 5419 5408 3214 2194 65256 11138 54118 1182
internal_count=81237 7492 2084 902 73745 8489 3070 5419 5408 3214 2194 65256 11138 54118 1182
is_linear=0
shrinkage=0.05


Tree=181
num_leaves=16
num_cat=0
split_feature=6 5 13 18 10 6 3 13 13 19 20 0 5 22 0
split_gain=1.41617 4.92476 5.57882 4.60434 2.46147 2.44219 7.28171 4.04256 3.84 1.51342 1.92731 1.86466 1.50408 2.62547 8.88178e-16
threshold=0.92519182738459482 0.26866988313759588 0.07223230506449535 81.937500000000014 91.350000000000009 0.91511078773075516 0.63405362205439464 0.18434752778956068 0.5663686831294692 23.031250000000004 4.6643750000000015 509.2052378551536 0.3504237462291826 0.56359132608277374 68.083898450267029
decision_type=2 2 2 2 2 2 2 2 2 2 2 2 2 2 2
left_child=5 2 3 -2 -4 9 7 -7 -8 11 -11 -1 14 -14 -3
right_child=1 12 4 -5 -6 6 8 -9 -10 10 -12 -13 13 -15 -16
leaf_value=-8.9598579880690156e-05 0.010081243729081738 -0.0170343547108073 -0.00085966939387100046 -0.005653402498567793 0.001722640309876147 0.0073746087536771801 0.0076761917268045113 -0.0019455063794616659 0.011492215890108074 -9.6728841824379058e-05 0.00085014217621277421 0.00014587843031529691 -0.0035189744537686453 0.013291867144214865 -0.011238284824117165
leaf_weight=49132 154 157 5184 52 336 72 60 304 40 9260 240 15298 281 59 642
leaf_count=49132 154 157 5184 52 336 72 60 304 40 9260 240 15298 281 59 642
internal_value=-0.000124954 -0.000812092 -0.000214811 0.00786408 -0.000516306 -6.15554e-05 0.0035084 0.000319148 0.0155 -8.45406e-05 -0.000673685 2.32692e-06 -0.00381475 -0.00102941 -0.005
internal_weight=81271 6865 5726 206 5520 74406 476 376 100 73930 9500 64430 1139 340 799
internal_count=81271 6865 5726 206 5520 74406 476 376 100 73930 9500 64430 1139 340 799
is_linear=0
shrinkage=0.05


Tree=182
num_leaves=13
num_cat=0
split_feature=19 16 15 17 16 6 15 19 18 15 16 13
split_gain=2.06882 1.37786 3.71227 4.79479 3.54416 3.82553 2.11562 1.20132 0.665871 0.525449 0.971571 0.175488
threshold=31.243750000000002 794.90000000000009 822.00000000000011 133.50000000000003 654.60000000000014 -0.95242240592625282 742.50000000000011 23.143750000000008 1.0000000180025095e-35 774.50000000000011 776.45000000000016 0.67516823133136128
decision_type=2 2 2 2 2 2 2 2 2 2 2 2
left_child=1 4 3 -3 6 -6 -1 -4 -2 11 -11 -10
right_child=8 2 7 -5 5 -7 -8 -9 9 10 -12 -13
leaf_value=-3.8290112544624778e-05 2.2353200541938254e-05 7.2981512678041159e-05 4.103451752365898e-06 0.0010998725261463511 0.00022621222859655244 -0.00028495576051091432 0.00054546391517956737 -0.00025071995740550085 -0.0011568640301473036 0.0002559070229010484 -0.00015381960267700831 -0.00030435828706863721
leaf_weight=72426 61 2135 221 71 836 4373 337 379 187 40 114 405
leaf_count=72426 61 2135 221 71 836 4373 337 379 187 40 114 405
internal_value=-0.000126556 -0.00010139 0.000987169 0.00193563 -0.000140564 -0.00140046 -5.03702e-05 -0.0025 -0.0026456 -0.0030563 -0.000454547 -0.00373311
internal_weight=81585 80778 2806 2206 77972 5209 72763 600 807 746 154 592
internal_count=81585 80778 2806 2206 77972 5209 72763 600 807 746 154 592
is_linear=0
shrinkage=0.05


Tree=183
num_leaves=15
num_cat=0
split_feature=19 3 3 5 19 19 1 16 20 20 20 21 16 20
split_gain=1.75068 1.44977 1.43172 2.70087 2.01005 1.35962 1.75826 0.88418 1.14085 1.9372 0.643268 0.180243 0.278638 0.113723
threshold=31.243750000000002 0.9946518923062071 0.88144907265856365 -0.59869031648930193 -1.2187499999999998 19.493750000000002 318.07010218948255 711.75000000000011 1.0743750000000003 2.4831250000000007 0.21875000000000006 0.77387663803450757 323.50000000000006 2.2918750000000006
decision_type=2 2 2 2 2 2 2 2 2 2 2 2 2 2
left_child=1 2 4 -4 -1 10 -7 11 -9 -10 -3 12 -2 -13
right_child=7 5 3 -5 -6 6 -8 8 9 -11 -12 13 -14 -15
leaf_value=-0.0023793523837789096 -0.0017075160141584785 0.0007747434203408376 -0.00081149774924983492 0.00064816536102994338 -4.9617126295870127e-05 -0.0032803751756940711 0.011113093307078083 0.00016470678987230659 -0.00020309051110840111 6.1107472033761426e-05 -0.0012498459161575425 -0.0007648184353386306 -0.00011663779145981255 -0.000925305259823152
leaf_weight=473 45 44 2504 4852 70831 52 46 47 171 104 1636 257 57 101
leaf_count=473 45 44 2504 4852 70831 52 46 47 171 104 1636 257 57 101
internal_value=-0.000152057 -0.000129169 -9.72552e-05 0.000566883 -0.00016577 -0.00154106 0.00418367 -0.0025064 -0.000496896 -0.00172727 -0.001875 -0.00391304 -0.00205882 -0.00444134
internal_weight=81220 80438 78660 7356 71304 1778 98 782 322 275 1680 460 102 358
internal_count=81220 80438 78660 7356 71304 1778 98 782 322 275 1680 460 102 358
is_linear=0
shrinkage=0.05


Tree=184
num_leaves=13
num_cat=0
split_feature=19 5 0 17 15 3 20 22 7 22 19 13
split_gain=1.30484 1.51198 1.44427 3.59289 4.03001 3.46905 3.4127 3.26564 1.64685 1.03576 0.613506 0.193977
threshold=-1.0562499999999997 0.7210268013660811 93.040723276128219 30.500000000000004 48.500000000000007 -0.93540483100319605 2.7593750000000008 0.8500827406574144 1.1250000000000002 0.80364765204188771 -1.73125 0.58420620223121067
decision_type=2 2 2 2 2 2 2 2 2 2 2 2
left_child=1 9 3 6 -5 7 -2 -4 -7 10 -1 -11
right_child=2 -3 5 4 -6 8 -8 -9 -10 11 -12 -13
leaf_value=-0.004738408526960473 0.0002187182656381465 0.0014933973927303973 -0.00066817689560770988 0.0054547754358302489 0.0004292214580438281 -0.00021594948993340206 -0.0044485742221696276 -0.0019411128880905367 1.1358259318544703e-05 -0.0034122886433268895 0.0058965008970076147 -0.0011106192739151113
leaf_weight=53 4675 68 2234 1250 3857 14585 1315 1250 51600 328 41 99
leaf_count=53 4675 68 2234 1250 3857 14585 1315 1250 51600 328 41 99
internal_value=-0.000108476 -0.00245331 -9.13763e-05 0.000438406 0.00141277 -0.000175761 -0.000392322 -0.00171355 -9.48112e-05 -0.00336852 0.00138298 -0.00441452
internal_weight=81355 589 80766 11097 5107 69669 5990 3484 66185 521 94 427
internal_count=81355 589 80766 11097 5107 69669 5990 3484 66185 521 94 427
is_linear=0
shrinkage=0.05


Tree=185
num_leaves=16
num_cat=0
split_feature=6 5 13 18 16 3 5 19 16 22 22 10 5 22 0
split_gain=1.59444 5.31965 4.19982 3.75195 1.93924 3.18744 4.57448 3.74741 3.02937 4.28928 2.53196 1.74029 1.20662 1.89099 1.77636e-15
threshold=0.92519182738459482 0.26866988313759588 0.07223230506449535 81.937500000000014 195.95000000000002 0.41248606129204562 -0.21861968191509915 16.106250000000006 189.65000000000001 0.54843259826653223 0.2870468908445819 98.250000000000014 0.3504237462291826 0.56359132608277374 189.52682818608477
decision_type=2 2 2 2 2 2 2 2 2 2 2 2 2 2 2
left_child=4 2 3 -2 8 7 -7 -6 10 -10 -1 -4 14 -14 -3
right_child=1 12 11 -5 5 6 -8 -9 9 -11 -12 -13 13 -15 -16
leaf_value=-0.00044953868114154782 0.0097794367760544922 -0.011344219278734285 -0.0006320301901584877 -0.0050902195875553004 0.00030103838637296335 -0.00077983850397787835 -1.8967473746849994e-05 -7.3186881481853805e-05 -0.0029492143085765648 0.0051027412386433907 0.00045965365407037943 0.0017455800540001308 -0.0030362194998805585 0.005807685754554627 -0.011081120274715847
leaf_weight=11476 152 477 5166 50 9512 5558 7667 16847 149 350 22975 265 262 53 327
leaf_count=11476 152 477 5166 50 9512 5558 7667 16847 149 350 22975 265 262 53 327
internal_value=-8.77162e-05 -0.000823461 -0.000197942 0.00688119 -2.10654e-05 -0.000260713 -0.000894141 5.70951e-05 0.000250356 0.00411824 0.000194333 -0.000461242 -0.0039723 -0.00134921 -0.005
internal_weight=81286 6752 5633 202 74534 39584 13225 26359 34950 499 34451 5431 1119 315 804
internal_count=81286 6752 5633 202 74534 39584 13225 26359 34950 499 34451 5431 1119 315 804
is_linear=0
shrinkage=0.05


Tree=186
num_leaves=15
num_cat=0
split_feature=16 2 17 19 16 6 22 15 19 17 16 19 20 6
split_gain=1.65114 3.33976 3.87396 4.47848 2.78203 3.15694 3.80972 2.41596 2.22321 2.22093 2.04681 0.757489 3.55563 0.809936
threshold=794.90000000000009 0.81505192488176303 133.50000000000003 26.556250000000006 654.60000000000014 -0.96234030595689413 0.9591057205142951 742.50000000000011 26.806250000000002 85.500000000000014 629.85000000000002 22.206250000000008 3.1706250000000007 -0.99983123799342477
decision_type=2 2 2 2 2 2 2 2 2 2 2 2 2 2
left_child=4 2 3 -2 7 6 -6 8 -1 -7 -9 12 -3 -13
right_child=1 11 -4 -5 5 9 -8 10 -10 -11 -12 13 -14 -15
leaf_value=-1.5840896311342218e-05 2.4246913738439256e-05 0.00025383501410515508 0.0010726898719854937 0.00016775866461687315 -7.8087365040489603e-05 0.00012957773128296495 0.0003910746947328157 0.00014685820483425346 -0.00049987108785599476 -0.00031508548818087387 0.0011470535473677163 4.2481115471772581e-05 -0.00040162040521729369 -0.00023069353147770161
leaf_weight=70549 1743 48 58 360 582 367 324 247 1877 4119 113 64 109 560
leaf_count=70549 1743 48 58 360 582 367 324 247 1877 4119 113 64 109 560
internal_value=-9.55387e-05 0.0010673 0.00208005 0.00172848 -0.000139299 -0.00123516 0.00145695 -5.81168e-05 -7.84261e-05 -0.00177887 0.00402778 -0.00173496 0.00136943 -0.00251603
internal_weight=81120 2942 2161 2103 78178 5392 906 72786 72426 4486 360 781 157 624
internal_count=81120 2942 2161 2103 78178 5392 906 72786 72426 4486 360 781 157 624
is_linear=0
shrinkage=0.05


Tree=187
num_leaves=13
num_cat=0
split_feature=16 16 20 13 3 19 6 5 19 5 15 21
split_gain=1.40421 3.54278 3.38663 3.28042 3.18075 2.67116 2.33917 3.0583 2.07485 4.82828 2.44386 2.02582
threshold=766.60000000000014 654.60000000000014 0.39687500000000003 0.31383082311828231 -0.68322629814330804 21.131250000000005 -0.71502926860092908 0.67167992559793654 26.806250000000002 0.056951373111866731 742.50000000000011 1.0349233712981791
decision_type=2 2 2 2 2 2 2 2 2 2 2 2
left_child=1 8 -2 5 -5 -4 7 -3 10 -10 -1 -8
right_child=2 6 3 4 -6 -7 11 -9 9 -11 -12 -13
leaf_value=-2.2254819316501231e-05 0.00011800830456884239 -8.1822620419732804e-05 0.0020210373287505583 0.00030190689122120903 1.3907532781100234e-05 -5.0976891668104581e-05 -0.00048230517565930257 0.0012160004388894108 -0.00092057629281791075 0.00031373865911044204 0.00062280851811307878 0.00083974901806982817
leaf_weight=70715 43 1618 58 59 3800 41 2602 90 1322 596 287 83
leaf_count=70715 43 1618 58 59 3800 41 2602 90 1322 596 287 83
internal_value=-0.000102321 -0.000149588 0.000811046 0.000659423 0.000428866 0.00964646 -0.00152857 -8.19684e-05 -6.65124e-05 -0.00168926 -2.26766e-05 -0.00244879
internal_weight=81314 77313 4001 3958 3859 99 4393 1708 72920 1918 71002 2685
internal_count=81314 77313 4001 3958 3859 99 4393 1708 72920 1918 71002 2685
is_linear=0
shrinkage=0.05


Tree=188
num_leaves=16
num_cat=0
split_feature=6 5 13 18 10 6 6 13 12 6 20 22 5 22 0
split_gain=1.66615 5.4948 3.91214 3.59864 2.03826 1.26861 4.34038 3.66117 2.58843 2.04602 4.73266 1.45517 1.03797 1.77048 8.88178e-16
threshold=0.92519182738459482 0.26866988313759588 0.07223230506449535 82.312500000000014 91.350000000000009 0.7487283477006671 0.76002003530985496 0.55663250965864286 181.65000000000003 0.70138038092733435 1.0206250000000001 0.91951189572853198 0.3504237462291826 0.56359132608277374 230.67921666960015
decision_type=2 2 2 2 2 2 2 2 2 2 2 2 2 2 2
left_child=5 2 3 -2 -4 9 7 -7 -8 11 -11 -1 14 -14 -3
right_child=1 12 4 -5 -6 6 8 -9 -10 10 -12 -13 13 -15 -16
leaf_value=4.5770451227802942e-05 0.0070234422140130585 -0.010815586482150391 -0.00063204207138874656 -0.0087911133258743827 0.0014018424183407769 0.0029639824129177781 0.0001642509356492638 0.0055828624722570165 0.0017285533326055983 0.0042069862488190377 -0.0038716777908151152 -5.6058670510921733e-05 -0.002693889209437238 0.011877615793329747 -0.010462678779840388
leaf_weight=50680 147 703 5157 49 321 293 5815 42 153 399 1229 16038 280 50 96
leaf_count=50680 147 703 5157 49 321 293 5815 42 153 399 1229 16038 280 50 96
internal_value=-9.0975e-05 -0.000840072 -0.000206205 0.00673469 -0.000454547 -2.27075e-05 0.000656036 0.00619403 0.000345173 -8.53025e-05 -0.00183661 -4.25684e-05 -0.00402569 -0.00166667 -0.005
internal_weight=81452 6803 5674 196 5478 74649 6303 335 5968 68346 1628 66718 1129 330 799
internal_count=81452 6803 5674 196 5478 74649 6303 335 5968 68346 1628 66718 1129 330 799
is_linear=0
shrinkage=0.05


Tree=189
num_leaves=16
num_cat=0
split_feature=2 2 5 3 9 3 16 2 5 3 20 3 18 16 4
split_gain=1.71911 3.44357 4.16621 5.07333 2.99995 3.16054 2.56877 2.52025 2.23669 1.97163 3.11007 1.86308 1.25582 0.94176 0.676379
threshold=0.36174732109570135 0.36725212901469123 0.64579916509010216 0.77259657388510639 0.83165033786439546 0.98611507088852057 123.65000000000002 0.2954608514510601 -0.73866753694953124 0.97335555334614954 0.24937500000000004 -0.68322629814330804 68.062500000000014 299.75000000000006 -0.58216583101416164
decision_type=2 2 2 2 2 2 2 2 2 2 2 2 2 2 2
left_child=4 2 8 -4 5 7 12 -1 -2 11 -11 -3 -6 -7 -8
right_child=1 9 3 -5 6 13 14 -9 -10 10 -12 -13 -14 -15 -16
leaf_value=0.00013824484659111146 0.0027220555860658496 0.00018946546220292306 0.0049610180922913779 -0.0022631568773622242 -0.0042323773495351732 -0.001077450796318996 -6.4839932394887488e-05 -0.00087595232499472475 -0.0017503749500354902 0.00077553532973004594 0.00050497527257057186 -3.2825618213047816e-05 0.0021132656311133808 -0.0032871557854550928 -0.0024451711799768237
leaf_weight=21947 231 5834 123 45 155 1496 135 7235 264 49 1142 40485 347 534 1162
leaf_count=21947 231 5834 123 45 155 1496 135 7235 264 49 1142 40485 347 534 1162
internal_value=-9.63256e-05 9.41387e-05 0.0036727 0.0104762 -0.00037427 -0.000259837 -0.00235965 -0.000127134 0.00136364 4.42e-05 0.0020529 -7.44954e-06 0.00067729 -0.00216749 -0.00353508
internal_weight=81184 48173 663 168 33011 31212 1799 29182 495 47510 1191 46319 502 2030 1297
internal_count=81184 48173 663 168 33011 31212 1799 29182 495 47510 1191 46319 502 2030 1297
is_linear=0
shrinkage=0.05


Tree=190
num_leaves=14
num_cat=0
split_feature=3 19 22 16 5 4 13 16 19 19 13 21 9
split_gain=1.54477 2.01783 3.15954 1.41888 4.19523 4.45804 3.6691 2.40576 2.58358 2.02482 0.922356 1.0158 0.580425
threshold=0.9946518923062071 19.493750000000002 0.842877962406125 812.20000000000016 -0.70898476237405783 -0.88144907265856332 0.89235651893863843 654.60000000000014 28.350000000000005 26.556250000000006 0.65567198223736167 0.96943688668899886 0.74543724513857856
decision_type=2 2 2 2 2 2 2 2 2 2 2 2 2
left_child=3 10 -3 7 6 -6 -5 9 -9 -1 12 -12 -2
right_child=1 2 -4 4 5 -7 -8 8 -10 -11 11 -13 -14
leaf_value=2.8389616454254422e-05 -0.0016273519615495173 0.0053929109650961505 -0.0013772388812811614 0.0003372304251457844 -5.7006785633100868e-05 0.00019153965328246015 -0.00030586400188992245 -0.00019454830715700603 0.00012682945045987777 -0.00045610854839296026 -7.5423122274351654e-05 0.0078852528050653067 0.00094251819568587055
leaf_weight=69052 1399 40 62 158 1575 682 62 5033 787 2079 170 42 61
leaf_count=69052 1399 40 62 158 1575 682 62 5033 787 2079 170 42 61
internal_value=-7.40141e-05 -0.00153326 0.00529412 -4.14224e-05 0.00113645 0.000494017 0.00772727 -7.93374e-05 -0.0010567 6.31443e-07 -0.00194976 0.00113207 -0.00239726
internal_weight=81202 1774 102 79428 2477 2257 220 76951 5820 71131 1672 212 1460
internal_count=81202 1774 102 79428 2477 2257 220 76951 5820 71131 1672 212 1460
is_linear=0
shrinkage=0.05


Tree=191
num_leaves=15
num_cat=0
split_feature=16 22 19 2 21 13 16 6 17 13 13 19 5 15
split_gain=1.34461 2.81764 8.58536 5.80692 3.57598 3.45139 2.5571 2.55713 2.12846 2.1033 1.96663 1.597 4.10778 1.72215
threshold=766.60000000000014 0.96446072324501853 26.556250000000006 0.77669607539082508 0.99603219407051624 0.25767550752425245 654.60000000000014 -0.9292178835113839 97.500000000000014 0.65192437206686826 0.8274919578580725 26.556250000000006 0.056951373111866731 742.50000000000011
decision_type=2 2 2 2 2 2 2 2 2 2 2 2 2 2
left_child=6 4 5 -4 8 -3 11 9 -2 -8 -9 13 -13 -1
right_child=1 2 3 -5 -6 -7 7 10 -10 -11 -12 12 -14 -15
leaf_value=-1.5815523992492727e-05 5.9318869594833686e-05 0.0016502330119247174 0.00025971014302571277 8.9539020751745507e-05 0.0010759004843607842 1.1284569557019632e-05 0.00043819452647292839 -0.00048962042852118887 -0.00029031863313456845 -2.0169848189051116e-05 -1.103266081583942e-05 -0.00084053045126850643 0.00028760926280186277 0.00053658624594311432
leaf_weight=70647 41 48 203 230 60 2643 203 2477 732 651 983 1448 654 281
leaf_count=70647 41 48 203 230 60 2643 203 2477 732 651 983 1448 654 281
internal_value=-7.38625e-05 0.000825119 0.00151408 0.0080485 -0.0017587 0.000462652 -0.000119855 -0.00130274 -0.00267141 0.00114754 -0.00190752 -4.99807e-05 -0.00140818 -9.72937e-06
internal_weight=81301 3957 3124 433 833 2691 77344 4314 773 854 3460 73030 2102 70928
internal_count=81301 3957 3124 433 833 2691 77344 4314 773 854 3460 73030 2102 70928
is_linear=0
shrinkage=0.05


Tree=192
num_leaves=16
num_cat=0
split_feature=3 9 9 11 12 19 15 20 7 10 2 18 5 22 9
split_gain=1.21954 2.62813 1.69514 7.67704 6.1228 2.29956 2.95028 2.28925 1.95237 1.48939 1.9031 1.46478 1.25099 1.24878 0.327282
threshold=-0.93540483100319605 0.76413887238889033 0.63049395821512932 0.28652592511209668 183.45000000000002 23.268750000000008 230.50000000000003 6.1281250000000007 1.0000000180025095e-35 41.550000000000004 0.18690755086793212 53.687500000000007 0.26866988313759588 0.75074882410531518 0.26655351768663199
decision_type=2 2 2 2 2 2 2 2 2 2 2 2 2 2 2
left_child=1 9 5 4 -4 8 -7 -5 -2 14 -11 12 -3 -13 -1
right_child=2 11 3 7 -6 6 -8 -9 -10 10 -12 13 -14 -15 -16
leaf_value=-0.006953405087766794 -0.0014252279722435182 -0.0018711049446725851 0.0059530696506393229 3.746256077994436e-05 8.6559220683889412e-05 0.0068859692030368604 -0.00021756626107258885 0.0015519217223617253 -1.5346845812091706e-05 0.0010986987085207726 -0.00073314281914344415 -0.0030806079561644523 -0.0011767942323013308 0.0003125922698249059 -0.0028334752114216235
leaf_weight=153 2444 689 111 15980 96 53 2672 75 53060 2345 2209 328 441 550 194
leaf_count=153 2444 689 111 15980 96 53 2672 75 53060 2345 2209 328 441 550 194
internal_value=-0.000101967 -0.000737445 -4.30265e-05 0.000408313 0.00997584 -0.000169075 -0.00158716 0.000284957 -9.94535e-05 -0.000113243 0.000127359 -0.00226096 -0.00345133 -0.000728931 -0.00327089
internal_weight=81400 6909 74491 16262 207 58229 2725 16055 55504 4901 4554 2008 1130 878 347
internal_count=81400 6909 74491 16262 207 58229 2725 16055 55504 4901 4554 2008 1130 878 347
is_linear=0
shrinkage=0.05


Tree=193
num_leaves=15
num_cat=0
split_feature=16 22 19 2 3 16 21 20 18 19 5 17 15 20
split_gain=1.53167 2.8131 8.09543 5.96045 3.00965 2.56699 2.48463 2.17536 5.86902 1.9691 3.82933 1.68119 1.5667 1.43844
threshold=766.60000000000014 0.96446072324501853 26.556250000000006 0.79931681908529861 1.0000000180025095e-35 654.60000000000014 0.99603219407051624 4.8256250000000014 27.062500000000004 26.806250000000002 0.056951373111866731 75.500000000000014 742.50000000000011 2.4831250000000007
decision_type=2 2 2 2 2 2 2 2 2 2 2 2 2 2
left_child=5 6 4 -4 -3 9 13 11 -9 12 -11 -7 -1 -2
right_child=1 2 3 -5 -6 7 -8 8 -10 10 -12 -13 -14 -15
leaf_value=-4.8095436678251718e-05 -0.00047446483127640119 -0.00015541644719239891 0.0002471256028800754 3.2616590351403166e-05 9.7939196389229598e-05 0.00021861613922414711 0.00093682459783542098 0.00085529601586413397 -0.00066547941777266018 -0.00082429585964359931 0.00019942508122989578 -0.00023175459107505812 0.00053740991187599743 -3.0228801990090666e-05
leaf_weight=70897 374 922 248 177 1762 87 62 41 74 1325 615 4169 298 405
leaf_count=70897 374 922 248 177 1762 87 62 41 74 1325 615 4169 298 405
internal_value=-0.000124977 0.000835442 0.00152943 0.00794118 0.000514157 -0.000173923 -0.00173008 -0.00135095 0.00543478 -0.000103577 -0.00167526 -0.00153431 -6.07498e-05 -0.00249679
internal_weight=81456 3950 3109 425 2684 77506 841 4371 115 73135 1940 4256 71195 779
internal_count=81456 3950 3109 425 2684 77506 841 4371 115 73135 1940 4256 71195 779
is_linear=0
shrinkage=0.05


Tree=194
num_leaves=16
num_cat=0
split_feature=2 6 16 21 5 5 13 3 22 0 17 22 2 3 4
split_gain=1.27888 3.40923 4.40171 2.93601 2.80473 6.19794 2.91054 2.58637 4.96613 5.51802 3.03264 1.73756 1.24355 3.67941 1.34932
threshold=0.36174732109570135 0.14888728888808328 310.45000000000005 0.77029506023990613 0.38243310158943505 0.26866988313759588 0.22378443260234238 -0.68322629814330804 0.97778847783029421 277.15177173805552 39.500000000000007 0.94274434759927639 0.36725212901469123 -0.3520614488341251 -0.81241147629689003
decision_type=2 2 2 2 2 2 2 2 2 2 2 2 2 2 2
left_child=1 2 3 -1 5 -3 -6 8 10 -10 -2 -4 13 -9 -14
right_child=7 4 11 -5 6 -7 -8 12 9 -11 -12 -13 14 -15 -16
leaf_value=-0.001437852497647207 0.0037742352652095877 -4.7210924660155583e-05 -0.0010382796848623951 0.00064391675666253256 0.0027009864679969839 -0.0072079323790308208 0.00025871552381905244 0.01030747494236417 -0.00064157098771516026 0.00043623966102292059 0.00017983857856239131 -0.0027631952831383608 1.941682177156337e-05 0.00025915101571801939 -0.00015466998530983634
leaf_weight=5748 42 14773 1440 3020 1142 1130 4382 69 76 265 5574 1369 27806 416 14050
leaf_count=5748 42 14773 1440 3020 1142 1130 4382 69 76 265 5574 1369 27806 416 14050
internal_value=-0.000121277 -0.00036117 -0.00105252 -0.000500685 1.23664e-05 -0.000324783 0.000982982 4.26507e-05 0.00101813 0.00687683 0.000662392 -0.00277501 -9.45904e-05 0.00242268 -0.000123759
internal_weight=81302 33004 11577 8768 21427 15903 5524 48298 5957 341 5616 2809 42341 485 41856
internal_count=81302 33004 11577 8768 21427 15903 5524 48298 5957 341 5616 2809 42341 485 41856
is_linear=0
shrinkage=0.05


Tree=195
num_leaves=16
num_cat=0
split_feature=21 1 19 22 15 12 6 18 21 17 19 5 20 18 5
split_gain=1.1507 2.80425 3.73975 3.5339 3.11669 2.98035 3.77565 3.40531 2.64365 3.63174 3.53059 2.55423 1.97565 3.82073 2.21548
threshold=0.83712162974109916 635.5121871083071 11.856250000000003 0.96856514144734418 672.50000000000011 40.95000000000001 -0.99628250747696534 1.0000000180025095e-35 0.79236463326328332 88.500000000000014 0.46250000000000002 -0.96689237009891416 4.001875000000001 75.937500000000014 0.99274428880883148
decision_type=2 2 2 2 2 2 2 2 2 2 2 2 2 2 2
left_child=8 5 4 -4 -3 7 -7 -2 12 10 -10 -11 14 -14 -1
right_child=1 2 3 -5 -6 6 -8 -9 9 11 -12 -13 13 -15 -16
leaf_value=8.097705069139861e-05 -0.0042058738094296376 0.0011496630165128904 -7.452856194845095e-05 0.00010539663620063623 -0.00014640648643732062 0.00034864196572009532 -0.00029207965738072748 0.00060958715669918496 0.0117582057267953 -0.00149987389557571 0.0049707342930712835 0.00031118537393288261 0.0016935539674092091 -0.00095884560795709249 -0.0030532172844204473
leaf_weight=41971 277 124 4373 2529 49 342 12397 4274 43 229 734 3062 1303 8781 739
leaf_count=41971 277 124 4373 2529 49 342 12397 4274 43 229 734 3062 1303 8781 739
internal_value=-9.52281e-05 -0.000382722 0.000455829 0.000273832 0.00771676 -0.000725854 -0.00111822 0.000372444 2.79612e-05 0.00125614 0.00433076 0.000530233 -6.66754e-05 -0.000696154 8.19468e-05
internal_weight=81227 24365 7075 6902 173 17290 12739 4551 56862 4068 777 3291 52794 10084 42710
internal_count=81227 24365 7075 6902 173 17290 12739 4551 56862 4068 777 3291 52794 10084 42710
is_linear=0
shrinkage=0.05


Tree=196
num_leaves=14
num_cat=0
split_feature=2 15 19 15 22 17 12 17 20 20 13 13 19
split_gain=1.4877 5.69162 2.57709 2.42185 2.31285 5.76291 2.24008 1.479 1.39846 1.67823 0.552648 0.287793 0.238226
threshold=0.51161836622161483 38.500000000000007 26.556250000000006 449.50000000000006 0.14729741543744454 65.500000000000014 235.65000000000003 155.50000000000003 2.0068750000000004 2.8906250000000009 0.39939323236076413 0.87037615127808998 4.8312500000000016
decision_type=2 2 2 2 2 2 2 2 2 2 2 2 2
left_child=2 6 3 7 11 -6 -2 -1 10 -10 -4 -3 -5
right_child=1 4 8 12 5 -7 -8 -9 9 -11 -12 -13 -14
leaf_value=-9.6641129292490178e-05 0.0019675065031202962 -0.0041465700199993455 0.0002167868114080884 -0.00049489417090832542 0.0055639346721798816 1.3783812343902552e-05 0.0078132637252940618 -0.00072460670840090113 0.00027935447108856556 -0.00089800384898798048 -0.0011817247465962582 -0.00076019259909336143 -0.0012274117347622062
leaf_weight=44019 64 306 54 50 209 32195 59 2969 249 150 570 40 334
leaf_count=44019 64 306 54 50 209 32195 59 2969 249 150 570 40 334
internal_value=-0.000141385 0.000118181 -0.000317699 -0.000264081 7.78614e-05 0.00012128 0.0108537 -0.000231762 -0.00280059 -0.000488723 -0.00427885 -0.00398844 -0.00421875
internal_weight=81268 32873 48395 47372 32750 32404 123 46988 1023 399 624 346 384
internal_count=81268 32873 48395 47372 32750 32404 123 46988 1023 399 624 346 384
is_linear=0
shrinkage=0.05


Tree=197
num_leaves=16
num_cat=0
split_feature=7 11 16 11 7 3 3 9 11 11 5 9 15 12 16
split_gain=1.28255 4.5629 3.27963 2.89995 2.54603 1.41194 2.32591 3.54705 1.6995 1.64143 1.8256 1.56662 1.18481 1.16824 1.06079
threshold=0.87500000000000011 0.53211130329917833 276.05000000000007 0.8618910401103127 1.0000000180025095e-35 -0.77259657388510605 -0.68322629814330804 0.84332350810868439 0.89948330757062955 0.78085549075865501 -0.99866806308218525 0.94480235671861179 150.50000000000003 31.950000000000006 18.350000000000005
decision_type=2 2 2 2 2 2 2 2 2 2 2 2 2 2 2
left_child=1 4 3 -3 14 9 7 -7 -8 10 -2 -11 -6 -4 -1
right_child=5 2 13 -5 12 6 8 -9 -10 11 -12 -13 -14 -15 -16
leaf_value=-0.0013958590128889485 0.013511975592538694 0.0011788696132073557 0.0028427777546241374 0.0038140760889256923 -0.00035969332546811374 0.0003342459073010489 2.1826739744050016e-05 0.00032580775685614612 -0.00022620255184366977 -0.00070965670325437826 -0.00013352309382000521 0.00051139115014442297 -0.00099156192157544287 -8.7448879380625535e-05 -0.0036513665915744462
leaf_weight=804 75 1697 99 259 4048 3198 49630 351 1762 3436 7551 203 2729 3912 1382
leaf_count=804 75 1697 99 259 4048 3198 49630 351 1762 3436 7551 203 2729 3912 1382
internal_value=-9.71221e-05 -0.000515741 0.000555554 0.00223415 -0.00122894 -2.71998e-06 0.000101835 0.00133981 1.63438e-05 -0.000512651 -9.57263e-05 -0.00138637 -0.000750333 -0.000263028 -0.00271272
internal_weight=81136 14930 5967 1956 8963 66206 54941 3549 51392 11265 7626 3639 6777 4011 2186
internal_count=81136 14930 5967 1956 8963 66206 54941 3549 51392 11265 7626 3639 6777 4011 2186
is_linear=0
shrinkage=0.05


Tree=198
num_leaves=15
num_cat=0
split_feature=6 5 5 18 2 19 22 16 20 6 10 5 15 22
split_gain=1.18876 4.96388 3.62355 4.99842 2.39698 1.79829 2.44266 2.84173 2.69835 2.33817 4.29656 1.73097 1.68632 1.65301
threshold=0.92519182738459482 0.26866988313759588 0.24372619187392155 40.187500000000007 0.30396853431644377 8.2687500000000025 0.17842796183671719 1.0000000180025095e-35 0.57937500000000008 0.91511078773075516 12.750000000000002 0.3504237462291826 520.50000000000011 0.56359132608277374
decision_type=2 2 2 2 2 2 2 2 2 2 2 2 2 2
left_child=5 2 4 -4 -2 9 7 -7 -8 12 -11 -3 -1 -13
right_child=1 11 3 -5 -6 6 8 -9 -10 10 -12 13 -14 -15
leaf_value=0.00022382922858789806 -6.6243621017272745e-05 -0.0098414391412043334 0.004247174133409342 -0.0093225568480362238 -0.0035294732497437526 -0.0041556083812168132 -0.00052739813940685053 8.5742065681519732e-05 -2.3903207565643917e-06 0.0079417078923566687 0.00010025959665469056 -0.0018237592108300725 0.00097003245097275481 0.014267276878434036
leaf_weight=14262 5263 803 104 54 302 1282 2846 1075 54536 106 181 271 163 52
leaf_count=14262 5263 803 104 54 302 1282 2846 1075 54536 106 181 271 163 52
internal_value=-9.16371e-05 -0.000722004 -0.000124936 0.00734177 -0.000336928 -3.36475e-05 -0.000155595 -0.00173314 -9.07962e-05 0.000461527 0.00493031 -0.00375666 0.000372616 -0.000665636
internal_weight=81300 6849 5723 158 5565 74451 59739 2357 57382 14712 287 1126 14425 323
internal_count=81300 6849 5723 158 5565 74451 59739 2357 57382 14712 287 1126 14425 323
is_linear=0
shrinkage=0.05


Tree=199
num_leaves=16
num_cat=0
split_feature=7 10 8 10 10 4 22 11 16 6 20 19 6 10 6
split_gain=1.24463 1.92436 3.92497 4.80693 3.60478 1.4249 2.62732 2.97558 1.50105 1.72993 1.44669 1.41067 1.84703 1.64543 0.899402
threshold=3.6250000000000004 115.65000000000002 1.0000000180025095e-35 10.350000000000001 34.350000000000009 -0.81241147629689003 0.99469066677254137 0.59346595057490825 480.15000000000003 -0.97874870457683594 1.0956250000000003 12.281250000000002 -0.39827153806311183 130.95000000000002 0.93769647993491489
decision_type=2 2 2 2 2 2 2 2 2 2 2 2 2 2 2
left_child=1 2 3 -1 -4 6 10 -8 14 -10 -2 12 -3 -13 -7
right_child=5 11 4 -5 -6 8 7 -9 9 -11 -12 13 -14 -15 -16
leaf_value=0.00019674325079338604 0.00096663752017225933 0.002217188806941535 -0.0021878628405378546 0.00827957172809894 -0.00026813081998704088 0.00013810362737956561 0.00053764651746825729 -1.4448329625475952e-05 0.00017943303904795928 -0.00038562326592281749 1.9813185411131477e-05 0.00054772782117447967 0.00035213337598411182 -4.0140253641377817e-05 -0.0015646087368466389
leaf_weight=9129 3012 110 6078 112 13298 9855 648 421 308 2034 10267 1003 4497 19664 730
leaf_count=9129 3012 110 6078 112 13298 9855 648 421 308 2034 10267 1003 4497 19664 730
internal_value=-9.83182e-05 -0.00023761 -0.000518399 0.000329509 -0.000922792 0.000176901 0.000519932 0.00290458 -0.000203838 -0.00134928 0.00032796 8.03185e-05 0.000871499 -9.6048e-05 4.95973e-05
internal_weight=81166 53891 28617 9241 19376 27275 14348 1069 12927 2342 13279 25274 4607 20667 10585
internal_count=81166 53891 28617 9241 19376 27275 14348 1069 12927 2342 13279 25274 4607 20667 10585
is_linear=0
shrinkage=0.05


Tree=200
num_leaves=15
num_cat=0
split_feature=6 5 5 18 2 6 22 11 18 5 20 9 20 20
split_gain=1.39546 5.22911 2.26007 3.63522 2.16181 1.99982 5.21096 2.24273 2.08521 1.30758 1.32897 1.30712 1.19823 1.77636e-15
threshold=0.92519182738459482 0.26866988313759588 0.24372619187392155 40.187500000000007 0.30396853431644377 0.90070004940655357 0.99469066677254137 1.1374882056746016 94.687500000000014 0.3504237462291826 0.83312500000000012 0.98332327887613213 1.3231250000000003 0.46812500000000007
decision_type=2 2 2 2 2 2 2 2 2 2 2 2 2 2
left_child=5 2 4 -4 -2 7 8 11 -7 13 -11 -1 -9 -3
right_child=1 9 3 -5 -6 6 -8 12 -10 10 -12 -13 -14 -15
leaf_value=-2.1851877147807294e-05 -0.00014359499107808877 -0.0080090632630860515 0.0039297354174130392 -0.0074327423473512406 -0.0034256637966275298 -0.00095016319726454093 0.010624077108870604 0.0059909902417658659 0.0032040724274468263 0.0091328846388379192 -0.0024490690170511373 -0.00081252911936715829 0.0013842356068919765 -0.010041516043048001
leaf_weight=73148 5213 467 106 53 298 494 54 43 532 41 275 209 64 335
leaf_count=73148 5213 467 106 53 298 494 54 43 532 41 275 209 64 335
internal_value=-0.000115085 -0.000801415 -0.000185186 0.00569182 -0.000354746 -5.25876e-05 0.00208333 -8.39879e-05 0.00128655 -0.00392666 -0.00120253 -9.45389e-05 0.00714953 -0.005
internal_weight=81332 6788 5670 159 5511 74544 1080 73464 1026 1118 316 73357 107 802
internal_count=81332 6788 5670 159 5511 74544 1080 73464 1026 1118 316 73357 107 802
is_linear=0
shrinkage=0.05


Tree=201
num_leaves=16
num_cat=0
split_feature=6 5 13 21 3 6 6 13 4 6 20 19 5 20 0
split_gain=1.43799 4.65358 2.66898 2.75016 1.87413 1.85027 4.39033 4.0177 3.2081 2.48627 3.4851 2.03096 1.73478 2.07302 8.88178e-16
threshold=0.92519182738459482 0.26866988313759588 0.07223230506449535 0.81087204432723647 0.58216583101416142 0.7487283477006671 0.76002003530985496 0.60757757968179427 -0.93540483100319616 0.70138038092733435 1.0206250000000001 -1.54375 0.3504237462291826 0.7768750000000002 192.64829354232478
decision_type=2 2 2 2 2 2 2 2 2 2 2 2 2 2 2
left_child=5 2 3 -2 -4 9 7 -7 -8 11 -11 -1 14 -14 -3
right_child=1 12 4 -5 -6 6 8 -9 -10 10 -12 -13 13 -15 -16
leaf_value=0.0028018132684340651 0.0052408932019580067 -0.0092100415671548894 4.9762090841073205e-05 0.011115137681209551 -0.0015125070515111408 0.0030515520889694832 -0.00069850695286438743 0.005459173967914766 0.001556253961197158 0.0022697135590672925 -0.0037212754094461536 -2.0951390490098176e-05 0.010350428001781133 -0.0018395931713325259 -0.0082204075237046516
leaf_weight=50 160 477 4126 48 1317 289 2076 40 3898 401 1214 66435 40 282 321
leaf_count=50 160 477 4126 48 1317 289 2076 40 3898 401 1214 66435 40 282 321
internal_value=-0.000108041 -0.000805643 -0.000222086 0.00533654 -0.000434504 -4.45558e-05 0.000775027 0.00639818 0.000465349 -0.000120412 -0.00205882 -7.3326e-05 -0.00375 -0.000652175 -0.005
internal_weight=81174 6771 5651 208 5443 74403 6303 329 5974 68100 1615 66485 1120 322 798
internal_count=81174 6771 5651 208 5443 74403 6303 329 5974 68100 1615 66485 1120 322 798
is_linear=0
shrinkage=0.05


Tree=202
num_leaves=13
num_cat=0
split_feature=16 20 16 19 2 3 17 2 0 2 16 18
split_gain=1.49295 3.35351 3.02068 2.50879 5.15334 3.09144 1.94239 3.58803 2.02524 1.59019 2.93008 2.11585
threshold=766.60000000000014 0.39687500000000003 654.60000000000014 26.131250000000005 0.80764737924450947 -0.097964660725097089 87.500000000000014 0.40474074927040438 447.3654653627716 0.36174732109570135 307.45000000000005 67.687500000000014
decision_type=2 2 2 2 2 2 2 2 2 2 2 2
left_child=2 -2 9 5 -5 -3 7 -4 -8 10 -1 -11
right_child=1 3 6 4 -6 -7 8 -9 -10 11 -12 -13
leaf_value=-6.3811671269071879e-05 0.00015274843246359542 -0.00024608205162452568 -0.00082219977830782034 0.000169104838432163 -4.8933268457808616e-05 7.9726984884785599e-05 -0.00068899857028934973 0.00029656486540696872 -0.00011204665993257363 0.00023569521914487224 -0.00072584033395666327 -1.4947812479640513e-05
leaf_weight=27515 43 806 170 528 451 2100 1359 256 2561 9388 5509 30583
leaf_count=27515 43 806 170 528 451 2100 1359 256 2561 9388 5509 30583
internal_value=-7.00771e-05 0.000880854 -0.000118373 0.000727155 0.00291624 -1.03247e-05 -0.00139899 0.00180751 -0.00174745 -4.21274e-05 -0.000298875 0.000169997
internal_weight=81269 3928 77341 3885 979 2906 4346 426 3920 72995 33024 39971
internal_count=81269 3928 77341 3885 979 2906 4346 426 3920 72995 33024 39971
is_linear=0
shrinkage=0.05


Tree=203
num_leaves=16
num_cat=0
split_feature=6 5 13 18 5 20 2 3 5 22 20 19 20 17 0
split_gain=1.23538 4.65264 2.63716 2.62629 1.90412 1.83927 1.56977 1.83462 1.76102 1.75193 1.56228 1.44523 1.37364 1.01842 8.88178e-16
threshold=0.92519182738459482 0.26866988313759588 0.07223230506449535 69.187500000000014 0.3504237462291826 0.81562500000000016 0.086452799198872624 -0.81241147629688981 -0.65234524191686594 0.92361823781732266 6.564375000000001 6.2312500000000011 1.9231250000000004 28.500000000000004 60.345138296030747
decision_type=2 2 2 2 2 2 2 2 2 2 2 2 2 2 2
left_child=6 2 3 -2 14 -6 11 9 -9 -8 -4 12 -1 -13 -3
right_child=1 4 10 -5 5 -7 7 8 -10 -11 -12 13 -14 -15 -16
leaf_value=0.0041996945132766533 0.0099521473043292855 -0.015306796426811001 -0.00043039371338669742 -0.00052111172593463922 0.0095215436036121242 -0.0017411547253052247 -0.00015348057359390837 -0.00014106584072031379 6.2013623990857768e-05 -0.00086505378502527554 0.0078956804942328113 -0.00013234284869352271 -0.0018750617773123431 0.0019345074792288979 -0.008123461134317533
leaf_weight=487 123 136 5426 84 42 291 7779 21041 40264 2951 83 1214 140 533 658
leaf_count=487 123 136 5426 84 42 291 7779 21041 40264 2951 83 1214 140 533 658
internal_value=-8.99682e-05 -0.000732867 -0.000153955 0.00538647 -0.00366903 -0.000495497 -3.08442e-05 -7.25354e-05 3.30304e-05 -0.000675677 -0.000362136 0.0012342 0.00329346 0.000495133 -0.005
internal_weight=81252 6843 5716 207 1127 333 74409 72035 61305 10730 5509 2374 627 1747 794
internal_count=81252 6843 5716 207 1127 333 74409 72035 61305 10730 5509 2374 627 1747 794
is_linear=0
shrinkage=0.05


Tree=204
num_leaves=15
num_cat=0
split_feature=5 5 21 13 15 19 19 2 15 17 3 18 21 22
split_gain=1.25199 2.51237 5.69932 2.93806 1.41956 2.65358 3.89673 1.56307 1.73808 1.25863 1.20614 2.13692 1.63637 0.735662
threshold=0.91248814248966237 0.9053161325100999 0.37875588280343236 0.84782543963428181 563.50000000000011 16.681250000000006 15.081250000000002 0.70914651592634514 494.50000000000006 269.50000000000006 -0.9103761370219875 10.937500000000002 0.99603219407051624 1.0271798652121988
decision_type=2 2 2 2 2 2 2 2 2 2 2 2 2 2
left_child=1 10 -3 -4 7 6 -6 8 -2 -9 11 -1 -12 -7
right_child=4 2 3 -5 5 13 -8 9 -10 -11 12 -13 -14 -15
leaf_value=-0.001667642911466601 -0.00024075035876143969 0.0029858381449834027 7.2728007721984021e-05 0.0029123516709334087 7.1706322980247196e-05 -0.00053463351464422618 0.0011629551564488955 -0.0044679783030776238 -0.00063221248322710563 -0.00046169021830945656 -2.1285571379768312e-05 -0.00037709934622113422 0.00011733812315651109 9.9248683665352827e-06
leaf_weight=625 7994 45 370 41 862 300 180 536 839 312 58792 6168 4047 121
leaf_count=625 7994 45 370 41 862 300 180 536 839 312 58792 6168 4047 121
internal_value=-0.000115227 -3.69547e-05 0.00366228 0.00181265 -0.000607503 0.000844155 0.0021977 -0.000826879 -0.000630025 -0.00287736 -6.118e-05 -0.000694098 7.23953e-06 -0.00250594
internal_weight=81232 70088 456 411 11144 1463 1042 9681 8833 848 69632 6793 62839 421
internal_count=81232 70088 456 411 11144 1463 1042 9681 8833 848 69632 6793 62839 421
is_linear=0
shrinkage=0.05


Tree=205
num_leaves=15
num_cat=0
split_feature=1 2 15 12 15 22 4 1 11 21 9 12 16 19
split_gain=1.31404 1.51231 4.59546 2.6693 2.60286 2.02412 1.51473 1.05608 1.4177 1.00734 0.953119 1.52274 0.968855 0.406032
threshold=30.756404504554286 0.51161836622161483 38.500000000000007 235.65000000000003 449.50000000000006 0.14729741543744454 -0.95642797789208689 27.787469958067373 0.57741968233549035 0.66377001992466533 0.58625810470588202 11.250000000000002 32.70000000000001 4.8312500000000016
decision_type=2 2 2 2 2 2 2 2 2 2 2 2 2 2
left_child=7 4 3 -3 6 -4 -2 10 9 -9 11 -1 -12 -6
right_child=1 2 5 -5 13 -7 -8 8 -10 -11 12 -13 -14 -15
leaf_value=0.00014925668964341571 -0.00067950186632837828 0.00083249526819658456 -0.0034081169185740893 0.0069575336582081001 -0.00016207208077126389 3.0273255090876454e-05 -7.3885916168771342e-05 0.010949062631384969 0.0061457841487087298 -0.0034699619140980162 0.00098479367214541948 0.0038902670599318596 -0.0016833261543556647 -0.00095509145911316484
leaf_weight=1308 7020 67 345 54 49 32467 38089 145 75 117 213 674 381 378
leaf_count=1308 7020 67 345 54 49 32467 38089 145 75 117 213 674 381 378
internal_value=-6.95497e-05 -0.000108261 0.000149849 0.00987603 -0.000294933 0.000113981 -0.000258154 0.000973222 0.00360534 0.00187023 0.000628881 0.0011554 -0.00112795 -0.00418033
internal_weight=81382 78469 32933 121 45536 32812 45109 2913 337 262 2576 1982 594 427
internal_count=81382 78469 32933 121 45536 32812 45109 2913 337 262 2576 1982 594 427
is_linear=0
shrinkage=0.05


Tree=206
num_leaves=16
num_cat=0
split_feature=7 11 16 5 20 18 19 6 6 5 6 4 11 10 11
split_gain=1.2156 5.69911 4.67683 2.48779 1.43123 2.71872 2.4658 1.77824 1.65658 5.02851 2.38362 1.24938 1.3962 1.25312 1.17307
threshold=0.37500000000000006 0.52900256586437266 113.45000000000002 -0.30983472475487867 4.0256250000000007 75.937500000000014 17.343750000000004 0.91852788691372023 0.92519182738459482 0.26866988313759588 0.7487283477006671 0.032701564615071219 0.23512483159381967 8.8500000000000014 0.71297363818706172
decision_type=2 2 2 2 2 2 2 2 2 2 2 2 2 2 2
left_child=1 11 3 -3 8 6 -6 -7 10 -10 -2 12 -1 -13 -4
right_child=4 2 14 -5 5 7 -8 -9 9 -11 -12 13 -14 -15 -16
leaf_value=-0.0049941542064061073 9.4728420072251013e-06 0.0014202634119535613 -0.00088835036164760888 0.0047885929072655114 0.00069297587200891015 -0.0010266797400336882 -0.0001635391245392119 0.0015057115880626633 -0.00012140108074234773 -0.0069207234444691543 0.0012505431082309392 -0.0036192989348112891 -0.0011890130002403562 0.0031855025689675287 0.00014288914553365671
leaf_weight=1457 52764 301 991 260 1940 7499 1282 887 4522 803 4199 198 2597 163 1500
leaf_count=1457 52764 301 991 260 1940 7499 1282 887 4522 803 4199 198 2597 163 1500
internal_value=-0.000106499 -0.000714478 0.000946919 0.0050713 -4.50645e-05 -0.000554791 0.000679701 -0.0010291 4.99282e-05 -0.000793428 0.000128767 -0.00186297 -0.00211396 0.000955677 1.80638e-05
internal_weight=81363 7467 3052 561 73896 11608 3222 8386 62288 5325 56963 4415 4054 361 2491
internal_count=81363 7467 3052 561 73896 11608 3222 8386 62288 5325 56963 4415 4054 361 2491
is_linear=0
shrinkage=0.05


Tree=207
num_leaves=16
num_cat=0
split_feature=6 19 5 3 5 5 21 5 6 15 5 6 21 6 22
split_gain=1.58212 2.30001 3.7272 6.48605 3.64774 2.70915 6.96023 3.24515 2.14686 3.45571 2.99942 1.72177 3.22007 2.90904 1.08983
threshold=-0.64580103137750788 17.768750000000008 -0.065535378769913874 0.72947329433276253 0.36648264796514479 0.67167992559793654 0.5990034477310654 0.36648264796514479 -0.56369940867848845 604.50000000000011 -0.78326540922535159 -0.40613878790836594 0.33570038468827329 -0.10837475778693638 0.93223833136274059
decision_type=2 2 2 2 2 2 2 2 2 2 2 2 2 2 2
left_child=1 2 3 -1 -4 7 -7 -3 9 14 -11 12 -10 -13 -2
right_child=8 5 4 -5 -6 6 -8 -9 11 10 -12 13 -14 -15 -16
leaf_value=0.0050505203766196402 -0.0015355695060503068 2.7407485367755016e-06 -0.0010407786259197841 0.00057213133668484279 0.0007699605288915525 0.01063333460168236 0.00019139043744105676 -0.00095764456425265058 0.0022507797342774449 0.00050145103710077317 -0.00013798550158570101 -0.00058137413033129139 2.9714190401903629e-05 -3.9167610008069881e-05 -0.0011966440956659745
leaf_weight=578 1180 15393 1981 1243 4552 88 704 2010 787 321 683 8285 4264 38207 780
leaf_count=578 1180 15393 1981 1243 4552 88 704 2010 787 321 683 8285 4264 38207 780
internal_value=-9.59842e-05 0.000220534 0.000907349 0.00290774 0.000349762 -9.48075e-05 0.00276515 -0.000224962 -0.000250153 -0.00155871 0.000826692 -0.000174904 0.00070184 -0.000270155 -0.00278061
internal_weight=81056 26549 8354 1821 6533 18195 792 17403 54507 2964 1004 51543 5051 46492 1960
internal_count=81056 26549 8354 1821 6533 18195 792 17403 54507 2964 1004 51543 5051 46492 1960
is_linear=0
shrinkage=0.05


Tree=208
num_leaves=13
num_cat=0
split_feature=19 9 11 9 7 19 11 12 4 18 15 6
split_gain=1.05615 1.05197 5.06404 2.94246 2.55867 1.92956 1.87458 1.44772 0.965354 0.989315 1.65225 0.497776
threshold=31.243750000000002 0.52596492835607933 0.29286754035454365 0.54317198169887881 0.62500000000000011 25.056250000000006 0.66262632190575543 35.550000000000004 -0.99465189230620676 1.9375000000000002 682.50000000000011 -0.99938741687870725
decision_type=2 2 2 2 2 2 2 2 2 2 2 2
left_child=1 4 3 -3 6 -6 -1 -4 -2 10 -10 -11
right_child=8 2 7 -5 5 -7 -8 -9 9 11 -12 -13
leaf_value=-0.0016503200109849185 9.7416919104116928e-05 0.007176042271169295 0.00086499576174142137 0.0021690645858787314 -2.5065235772023346e-05 -0.00052595107920338938 0.0019765557886378066 -1.128858455093324e-05 0.00013782971895183219 -8.2926087117440037e-05 -3.9159117433072614e-05 -0.00052463854904753347
leaf_weight=5824 60 87 3160 683 43448 511 344 26452 46 131 50 494
leaf_count=5824 60 87 3160 683 43448 511 344 26452 46 131 50 494
internal_value=-9.71841e-05 -7.94333e-05 0.000152721 0.00415584 -0.000220142 -8.63316e-05 -0.0011738 4.86277e-05 -0.00192702 -0.00243412 0.00229167 -0.00316
internal_weight=81290 80509 30382 770 50127 43959 6168 29612 781 721 96 625
internal_count=81290 80509 30382 770 50127 43959 6168 29612 781 721 96 625
is_linear=0
shrinkage=0.05


Tree=209
num_leaves=16
num_cat=0
split_feature=16 16 22 13 8 11 13 16 16 19 22 21 13 19 5
split_gain=1.19431 3.12506 4.00927 4.03476 2.06494 7.03821 4.54466 2.02361 4.50082 4.88066 2.45565 1.76114 2.996 1.61183 0.235011
threshold=195.95000000000002 189.65000000000001 0.54843259826653223 0.73121408015120981 1.0000000180025095e-35 0.16798592453603753 0.27118812541680032 226.65000000000001 238.65000000000001 13.293750000000003 0.56690128432086129 0.53237257997050158 0.37618827331237742 14.256250000000003 0.41398981800788198
decision_type=2 2 2 2 2 2 2 2 2 2 2 2 2 2 2
left_child=1 4 14 -4 6 -6 -1 11 9 -9 -10 12 -2 -13 -3
right_child=7 2 3 -5 5 -7 -8 8 10 -11 -12 13 -14 -15 -16
leaf_value=-0.00080226638764361127 0.0033187239724888767 -0.011323446551372051 0.0026872160842218488 0.0084138494271316071 -0.0025579882040149132 0.00021188475903118214 0.0012850294180264501 -0.00051323506221679195 -0.0034747516213644116 0.0036076871772356568 -2.8325954546331159e-05 -0.0006828194934112913 -0.0058226054866869163 -0.001730802772691047 -0.0002117866162615474
leaf_weight=4062 117 82 323 72 5624 22835 7601 431 941 677 35888 1259 122 1211 61
leaf_count=4062 117 82 323 72 5624 22835 7601 431 941 677 35888 1259 122 1211 61
internal_value=-5.51017e-05 0.000136497 0.00392193 0.00651899 8.57373e-05 -0.000143892 0.000646059 -0.000246766 -0.000152491 0.00298736 -0.000246953 -0.001567 0.00253138 -0.00196356 -0.00325175
internal_weight=81306 40660 538 395 40122 28459 11663 40646 37937 1108 36829 2709 239 2470 143
internal_count=81306 40660 538 395 40122 28459 11663 40646 37937 1108 36829 2709 239 2470 143
is_linear=0
shrinkage=0.05


Tree=210
num_leaves=16
num_cat=0
split_feature=20 22 21 2 5 16 11 13 19 18 19 6 6 7 1
split_gain=1.16471 4.28225 4.08948 8.45648 5.08225 4.49128 3.17843 3.0484 2.69069 3.3828 2.69481 2.66197 2.6553 1.90121 1.06944
threshold=1.5256250000000005 0.17842796183671719 0.26090223171635446 0.50371808373035509 -0.29343379936893921 7.9500000000000011 0.20706569879850267 0.50732677589719077 2.6687500000000006 86.187500000000014 10.856250000000003 0.99249573635719013 0.41985448298472511 1.8750000000000002 20.754677742411179
decision_type=2 2 2 2 2 2 2 2 2 2 2 2 2 2 2
left_child=2 6 3 11 12 -5 14 -6 9 -3 -10 -1 -4 -8 -2
right_child=1 8 4 5 7 -7 13 -9 10 -11 -12 -13 -14 -15 -16
leaf_value=-0.00020977169978583495 0.0039968315284979825 0.00014689814074124344 -0.00056282317231716623 0.0015288626542282781 -0.0005099964709225467 0.0078162922225042605 0.0039506966581964219 0.00019179918162276586 0.00051955343642979537 -0.005089992761875415 9.6809543748284152e-06 0.0020342728320540309 -0.0029991329089968143 -0.00081175932126925003 -0.0030502930022278836
leaf_weight=7850 88 694 6020 358 4667 110 216 5168 11484 785 38503 1176 2019 380 1755
leaf_count=7850 88 694 6020 358 4667 110 216 5168 11484 785 38503 1176 2019 380 1755
internal_value=-5.37091e-05 8.11601e-05 -0.000319352 0.000519274 -0.000764799 0.00707265 -0.00196597 -2.54313e-06 0.000178175 -0.0019236 0.000240361 0.00017948 -0.00169735 0.00120805 -0.0029924
internal_weight=81273 53905 27368 9494 17874 468 2439 9835 51466 1479 49987 9026 8039 596 1843
internal_count=81273 53905 27368 9494 17874 468 2439 9835 51466 1479 49987 9026 8039 596 1843
is_linear=0
shrinkage=0.05


Tree=211
num_leaves=15
num_cat=0
split_feature=6 5 13 18 5 2 12 22 21 18 22 16 4 9
split_gain=1.49258 4.45362 2.23597 2.23115 1.80779 1.76043 1.64137 1.2931 2.49358 3.0303 1.49048 1.30398 0.961487 0.0231495
threshold=0.92519182738459482 0.26866988313759588 0.07223230506449535 81.937500000000014 0.3504237462291826 0.30396853431644377 31.950000000000006 1.3520815728244231 1.1192229567126728 1.0000000180025095e-35 1.0953539084248738 134.75000000000003 -0.19509032201612828 0.31202581616497782
decision_type=2 2 2 2 2 2 2 2 2 2 2 2 2 2
left_child=7 2 3 -2 13 -4 -6 8 10 -10 -1 12 -9 -3
right_child=1 4 5 -5 6 -7 -8 11 9 -11 -12 -13 -14 -15
leaf_value=-7.296482091611805e-06 0.008071895842638831 -0.0077748114798185976 -0.00018125839589477934 -0.0043789390428172906 0.0021087451499181677 -0.0030624060554430704 -0.0049549955474098703 -0.0065986302120411913 -0.0029952065910928559 0.0019717574722002465 -0.0012181801003118247 -0.0026630705294778752 0.0020706426622432265 -0.0026278386458389539
leaf_weight=72007 163 765 5122 45 185 333 138 84 123 947 916 261 123 41
leaf_count=72007 163 765 5122 45 185 333 138 84 123 947 916 261 123 41
internal_value=-9.43362e-05 -0.000803888 -0.00023221 0.00485577 -0.00367139 -0.000426216 -0.000510837 -2.9614e-05 -1.3043e-05 0.00238318 -4.82027e-05 -0.00264957 0.000314008 -0.00493797
internal_weight=81253 6792 5663 208 1129 5455 323 74461 73993 1070 72923 468 207 806
internal_count=81253 6792 5663 208 1129 5455 323 74461 73993 1070 72923 468 207 806
is_linear=0
shrinkage=0.05


Tree=212
num_leaves=15
num_cat=0
split_feature=6 5 2 5 6 22 22 5 20 3 3 19 5 16
split_gain=1.61823 4.73082 1.77486 2.98669 1.49328 4.04814 1.74788 1.41196 1.74884 1.33714 1.3501 0.61175 0.227192 0.0231449
threshold=0.92519182738459482 0.26866988313759588 0.30396853431644377 0.19337368024598436 0.90070004940655357 0.99469066677254137 0.25465851305898707 0.3504237462291826 0.81562500000000016 0.99892946161930185 -0.93540483100319605 8.3812500000000032 0.24372619187392155 486.75000000000006
decision_type=2 2 2 2 2 2 2 2 2 2 2 2 2 2
left_child=4 2 3 -2 9 6 -6 13 -9 10 -1 -11 -4 -3
right_child=1 7 12 -5 5 -7 -8 8 -10 11 -12 -13 -14 -15
leaf_value=-0.0006027534508239895 -0.00035456864924067775 -0.0081379232433828556 -0.0030388378285140546 0.0019267180104279866 -0.0020247273223236574 0.0084865417622288809 0.0021996097421505809 0.0090455081132520196 -0.0013655204415313222 0.0014764618387688262 2.9392554420041398e-06 -0.0018489890343835391 -0.00045259142264343633 -0.0020452734530600441
leaf_weight=6929 4883 762 290 445 392 55 652 40 289 128 65700 566 44 41
leaf_count=6929 4883 762 290 445 392 55 652 40 289 128 65700 566 44 41
internal_value=-0.000117958 -0.000856639 -0.000266691 -4.50462e-05 -5.05239e-05 0.00177889 0.00108237 -0.00380742 -0.00104863 -7.7944e-05 -5.70721e-05 -0.00226225 -0.0038024 -0.00493773
internal_weight=81216 6794 5662 5328 74422 1099 1044 1132 329 73323 72629 694 334 803
internal_count=81216 6794 5662 5328 74422 1099 1044 1132 329 73323 72629 694 334 803
is_linear=0
shrinkage=0.05


Tree=213
num_leaves=16
num_cat=0
split_feature=6 5 5 22 21 19 19 20 5 16 6 18 6 0 5
split_gain=1.27876 4.88838 1.79825 4.48199 2.84705 1.69529 1.61827 2.88224 3.74463 2.19725 1.70085 3.52115 1.78326 1.04233 0.355795
threshold=0.92519182738459482 0.26866988313759588 0.19337368024598436 1.0953539084248738 0.83712162974109916 5.1312500000000005 8.2687500000000025 0.51562500000000011 -0.37447345805034543 1.0000000180025095e-35 0.91511078773075516 96.187500000000014 0.52583933546504591 143.01866722130671 0.3504237462291826
decision_type=2 2 2 2 2 2 2 2 2 2 2 2 2 2 2
left_child=6 2 4 -4 -2 14 10 8 -8 -9 12 -12 -1 -7 -3
right_child=1 5 3 -5 -6 13 7 9 -10 -11 11 -13 -14 -15 -16
leaf_value=0.00079648427074177879 -2.6746792457521558e-05 -0.0066470770666560352 0.00040584292189093973 0.0020619498161203397 -0.0026091663532807974 -0.0080406954638692109 -0.0019073902812259029 -0.0016204321441096127 8.2387173540056683e-05 1.0574220435900299e-05 -0.0013784508965207936 0.0058699338061856503 -2.3124747162956289e-05 0.0016772018486943805 -0.0023717076822374738
leaf_weight=5658 4543 793 533 86 484 44 1355 3415 929 54014 102 176 8849 97 177
leaf_count=5658 4543 793 533 86 484 44 1355 3415 929 54014 102 176 8849 97 177
internal_value=-4.95366e-05 -0.000708156 -0.000111585 0.00243134 -0.000424708 -0.00373988 1.02004e-05 -0.000105757 -0.00184764 -3.6481e-05 0.000478524 0.00435252 0.000404286 0.00138298 -0.00448454
internal_weight=81255 6757 5646 619 5027 1111 74498 59713 2284 57429 14785 278 14507 141 970
internal_count=81255 6757 5646 619 5027 1111 74498 59713 2284 57429 14785 278 14507 141 970
is_linear=0
shrinkage=0.05


Tree=214
num_leaves=15
num_cat=0
split_feature=6 5 3 19 17 3 16 19 22 20 11 19 16 3
split_gain=1.23126 5.40363 18.17 3.09994 1.9243 2.83092 2.64019 1.77858 2.42877 4.18236 2.28069 2.28051 3.29223 2.29793
threshold=-0.75013812021657655 0.64579916509010216 -0.84874750804349153 13.031250000000002 236.50000000000003 -0.93540483100319605 14.050000000000002 19.918750000000006 0.96698013714576991 0.53562500000000013 0.93910193871088665 17.868750000000002 195.95000000000002 -0.81241147629688981
decision_type=2 2 2 2 2 2 2 2 2 2 2 2 2 2
left_child=1 4 -3 -4 5 -1 -6 11 10 -10 -9 13 -13 -2
right_child=7 2 3 -5 6 -7 -8 8 9 -11 -12 12 -14 -15
leaf_value=-0.00062008524152646553 -0.0014485247437550899 0.0067115724038319573 0.00690265400938689 -0.0047634491768225665 0.0059013201102878455 0.00016573224992588417 -0.00032441854108566904 -0.00059405849916087904 0.00091064726691952001 6.7685933213227836e-06 0.00090915893518792664 0.0027439714112844245 3.4476471333731268e-05 -6.776813771823839e-05
leaf_weight=3894 4145 63 41 155 62 12814 5221 4924 55 1853 81 759 2217 44937
leaf_count=3894 4145 63 41 155 62 12814 5221 4924 55 1853 81 759 2217 44937
internal_value=-0.000141652 0.00017528 0.00735521 -0.000153062 9.07177e-05 0.000353722 -0.000741057 -0.000261231 -0.00101476 0.000503143 -0.00159341 -0.000161168 0.00118279 -0.000242656
internal_weight=81221 22250 259 196 21991 16708 5283 58971 6913 1908 5005 52058 2976 49082
internal_count=81221 22250 259 196 21991 16708 5283 58971 6913 1908 5005 52058 2976 49082
is_linear=0
shrinkage=0.05


Tree=215
num_leaves=12
num_cat=0
split_feature=1 5 12 3 12 16 19 16 6 16 16
split_gain=1.13845 1.93695 1.64369 2.59649 1.51848 1.60212 3.46027 2.27136 1.44184 1.02315 0.863018
threshold=874.16721412630341 -0.25205528343633254 235.65000000000003 0.29012925520284144 551.25000000000011 766.60000000000014 25.893750000000004 660.05000000000007 -0.33426211444629356 276.05000000000007 383.90000000000003
decision_type=2 2 2 2 2 2 2 2 2 2 2
left_child=4 -2 3 -3 5 7 -7 -1 10 -4 -6
right_child=1 2 9 -5 8 6 -8 -9 -10 -11 -12
leaf_value=-4.6650876736029542e-05 0.0013594155225893382 0.0010420371296831739 0.0013829302784257123 0.0073164625611371482 -0.0012008506971178962 7.6804261067479214e-06 0.00016017295640172145 -0.00017244664124012814 0.0047595351026045486 -8.1832380969258363e-05 -9.0477408457123913e-05
leaf_weight=69775 56 310 595 81 911 2238 592 3590 43 1184 1839
leaf_count=69775 56 310 595 81 911 2238 592 3590 43 1184 1839
internal_value=-0.000117838 0.000997303 0.000760367 0.00369565 -0.000149264 -0.000107292 0.00106007 -0.000152322 -0.00129431 0.000115232 -0.00143636
internal_weight=81214 2226 2170 391 78988 76195 2830 73365 2793 1779 2750
internal_count=81214 2226 2170 391 78988 76195 2830 73365 2793 1779 2750
is_linear=0
shrinkage=0.05


Tree=216
num_leaves=16
num_cat=0
split_feature=6 5 5 18 2 5 20 16 17 6 19 13 2 12 0
split_gain=1.317 5.14886 1.97217 3.23226 1.61052 1.37589 1.32066 3.56278 3.10342 2.31303 4.63978 1.64015 1.33313 1.14663 8.88178e-16
threshold=0.92519182738459482 0.26866988313759588 0.24372619187392155 34.687500000000007 0.30396853431644377 0.3504237462291826 4.001875000000001 2.3500000000000001 250.50000000000003 0.7487283477006671 1.5437500000000004 0.18083841809754267 0.36174732109570135 31.950000000000006 226.18401149456633
decision_type=2 2 2 2 2 2 2 2 2 2 2 2 2 2 2
left_child=6 2 4 -4 -2 14 9 11 -9 12 -11 -8 -1 -7 -3
right_child=1 5 3 -5 -6 13 7 8 -10 10 -12 -13 -14 -15 -16
leaf_value=-0.00031200659724063437 -0.00012019106676094767 -0.0065421046055069813 0.0043702206986843866 -0.0033526923814036751 -0.0029366299451423499 0.00067226172442321624 0.0012081566193554833 5.885643615069841e-05 -0.0022560334878763649 -0.00084155730118954547 0.0021551103554812655 -0.0034031969685253891 3.4134597136639942e-05 -0.0046833693354014069 -0.0066371966333538882
leaf_weight=19212 5274 641 97 56 286 187 236 9389 1495 2073 2555 1009 38345 135 143
leaf_count=19212 5274 641 97 56 286 187 236 9389 1495 2073 2555 1009 38345 135 143
internal_value=-8.21503e-05 -0.000747178 -0.000142658 0.00545752 -0.000296764 -0.0038698 -2.11278e-05 -0.000498393 -0.000208564 7.19615e-05 0.00114736 -0.00303213 -1.45086e-05 -0.00111801 -0.005
internal_weight=81133 6819 5713 153 5560 1106 74314 12129 10884 62185 4628 1245 57557 322 784
internal_count=81133 6819 5713 153 5560 1106 74314 12129 10884 62185 4628 1245 57557 322 784
is_linear=0
shrinkage=0.05


Tree=217
num_leaves=13
num_cat=0
split_feature=15 1 20 20 17 11 20 6 19 13 21 3
split_gain=1.22246 1.53439 2.69651 1.17277 1.16575 1.08026 1.26287 1.08019 0.733456 0.17559 0.0276833 0.0574468
threshold=834.50000000000011 874.16721412630341 1.1481250000000005 5.7437500000000012 370.50000000000006 0.88681102089024877 3.7043750000000006 0.92519182738459482 22.393750000000008 0.89695353440337888 0.97560019362383898 0.097964660725097366
decision_type=2 2 2 2 2 2 2 2 2 2 2 2
left_child=1 4 -3 -4 7 6 8 -1 -2 -6 11 -7
right_child=5 2 3 -5 9 10 -8 -9 -10 -11 -12 -13
leaf_value=-8.1545984457025495e-06 2.6026246843418591e-05 0.0024801169377463954 0.0002364445981427806 0.0029616758349430869 -0.0011030124484295723 -0.00014339753833813194 0.00033736799681273341 -0.00056681643873202569 -0.00025335096594182284 -0.00029029265285109289 -0.00036857290608102288 -9.9491525775272251e-05
leaf_weight=71647 140 55 1724 42 132 54 51 6810 295 62 175 40
leaf_count=71647 140 55 1724 42 132 54 51 6810 295 62 175 40
internal_value=-8.35325e-05 -6.47442e-05 0.00137013 0.00103058 -9.79656e-05 -0.00208609 -0.000679014 -8.83936e-05 -0.00155173 -0.00396907 -0.00462825 -0.00393617
internal_weight=81227 80472 1821 1766 78651 755 486 78457 435 194 269 94
internal_count=81227 80472 1821 1766 78651 755 486 78457 435 194 269 94
is_linear=0
shrinkage=0.05


Tree=218
num_leaves=16
num_cat=0
split_feature=6 5 5 20 0 5 19 16 21 20 2 3 5 5 9
split_gain=1.20635 4.55746 1.958 2.25088 1.53647 2.17091 1.39416 2.36307 3.53087 2.29473 2.13402 1.74598 1.66187 0.51502 0.0225642
threshold=0.92519182738459482 0.26866988313759588 0.3504237462291826 0.81562500000000016 203.3222694408245 -0.12546116083924153 8.2687500000000025 1.0000000180025095e-35 0.2172718243009871 2.9993750000000006 0.071283149758447253 -0.9103761370219875 -0.96235977360714686 0.22700754078277605 0.31202581616497782
decision_type=2 2 2 2 2 2 2 2 2 2 2 2 2 2 2
left_child=6 4 14 -4 5 -2 10 9 -9 -8 11 -1 -12 -6 -3
right_child=1 2 3 -5 13 -7 7 8 -10 -11 12 -13 -14 -15 -16
leaf_value=0.0049641675010777681 -0.0019444157832563308 -0.0064824996849730801 0.0089539445442324943 -0.00095947138356827853 -0.0032956364393195272 0.00060701384366572408 -0.00030094453265834743 0.0014384912247555617 -3.1741683722159482e-05 -0.0029151649627437129 0.0017165504062951955 0.0025577959653794902 0.00014714724116841101 -3.0224448751690644e-05 -0.0023223548373374095
leaf_weight=40 2154 761 42 278 228 3250 1993 2769 53532 1597 664 422 13611 83 42
leaf_count=40 2154 761 42 278 228 3250 1993 2769 53532 1597 664 422 13611 83 42
internal_value=-7.21785e-05 -0.00070781 -0.00361977 -0.000312501 -0.000135609 6.10647e-05 -1.3937e-05 -0.000121138 -4.18299e-05 -0.0013649 0.000421726 0.00376623 0.000313484 -0.00355306 -0.00493773
internal_weight=81466 6838 1123 320 5715 5404 74628 59891 56301 3590 14737 462 14275 311 803
internal_count=81466 6838 1123 320 5715 5404 74628 59891 56301 3590 14737 462 14275 311 803
is_linear=0
shrinkage=0.05


Tree=219
num_leaves=11
num_cat=0
split_feature=6 10 6 18 0 6 5 22 3 16
split_gain=1.26692 2.30352 1.53665 4.0812 4.3935 1.61779 4.75708 1.5793 0.422444 0.545315
threshold=0.99958851518450398 34.350000000000009 0.99681593486783593 99.687500000000014 189.52682818608477 0.92519182738459482 0.26866988313759588 1.3520815728244231 0.032701564615071628 6.8500000000000005
decision_type=2 2 2 2 2 2 2 2 2 2
left_child=2 8 5 4 -4 7 -7 -1 9 -2
right_child=1 -3 3 -5 -6 6 -8 -9 -10 -11
leaf_value=-1.9906300793095524e-06 0.00024776211042688135 0.0057296654540042536 0.0019421260131538846 -0.0061168229630870893 0.0040250424985530846 -0.00013718901868668335 -0.0043751592516648998 -0.0021977883517265082 -0.0073593964224855195 -0.010349175686217134
leaf_weight=74044 84 76 599 168 117 4306 1129 461 294 71
leaf_count=74044 84 76 599 168 117 4306 1129 461 294 71
internal_value=-7.55399e-05 -0.00252381 -5.96369e-05 0.00201357 0.00365922 -8.25631e-05 -0.000915365 -2.18118e-05 -0.00388642 -0.00177419
internal_weight=81349 525 80824 884 716 79940 5435 74505 449 155
internal_count=81349 525 80824 884 716 79940 5435 74505 449 155
is_linear=0
shrinkage=0.05


Tree=220
num_leaves=13
num_cat=0
split_feature=6 10 0 6 18 22 6 5 3 20 4 20
split_gain=1.41782 1.72586 1.72586 1.45287 4.05544 3.11693 1.93099 3.90538 1.40452 0.347222 0.118269 0.0212357
threshold=0.99958851518450398 23.250000000000004 88.588822211154294 0.99681593486783593 99.687500000000014 0.94274434759927639 0.92519182738459482 0.26866988313759588 0.9946518923062071 0.41937500000000011 -0.98611507088852035 4.4318750000000007
decision_type=2 2 2 2 2 2 2 2 2 2 2 2
left_child=3 10 -3 6 5 -5 8 -8 -1 -4 -2 -12
right_child=1 2 9 4 -6 -7 7 -9 -10 -11 11 -13
leaf_value=7.394070255692182e-06 -0.0025083801802530253 0.0071718610643344421 0.00089162292091015261 0.0057238868643060235 -0.0057997901182245655 -0.0015975342382793902 -0.00030980262833191148 -0.0042501046121308349 -0.00097172019070317778 -0.0051466774365000337 -0.008252216202769563 -0.0050885799244694075
leaf_weight=72584 57 53 40 561 169 153 4276 1120 1788 50 276 41
leaf_count=72584 57 53 40 561 169 153 4276 1120 1788 50 276 41
internal_value=-6.88707e-05 -0.00267892 0.00199301 -5.21394e-05 0.00196489 0.00361344 -7.44671e-05 -0.00098777 -8.2032e-06 -0.00222222 -0.00446524 -0.00484227
internal_weight=81168 517 143 80651 883 714 79768 5396 74372 90 374 317
internal_count=81168 517 143 80651 883 714 79768 5396 74372 90 374 317
is_linear=0
shrinkage=0.05


Tree=221
num_leaves=13
num_cat=0
split_feature=19 5 16 13 17 6 15 17 17 6 15 22
split_gain=1.14005 1.856 1.20153 2.55435 4.41273 2.97613 1.33723 2.37863 1.26958 1.05826 1.18998 0.223995
threshold=-1.0562499999999997 0.7210268013660811 654.60000000000014 0.81986890606357632 92.500000000000014 -0.7614016681079937 742.50000000000011 237.50000000000003 251.50000000000003 0.97461712852231652 130.50000000000003 0.80364765204188771
decision_type=2 2 2 2 2 2 2 2 2 2 2 2
left_child=1 9 6 5 -5 -4 8 -8 -2 11 -11 -1
right_child=2 -3 3 4 -6 -7 7 -9 -10 10 -12 -13
leaf_value=-0.0030457071962165325 4.2004767200380942e-05 0.0015881041515268615 4.5369750451554244e-05 0.00026937930852010322 -4.5140271138789084e-06 -0.00027340038541161379 0.0011556087009124499 -3.1246737945483839e-05 -0.00027959568661881193 -0.00099628539313675684 0.0040808326247333687 -0.0063541977056954333
leaf_weight=88 65353 65 944 99 4278 3084 130 230 6878 71 59 328
leaf_count=88 65353 65 944 99 4278 3084 130 230 6878 71 59 328
internal_value=-6.59882e-05 -0.00221768 -4.97567e-05 -0.000615706 0.000220469 -0.00152433 1.57721e-05 0.00305555 6.21809e-07 -0.0031685 0.00076923 -0.00439904
internal_weight=81607 611 80996 8405 4377 4028 72591 360 72231 546 130 416
internal_count=81607 611 80996 8405 4377 4028 72591 360 72231 546 130 416
is_linear=0
shrinkage=0.05


Tree=222
num_leaves=13
num_cat=0
split_feature=19 13 6 5 3 19 20 19 16 6 12 5
split_gain=1.6083 1.30562 0.976519 4.69986 18.3503 1.83804 3.15399 2.23712 1.82961 0.707998 0.902042 0.142459
threshold=-1.0562499999999997 0.67516823133136128 -0.75013812021657655 0.64579916509010216 -0.84874750804349153 19.918750000000006 5.470625000000001 17.868750000000002 131.45000000000002 0.97461712852231652 68.550000000000026 0.56369777965491019
decision_type=2 2 2 2 2 2 2 2 2 2 2 2
left_child=1 9 3 8 -5 7 -7 -4 -2 11 -11 -1
right_child=2 -3 5 4 -6 6 -8 -9 -10 10 -12 -13
leaf_value=-0.0063526572642124864 0.00093758665129954405 0.0010753650658103207 -6.8207368909593106e-05 0.0070248637215604469 -0.00026898111199817663 -0.00014939710861372644 0.0091506273284986395 0.0003778689781221047 -2.206889052852094e-05 -0.00033326590239083471 0.0053089418974875211 -0.00080609732632779766
leaf_weight=375 6241 49 48405 59 207 6825 52 2987 15763 76 40 70
leaf_count=375 6241 49 48405 59 207 6825 52 2987 15763 76 40 70
internal_value=-6.52515e-05 -0.00262295 -4.58796e-05 0.000235742 0.0068421 -0.000153513 -0.000921188 -5.07873e-05 0.00015588 -0.0033066 0.000172413 -0.00421348
internal_weight=81149 610 80539 22270 266 58269 6877 51392 22004 561 116 445
internal_count=81149 610 80539 22270 266 58269 6877 51392 22004 561 116 445
is_linear=0
shrinkage=0.05


Tree=223
num_leaves=16
num_cat=0
split_feature=12 21 1 2 3 9 22 5 5 13 11 5 9 12 5
split_gain=1.273 1.51108 1.36895 1.37313 3.22518 2.96274 1.09465 1.00204 0.992684 0.856934 0.797867 0.739851 0.681445 0.269739 0.0555556
threshold=4.9500000000000002 0.13027093223288647 30.756404504554286 0.36174732109570135 -0.68322629814330804 0.83856673744782662 1.3520815728244231 0.96687895796550427 0.61915405168109316 0.13650696081090327 0.47134242739510251 -0.89406062840022227 0.2143154724650975 11.250000000000002 -0.55657520495441892
decision_type=2 2 2 2 2 2 2 2 2 2 2 2 2 2 2
left_child=1 10 6 5 -5 -4 7 -2 12 -10 11 -1 -3 -8 -12
right_child=2 8 3 4 -6 -7 13 -9 9 -11 14 -13 -14 -15 -16
leaf_value=-0.0041248042099104277 0.001831966125967301 -0.0069241142923020822 -0.00021788529207297281 0.00023398791682332771 -1.7059964932080402e-05 -0.0012466376262898996 -2.9686401761341267e-05 0.0045152023871807114 -0.00046329985743898236 0.008944105451824098 -0.0085291746936358003 0.0025538160498490611 -0.00051158332385581838 -0.00427434499932386 -0.0027673590458916087
leaf_weight=83 1836 535 27728 6004 42221 1505 72 118 190 71 40 492 315 109 50
leaf_count=83 1836 535 27728 6004 42221 1505 72 118 190 71 40 492 315 109 50
internal_value=-7.24489e-05 -0.0013964 -4.2907e-05 -7.73334e-05 8.65722e-05 -0.000347725 0.00120609 0.00155066 -0.00252475 0.000172413 0.000488721 0.00117391 -0.00335294 -0.00251381 -0.00388889
internal_weight=81369 1776 79593 77458 48225 29233 2135 1954 1111 261 665 575 850 181 90
internal_count=81369 1776 79593 77458 48225 29233 2135 1954 1111 261 665 575 850 181 90
is_linear=0
shrinkage=0.05


Tree=224
num_leaves=14
num_cat=0
split_feature=6 3 11 8 11 10 15 6 19 5 4 20 7
split_gain=1.33551 1.75543 1.44247 1.24636 5.51631 3.36173 5.14913 2.76142 2.7316 2.24808 0.262881 0.495506 0.0604949
threshold=0.99958851518450398 -0.41248606129204529 0.20998596342546683 1.0000000180025095e-35 0.16798592453603753 10.350000000000001 256.50000000000006 0.99681593486783593 15.731250000000005 -0.9905448150984083 -0.98611507088852035 0.41937500000000011 0.87500000000000011
decision_type=2 2 2 2 2 2 2 2 2 2 2 2 2
left_child=3 2 -2 5 8 7 -7 -1 -5 -6 11 -3 -12
right_child=1 10 -4 4 9 6 -8 -9 -10 -11 12 -13 -14
leaf_value=9.3817769589003472e-05 -0.015404108197308745 0.0032256811833120654 0.0075225966983908559 -0.0029029153024752417 0.00086934924149629209 0.0079564362818922655 -0.00046936341850297076 0.0036841020195504583 0.0003806541371990398 -1.4604352571696034e-05 -0.0045542297798702204 -0.0023916848893523043 -0.0070869400287491661
leaf_weight=17572 49 40 54 5040 1999 98 90 485 1450 53965 55 49 272
leaf_count=17572 49 40 54 5040 1999 98 90 485 1450 53965 55 49 272
internal_value=-6.32877e-05 -0.00259152 0.00325243 -4.70278e-05 -0.000153234 0.000316524 0.00696808 0.000247271 -0.00153313 6.78889e-06 -0.00403846 -0.00162921 -0.00469419
internal_weight=81218 519 103 80699 62454 18245 188 18057 6490 55964 416 89 327
internal_count=81218 519 103 80699 62454 18245 188 18057 6490 55964 416 89 327
is_linear=0
shrinkage=0.05


Tree=225
num_leaves=13
num_cat=0
split_feature=19 5 6 10 16 6 19 13 6 17 6 16
split_gain=1.75282 1.17262 1.15421 2.12361 2.10099 1.49506 4.48864 1.16512 0.685995 0.846516 0.133329 0.0818085
threshold=-1.0562499999999997 0.7210268013660811 0.99958851518450398 23.250000000000004 6.8500000000000005 0.99681593486783593 -0.75624999999999987 0.10397588358489714 0.97461712852231652 79.500000000000014 0.99999537620422141 31.450000000000003
decision_type=2 2 2 2 2 2 2 2 2 2 2 2
left_child=1 8 5 10 -5 7 -7 -2 11 -10 -4 -1
right_child=2 -3 3 4 -6 6 -8 -9 9 -11 -12 -13
leaf_value=-0.00627389996817008 -0.00069655593674854187 0.0015054776481857844 -0.0078183250992705615 0.0079158579782883688 -0.0062591144387060121 0.0041030183993574854 -0.0013881218267517146 -9.1672187403627189e-06 -0.00079116226280492104 0.0037355478723343108 -0.0040579371702288104 -0.0054340074198856031
leaf_weight=86 3369 64 302 94 56 457 379 76124 79 53 82 308
leaf_count=86 3369 64 302 94 56 457 379 76124 79 53 82 308
internal_value=-8.12137e-05 -0.00279661 -6.14013e-05 -0.00237828 0.00266667 -4.59995e-05 0.00205742 -6.81204e-05 -0.00357415 -0.000454547 -0.00434896 -0.00461929
internal_weight=81453 590 80863 534 150 80329 836 79493 526 132 384 394
internal_count=81453 590 80863 534 150 80329 836 79493 526 132 384 394
is_linear=0
shrinkage=0.05


Tree=226
num_leaves=13
num_cat=0
split_feature=19 5 7 11 15 16 6 6 3 22 12 16
split_gain=1.2861 1.50083 1.09286 4.84519 4.23527 1.38564 1.08117 2.16866 1.92653 0.74715 1.05324 0.497472
threshold=-1.0562499999999997 0.7210268013660811 0.37500000000000006 0.62511787762828253 431.50000000000006 149.95000000000002 0.99958851518450398 0.99681593486783593 -0.41248606129204529 0.80364765204188771 14.550000000000002 373.50000000000006
decision_type=2 2 2 2 2 2 2 2 2 2 2 2
left_child=1 9 3 5 -5 -2 7 -4 -8 10 -1 -11
right_child=2 -3 6 4 -6 -7 8 -9 -10 11 -12 -13
leaf_value=-0.0041592503393796708 -0.00087728517346707653 0.0013996023405672933 8.5497106701583448e-07 0.0022708573456757014 -0.00010212551007017861 -0.001924485203303995 0.0044927090211233991 0.0020122245590983188 -0.0048755844077034158 -0.0025373946200992073 0.004944054560294453 0.00024656478021173252
leaf_weight=43 2994 67 71992 1041 1201 2077 95 761 366 386 52 57
leaf_count=43 2994 67 71992 1041 1201 2077 95 761 366 386 52 57
internal_value=-5.8671e-05 -0.00235537 -4.14159e-05 -0.000624232 0.00131133 -0.00147999 1.67989e-05 3.20937e-05 -0.00239696 -0.0032342 0.000789472 -0.00409707
internal_weight=81132 605 80527 7313 2242 5071 73214 72753 461 538 95 443
internal_count=81132 605 80527 7313 2242 5071 73214 72753 461 538 95 443
is_linear=0
shrinkage=0.05


Tree=227
num_leaves=13
num_cat=0
split_feature=19 5 6 10 16 8 9 10 6 17 22 4
split_gain=1.53342 1.16648 1.07558 1.70618 1.84615 1.11078 4.13415 2.36961 0.800005 0.927338 0.157127 0.108433
threshold=-1.0562499999999997 0.7210268013660811 0.99958851518450398 23.250000000000004 6.8500000000000005 1.0000000180025095e-35 0.12303653757168284 10.350000000000001 0.97461712852231652 79.500000000000014 0.80364765204188771 -0.98611507088852035
decision_type=2 2 2 2 2 2 2 2 2 2 2 2
left_child=1 8 5 11 -5 7 -7 -2 10 -10 -1 -4
right_child=2 -3 3 4 -6 6 -8 -9 9 -11 -12 -13
leaf_value=-0.0026180175084248181 0.00014723135866306331 0.0014534640641628441 -0.0015850848501109778 0.0074403006245007388 -0.0063206249344216099 -0.0028289499047480051 -1.5030219679793377e-05 0.0034343829474173361 -0.00054633493416134376 0.0047187025397957732 -0.0066057437234275651 -0.006888652242302006
leaf_weight=81 17576 62 54 91 56 2632 59825 182 82 47 315 294
leaf_count=81 17576 62 54 91 56 2632 59825 182 82 47 315 294
internal_value=-6.86999e-05 -0.00261499 -5.01808e-05 -0.00237374 0.00214286 -3.58424e-05 -0.000135054 0.000313097 -0.00338095 3.87585e-05 -0.00449495 -0.00428161
internal_weight=81297 587 80710 495 147 80215 62457 17758 525 129 396 348
internal_count=81297 587 80710 495 147 80215 62457 17758 525 129 396 348
is_linear=0
shrinkage=0.05


Tree=228
num_leaves=13
num_cat=0
split_feature=19 7 11 16 7 3 2 3 5 22 12 16
split_gain=1.59437 1.35186 3.28759 4.21294 2.0856 1.35312 1.77584 1.6219 1.09506 0.915742 1.22012 0.20712
threshold=-1.0562499999999997 0.87500000000000011 0.53211130329917833 299.75000000000006 1.0000000180025095e-35 -0.81241147629688981 0.36174732109570135 -0.41248606129204529 0.7210268013660811 0.80364765204188771 14.550000000000002 373.50000000000006
decision_type=2 2 2 2 2 2 2 2 2 2 2 2
left_child=8 2 4 -4 -2 6 -3 -7 9 10 -1 -11
right_child=1 5 3 -5 -6 7 -8 -9 -10 11 -12 -13
leaf_value=-0.0034968858518242898 -0.0025211929559497471 -0.00081197760577827723 0.0014431131231770009 -0.00010389990635974267 -0.00062998200177963358 0.00018165770751769471 0.00022389930446667066 -1.1543522218888517e-05 0.0021927538455831092 -0.0021108546464594191 0.0055802429148646467 -0.0014411593197974936
leaf_weight=48 2155 7342 2070 3812 6767 12249 2456 43753 65 371 55 61
leaf_count=48 2155 7342 2070 3812 6767 12249 2456 43753 65 371 55 61
internal_value=-9.87648e-05 -7.96498e-05 -0.000511349 0.000406323 -0.00111634 1.7476e-05 -0.000524598 0.000112316 -0.00266667 -0.00341122 0.000825242 -0.0044213
internal_weight=81204 80604 14804 5882 8922 65800 9798 56002 600 535 103 432
internal_count=81204 80604 14804 5882 8922 65800 9798 56002 600 535 103 432
is_linear=0
shrinkage=0.05


Tree=229
num_leaves=13
num_cat=0
split_feature=6 19 6 19 6 10 13 16 16 7 20 4
split_gain=1.60991 1.41027 1.46355 4.46703 1.52475 1.21548 1.18513 1.63715 1.16147 0.605094 0.394231 0.226865
threshold=0.99958851518450398 -1.0562499999999997 0.99681593486783593 -0.75624999999999987 0.93769647993491489 23.250000000000004 0.58420620223121067 226.65000000000001 6.8500000000000005 1.8750000000000002 0.53562500000000013 -0.98611507088852035
decision_type=2 2 2 2 2 2 2 2 2 2 2 2
left_child=1 6 4 -4 -3 11 10 -8 9 -7 -1 -2
right_child=5 2 3 -5 -6 8 7 -9 -10 -11 -12 -13
leaf_value=-0.0056394925917578236 -0.0014590936877481688 -3.8548905259379818e-06 0.0049365863186260116 -0.0010120675411621782 -0.00090325194642031407 4.998129677209161e-05 -0.00065056409199414945 0.0035967675492523683 -0.0057710959997334596 0.0080872219097018454 -0.0011088887929871789 -0.0064573773924760935
leaf_weight=252 59 74961 451 397 4499 46 82 64 51 44 226 302
leaf_count=252 59 74961 451 397 4499 46 82 64 51 44 226 302
internal_value=-8.5592e-05 -6.8083e-05 -4.96849e-05 0.00201651 -7.17354e-05 -0.00290837 -0.0024359 0.00150685 0.00102837 0.00444444 -0.00364017 -0.00444598
internal_weight=81434 80932 80308 848 79460 502 624 146 141 90 478 361
internal_count=81434 80932 80308 848 79460 502 624 146 141 90 478 361
is_linear=0
shrinkage=0.05


Tree=230
num_leaves=15
num_cat=0
split_feature=19 6 3 16 13 6 18 2 21 18 20 3 4 22
split_gain=1.4595 1.44969 1.36203 1.40384 1.26688 1.07032 2.86844 1.21691 1.06731 2.44702 0.392284 0.858189 0.15682 0.0649111
threshold=-1.0562499999999997 0.99958851518450398 -0.41248606129204529 7.2500000000000009 0.58420620223121067 0.99681593486783593 99.062500000000014 0.60726151223354408 0.82316233184573162 65.687500000000014 0.67937500000000017 0.81241147629689026 -0.98611507088852035 0.80364765204188771
decision_type=2 2 2 2 2 2 2 2 2 2 2 2 2 2
left_child=4 5 3 -3 10 7 -7 -2 -6 -10 13 -12 -4 -1
right_child=1 2 12 -5 8 6 -8 -9 9 -11 11 -13 -14 -15
leaf_value=-0.00433105641834651 -0.0001187083400811985 0.0058152210303297862 -0.0014741550974505435 -0.013681645961254464 -0.0012611194367859171 0.0029135981867822484 -0.0049719200133979914 3.7946009787997878e-05 -0.00071176227308441674 0.0038196349489313382 0.0014272123862811052 -0.0018901412926098052 -0.0047901381642452001 -0.0055339339671425809
leaf_weight=52 54743 69 88 42 43 647 179 24586 47 54 65 82 325 281
leaf_count=52 54743 69 88 42 43 647 179 24586 47 54 65 82 325 281
internal_value=-0.000107193 -8.8562e-05 -0.00270992 0.00220721 -0.00251603 -7.14253e-05 0.00171913 -9.00691e-05 0.00159722 0.00440594 -0.00375 -0.00159864 -0.00403148 -0.0046997
internal_weight=81303 80679 524 111 624 80155 826 79329 144 101 480 147 413 333
internal_count=81303 80679 524 111 624 80155 826 79329 144 101 480 147 413 333
is_linear=0
shrinkage=0.05


Tree=231
num_leaves=13
num_cat=0
split_feature=19 6 10 13 16 15 16 11 13 16 12 12
split_gain=1.5824 1.47935 1.3885 1.35812 1.52937 1.14327 1.36776 1.06865 0.251134 0.148472 0.297619 0.103012
threshold=-1.0562499999999997 0.99958851518450398 34.350000000000009 0.58420620223121067 226.65000000000001 834.50000000000011 794.90000000000009 0.88681102089024877 0.50732677589719077 31.450000000000003 4.9500000000000002 60.45000000000001
decision_type=2 2 2 2 2 2 2 2 2 2 2 2
left_child=3 5 8 9 -5 6 -2 -7 -3 10 -1 -11
right_child=1 2 -4 4 -6 7 -8 -9 -10 11 -12 -13
leaf_value=-0.015829094176302513 -2.6595672122423332e-05 -0.0046042030545639058 0.0034291734991286058 -0.00053162162666517312 0.0031383050247682184 -1.9695041987765892e-05 6.7114736869814022e-05 -0.00022503295123957423 -0.012023860645164874 -0.0031601233554943973 0.0033447486995081058 -0.0016132657005363425
leaf_weight=42 76985 392 77 78 65 484 2344 276 41 285 42 97
leaf_count=42 76985 392 77 78 65 484 2344 276 41 285 42 97
internal_value=-7.99194e-05 -6.0734e-05 -0.0027451 -0.00261905 0.00164336 -4.36401e-05 -2.51496e-05 -0.00197369 -0.00384527 -0.00392704 -0.00202381 -0.00434555
internal_weight=81208 80599 510 609 143 80089 79329 760 433 466 84 382
internal_count=81208 80599 510 609 143 80089 79329 760 433 466 84 382
is_linear=0
shrinkage=0.05


Tree=232
num_leaves=14
num_cat=0
split_feature=19 7 10 16 19 4 18 16 13 21 18 10 6
split_gain=1.62947 1.22022 1.74279 2.66332 1.51212 1.44955 1.93585 0.949515 0.833449 0.757287 1.84674 0.348612 0.0908905
threshold=-1.0562499999999997 4.1250000000000009 100.95 307.45000000000005 17.956250000000008 -0.84874750804349175 67.687500000000014 483.50000000000006 0.58420620223121067 0.82316233184573162 65.687500000000014 7.3500000000000005 0.97832380634958016
decision_type=2 2 2 2 2 2 2 2 2 2 2 2 2
left_child=8 2 3 -2 -4 6 -3 -7 11 -10 -11 12 -1
right_child=1 5 4 -5 -6 7 -8 -9 9 10 -12 -13 -14
leaf_value=-0.0042039340255088202 -0.00018434293222823416 0.00043541800170261637 0.00018776473485517447 -0.00036413325778504872 -4.5773444372933833e-05 9.2391724008734357e-05 4.8357755146857708e-05 -0.00015642684718246319 -0.0011349600371305863 -0.00069719487726922357 0.0033319600952168961 -0.00029154017094068215 -0.00054699582038945287
leaf_weight=338 23423 3469 15622 6444 14550 9275 5612 2144 41 48 51 63 58
leaf_count=338 23423 3469 15622 6444 14550 9275 5612 2144 41 48 51 63 58
internal_value=-6.45825e-05 -4.52588e-05 -0.000158981 -0.00042974 0.00010904 0.000287804 0.000759276 -8.71367e-05 -0.00266277 0.000714285 0.00308081 -0.00369281 -0.00424243
internal_weight=81138 80539 60039 29867 30172 20500 9081 11419 599 140 99 459 396
internal_count=81138 80539 60039 29867 30172 20500 9081 11419 599 140 99 459 396
is_linear=0
shrinkage=0.05


Tree=233
num_leaves=15
num_cat=0
split_feature=6 5 5 5 13 0 20 6 22 9 22 18 18 16
split_gain=1.3534 3.5552 2.1572 2.06521 1.73156 1.71399 1.53777 1.2271 6.20119 4.83099 1.13101 3.00118 2.64619 0.193881
threshold=0.92519182738459482 0.26866988313759588 0.3504237462291826 0.22700754078277605 0.14097454659235589 203.3222694408245 0.7768750000000002 0.86869874770991873 1.0271798652121988 0.35811692819421032 0.91951189572853198 67.687500000000014 82.562500000000014 486.75000000000006
decision_type=2 2 2 2 2 2 2 2 2 2 2 2 2 2
left_child=7 3 13 5 -5 -2 -4 10 9 -9 11 -1 -12 -3
right_child=1 2 6 4 -6 -7 -8 8 -10 -11 12 -13 -14 -15
leaf_value=0.00037878860827594022 -0.00025745266722077166 -0.0055366934365814746 0.0085817947468145601 0.0054803769406975046 0.00081599858175500362 -0.0027824491842453549 -0.0010506266035436211 0.0029149679063736958 0.01449045238390099 -0.0012478206913045899 -6.9143922666284696e-05 -0.00010793854444813214 0.00040671300855405379 -0.0006264545308939651
leaf_weight=12870 5063 770 43 53 249 242 277 1197 66 1080 14952 42246 1938 41
leaf_count=12870 5063 770 43 53 249 242 277 1197 66 1080 14952 42246 1938 41
internal_value=-8.42934e-05 -0.000762839 -0.00332007 -0.000247014 0.00377483 -0.000475967 0.000156249 -2.27991e-05 0.00110329 0.000665348 -5.94407e-05 5.02564e-05 -0.000417408 -0.00469174
internal_weight=81087 6738 1131 5607 302 5305 320 74349 2343 2277 72006 55116 16890 811
internal_count=81087 6738 1131 5607 302 5305 320 74349 2343 2277 72006 55116 16890 811
is_linear=0
shrinkage=0.05


Tree=234
num_leaves=12
num_cat=0
split_feature=19 1 5 19 20 12 22 5 5 22 15
split_gain=1.58835 1.12888 1.79706 1.27749 1.55631 1.06858 1.04183 0.794828 0.846977 0.808043 0.0884726
threshold=-1.0562499999999997 877.4997638195066 -0.23537230790205757 31.243750000000002 0.88812500000000016 551.25000000000011 0.26880829936081596 0.7210268013660811 0.26866988313759588 0.98448316466045982 35.500000000000007
decision_type=2 2 2 2 2 2 2 2 2 2 2
left_child=7 3 -3 5 -5 -2 -4 8 9 -1 -10
right_child=1 2 6 4 -6 -7 -8 -9 10 -11 -12
leaf_value=0.0029714858676652524 -8.4473120728722205e-07 0.0018275598681387112 -0.006276470204887391 0.00012157409774888646 -0.00025215138687274379 -0.00015951286712765625 0.00018430603050088439 0.00055477552739385621 -0.0031020966961352349 -0.00049627468635184049 -0.0043931104350042015
leaf_weight=43 75093 43 71 98 610 2856 1781 66 40 149 307
leaf_count=43 75093 43 71 98 610 2856 1781 66 40 149 307
internal_value=-5.09518e-05 -3.17819e-05 0.00117414 -6.08349e-05 -0.00217514 -4.1631e-05 0.000939524 -0.00260331 -0.00323748 -0.000572918 -0.00471182
internal_weight=81157 80552 1895 78657 708 77949 1852 605 539 192 347
internal_count=81157 80552 1895 78657 708 77949 1852 605 539 192 347
is_linear=0
shrinkage=0.05


Tree=235
num_leaves=16
num_cat=0
split_feature=6 5 5 10 6 20 12 5 5 3 3 5 20 10 16
split_gain=1.63002 3.67616 1.70503 1.51511 2.45841 1.45769 1.42185 1.24777 1.83206 3.13678 3.13202 1.32155 2.54585 1.21251 0.182846
threshold=0.92519182738459482 0.26866988313759588 0.3504237462291826 98.250000000000014 0.9863035000474919 3.7881250000000009 31.950000000000006 0.91248814248966237 -0.39036798905311365 0.47114434510950071 0.2269546835593246 0.93237596376505805 0.7768750000000002 424.80000000000007 486.75000000000006
decision_type=2 2 2 2 2 2 2 2 2 2 2 2 2 2 2
left_child=7 3 14 5 -5 -2 -4 8 10 -10 -1 12 -9 -13 -3
right_child=1 2 6 4 -6 -7 -8 11 9 -11 -12 13 -14 -15 -16
leaf_value=0.00010568660622461186 -0.00065606430024715097 -0.0053122386148816295 0.0016324223780814586 0.0023670568033020666 -0.0014640961285957309 0.0013083033158151046 -0.0038428398768040593 0.0043079064210902072 5.6398130901275365e-06 0.00046876317700615005 -0.0003587768550322021 -0.0001277908429357815 -0.0011730799884427765 0.0001352771530078267 -0.00062088770431731463
leaf_weight=17502 4594 742 188 138 130 798 136 49 21778 10275 13854 8887 1342 884 43
leaf_count=17502 4594 742 188 138 130 798 136 49 21778 10275 13854 8887 1342 884 43
internal_value=-4.67187e-05 -0.00078963 -0.003422 -0.000273853 0.00339552 -0.000456233 -0.000370372 2.07173e-05 0.000106529 0.000372351 -0.000165201 -0.000466763 -0.0019087 -0.000261489 -0.00468153
internal_weight=81340 6769 1109 5660 268 5392 324 74571 63409 32053 31356 11162 1391 9771 785
internal_count=81340 6769 1109 5660 268 5392 324 74571 63409 32053 31356 11162 1391 9771 785
is_linear=0
shrinkage=0.05


Tree=236
num_leaves=12
num_cat=0
split_feature=6 3 11 19 6 6 6 5 6 4 12
split_gain=1.2626 1.58056 1.34987 1.10968 1.15004 5.96343 1.92963 1.10821 1.40028 0.349004 0.0661528
threshold=0.99958851518450398 -0.41248606129204529 0.20998596342546683 -1.0562499999999997 -0.99052477729077237 -0.98521978256641018 -0.99465740988130902 0.7210268013660811 0.97461712852231652 -0.99465189230620676 8.5500000000000025
decision_type=2 2 2 2 2 2 2 2 2 2 2
left_child=3 2 -2 7 6 -6 -5 8 -1 -3 -11
right_child=1 9 -4 4 5 -7 -8 -9 -10 10 -12
leaf_value=-0.004128527521649967 -0.012783283726709916 -0.0008294422523293266 0.0064140181942597659 -4.3126586566356921e-05 0.0016227621435868816 -1.5502712395788914e-05 -0.00066494325140482348 0.0013149352597340382 0.00043369072228581609 -0.013320725438277765 -0.0045687207053496234
leaf_weight=408 51 50 57 3200 1067 74635 1088 68 129 41 325
leaf_count=408 51 50 57 3200 1067 74635 1088 68 129 41 325
internal_value=-7.26722e-05 -0.00251909 0.00287037 -5.67665e-05 -4.06313e-05 4.4901e-06 -0.000837221 -0.00219008 -0.00295158 -0.00391827 -0.00445355
internal_weight=81119 524 108 80595 79990 75702 4288 605 537 416 366
internal_count=81119 524 108 80595 79990 75702 4288 605 537 416 366
is_linear=0
shrinkage=0.05


Tree=237
num_leaves=16
num_cat=0
split_feature=6 6 6 22 13 13 22 1 16 15 7 10 18 15 13
split_gain=1.22796 5.22457 2.51406 4.00469 3.14871 2.4445 3.49723 1.70652 3.7743 3.43939 1.43737 2.01521 1.36921 1.25811 0.201096
threshold=-0.26867065956352881 -0.10837475778693638 -0.31800055644052067 0.48228749441569657 0.40791946568705256 0.87037615127808998 0.76200375371267037 312.55194698990357 390.45000000000005 363.50000000000006 3.6250000000000004 119.85000000000001 70.687500000000014 311.50000000000006 0.62424791502148491
decision_type=2 2 2 2 2 2 2 2 2 2 2 2 2 2 2
left_child=2 5 7 14 -5 13 -7 8 -1 -9 11 -3 -12 -2 -4
right_child=1 10 3 4 -6 6 -8 9 -10 -11 12 -13 -14 -15 -16
leaf_value=-9.173545202258317e-05 -0.0011248487779665823 -0.00047661814097790345 -0.0053391716863116041 5.5306272669247772e-05 0.0029462008558053345 -0.0030499547990607569 0.0010038468586633193 0.00055505866662115854 -0.0016307705846824784 -2.64850824787197e-05 0.00044398308124540803 0.0001490670200679171 -3.2755538213095335e-05 -0.00080506732327922318 -0.0019775961068873456
leaf_weight=7063 2483 18098 156 466 730 72 118 10101 1351 18589 5847 6832 7513 1710 58
leaf_count=7063 2483 18098 156 466 730 72 118 10101 1351 18589 5847 6832 7513 1710 58
internal_value=-4.29268e-05 -0.000227663 0.000161758 0.00223404 0.0033612 -0.00186288 0.00368421 8.30087e-05 -0.000543144 0.000266642 -4.04817e-05 -0.000264742 0.000377993 -0.00211424 -0.00406542
internal_weight=81187 42673 38514 1410 1196 4383 190 37104 8414 28690 38290 24930 13360 4193 214
internal_count=81187 42673 38514 1410 1196 4383 190 37104 8414 28690 38290 24930 13360 4193 214
is_linear=0
shrinkage=0.05


Tree=238
num_leaves=15
num_cat=0
split_feature=19 6 2 9 6 5 1 6 6 17 5 18 15 5
split_gain=1.43481 1.08326 2.63456 1.90465 1.6986 4.00241 1.58671 1.25089 0.709493 0.826049 0.811595 1.09668 0.801515 0.195911
threshold=-1.0562499999999997 0.92519182738459482 0.30396853431644377 0.61928046795725755 0.7487283477006671 -0.62588817255938378 303.23303025497523 0.70138038092733435 0.97461712852231652 49.500000000000007 0.56369777965491019 58.062500000000007 135.50000000000003 0.26866988313759588
decision_type=2 2 2 2 2 2 2 2 2 2 2 2 2 2
left_child=8 4 3 -3 7 -6 -4 -2 10 -10 13 -12 -11 -1
right_child=1 2 6 -5 5 -7 -8 -9 9 12 11 -13 -14 -15
leaf_value=-0.003095798680714966 -9.7105955963916133e-06 -0.00037342971307923785 -0.0030093815284252374 0.001343367314865721 0.0033389441580782726 0.00052573841323213155 0.00096593815135094421 -0.001597064094547543 -0.004409378248074719 0.0020359551183057384 -0.0033254075953217561 0.002260844460917736 -7.2823512426549818e-05 -0.0042713086386248237
leaf_weight=67 66339 5570 657 215 314 5781 41 1591 42 40 54 43 48 306
leaf_count=67 66339 5570 657 215 314 5781 41 1591 42 40 54 43 48 306
internal_value=-6.39899e-05 -4.58351e-05 -0.000665588 -0.000315472 8.4419e-06 0.000808038 -0.00356734 -6.33016e-05 -0.0025 0.00076923 -0.00340426 0.000670102 0.00352273 -0.00446381
internal_weight=81108 80508 6483 5785 74025 6095 698 67930 600 130 470 97 88 373
internal_count=81108 80508 6483 5785 74025 6095 698 67930 600 130 470 97 88 373
is_linear=0
shrinkage=0.05


Tree=239
num_leaves=15
num_cat=0
split_feature=7 11 15 16 18 6 6 19 22 13 15 10 10 16
split_gain=1.25551 3.36322 4.83573 1.79573 1.64217 1.17047 1.94029 5.31322 1.85163 1.09707 1.07992 2.16688 1.01425 0.654263
threshold=0.37500000000000006 0.62511787762828253 317.50000000000006 369.05000000000001 1.0000000180025095e-35 0.9989598388634241 0.99681593486783593 -0.75624999999999987 0.68039315120605737 0.07223230506449535 108.50000000000001 43.050000000000004 286.05000000000001 3.9500000000000006
decision_type=2 2 2 2 2 2 2 2 2 2 2 2 2 2
left_child=1 10 3 -3 -4 6 9 -8 13 -2 11 -1 -12 -7
right_child=5 2 4 -5 -6 8 7 -9 -10 -11 12 -13 -14 -15
leaf_value=-0.0023704275796401948 -0.0012542513985819856 0.0034090844709223343 0.00016978858884404897 -0.0001164963379779145 -0.00019460179036762907 -0.0023421221058337691 0.0058833827001983415 -0.0024460984848506733 0.0059073522160325471 -5.1371330349659891e-06 -0.0020085685995944805 0.00066782895605660691 0.0007036130373943416 -0.0054033968377456276
leaf_weight=1482 1760 575 129 149 1397 440 318 222 70 70878 2502 962 231 229
leaf_count=1482 1760 575 129 149 1397 440 318 222 70 70878 2502 962 231 229
internal_value=-0.000105356 -0.000725058 0.000888888 0.00425414 -0.000707734 -4.30901e-05 -2.30956e-05 0.00296296 -0.00202301 -4.52943e-05 -0.0014265 -0.000662849 -0.0021094 -0.00283259
internal_weight=81344 7427 2250 724 1526 73917 73178 540 739 72638 5177 2444 2733 669
internal_count=81344 7427 2250 724 1526 73917 73178 540 739 72638 5177 2444 2733 669
is_linear=0
shrinkage=0.05


Tree=240
num_leaves=16
num_cat=0
split_feature=6 5 13 11 5 3 19 7 11 16 7 3 3 18 16
split_gain=1.31749 3.91636 2.04619 2.06284 1.61743 1.34706 1.10481 1.06977 2.40094 3.89075 2.14682 1.33079 1.74503 1.6128 0.182979
threshold=0.92519182738459482 0.26866988313759588 0.07223230506449535 0.20414880307598679 0.3504237462291826 0.58216583101416142 2.9312500000000004 0.87500000000000011 0.52900256586437266 369.05000000000001 1.0000000180025095e-35 -0.81241147629688981 -0.68322629814330804 10.062500000000002 486.75000000000006
decision_type=2 2 2 2 2 2 2 2 2 2 2 2 2 2 2
left_child=7 2 3 -2 14 -4 -6 8 10 -10 -1 13 -13 -9 -3
right_child=1 4 5 -5 6 -7 -8 11 9 -11 -12 12 -14 -15 -16
leaf_value=-0.0023606494696862858 0.0083183887057199177 -0.0048108384942232357 1.2464804670511568e-05 -0.00094119183781958169 0.0085184051472062313 -0.0014015528663266132 -0.0018912070588467085 -0.00082467468060528303 0.0011382981733030677 -0.00013652484618960529 -0.00045996647767546875 0.00021418739318978324 2.0520307092370352e-05 -0.00016076309651911013 -0.00043812820242941121
leaf_weight=1891 118 746 4122 82 41 1323 279 909 2492 3375 5924 4867 46226 8976 43
leaf_count=1891 118 746 4122 82 41 1323 279 909 2492 3375 5924 4867 46226 8976 43
internal_value=-8.19281e-05 -0.000750667 -0.000217007 0.00475 -0.00346709 -0.00039945 -0.000468751 -2.14317e-05 -0.000420992 0.000343445 -0.000994883 6.82201e-05 0.000170962 -0.000462824 -0.00468314
internal_weight=81414 6754 5645 200 1109 5445 320 74660 13682 5867 7815 60978 51093 9885 789
internal_count=81414 6754 5645 200 1109 5445 320 74660 13682 5867 7815 60978 51093 9885 789
is_linear=0
shrinkage=0.05


Tree=241
num_leaves=14
num_cat=0
split_feature=6 3 11 15 0 15 21 11 19 0 20 21 1
split_gain=1.36347 1.50898 2.02747 0.981107 1.10662 4.03843 3.60369 0.90121 0.888904 0.156691 0.396182 0.0817352 0.0709895
threshold=0.99958851518450398 -0.47114434510950071 0.20998596342546683 834.50000000000011 518.14996634307329 431.50000000000006 0.97906082590804389 0.89688797891167793 22.718750000000004 179.4956832592263 0.61812500000000015 0.9711312372502785 61.669053543395812
decision_type=2 2 2 2 2 2 2 2 2 2 2 2 2
left_child=3 2 -2 4 5 -1 -6 8 -5 12 -11 -9 -3
right_child=1 9 -4 7 6 -7 -8 11 -10 10 -12 -13 -14
leaf_value=-1.3923311409466245e-07 -0.014106208466145584 -0.013743187830726145 0.0047935124720766926 5.6531430214850213e-05 2.0730780136114857e-05 -0.00022451666739629669 0.00015128099360494393 -0.0001154387676694969 -0.00020354206590657761 -0.00030470658746988206 -0.0045822816462681116 -0.00033470888081994348 -0.0039813862141420426
leaf_weight=55093 41 41 50 204 17118 6070 1788 40 336 65 72 179 254
leaf_count=55093 41 41 50 204 17118 6070 1788 40 336 65 72 179 254
internal_value=-6.52124e-05 -0.00260994 0.00324176 -4.87467e-05 -3.17863e-05 -0.000135132 0.000302548 -0.00183795 -0.000740742 -0.00384259 -0.00244526 -0.00454338 -0.00449153
internal_weight=81351 523 91 80828 80069 61163 18906 759 540 432 137 219 295
internal_count=81351 523 91 80828 80069 61163 18906 759 540 432 137 219 295
is_linear=0
shrinkage=0.05


Tree=242
num_leaves=16
num_cat=0
split_feature=20 13 21 16 22 11 7 13 21 19 6 5 6 18 16
split_gain=1.31332 3.76814 3.57019 5.85454 3.53032 3.73678 4.07119 2.35396 3.43623 2.85656 2.35299 2.32538 3.50374 3.38073 1.19503
threshold=1.5256250000000005 0.47566966006637723 0.72335850401626589 323.50000000000006 0.27557646666571983 0.20141413953236431 1.3750000000000002 0.42642486921547479 0.13027093223288647 2.9312500000000004 0.90070004940655357 0.47559651477048942 0.63755505330306683 14.812500000000002 14.050000000000002
decision_type=2 2 2 2 2 2 2 2 2 2 2 2 2 2 2
left_child=1 11 3 -3 5 14 -7 8 -6 -9 -4 13 -13 -1 -2
right_child=4 2 10 -5 7 6 -8 9 -10 -11 -12 12 -14 -15 -16
leaf_value=-0.00049668825893752465 -0.0022958119290588746 0.00055125907496400431 -0.00016036825346326701 0.0032187498613016684 0.0046149295584927063 0.0027432790963325708 -0.00074205337873705821 -0.0014385526949553286 0.00031304433722768789 -2.1150160911589827e-06 0.0021545422540900326 -0.00039063745909397426 0.0033042177432537653 -0.0014289443908361498 -0.00014401334549969224
leaf_weight=5999 2947 6083 6573 185 47 580 1345 583 17767 30050 341 2076 669 5522 663
leaf_count=5999 2947 6083 6573 185 47 580 1345 583 17767 30050 341 2076 669 5522 663
internal_value=-8.96487e-05 -0.000371249 0.000238202 0.00110242 5.35352e-05 -0.00114273 0.000636362 0.000190207 0.000647243 -7.55733e-05 -0.000545272 -0.000934391 0.000373405 -0.00124599 -0.00209141
internal_weight=81430 27448 13182 6268 53982 5535 1925 48447 17814 30633 6914 14266 2745 11521 3610
internal_count=81430 27448 13182 6268 53982 5535 1925 48447 17814 30633 6914 14266 2745 11521 3610
is_linear=0
shrinkage=0.05


Tree=243
num_leaves=11
num_cat=0
split_feature=6 19 15 19 6 5 6 9 13 0
split_gain=1.4258 1.2845 1.14256 1.06636 0.998368 0.886341 0.866941 0.808432 0.372885 0.199667
threshold=0.99958851518450398 -1.0562499999999997 834.50000000000011 31.243750000000002 -0.99983123799342477 0.7210268013660811 0.97461712852231652 0.24860566422379807 0.47260924445986313 179.4956832592263
decision_type=2 2 2 2 2 2 2 2 2 2
left_child=1 5 3 -3 -4 6 -1 8 9 -2
right_child=7 2 4 -5 -6 -7 -8 -9 -10 -11
leaf_value=-0.0034998708024488855 -0.0048023606442119185 -8.5422902961946286e-06 0.00010212932007406413 -0.00013238248764540331 -0.00015978008310741997 0.0010988166267008848 6.027020300180897e-05 0.0017634486345139485 0.00014533257953403342 -0.0020112231260452046
leaf_weight=413 296 78731 60 709 677 69 125 79 42 104
leaf_count=413 296 78731 60 709 677 69 125 79 42 104
internal_value=-8.94791e-05 -7.26641e-05 -5.53163e-05 -3.71361e-05 -0.00201493 -0.00236409 -0.00304833 -0.00269674 -0.00352941 -0.004
internal_weight=81305 80784 80177 79440 737 607 538 521 442 400
internal_count=81305 80784 80177 79440 737 607 538 521 442 400
is_linear=0
shrinkage=0.05


Tree=244
num_leaves=16
num_cat=0
split_feature=6 5 5 22 0 12 17 6 20 21 6 16 9 7 16
split_gain=1.68315 5.06527 2.3085 1.81037 1.39986 1.35888 2.80321 6.58824 2.11781 1.69886 3.88687 3.4604 0.276864 0.520694 0.021819
threshold=0.93769647993491489 0.26866988313759588 0.22700754078277605 0.37986553897203074 203.3222694408245 35.550000000000004 30.500000000000004 0.90803977035715633 2.7281250000000008 0.84311250358172385 -0.99628250747696534 423.00000000000006 0.28777287929503853 1.6250000000000002 451.35000000000008
decision_type=2 2 2 2 2 2 2 2 2 2 2 2 2 2 2
left_child=5 2 4 -4 -2 6 8 -8 -1 11 -11 -7 14 -14 -3
right_child=1 12 3 -5 -6 9 7 -9 -10 10 -12 -13 13 -15 -16
leaf_value=0.00016154115208162802 -0.00026091130042696402 -0.0051916470746637437 0.0029665165636242668 -0.00052776319231531384 -0.002546223957087649 -4.5503527234827257e-05 0.00075272189443245283 0.0056086862872579751 -0.003503437376827988 0.00018858084354541393 -8.3039460223564637e-05 0.00055842619102585941 0.00030476247400571411 -0.002916057221735071 -0.0014557167239155418
leaf_weight=4109 4835 653 176 126 232 39874 6257 313 1189 900 18317 4172 42 65 43
leaf_count=4109 4835 653 176 126 232 39874 6257 313 1189 900 18317 4172 42 65 43
internal_value=-6.66039e-05 -0.000860338 -0.00030639 0.0039404 -0.000559504 -1.39875e-06 0.000489551 0.0011796 -0.000366177 -9.34998e-05 -0.000485769 7.76449e-05 -0.00456414 -0.00219626 -0.00492816
internal_weight=81303 6172 5369 302 5067 75131 11868 6570 5298 63263 19217 44046 803 107 696
internal_count=81303 6172 5369 302 5067 75131 11868 6570 5298 63263 19217 44046 803 107 696
is_linear=0
shrinkage=0.05


Tree=245
num_leaves=15
num_cat=0
split_feature=6 6 6 16 16 13 16 2 16 15 10 19 0 16
split_gain=1.17616 6.10468 3.13642 4.50072 4.9789 2.17306 3.64712 1.85634 3.76939 3.0422 1.85222 1.59492 1.73317 0.440761
threshold=-0.26037106507032781 -0.16799793862756093 -0.31800055644052067 60.550000000000004 67.850000000000009 0.87400016121159074 502.00000000000006 0.36725212901469123 390.45000000000005 305.50000000000006 424.80000000000007 22.306250000000002 427.71253159980762 4.6500000000000012
decision_type=2 2 2 2 2 2 2 2 2 2 2 2 2 2
left_child=2 5 7 13 -5 10 -7 8 -1 -9 -2 12 -3 -4
right_child=1 11 3 4 -6 6 -8 9 -10 -11 -12 -13 -14 -15
leaf_value=-0.00013402720207546134 -0.0018766682428475985 -0.00011497627813757022 -3.4669078905922313e-05 0.0087957405405444024 0.0020177559047980121 -0.0012350274345765393 0.00056673506328384297 0.00075000802472872171 -0.0015039783857832547 -1.2135464757587573e-05 0.00052465378700249988 -0.00085579129324886254 0.00014941457341306644 -0.0039274558104142277
leaf_weight=6953 2211 35384 55 41 1326 85 40 7505 1291 21515 193 165 4364 221
leaf_count=6953 2211 35384 55 41 1326 85 40 7505 1291 21515 193 165 4364 221
internal_value=-6.32472e-05 -0.000245277 0.000135322 0.00227328 0.00344916 -0.00262752 0.0038 4.10572e-05 -0.000621059 0.000229151 -0.00296173 -9.43314e-05 -7.39672e-05 -0.00355073
internal_weight=81349 42442 38907 1643 1367 2529 125 37264 8244 29020 2404 39913 39748 276
internal_count=81349 42442 38907 1643 1367 2529 125 37264 8244 29020 2404 39913 39748 276
is_linear=0
shrinkage=0.05


Tree=246
num_leaves=13
num_cat=0
split_feature=19 13 13 15 1 5 17 20 6 3 13 22
split_gain=1.07931 1.12595 1.44191 1.03581 1.24812 2.0599 1.41772 0.630674 0.592787 0.709593 0.470784 0.398663
threshold=-1.0562499999999997 0.58420620223121067 0.61085895158875358 839.50000000000011 874.16721412630341 -0.25205528343633254 370.50000000000006 1.0381250000000002 -0.99983123799342477 0.47114434510950071 0.67516823133136128 0.80364765204188771
decision_type=2 2 2 2 2 2 2 2 2 2 2 2
left_child=1 7 -3 4 6 -6 -2 11 -5 -10 -4 -1
right_child=3 2 10 8 5 -7 -8 -9 9 -11 -12 -13
leaf_value=-0.0010695422939822512 -1.5801644725343493e-05 0.0055063117330740189 -0.00055248452791383819 4.7712190214252152e-05 0.0015810025347917697 0.0004340337674823689 -0.00089120456135937081 0.00019325351698776922 -0.00022011359319195364 0.00010322875232260717 0.0003066966808801053 -0.0031530405008558687
leaf_weight=73 77895 41 49 59 58 1833 201 79 493 40 51 308
leaf_count=73 77895 41 49 59 58 1833 201 79 493 40 51 308
internal_value=-6.03609e-05 -0.00217138 0.00173759 -4.46158e-05 -2.91934e-05 0.00124008 -5.99274e-05 -0.00336957 -0.00212838 -0.00265479 -0.0015 -0.0042126
internal_weight=81180 601 141 80579 79987 1891 78096 460 592 533 100 381
internal_count=81180 601 141 80579 79987 1891 78096 460 592 533 100 381
is_linear=0
shrinkage=0.05


Tree=247
num_leaves=15
num_cat=0
split_feature=6 5 5 5 22 1 13 6 3 19 11 10 9 11
split_gain=1.26453 3.53575 1.60772 1.49859 1.43459 1.41362 1.34678 1.11607 6.45342 1.68436 1.25129 1.37342 1.32129 0.291003
threshold=0.92519182738459482 0.26866988313759588 0.3504237462291826 0.22700754078277605 0.56359132608277374 257.17193324728959 0.14097454659235589 0.91511078773075516 0.72947329433276253 9.0062500000000032 1.1374882056746016 32.550000000000004 0.98332327887613213 0.26609354145964942
decision_type=2 2 2 2 2 2 2 2 2 2 2 2 2 2
left_child=7 3 13 5 -4 -2 -5 10 9 -9 12 -12 -1 -3
right_child=1 2 4 6 -6 -7 -8 8 -10 -11 11 -13 -14 -15
leaf_value=-1.3794411858649543e-05 -0.00023669327979915157 -0.0058221790961367065 -0.0013316832269398133 0.0057539519603106333 0.01094703023710447 -0.0025592698770303653 0.00086957607274246022 0.0016863961594717706 0.0094041469809285419 -0.0059540437798202605 -0.0031853443581902883 0.0044707393206021902 -0.00082045416678648759 -0.0013793406481580172
leaf_weight=73613 5165 615 272 56 60 204 250 269 74 123 43 63 208 208
leaf_count=73613 5165 615 272 56 60 204 250 269 74 123 43 63 208 208
internal_value=-9.56022e-05 -0.000746707 -0.0032684 -0.000233481 -0.000331326 -0.000427455 0.00316993 -3.58245e-05 0.00240343 -0.000153062 -5.12003e-05 0.00537736 -5.89952e-05 -0.00445322
internal_weight=81223 6830 1155 5675 332 5369 306 74393 466 392 73927 106 73821 823
internal_count=81223 6830 1155 5675 332 5369 306 74393 466 392 73927 106 73821 823
is_linear=0
shrinkage=0.05


Tree=248
num_leaves=16
num_cat=0
split_feature=7 11 17 19 16 15 11 3 6 5 19 22 20 2 16
split_gain=0.997593 2.34875 2.83872 2.82289 1.79827 1.32927 2.36533 1.20517 1.11014 2.78165 1.61672 1.58443 1.67119 1.54021 0.446224
threshold=0.87500000000000011 0.8157019903499424 111.50000000000001 26.806250000000002 238.65000000000001 371.50000000000006 0.28847425333536558 0.47114434510950071 0.92519182738459482 0.26866988313759588 6.418750000000002 1.3520815728244231 4.001875000000001 0.29351060719892536 113.45000000000002
decision_type=2 2 2 2 2 2 2 2 2 2 2 2 2 2 2
left_child=1 5 3 -3 -4 6 -1 -7 11 13 -11 12 -2 -10 -13
right_child=8 2 4 -5 -6 7 -8 -9 9 10 -12 14 -14 -15 -16
leaf_value=-0.0016249170803052855 6.0602401576511289e-05 0.00055373284254531176 0.0025489324867761388 0.00021005258173618273 -0.00011356410183525382 -0.00042998656829820779 0.00013842660360903125 -0.0013213615527034334 0.00012779067754614408 -0.0038377718164462437 0.0014768035436088739 -0.00088220878271594175 -0.00018871966558386638 -0.0016663315723375654 -0.0020062544770015878
leaf_weight=4223 50369 441 138 51 1351 1757 6216 785 4021 856 72 119 10046 605 231
leaf_count=4223 50369 441 138 51 1351 1757 6216 785 4021 856 72 119 10046 605 231
internal_value=-7.63413e-05 -0.000445129 0.0011585 0.00445122 7.05159e-05 -0.000689856 -0.000440177 -0.00171519 6.85959e-06 -0.000669789 -0.0031681 6.87061e-05 8.81392e-05 -0.000168613 -0.00328572
internal_weight=81281 14962 1981 492 1489 12981 10439 2542 66319 5554 928 60765 60415 4626 350
internal_count=81281 14962 1981 492 1489 12981 10439 2542 66319 5554 928 60765 60415 4626 350
is_linear=0
shrinkage=0.05


Tree=249
num_leaves=16
num_cat=0
split_feature=6 5 19 7 4 15 12 16 5 16 4 0 1 6 11
split_gain=1.35846 3.30813 1.56866 1.43676 1.43584 1.75598 1.15223 1.45182 2.92237 1.49362 1.28335 1.17807 0.873005 0.412571 0.274384
threshold=0.92519182738459482 0.26866988313759588 5.1312500000000005 2.1250000000000004 -0.99465189230620676 99.500000000000014 551.25000000000011 794.90000000000009 -0.70898476237405783 654.60000000000014 -0.93540483100319616 638.52160618298478 752.11082820860713 0.99958851518450398 0.26609354145964942
decision_type=2 2 2 2 2 2 2 2 2 2 2 2 2 2 2
left_child=6 4 14 -4 13 -6 7 9 -9 -1 11 -8 -12 -2 -3
right_child=1 2 3 -5 5 -7 10 8 -10 -11 12 -13 -14 -15 -16
leaf_value=3.0465491023197593e-05 -0.0022797674132041547 -0.0047271070458016831 0.0024580178924725749 -0.00087919497733030764 -0.00030308257321125703 0.0012770174212099388 0.0010194445420669271 0.00025160476056268629 2.7337381843579287e-05 -0.00010288070396469835 0.00088065440864623407 -6.3462740430841175e-05 -0.00032331818766563613 0.0058795799235451824 -0.0012962668403676042
leaf_weight=63817 531 682 53 89 4275 820 208 285 1727 4645 135 2168 1158 53 301
leaf_count=63817 531 682 53 89 4275 820 208 285 1727 4645 135 2168 1158 53 301
internal_value=-6.8997e-05 -0.000745151 -0.00322222 0.00169014 -0.000254447 1.47191e-05 -6.94723e-06 3.8027e-05 0.00136183 -8.77591e-07 -0.000870811 -0.000180978 -0.00213844 -0.00260274 -0.00393184
internal_weight=80947 6804 1125 142 5679 5095 74143 70474 2012 68462 3669 2376 1293 584 983
internal_count=80947 6804 1125 142 5679 5095 74143 70474 2012 68462 3669 2376 1293 584 983
is_linear=0
shrinkage=0.05


Tree=250
num_leaves=15
num_cat=0
split_feature=1 13 6 2 5 7 11 6 4 13 22 1 11 19
split_gain=0.912847 1.38707 2.06948 1.45024 1.2177 1.21411 4.69784 1.18693 1.07576 1.34235 0.873703 0.825101 1.7032 0.876556
threshold=30.756404504554286 0.07223230506449535 0.96633974041180493 0.84112229853159326 0.10837544681456425 1.0000000180025095e-35 0.53211130329917833 0.9989598388634241 0.29012925520284133 0.84424543189909906 0.6487423759051355 27.787469958067373 0.61171929670609992 6.2312500000000011
decision_type=2 2 2 2 2 2 2 2 2 2 2 2 2 2
left_child=8 2 3 -2 -4 6 -3 -7 11 10 -10 13 -13 -1
right_child=1 5 4 -5 -6 7 -8 -9 9 -11 -12 12 -14 -15
leaf_value=0.0016146954229900165 -0.0028329117636699611 -0.0023097563190807003 0.0015995715109956153 0.0017605414226009879 0.0064320404118284082 -1.5544895285351384e-05 0.00025868538081416382 -0.002405047169639473 -0.0048321561397445464 0.0074071968802478421 0.0030836478686288157 0.00070992534949146564 0.0058145150310467617 -0.00032559936539649327
leaf_weight=905 1466 1927 78 48 47 72618 1490 683 48 66 78 262 62 1488
leaf_count=905 1466 1927 78 48 47 72618 1490 683 48 66 78 262 62 1488
internal_value=-0.000111733 -0.000144022 -0.00158328 -0.00209379 0.0046 -0.000113273 -0.00103453 -7.03277e-05 0.000757991 0.004375 0.00134921 0.000502391 0.00287037 0.000181779
internal_weight=81266 78357 1639 1514 125 76718 3417 73301 2909 192 126 2717 324 2393
internal_count=81266 78357 1639 1514 125 76718 3417 73301 2909 192 126 2717 324 2393
is_linear=0
shrinkage=0.05


Tree=251
num_leaves=13
num_cat=0
split_feature=19 6 16 3 21 6 15 6 16 5 13 22
split_gain=1.27719 1.05796 1.091 2.58181 2.11982 0.825135 0.798881 0.781182 0.977985 0.866543 0.411403 0.1746
threshold=-1.0562499999999997 0.99958851518450398 276.05000000000007 0.63405362205439464 0.95459619071755297 0.99999537620422141 108.50000000000001 0.97461712852231652 153.75000000000003 0.7210268013660811 0.59407473113562481 0.80364765204188771
decision_type=2 2 2 2 2 2 2 2 2 2 2 2
left_child=7 2 4 -4 -2 10 -7 9 -9 11 -3 -1
right_child=1 5 3 -5 -6 6 -8 8 -10 -11 -12 -13
leaf_value=-0.0025146253095104983 1.07161106902616e-05 -0.0043417666119668291 -5.6143002314893253e-06 -0.00028533458780812329 0.0010312982370442722 0.0029642921764044348 -0.0071579164236863727 -0.00064417270395650738 0.0010813484828673182 0.00029674222265247823 0.0011681082010493494 -0.0032026284014609534
leaf_weight=89 44380 338 25815 7469 2382 103 41 55 78 63 40 324
leaf_count=89 44380 338 25815 7469 2382 103 41 55 78 63 40 324
internal_value=-9.15912e-05 -7.43483e-05 -5.97169e-05 -0.000278513 9.60169e-05 -0.00231801 0.000902777 -0.00237274 0.00101504 -0.00331933 -0.00354497 -0.00415254
internal_weight=81177 80568 80046 33284 46762 522 144 609 133 476 378 413
internal_count=81177 80568 80046 33284 46762 522 144 609 133 476 378 413
is_linear=0
shrinkage=0.05


Tree=252
num_leaves=14
num_cat=0
split_feature=19 13 8 11 19 10 17 16 13 13 13 20 3
split_gain=1.37282 1.04265 1.0247 4.1407 3.47617 2.9829 5.56992 2.47367 1.92894 0.781152 0.814545 0.455857 0.338765
threshold=-1.0562499999999997 0.58420620223121067 1.0000000180025095e-35 0.16798592453603753 16.456250000000008 10.350000000000001 89.500000000000014 253.05000000000004 0.15388118765679046 0.60757757968179427 0.67516823133136128 0.53562500000000013 0.72947329433276253
decision_type=2 2 2 2 2 2 2 2 2 2 2 2 2
left_child=1 11 5 4 -4 7 -7 -2 -5 -3 -11 -1 -13
right_child=2 9 3 8 -6 6 -8 -9 -10 10 -12 12 -14
leaf_value=-0.003459136553253599 0.00062583092695582608 0.0051193002260933743 -0.0023207018596093929 0.00086792800108523207 0.0011166075151287237 0.0094776736388819532 -0.00025625763964232383 -0.00017659428097013561 -1.189581248535173e-05 -0.00051786134436047611 0.00061499046208707069 -0.00079635605939689454 -0.00042068866192598734
leaf_weight=247 12425 41 5375 3838 1156 67 106 5594 52147 56 44 63 162
leaf_count=247 12425 41 5375 3838 1156 67 106 5594 52147 56 44 63 162
internal_value=-3.26496e-05 -0.00238989 -1.47457e-05 -0.000110853 -0.00130225 0.000315522 0.00684971 0.000252788 2.81313e-05 0.00138298 -0.001 -0.00351695 -0.00188889
internal_weight=81321 613 80708 62516 6531 18192 173 18019 55985 141 100 472 225
internal_count=81321 613 80708 62516 6531 18192 173 18019 55985 141 100 472 225
is_linear=0
shrinkage=0.05


Tree=253
num_leaves=14
num_cat=0
split_feature=19 6 6 16 22 6 19 19 20 19 22 10 12
split_gain=1.42529 1.06021 3.81917 3.27801 2.25945 3.19189 1.27634 1.24843 0.910946 1.96896 0.755543 0.29199 0.17716
threshold=-1.0562499999999997 -0.99052477729077237 -0.98521978256641018 527.35000000000002 0.65288773899010466 -0.99628250747696534 31.243750000000002 12.956250000000002 0.88812500000000016 -2.7562499999999996 0.80364765204188771 10.350000000000001 49.95000000000001
decision_type=2 2 2 2 2 2 2 2 2 2 2 2 2
left_child=8 4 3 -3 7 -6 -4 -2 10 -10 -1 -12 -11
right_child=1 2 6 -5 5 -7 -8 -9 9 12 11 -13 -14
leaf_value=0.0035146585928383018 0.0047096148125656111 0.0010230257920583678 -1.8260859927617261e-05 0.0013699398866321203 0.00014125835055096194 -0.00059485237231273564 -0.00027718511777485822 -0.0041912379919429189 0.00089701595799395535 -0.0016873755726391896 -0.0031200918066242572 -0.00024264145951878927 -0.00040356544692204922
leaf_weight=75 41 864 74824 216 1748 1293 540 1234 44 51 339 48 47
leaf_count=75 41 864 74824 216 1748 1293 540 1234 44 51 339 48 47
internal_value=-9.6727e-05 -7.86292e-05 -3.55828e-05 0.00291667 -0.000841058 -0.000100297 -7.78898e-05 -0.00260784 -0.00251656 0.000985914 -0.00359307 -0.00448321 -0.00295918
internal_weight=81364 80760 76444 1080 4316 3041 75364 1275 604 142 462 387 98
internal_count=81364 80760 76444 1080 4316 3041 75364 1275 604 142 462 387 98
is_linear=0
shrinkage=0.05


Tree=254
num_leaves=12
num_cat=0
split_feature=19 20 19 12 17 0 1 5 6 5 22
split_gain=0.98448 1.07652 1.56444 0.945534 1.46313 1.44079 1.17054 5.81496 1.27707 0.565757 0.724253
threshold=-1.3812499999999999 0.86937500000000012 -2.7562499999999996 551.25000000000011 370.50000000000006 518.14996634307329 877.4997638195066 -0.15101209918632377 -0.33426211444629356 0.26866988313759588 1.0309857003039347
decision_type=2 2 2 2 2 2 2 2 2 2 2
left_child=1 9 -3 4 5 -2 8 -8 -5 10 -1
right_child=3 2 -4 6 -6 -7 7 -9 -10 -11 -12
leaf_value=0.00090768850181572084 -6.8219638385021107e-05 0.00081034063901611248 -0.00073382207322797259 -0.00018918520991846775 -0.00171268022619347 7.4450630589470093e-05 0.0034444081760650262 -4.2296638407232463e-05 0.0048235252320052166 -0.0046660173841136269 -0.00091357776437273649
leaf_weight=74 61091 46 79 2935 149 15842 64 691 46 247 82
leaf_count=74 61091 46 79 2935 149 15842 64 691 46 247 82
internal_value=-0.000101789 -0.00225379 0.0018 -8.77292e-05 -5.00777e-05 -4.0491e-05 -0.000864562 0.000894039 -0.00130996 -0.00351117 -0.00115385
internal_weight=81346 528 125 80818 77082 76933 3736 755 2981 403 156
internal_count=81346 528 125 80818 77082 76933 3736 755 2981 403 156
is_linear=0
shrinkage=0.05


Tree=255
num_leaves=15
num_cat=0
split_feature=6 6 22 16 17 21 11 20 3 0 22 16 3 22
split_gain=1.33762 3.94776 7.2423 4.11612 2.57439 1.41354 2.45 1.21393 1.05564 1.62834 0.978258 1.2674 0.900731 0.426463
threshold=0.87709077819680659 0.86869874770991873 0.8500827406574144 3.9500000000000006 101.50000000000001 1.188714584207051 0.33147565027900833 3.7681250000000008 0.29012925520284144 226.18401149456633 1.3520815728244231 134.75000000000003 0.2269546835593246 0.44495228031460682
decision_type=2 2 2 2 2 2 2 2 2 2 2 2 2 2
left_child=1 10 3 -3 5 7 -7 -2 13 -10 12 -12 -1 -6
right_child=4 2 -4 -5 8 6 -8 -9 9 -11 11 -13 -14 -15
leaf_value=4.0514348142371023e-05 -0.00052818287019409319 0.011602136569820511 0.014607472097281474 -0.0014939282765045769 -0.00034273617585821293 -0.0074128559093042529 0.0036568782531361168 0.00080844736597564769 -0.0015490584131384849 0.0067608150649223295 0.0005715381200279713 -0.0022851681047614484 -6.0390201212067234e-05 -0.0040510517616423854
leaf_weight=41281 6293 80 47 183 71 40 40 1693 189 40 208 242 30404 523
leaf_count=41281 6293 80 47 183 71 40 40 1693 189 40 208 242 30404 523
internal_value=-5.61893e-05 1.48377e-05 0.00564516 0.00241445 -0.000635056 -0.000363254 0.00625 -0.000429503 -0.00329891 -0.000414848 -9.35865e-06 -0.00233333 5.23003e-06 -0.00441078
internal_weight=81334 72445 310 263 8889 8066 80 7986 823 229 72135 450 71685 594
internal_count=81334 72445 310 263 8889 8066 80 7986 823 229 72135 450 71685 594
is_linear=0
shrinkage=0.05


Tree=256
num_leaves=16
num_cat=0
split_feature=7 10 22 10 10 8 16 9 12 2 9 4 12 22 17
split_gain=0.95827 1.90635 2.59153 2.49917 1.49247 2.96133 2.43587 2.1571 1.85171 2.68466 1.7677 1.02899 0.754504 0.835589 0.389813
threshold=5.3750000000000009 163.05000000000004 1.0152238932740343 16.050000000000004 48.45000000000001 1.0000000180025095e-35 253.05000000000004 0.13352981246318527 42.750000000000007 0.36174732109570135 0.83165033786439546 -0.84874750804349175 56.550000000000004 0.95303003741980097 141.50000000000003
decision_type=2 2 2 2 2 2 2 2 2 2 2 2 2 2 2
left_child=4 2 11 -4 5 6 -1 -7 10 -10 -6 -2 13 -3 -14
right_child=1 12 3 -5 8 7 -8 -9 9 -11 -12 -13 14 -15 -16
leaf_value=0.00036200912545043649 0.0009221691319119329 0.0013875928623519221 0.00086047532366074304 1.4839041121718008e-05 0.00082347083075848346 -0.0028053215625661759 -0.00028705194427769041 -0.00037559826171086868 -0.0005455330951806926 2.0872182296643817e-05 -0.0021683670860768683 -4.5348505616592364e-05 -0.00039066952911133532 -0.00073965377166419028 -0.00029820886488496692
leaf_weight=11482 2072 291 124 94 6635 2458 4996 8934 7665 33033 485 1574 557 110 623
leaf_count=11482 2072 291 124 94 6635 2458 4996 8934 7665 33033 485 1574 557 110 623
internal_value=-6.67435e-05 0.00057392 0.00117236 0.00646789 -0.000112833 -0.000403661 2.48805e-05 -0.00102353 5.6672e-05 -7.34692e-05 0.000800561 0.000855731 -0.000888679 0.000985036 -0.00152542
internal_weight=81133 5445 3864 218 75688 27870 16478 11392 47818 40698 7120 3646 1581 401 1180
internal_count=81133 5445 3864 218 75688 27870 16478 11392 47818 40698 7120 3646 1581 401 1180
is_linear=0
shrinkage=0.05


Tree=257
num_leaves=14
num_cat=0
split_feature=19 7 11 21 8 11 12 20 13 13 13 10 5
split_gain=1.48866 1.22416 2.29476 3.87111 1.89441 1.44698 1.78031 1.50264 0.575931 0.749754 0.494609 0.368677 0.153125
threshold=-1.0562499999999997 0.87500000000000011 0.28140163767282411 0.47949992508414002 1.0000000180025095e-35 0.79253942258403909 129.15000000000003 4.001875000000001 0.54402649595508257 0.58726683866052476 0.67516823133136128 7.3500000000000005 0.56369777965491019
decision_type=2 2 2 2 2 2 2 2 2 2 2 2 2
left_child=8 2 4 -4 -2 7 -7 -3 11 -10 -11 12 -1
right_child=1 5 3 -5 -6 6 -8 -9 9 10 -12 -13 -14
leaf_value=-0.0034778785248690543 0.00020819777654702343 0.00010310873872822006 0.0011866149442162968 -0.00014776696278785741 -0.0023139986526245944 -0.00087817174619547571 -7.8687489211301318e-06 -0.00021861526548155779 0.00029397781640403217 -0.00040981531717282284 0.00015397970997101549 0.00032238747936445095 -0.00061382377073407855
leaf_weight=320 1108 46530 2417 8142 3134 3127 6416 9778 67 79 46 44 40
leaf_count=320 1108 46530 2417 8142 3134 3127 6416 9778 67 79 46 44 40
internal_value=-7.74185e-05 -5.90202e-05 -0.000469902 -7.52924e-05 -0.00145215 3.33316e-05 -0.000535996 0.000129821 -0.00256712 -0.000312501 -0.0026 -0.00363862 -0.00416667
internal_weight=81248 80652 14801 10559 4242 65851 9543 56308 596 192 125 404 360
internal_count=81248 80652 14801 10559 4242 65851 9543 56308 596 192 125 404 360
is_linear=0
shrinkage=0.05


Tree=258
num_leaves=14
num_cat=0
split_feature=6 5 3 22 19 20 22 12 17 19 17 16 22
split_gain=0.811183 4.53095 16.1696 2.85014 1.78177 3.16111 3.17918 1.73918 5.24592 2.32576 1.63767 3.40415 2.12541
threshold=-0.75013812021657655 0.64579916509010216 -0.84874750804349153 0.87342629374869396 19.918750000000006 5.470625000000001 0.96856514144734418 235.65000000000003 85.500000000000014 17.768750000000008 237.50000000000003 14.050000000000002 0.25465851305898707
decision_type=2 2 2 2 2 2 2 2 2 2 2 2 2
left_child=1 10 -3 -4 7 6 -6 9 -9 -2 12 -12 -1
right_child=4 2 3 -5 5 -7 -8 8 -10 -11 11 -13 -14
leaf_value=-0.0021007849896369445 -0.00019907598155642246 0.0064066285978532714 -0.0035849329349573692 0.0046982098993849451 -0.00048801768407376626 0.0088701418522086316 4.8585943413077717e-05 0.0029047453453821372 7.894605854190914e-05 0.0011486467713752184 0.0053930733918477244 -0.00030066916201263122 0.00012068333595096703
leaf_weight=1093 41367 59 146 49 5053 52 1833 393 8714 1574 63 5156 15760
leaf_count=1093 41367 59 146 49 5053 52 1833 393 8714 1574 63 5156 15760
internal_value=-8.55974e-05 0.0001711 0.00681102 -0.000128206 -0.000182756 -0.000935429 -0.00102817 -8.24251e-05 0.000545184 -0.000215529 9.46889e-05 -0.00067925 0.000334361
internal_weight=81312 22326 254 195 58986 6938 6886 52048 9107 42941 22072 5219 16853
internal_count=81312 22326 254 195 58986 6938 6886 52048 9107 42941 22072 5219 16853
is_linear=0
shrinkage=0.05


Tree=259
num_leaves=14
num_cat=0
split_feature=19 7 18 3 22 10 3 16 13 13 5 20 5
split_gain=0.976324 0.889101 1.51134 2.04069 1.47097 1.08877 2.62465 2.50076 0.710422 0.96793 0.617647 0.500925 0.277999
threshold=-1.0562499999999997 4.1250000000000009 81.937500000000014 0.63405362205439464 0.26880829936081596 118.05000000000003 0.98611507088852057 307.45000000000005 0.54402649595508257 0.58726683866052476 0.56369777965491019 1.0743750000000003 0.26866988313759588
decision_type=2 2 2 2 2 2 2 2 2 2 2 2 2
left_child=8 5 3 -3 -4 7 -7 -2 10 -10 12 -11 -1
right_child=1 2 4 -5 -6 6 -8 -9 9 11 -12 -13 -14
leaf_value=-0.00094950633312604034 -0.00010650443375625212 0.00021641224898165867 -0.0018992661720438093 -0.00029304690897410859 8.4564987617013783e-06 6.9892438283141189e-06 0.0013407001556348373 -0.00032819507830178756 0.00067488837676256278 -0.00064018704718002135 0.0025380976502927532 0.00015733318171003412 -0.0040718628186281495
leaf_weight=118 25219 8933 1503 1545 8694 27462 93 7257 69 85 51 41 239
leaf_count=118 25219 8933 1503 1545 8694 27462 93 7257 69 85 51 41 239
internal_value=-9.34103e-05 -7.8434e-05 0.000204352 0.000626072 -0.00022899 -0.000175827 5.53427e-05 -0.000371968 -0.00209785 0.000384614 -0.00328431 -0.00222222 -0.00401961
internal_weight=81309 80706 20675 10478 10197 60031 27555 32476 603 195 408 126 357
internal_count=81309 80706 20675 10478 10197 60031 27555 32476 603 195 408 126 357
is_linear=0
shrinkage=0.05


Tree=260
num_leaves=13
num_cat=0
split_feature=6 12 17 2 4 18 3 11 1 5 0 7
split_gain=1.18466 1.11104 1.43549 1.37828 1.2192 1.06175 1.06055 1.29691 0.711328 0.168156 0.23662 0.0171717
threshold=0.99958851518450398 551.25000000000011 370.50000000000006 0.65721385385793796 -0.93540483100319616 99.687500000000014 -0.41248606129204529 0.20998596342546683 752.11082820860713 -1.0000000180025095e-35 179.4956832592263 4.3750000000000009
decision_type=2 2 2 2 2 2 2 2 2 2 2 2
left_child=1 2 3 -1 5 -3 7 -2 -6 11 -11 -8
right_child=6 4 -4 -5 8 -7 9 -9 -10 10 -12 -13
leaf_value=-5.3787197002119931e-05 -0.011604415123298566 2.4783606396269542e-05 -0.0016492393218951271 8.4282973570797335e-05 0.00091090466551424119 -0.0023892767849734396 -0.0041154902338679817 0.004482981173061079 -0.00035392458432197918 -0.0044176752927625289 -0.00037097459679731902 -0.0049196037433581934
leaf_weight=60557 49 2011 144 16552 135 369 136 58 1158 163 76 44
leaf_count=60557 49 2011 144 16552 135 369 136 58 1158 163 76 44
internal_value=-6.82623e-05 -5.2889e-05 -1.24926e-05 -3.17851e-06 -0.000902533 -0.000231094 -0.00243346 0.00200934 -0.00213844 -0.00356802 -0.00269875 -0.00472222
internal_weight=81452 80926 77253 77109 3673 2380 526 107 1293 419 239 180
internal_count=81452 80926 77253 77109 3673 2380 526 107 1293 419 239 180
is_linear=0
shrinkage=0.05


Tree=261
num_leaves=15
num_cat=0
split_feature=19 22 20 20 20 6 6 5 2 9 15 0 16 13
split_gain=0.858641 1.34433 1.55638 2.12076 1.51829 0.930614 5.85138 1.90579 4.13363 1.92039 1.47577 1.17764 0.245093 0.344244
threshold=31.243750000000002 0.91515564604292654 2.4831250000000007 2.8418750000000008 0.92187500000000022 -0.26037106507032781 -0.10837475778693638 -0.95244167294248061 0.67488182174376798 0.90809929626511554 604.50000000000011 427.71253159980762 629.85000000000002 0.67516823133136128
decision_type=2 2 2 2 2 2 2 2 2 2 2 2 2 2
left_child=5 12 4 -4 -3 7 10 8 -1 -9 -7 -8 13 -2
right_child=1 2 3 -5 -6 6 11 9 -10 -11 -12 -13 -14 -15
leaf_value=0.00076352593886382298 -0.00089204438186122215 0.00018363251040319126 0.00011862994428161631 -0.00026372994347477962 -0.00014454217418509555 -0.0012430509865848189 -5.9759887742048663e-05 7.7109722388545527e-06 0.0079731053643327891 0.00021926314708551844 5.692609874415725e-05 0.00013597557654712773 -0.0003543579709391222 -6.9135953772816159e-05
leaf_weight=580 123 64 49 45 174 3706 34676 36544 103 926 387 3660 165 167
leaf_count=580 123 64 49 45 174 3706 34676 36544 103 926 387 3660 165 167
internal_value=-5.27854e-05 -0.00169632 0.00072289 0.00617021 -0.00142857 -3.6734e-05 -0.000197861 0.000142452 0.00275988 9.47413e-05 -0.00199487 -6.00077e-06 -0.00346154 -0.00258621
internal_weight=81369 787 332 94 238 80582 42429 38153 683 37470 4093 38336 455 290
internal_count=81369 787 332 94 238 80582 42429 38153 683 37470 4093 38336 455 290
is_linear=0
shrinkage=0.05


Tree=262
num_leaves=12
num_cat=0
split_feature=12 16 21 6 22 18 21 6 17 3 11
split_gain=1.01855 0.950245 2.57985 3.80295 1.48552 3.56265 2.8667 1.20083 0.354021 0.235479 0.0775281
threshold=1.0000000180025095e-35 654.60000000000014 0.95259296312453134 -0.99628250747696534 0.75404438876174906 32.062500000000007 0.56756382091553237 -0.67801649466304881 7.5000000000000009 0.81241147629689026 0.37809436374106387
decision_type=2 2 2 2 2 2 2 2 2 2 2
left_child=8 4 7 -4 6 -6 -2 -3 9 -1 -10
right_child=1 2 3 -5 5 -7 -8 -9 10 -11 -12
leaf_value=-0.0042686486562347444 7.0747472076280768e-05 -0.00015833478066959287 0.00024968332657078154 -2.8914659671055778e-05 -0.00030981600663330505 0.00019698488657852455 -0.00059244889843120799 -0.0010423838002561474 -0.0084567889661934237 0.00061140865346812957 -0.0032039347583525477
leaf_weight=49 32633 1044 374 6408 4160 22277 13479 527 138 42 40
leaf_count=49 32633 1044 374 6408 4160 22277 13479 527 138 42 40
internal_value=-6.96689e-05 -5.94558e-05 -0.000564469 -0.000141552 -1.31065e-06 0.000297499 -0.000172624 -0.0023902 -0.00314127 -0.000604397 -0.0044382
internal_weight=81171 80902 8353 6782 72549 26437 46112 1571 269 91 178
internal_count=81171 80902 8353 6782 72549 26437 46112 1571 269 91 178
is_linear=0
shrinkage=0.05


Tree=263
num_leaves=15
num_cat=0
split_feature=13 0 15 22 21 6 9 6 5 6 18 12 4 3
split_gain=0.925061 1.69766 1.47173 2.20526 1.84499 1.2387 1.202 1.10757 2.65081 1.31519 1.08 0.828575 0.795746 0.424328
threshold=0.07223230506449535 111.39725722942525 60.500000000000007 0.82147700513670652 0.18087740454765244 0.9989598388634241 0.24860566422379807 0.99349222267034787 -0.05695216311707673 0.92519182738459482 80.562500000000014 36.45000000000001 -0.99465189230620676 0.032701564615071628
decision_type=2 2 2 2 2 2 2 2 2 2 2 2 2 2
left_child=1 2 4 -4 -1 7 13 9 -9 -2 -8 12 -3 -7
right_child=5 11 3 -5 -6 6 10 8 -10 -11 -12 -13 -14 -15
leaf_value=0.0032486362619467374 1.5923370622471139e-05 0.00077141810481993751 0.0043589121063806694 0.00011441525302639567 -0.0027518600882308368 -0.0012239779577936465 -0.0010570059410736745 0.0027853646949602909 -0.00024040674454012788 -0.00061844983264133563 0.0053595979340762883 0.00067382191948313699 -0.0034205293527529326 -0.0039473011244635951
leaf_weight=359 72934 75 43 79 420 210 100 428 737 4321 50 42 1003 391
leaf_count=359 72934 75 43 79 420 210 100 428 737 4321 50 42 1003 391
internal_value=-9.97754e-06 -0.00106631 0.000549388 0.00565574 -0.000250322 1.69874e-05 -0.002004 3.63416e-05 0.00156652 1.32666e-05 0.002 -0.00236607 -0.00263451 -0.00300333
internal_weight=81192 2021 901 122 779 79171 751 78420 1165 77255 150 1120 1078 601
internal_count=81192 2021 901 122 779 79171 751 78420 1165 77255 150 1120 1078 601
is_linear=0
shrinkage=0.05


Tree=264
num_leaves=15
num_cat=0
split_feature=6 5 13 3 12 16 15 1 6 21 10 9 18 20
split_gain=0.896187 4.92373 1.70095 1.77805 1.24388 1.94415 4.42014 1.7935 2.47241 1.90117 1.73409 0.325731 0.712963 0.0830375
threshold=0.93769647993491489 0.26866988313759588 0.017875073899448646 0.63405362205439464 35.550000000000004 530.85000000000014 308.50000000000006 281.95290074667679 0.14888728888808328 0.2172718243009871 41.550000000000004 0.28777287929503853 9.0625000000000018 4.050625000000001
decision_type=2 2 2 2 2 2 2 2 2 2 2 2 2 2
left_child=4 2 -2 -4 5 10 -7 8 -6 -9 -1 13 -13 -3
right_child=1 11 3 -5 7 6 -8 9 -10 -11 -12 12 -14 -15
leaf_value=-0.00021651590587915763 0.0052111554926014469 -0.0037094167750826401 0.00015228513481494786 -0.0014937546586650287 -0.00097101214448489783 0.003380584924665358 -0.00063226344909845383 0.00080037537621085748 -2.1010804514574051e-07 -2.0826062134349972e-05 0.00084813801814546475 0.00057332689414876954 -0.001822914418631778 -0.0016854873274990989
leaf_weight=5729 55 653 4227 1098 6108 50 57 4886 7081 45165 6020 42 66 40
leaf_count=5729 55 653 4227 1098 6108 50 57 4886 7081 45165 6020 42 66 40
internal_value=-7.73293e-05 -0.000656044 -0.000111525 -0.000201879 -2.96965e-05 0.000440282 0.00714953 -0.000117806 -0.000636516 1.88795e-05 0.00037918 -0.00431336 -0.00175926 -0.0047114
internal_weight=81277 6181 5380 5325 75096 11856 107 63240 13189 50051 11749 801 108 693
internal_count=81277 6181 5380 5325 75096 11856 107 63240 13189 50051 11749 801 108 693
is_linear=0
shrinkage=0.05


Tree=265
num_leaves=16
num_cat=0
split_feature=1 13 6 13 10 4 19 5 20 6 18 5 3 4 0
split_gain=0.979561 1.15977 1.09246 1.06216 1.01022 0.652454 1.49626 0.614845 1.64886 2.17447 1.21288 1.06648 0.438633 0.430951 0.269943
threshold=30.756404504554286 0.99904443024917111 0.99958851518450398 0.062848269478243762 23.250000000000004 -0.97335555334614932 19.806250000000006 -0.35846811432664222 3.2668750000000006 0.76002003530985496 1.0000000180025095e-35 -0.20180236284700911 -0.98611507088852024 -0.68322629814330815 19.311137562419251
decision_type=2 2 2 2 2 2 2 2 2 2 2 2 2 2 2
left_child=7 2 3 -2 -4 6 -3 8 9 -1 13 -12 -7 -9 -10
right_child=1 5 4 -5 -6 12 -8 10 14 -11 11 -13 -14 -15 -16
leaf_value=0.0018132044508257089 -0.0019140825721807486 0.0020735431238011561 -0.0037097315983154171 -9.7890907102361286e-06 0.00049852807270035586 0.001112584198688815 -0.00048551159080204194 -0.00027661374608784899 -0.0069460811216589275 0.011397968509131589 -0.010610173499664557 0.00063042670305140519 -0.0017242287427377198 -0.0048298794847216574 -0.00043985174082488554
leaf_weight=882 1352 115 335 75803 139 44 91 86 92 135 118 1357 497 200 41
leaf_count=882 1352 115 335 75803 139 44 91 86 92 135 118 1357 497 200 41
internal_value=-6.0712e-05 -9.41627e-05 -7.52952e-05 -6.05935e-05 -0.00246836 -0.00205489 0.000339805 0.000839916 0.00173913 0.00242379 0.000252696 0.000830507 -0.00296673 -0.00272727 -0.00349624
internal_weight=81287 78376 77629 77155 474 747 206 2911 1150 1017 1761 1475 541 286 133
internal_count=81287 78376 77629 77155 474 747 206 2911 1150 1017 1761 1475 541 286 133
is_linear=0
shrinkage=0.05


Tree=266
num_leaves=13
num_cat=0
split_feature=15 16 5 1 17 16 6 17 16 10 20 19
split_gain=1.20938 1.42009 3.39071 4.16513 2.36165 1.41303 2.5374 1.22047 1.17493 0.571602 0.89178 0.15978
threshold=834.50000000000011 794.90000000000009 -0.70898476237405783 685.25281072908081 133.50000000000003 654.60000000000014 -0.6652727025667432 106.50000000000001 642.60000000000014 437.55000000000001 3.7456250000000009 30.606250000000006
decision_type=2 2 2 2 2 2 2 2 2 2 2 2
left_child=1 5 3 -3 -4 8 -7 -2 -1 10 -9 -11
right_child=7 2 4 -5 -6 6 -8 9 -10 11 -12 -13
leaf_value=-2.2618230532833409e-05 7.535287985601062e-05 -0.00012912461501785958 6.7656821146396035e-06 0.00046472817357287111 0.0007213515972996111 2.5522710101818479e-05 -0.00026297790103591446 -0.0001465620851862881 0.00031185785834967087 -0.00026603764833528802 0.00011482675448308139 -0.00017237090712403922
leaf_weight=72405 54 75 1936 244 74 2366 2857 337 516 273 43 40
leaf_count=72405 54 75 1936 244 74 2366 2857 337 516 273 43 40
internal_value=-5.23282e-05 -3.37392e-05 0.00118291 0.00597179 0.000422884 -7.00002e-05 -0.000864447 -0.00205489 -1.30976e-05 -0.00261905 -0.00131579 -0.00420128
internal_weight=81220 80473 2329 319 2010 78144 5223 747 72921 693 380 313
internal_count=81220 80473 2329 319 2010 78144 5223 747 72921 693 380 313
is_linear=0
shrinkage=0.05


Tree=267
num_leaves=16
num_cat=0
split_feature=16 2 9 18 19 11 15 22 18 12 21 21 15 18 18
split_gain=1.00006 2.97538 3.20368 2.67546 2.5908 2.98181 1.93942 1.62507 2.951 4.61782 3.95081 2.02484 3.23754 1.80737 1.37112
threshold=608.05000000000007 0.61134832653150351 0.88235387867772463 0.43750000000000006 11.206250000000002 0.58350205107569375 523.50000000000011 0.75404438876174906 32.062500000000007 166.35000000000002 0.95259296312453134 0.56415856109958296 482.50000000000006 69.562500000000014 96.812500000000014
decision_type=2 2 2 2 2 2 2 2 2 2 2 2 2 2 2
left_child=7 2 14 -4 5 -3 -6 11 9 -9 -10 12 -1 -13 -2
right_child=1 4 3 -5 6 -7 -8 8 10 -11 -12 13 -14 -15 -16
leaf_value=2.4259759038043139e-05 -0.00037344653628380186 0.00096856995981152699 0.00034319712495129334 -0.00011100126201736278 0.00067151909907812416 6.9850070083578877e-05 -5.9035211433175794e-06 -0.00072993750487965019 0.00010281671299595651 0.00065106366562109027 0.0013686015736771946 0.00051326022586577387 0.0030515479398019471 -0.00069948962507828869 0.00041151878158352651
leaf_weight=32563 3410 44 127 200 51 83 6447 3242 17922 266 3095 1797 51 11993 42
leaf_count=32563 3410 44 127 200 51 83 6447 3242 17922 266 3095 1797 51 11993 42
internal_value=-4.87514e-05 -0.000506537 -0.00162609 0.00310397 0.000132074 0.00720472 -6.15693e-06 1.83975e-05 0.000347603 -0.00099487 0.000571679 -0.000155591 5.91758e-05 -0.000663525 -0.00207416
internal_weight=81333 10404 3779 327 6625 127 6498 70929 24525 3508 21017 46404 32614 13790 3452
internal_count=81333 10404 3779 327 6625 127 6498 70929 24525 3508 21017 46404 32614 13790 3452
is_linear=0
shrinkage=0.05


Tree=268
num_leaves=16
num_cat=0
split_feature=7 11 16 6 18 15 6 5 19 17 19 16 17 10 10
split_gain=1.14006 4.12377 3.1936 2.05292 1.45577 1.27656 1.18571 2.6184 1.81293 1.34423 1.20122 1.84307 1.83485 1.1759 0.414655
threshold=1.0000000180025095e-35 0.58566724580970619 155.80000000000004 -0.82899557272681157 1.0000000180025095e-35 108.50000000000001 0.92519182738459482 0.26866988313759588 6.418750000000002 105.50000000000001 8.2687500000000025 1.0000000180025095e-35 290.50000000000006 43.050000000000004 321.15000000000003
decision_type=2 2 2 2 2 2 2 2 2 2 2 2 2 2 2
left_child=1 5 3 -3 -4 13 10 9 -9 -8 12 -12 -2 -1 -7
right_child=6 2 4 -5 -6 14 7 8 -10 -11 11 -13 -14 -15 -16
leaf_value=-0.0027022701104918168 0.00029791643922199012 0.0058765158478090917 0.00016587473718525185 0.0030890193160097302 -8.0909204980122984e-05 -0.003023026774251209 -6.0321651909822166e-05 -0.0026273773648627353 0.0019157201582557825 -0.0053000465689861422 -0.0015116086552724338 3.618212284252426e-06 0.0040225138674741256 0.00043596004127953951 0.000308083516837191
leaf_weight=711 13950 42 89 219 956 1221 5282 982 81 143 3362 53649 81 443 47
leaf_count=711 13950 42 89 219 956 1221 5282 982 81 143 3362 53649 81 443 47
internal_value=-5.52573e-05 -0.000909336 0.00135528 0.00630268 0.000119616 -0.00213047 -1.41892e-05 -0.000661222 -0.00293039 -0.000216591 4.49018e-05 -5.70954e-05 0.000459339 -0.000927211 -0.00322555
internal_weight=81258 3728 1306 261 1045 2422 77530 6488 1063 5425 71042 57011 14031 1154 1268
internal_count=81258 3728 1306 261 1045 2422 77530 6488 1063 5425 71042 57011 14031 1154 1268
is_linear=0
shrinkage=0.05


Tree=269
num_leaves=13
num_cat=0
split_feature=15 16 21 3 19 6 20 20 19 5 9 4
split_gain=1.12311 1.26213 4.54978 3.56196 1.06487 1.0611 0.977393 0.97577 0.523995 0.827504 0.337778 0.292289
threshold=839.50000000000011 860.80000000000007 1.0227432954862874 0.41248606129204562 31.243750000000002 -0.99983123799342477 1.5256250000000005 0.88812500000000016 21.556250000000006 0.38243310158943505 0.59295997387135324 -0.98611507088852035
decision_type=2 2 2 2 2 2 2 2 2 2 2 2
left_child=1 4 3 -3 6 -2 -1 -6 9 -7 -10 -4
right_child=5 2 11 -5 7 8 -8 -9 10 -11 -12 -13
leaf_value=-0.00013784711677688151 3.7720182424974159e-05 0.00011497556450563469 -2.797612127043484e-05 0.0002976480049588696 8.6326634138184224e-05 0.0002693640719581711 2.3450008032549687e-05 -0.00026356899350855591 -1.0875424337224236e-05 -0.00029135352193551618 -0.00025104224974158276 -0.00028025940487083834
leaf_weight=27106 61 284 60 84 109 43 52299 593 70 95 327 141
leaf_count=27106 61 284 60 84 109 43 52299 593 70 95 327 141
internal_value=-6.90287e-05 -5.30529e-05 0.0022935 0.00559782 -6.97204e-05 -0.00223154 -5.25797e-05 -0.00200855 -0.00294393 -0.000289856 -0.0038665 -0.00375622
internal_weight=81272 80676 569 368 80107 596 79405 702 535 138 397 201
internal_count=81272 80676 569 368 80107 596 79405 702 535 138 397 201
is_linear=0
shrinkage=0.05


Tree=270
num_leaves=16
num_cat=0
split_feature=22 22 21 18 18 5 22 16 18 5 18 3 6 4 16
split_gain=0.964717 3.0539 4.76777 7.85256 2.63467 2.28444 4.72357 3.42438 2.62897 2.15924 1.97771 1.9562 1.37756 1.54453 0.6566
threshold=0.91951189572853198 0.90956351215621767 0.83370741073912558 67.687500000000014 44.187500000000007 -0.05695216311707673 0.96698013714576991 530.85000000000014 82.312500000000014 0.98213580174693105 85.687500000000014 0.41248606129204562 -0.99938741687870725 0.16280825711809024 22.450000000000003
decision_type=2 2 2 2 2 2 2 2 2 2 2 2 2 2 2
left_child=1 12 3 -3 -4 6 11 -8 9 -7 -10 -2 14 -14 -1
right_child=5 2 4 -5 -6 8 7 -9 10 -11 -12 -13 13 -15 -16
leaf_value=-0.0046194967120919998 -0.00022180076908020243 0.01257511535413245 0.00070237937323455778 -0.0013239192707257411 -0.00018276302151371541 1.7720048884560679e-05 -0.00070053793329390406 0.00012809654021233124 0.0025671782092475961 -0.00018808023719266717 0.0003754541112395537 -0.001143113680741517 -1.2628856980203115e-05 0.0027786318094726826 -0.00031381017079092202
leaf_weight=300 1823 78 374 78 625 8050 2500 1665 205 1738 1064 1292 60284 924 389
leaf_count=300 1823 78 374 78 625 8050 2500 1665 205 1738 1064 1292 60284 924 389
internal_value=-6.44448e-05 2.83881e-05 0.00257576 0.0107051 0.00130631 -0.000383652 -0.00107143 3.00108e-05 6.91857e-05 -0.00020842 0.0022104 -0.00254414 -1.91459e-05 5.88039e-06 -0.00224238
internal_weight=81389 63052 1155 156 999 18337 7280 4165 11057 9788 1269 3115 61897 61208 689
internal_count=81389 63052 1155 156 999 18337 7280 4165 11057 9788 1269 3115 61897 61208 689
is_linear=0
shrinkage=0.05


Tree=271
num_leaves=13
num_cat=0
split_feature=19 1 13 6 3 19 6 1 20 19 22 12
split_gain=1.24608 1.20158 1.18441 1.07341 0.819231 0.802808 2.47963 1.20041 0.690308 1.58134 0.59125 0.126613
threshold=-1.0562499999999997 30.756404504554286 0.99904443024917111 0.99958851518450398 -0.98611507088852024 6.2312500000000011 0.26659387353423869 25.245885072793346 1.0381250000000002 -2.4437499999999992 0.80364765204188771 43.650000000000006
decision_type=2 2 2 2 2 2 2 2 2 2 2 2
left_child=8 5 3 -3 -4 6 -2 -7 10 -10 -1 -12
right_child=1 2 4 -5 -6 7 -8 -9 9 -11 11 -13
leaf_value=0.00041647752062771136 0.003995718841080468 -1.8575789436215712e-05 0.0026954336378315264 -0.0017966801667567735 -0.00089045119323911829 -0.00019982094317320338 0.0014793413661704537 0.0042434696621574076 0.00075853196750217235 -0.0010881856728880525 -0.003525470605444208 -0.00032063061217164229
leaf_weight=78 76 76718 49 484 701 1435 908 399 51 75 265 132
leaf_count=78 76 76718 49 484 701 1435 908 399 51 75 265 132
internal_value=-6.94977e-05 -5.26197e-05 -8.92869e-05 -7.00771e-05 -0.00206667 0.000961674 0.00211382 0.00034351 -0.00233777 0.00095238 -0.00321053 -0.00399244
internal_weight=81371 80770 77952 77202 750 2818 984 1834 601 126 475 397
internal_count=81371 80770 77952 77202 750 2818 984 1834 601 126 475 397
is_linear=0
shrinkage=0.05


Tree=272
num_leaves=15
num_cat=0
split_feature=6 17 22 15 0 6 15 4 6 12 0 3 20 19
split_gain=0.967207 0.905331 2.21645 5.0465 1.73621 4.34767 3.89655 1.26732 0.757706 0.973563 0.457862 0.448126 0.806368 0.020614
threshold=0.99958851518450398 241.50000000000003 0.5293860047854887 348.50000000000006 509.2052378551536 0.14888728888808328 446.50000000000006 -0.84874750804349175 0.99999537620422141 14.550000000000002 167.40215781454006 -0.097964660725097089 0.7768750000000002 1.2187500000000002
decision_type=2 2 2 2 2 2 2 2 2 2 2 2 2 2
left_child=1 4 7 -4 6 -6 -1 -3 11 -10 -11 12 -2 -13
right_child=8 2 3 -5 5 -7 -8 -9 9 10 -12 13 -14 -15
leaf_value=5.8943666874548497e-06 0.00096191747505878361 -0.001627427700557952 0.0026050695249023748 -0.00017997790110238602 7.2263178050475726e-05 0.0055479012700015897 -0.00024259167598766093 -0.0088275102005714694 0.0051342650740562011 -0.0071817430397206686 0.00070651629167841658 -0.0039842009550653404 -0.006657318530023805 -0.0016977551884563733
leaf_weight=54799 74 1085 439 6383 12949 78 4737 339 40 52 53 188 72 40
leaf_count=54799 74 1085 439 6383 12949 78 4737 339 40 52 53 188 72 40
internal_value=-5.45949e-05 -4.07764e-05 -0.000537231 -0.00016271 1.56404e-05 0.000538496 -9.8765e-05 -0.00233146 -0.00220617 0.000862068 -0.00166667 -0.00339572 -0.00123288 -0.0047807
internal_weight=81328 80809 8246 6822 72563 13027 59536 1424 519 145 105 374 146 228
internal_count=81328 80809 8246 6822 72563 13027 59536 1424 519 145 105 374 146 228
is_linear=0
shrinkage=0.05


Tree=273
num_leaves=13
num_cat=0
split_feature=15 6 6 15 6 6 20 21 6 13 19 20
split_gain=0.992815 1.196 1.75566 3.54256 1.65426 2.41462 1.65492 1.17377 1.06231 0.922743 2.51964 0.307628
threshold=834.50000000000011 -0.64580103137750788 -0.56369940867848845 604.50000000000011 -0.6905596507703472 -0.71502926860092908 3.218125000000001 0.95459619071755297 -0.99983123799342477 0.87037615127808998 22.818750000000005 1.2818750000000005
decision_type=2 2 2 2 2 2 2 2 2 2 2 2
left_child=1 4 3 -3 5 -1 -6 -4 -2 10 -10 -11
right_child=8 2 7 -5 6 -7 -8 -9 9 11 -12 -13
leaf_value=5.7342826099285591e-05 4.617316988038002e-05 -0.0010937974274782551 -0.00014659900132168402 0.0001571345633809225 0.0005395849819608739 -0.000495716844098172 0.00092558096711490157 6.4276504688514442e-05 0.00016412548066327041 -0.000206477170101034 -0.00035294926560453779 -0.0002070385697641574
leaf_weight=23263 65 1941 43982 916 1231 1022 470 7622 83 65 108 432
leaf_count=23263 65 1941 43982 916 1231 1022 470 7622 83 65 108 432
internal_value=-7.20455e-05 -5.51307e-05 -0.000188301 -0.00139482 0.000223966 0.000118385 0.00173133 -0.000121503 -0.00187915 -0.0024564 0.000497381 -0.00359155
internal_weight=81200 80447 54461 2857 25986 24285 1701 51604 753 688 191 497
internal_count=81200 80447 54461 2857 25986 24285 1701 51604 753 688 191 497
is_linear=0
shrinkage=0.05


Tree=274
num_leaves=16
num_cat=0
split_feature=3 18 6 13 0 19 21 16 0 5 16 13 21 6 5
split_gain=0.963032 3.34723 4.58338 3.53867 2.7953 2.7139 2.58966 1.86605 3.72618 2.98017 3.07702 3.06612 2.94746 1.68045 0.400362
threshold=-0.22695468355932411 90.187500000000014 0.28313308994381592 0.63070881640166598 239.94554518799418 3.3937500000000007 0.87232276152378019 253.05000000000004 512.40773374543608 0.3504237462291826 11.450000000000001 0.25424178735441344 0.63261192076675565 -0.94137724084408114 0.69676570133721638
decision_type=2 2 2 2 2 2 2 2 2 2 2 2 2 2 2
left_child=1 2 4 -4 -1 14 -7 9 13 11 -11 -2 -10 -9 -3
right_child=7 5 3 -5 -6 6 -8 8 12 10 -12 -13 -14 -15 -16
leaf_value=-0.00057671413491441252 -0.0012338905573168488 -0.0059405540001558343 0.0021254176851106484 -2.0471980251895196e-05 0.00011342251918624154 -0.00046519713006180728 0.00047747393048264662 0.00026719712591360159 -0.002540444936927776 -0.00064798969747523194 0.0010177566977399039 9.204120782120646e-05 4.8279174261354739e-05 -0.00041776736627483407 2.7907790319633131e-05
leaf_weight=5089 5315 481 3925 1750 8341 12316 788 885 584 2256 7018 12256 9579 10389 45
leaf_count=5089 5315 481 3925 1750 8341 12316 788 885 584 2256 7018 12256 9579 10389 45
internal_value=-4.3634e-05 0.000165724 0.000592776 0.00178414 8.9351e-05 -0.00043287 -0.000291515 -0.000185578 -0.000533425 9.21947e-05 0.000817338 -0.000290537 0.000160877 -0.00115931 -0.00395437
internal_weight=81017 32735 19105 5675 13430 13630 13104 48282 21437 26845 9274 17571 10163 11274 526
internal_count=81017 32735 19105 5675 13430 13630 13104 48282 21437 26845 9274 17571 10163 11274 526
is_linear=0
shrinkage=0.05


Tree=275
num_leaves=16
num_cat=0
split_feature=4 18 15 15 6 13 19 21 6 1 22 16 17 6 19
split_gain=0.852071 1.79331 1.57668 2.70692 1.4263 1.36859 1.11294 0.861235 3.26082 2.6415 2.46616 2.09547 1.81909 1.80293 0.187656
threshold=0.13052619222005193 46.187500000000007 42.500000000000007 48.500000000000007 -0.96234030595689413 0.21368780524431816 14.168750000000003 0.83712162974109916 -0.99628250747696534 781.09352571875718 0.96856514144734418 474.4500000000001 143.50000000000003 -0.99628250747696534 14.093750000000002
decision_type=2 2 2 2 2 2 2 2 2 2 2 2 2 2 2
left_child=7 4 6 -4 14 -6 -3 11 9 -9 -10 13 -13 -1 -2
right_child=1 2 3 -5 5 -7 -8 8 10 -11 -12 12 -14 -15 -16
leaf_value=-0.00099623554084040094 -0.0022178914321405009 -0.0025445370524398363 0.013863785573193496 0.002021702240543708 0.0012794934277685747 -0.00060058129585995436 0.0026157990495151748 0.00035682384061903389 -0.00022546083211932782 -3.5508980648148168e-05 6.7407970595560046e-06 0.0040867816854220007 0.0005206575775024996 -1.0298391820549183e-05 -0.0047137695856393734
leaf_weight=1515 40 189 108 666 43 325 530 507 12241 390 10259 72 1429 52852 201
leaf_count=1515 40 189 108 666 43 325 530 507 12241 390 10259 72 1429 52852 201
internal_value=-9.44498e-05 0.000899142 0.00183188 0.00339793 -0.00138752 0.000570651 0.000146035 -0.000120799 -0.000375477 0.00258082 -0.000493335 -1.41417e-05 0.00182878 -6.50223e-05 -0.00437759
internal_weight=81367 2102 1493 774 609 368 719 79265 23397 897 22500 55868 1501 54367 241
internal_count=81367 2102 1493 774 609 368 719 79265 23397 897 22500 55868 1501 54367 241
is_linear=0
shrinkage=0.05


Tree=276
num_leaves=12
num_cat=0
split_feature=19 20 5 5 20 5 21 6 8 19 12
split_gain=1.02467 0.930841 0.930288 5.42844 3.74121 2.93672 3.0588 2.06006 1.84176 0.929934 0.40779
threshold=-1.8812499999999996 0.88812500000000016 -0.8781231054254196 -0.90893996196865023 4.8256250000000014 -0.65234524191686594 0.080309471516416917 -0.10837475778693638 1.0000000180025095e-35 -2.7562499999999996 54.150000000000006
decision_type=2 2 2 2 2 2 2 2 2 2 2
left_child=1 10 3 7 -5 6 -4 -2 -7 -3 -1
right_child=2 9 5 4 -6 8 -8 -9 -10 -11 -12
leaf_value=-0.0050850472284457845 -0.0004414628563844255 0.0010573943538545402 0.0012538614903796149 0.0010964717107829521 0.0049985704538413464 0.00031009840898178596 -0.0003979176136524654 0.00023141640776361207 -4.3174502146129721e-05 -0.00073461872987926741 -2.0603591151771922e-05
leaf_weight=228 4225 40 1866 1804 196 12571 8453 7494 44418 47 68
leaf_count=228 4225 40 1866 1804 196 12571 8453 7494 44418 47 68
internal_value=-7.00172e-05 -0.00265013 -5.78214e-05 0.000317442 0.002725 -0.000134309 -0.000910458 -9.34392e-05 6.22808e-06 0.00189655 -0.00398649
internal_weight=81410 383 81027 13719 2000 67308 10319 11719 56989 87 296
internal_count=81410 383 81027 13719 2000 67308 10319 11719 56989 87 296
is_linear=0
shrinkage=0.05


Tree=277
num_leaves=15
num_cat=0
split_feature=6 5 3 19 22 21 19 22 20 4 10 6 21 19
split_gain=1.04275 4.28697 15.8735 2.89655 2.15406 2.65865 1.56871 2.5868 2.25089 1.80151 1.67324 1.66386 1.30402 0.815927
threshold=-0.75013812021657655 0.64579916509010216 -0.9103761370219875 15.231250000000003 0.24673537990769998 0.35770428342092458 19.918750000000006 0.96698013714576991 0.53562500000000013 -0.065403129230143256 498.4500000000001 -0.44505783185115427 0.12256874529066436 8.3812500000000032
decision_type=2 2 2 2 2 2 2 2 2 2 2 2 2 2
left_child=1 4 -3 -4 12 -6 9 10 -9 11 -8 -2 -1 -11
right_child=6 2 3 -5 5 -7 7 8 -10 13 -12 -13 -14 -15
leaf_value=-8.4796261354263202e-05 0.0003685668798293368 0.0066891275229088668 0.002683824382773457 -0.0090509269339975103 0.0024046049448300196 1.2794768687048257e-05 -0.00054819786456966916 0.00091753215048659149 3.2474399742666283e-05 -9.1331668180437168e-06 0.00014868627233878337 -5.8207806417355656e-05 -0.0047398009898513629 -0.0016512263706915638
leaf_weight=476 5136 55 87 116 2212 18808 4378 54 1866 515 677 45228 554 1298
leaf_count=476 5136 55 87 116 2212 18808 4378 54 1866 515 677 45228 554 1298
internal_value=-7.12018e-05 0.000220099 0.00662791 0.000172413 0.000145124 0.000254518 -0.00018106 -0.000885306 0.000677082 -8.69169e-05 -0.00147874 -3.11743e-05 -0.00208738 -0.00163541
internal_weight=81460 22308 258 203 22050 21020 59152 6975 1920 52177 5055 50364 1030 1813
internal_count=81460 22308 258 203 22050 21020 59152 6975 1920 52177 5055 50364 1030 1813
is_linear=0
shrinkage=0.05


Tree=278
num_leaves=15
num_cat=0
split_feature=5 5 21 20 12 21 5 21 12 13 6 19 5 6
split_gain=0.947237 3.71189 3.72687 4.8445 2.42795 3.31215 2.10262 3.77252 2.1559 2.04885 2.01972 1.26042 2.44331 1.89644
threshold=-0.8781231054254196 -0.91597725483594616 1.0742368018613928 1.5631250000000005 282.4500000000001 0.7864653079470868 -0.814291907305839 0.24252642707393654 512.85000000000014 0.29678178505227409 -0.10837475778693638 3.5937500000000004 -0.62588817255938378 0.7487283477006671
decision_type=2 2 2 2 2 2 2 2 2 2 2 2 2 2
left_child=1 4 3 -3 10 -6 7 9 -9 -2 -1 12 -8 -13
right_child=6 2 -4 -5 5 -7 11 8 -10 -11 -12 13 -14 -15
leaf_value=-0.0010287517575454737 -0.0027877797362804687 -0.00098919959879895949 0.0059903766422045564 0.0019638352532719695 0.0018550638275345707 -0.00023776173576145503 0.0014172387255507526 -0.00080516480734376674 0.00029063045797383908 0.0028519220168739218 1.893225145148471e-05 -1.8840409931072146e-05 -0.00061318879161472275 0.00067346679339329242
leaf_weight=2810 254 965 79 1458 1234 655 1594 2575 93 542 6476 48727 9063 4762
leaf_count=2810 254 965 79 1458 1234 655 1594 2575 93 542 6476 48727 9063 4762
internal_value=-8.59313e-05 0.000293557 0.00203437 0.00168593 -9.61981e-05 0.00153785 -0.000162699 -0.00136259 -0.00226387 0.00165829 -0.000428603 -9.79029e-05 -0.000594446 1.02706e-06
internal_weight=81287 13677 2502 2423 11175 1889 67610 3464 2668 796 9286 64146 10657 53489
internal_count=81287 13677 2502 2423 11175 1889 67610 3464 2668 796 9286 64146 10657 53489
is_linear=0
shrinkage=0.05


Tree=279
num_leaves=13
num_cat=0
split_feature=15 1 5 17 21 18 6 11 20 9 20 7
split_gain=0.798694 0.904952 1.49846 1.14597 1.60538 1.05537 0.921304 0.85033 0.879666 0.931692 0.0619263 0.0193503
threshold=834.50000000000011 874.16721412630341 -0.25205528343633254 279.50000000000006 0.83997448575177169 63.312500000000007 -0.75013812021657655 0.89688797891167793 3.7456250000000009 0.67111820838877223 1.9581250000000003 0.37500000000000006
decision_type=2 2 2 2 2 2 2 2 2 2 2 2
left_child=1 3 -3 6 -5 -4 -1 8 9 -2 -9 -12
right_child=7 2 5 4 -6 -7 -8 10 -10 -11 11 -13
leaf_value=7.5063014009925459e-05 -0.0001713226493400554 0.0012436598158256161 -0.00051049609712894284 -0.00063558626593087004 0.00095919682100839522 0.00075407472878479421 -4.467862469443749e-05 -0.00046280392612958927 0.00025705771588259023 1.8048520844680743e-05 -0.00023723770220054294 -0.00014430796884574816
leaf_weight=18257 285 57 294 2966 83 1499 57231 41 52 185 40 137
leaf_count=18257 285 57 294 2966 83 1499 57231 41 52 185 40 137
internal_value=-5.40522e-05 -3.9e-05 0.00105405 -6.47477e-05 -0.00101509 0.000800333 -2.6363e-05 -0.00168919 -0.000593871 -0.0012766 -0.00431193 -0.00471752
internal_weight=81127 80387 1850 78537 3049 1793 75488 740 522 470 218 177
internal_count=81127 80387 1850 78537 3049 1793 75488 740 522 470 218 177
is_linear=0
shrinkage=0.05


Tree=280
num_leaves=15
num_cat=0
split_feature=5 5 21 4 5 22 5 21 16 19 13 20 21 20
split_gain=1.39112 3.37172 3.27035 2.56497 3.08348 2.39812 2.26856 3.8432 4.07795 2.24134 1.89557 1.51157 1.8692 1.44422
threshold=-0.8781231054254196 -0.90893996196865023 0.96718917225517786 -0.88144907265856332 -0.99763297024448894 0.85835371514692682 -0.814291907305839 0.24252642707393654 817.20000000000016 16.906250000000004 0.29678178505227409 5.142500000000001 0.75510254684526801 4.8643750000000017
decision_type=2 2 2 2 2 2 2 2 2 2 2 2 2 2
left_child=1 3 5 4 -1 -3 7 10 -9 -5 -2 13 -13 -8
right_child=6 2 -4 9 -6 -7 11 8 -10 -11 -12 12 -14 -15
leaf_value=0.0016765112206369101 -0.0025271988134938066 0.0019621176324274834 0.0058667551612420496 -0.00019889802256810825 0.00017331733432644856 -0.00070782197575162205 -2.4915487832415158e-05 -0.00095649406148546863 0.00016684385769647638 -0.0012579948535826394 0.0029819908592205969 -0.0016355784954518279 0.0004932807934315207 0.00055929857030258864
leaf_weight=593 259 1631 78 6179 3768 285 59709 2582 86 1159 543 2391 730 1219
leaf_count=593 259 1631 78 6179 3768 285 59709 2582 86 1159 543 2391 730 1219
internal_value=-8.81655e-05 0.000371356 0.00227181 4.74388e-05 0.0010078 0.00186326 -0.000181358 -0.00142651 -0.00233883 -0.000523305 0.00160848 -0.000113898 -0.00118712 -5.89232e-05
internal_weight=81212 13693 1994 11699 4361 1916 67519 3470 2668 7338 802 64049 3121 60928
internal_count=81212 13693 1994 11699 4361 1916 67519 3470 2668 7338 802 64049 3121 60928
is_linear=0
shrinkage=0.05


Tree=281
num_leaves=12
num_cat=0
split_feature=19 6 0 13 17 15 2 17 5 20 13
split_gain=0.687684 1.15038 0.730695 0.667779 1.29071 2.3638 1.03143 0.943524 0.689754 0.527465 0.515645
threshold=-1.8812499999999996 0.97461712852231652 80.649978367486213 0.98095182552451321 245.50000000000003 601.50000000000011 0.68319120213487294 370.50000000000006 0.91248814248966237 0.85187500000000016 0.89695353440337888
decision_type=2 2 2 2 2 2 2 2 2 2 2
left_child=1 9 -3 7 6 -6 -5 8 -2 -1 -9
right_child=3 2 -4 4 5 -7 -8 10 -10 -11 -12
leaf_value=-0.005127511849723692 1.0494786902252011e-05 -0.0011570991237215174 0.00034680300612123554 -0.00056703610835214077 -0.0017235462977724259 0.0013271651871844784 -0.00038065447367484546 -0.0014113884652394108 -9.8877335477795739e-05 -7.1920063554979736e-05 -5.2066203780740225e-06
leaf_weight=214 68105 46 45 1046 161 98 251 166 11023 70 62
leaf_count=214 68105 46 45 1046 161 98 251 166 11023 70 62
internal_value=-6.37875e-05 -0.0022 0.00269231 -5.38869e-05 -0.00107969 0.00214286 -0.00172321 -3.37731e-05 -2.45184e-05 -0.00376761 -0.00324562
internal_weight=81287 375 91 80912 1556 259 1297 79356 79128 284 228
internal_count=81287 375 91 80912 1556 259 1297 79356 79128 284 228
is_linear=0
shrinkage=0.05


Tree=282
num_leaves=16
num_cat=0
split_feature=7 11 10 11 18 3 22 18 12 15 2 17 7 9 9
split_gain=0.833274 2.37271 2.87657 2.23775 2.42689 5.53044 2.35043 1.60069 2.26694 1.92405 1.58378 3.70151 1.55762 1.17737 0.844686
threshold=1.6250000000000002 0.83274085651431828 556.35000000000014 0.79253942258403909 69.562500000000014 0.41248606129204562 0.26880829936081596 41.687500000000007 527.85000000000014 140.50000000000003 0.38938428848561307 92.500000000000014 1.0000000180025095e-35 0.83165033786439546 0.66267917987648473
decision_type=2 2 2 2 2 2 2 2 2 2 2 2 2 2 2
left_child=1 7 12 4 5 -2 -6 8 -1 -9 13 -12 -3 -5 -4
right_child=3 2 14 10 6 -7 -8 9 -10 -11 11 -13 -14 -15 -16
leaf_value=-0.00041698627863145812 0.00053059666788094319 0.00091524543219597884 0.00088845921373087607 -0.00043807418605979788 -0.0010931352132984224 -7.0454445634880302e-05 5.7432008914599421e-05 0.00029165387701384675 0.00064149857789582874 -0.00037239303333222207 0.00021186723488785314 -6.8452091404396667e-05 0.00021807401715842785 -0.0012022369508170316 -0.00015397741593545927
leaf_weight=5241 10216 301 122 1266 4242 7121 26068 7161 90 10362 376 4902 1699 1349 895
leaf_count=5241 10216 301 122 1266 4242 7121 26068 7161 90 10362 376 4902 1699 1349 895
internal_value=-3.4456e-05 -0.000268835 0.00104905 7.47197e-05 0.000203894 0.000675721 -6.5986e-05 -0.000442812 -0.00120146 -0.000212008 -0.000705056 -0.000206519 0.00215 -0.00171128 -0.00111603
internal_weight=81411 25871 3017 55540 47647 17337 30310 22854 5331 17523 7893 5278 2000 2615 1017
internal_count=81411 25871 3017 55540 47647 17337 30310 22854 5331 17523 7893 5278 2000 2615 1017
is_linear=0
shrinkage=0.05


Tree=283
num_leaves=13
num_cat=0
split_feature=16 3 5 5 16 17 19 11 7 7 19 0
split_gain=0.882472 1.90771 4.48482 5.23788 2.25536 2.35461 1.73893 1.75413 3.9177 1.47905 1.47677 0.965405
threshold=276.05000000000007 0.63405362205439464 -0.61237985104942771 0.89787622492179153 287.95000000000005 66.500000000000014 29.106250000000006 0.59346595057490825 0.62500000000000011 0.62500000000000011 5.1312500000000005 85.973868075619308
decision_type=2 2 2 2 2 2 2 2 2 2 2 2
left_child=6 4 10 -4 11 -6 7 9 -9 -1 -3 -2
right_child=1 2 3 -5 5 -7 -8 8 -10 -11 -12 -13
leaf_value=-0.00071876531038338035 0.0084688241416744654 0.0026897428705368932 0.0002208429181987866 -0.00083764762218323892 -0.0010335624799871551 1.5449412967259673e-05 -0.0022886482594734947 0.002098808157155936 0.00013232114237648636 3.9892021798087346e-05 -0.0011971411758273528 -0.0015408872464232415
leaf_weight=5686 49 53 3996 1324 1298 23904 170 1097 6635 34283 2176 794
leaf_count=5686 49 53 3996 1324 1298 23904 170 1097 6635 34283 2176 794
internal_value=-8.99171e-05 -0.000286362 -0.000986225 -0.00019737 -8.35105e-05 1.58598e-06 4.79402e-05 6.59303e-05 0.000755301 -6.74284e-05 -0.002869 -0.00262752
internal_weight=81465 33594 7549 5320 26045 25202 47871 47701 7732 39969 2229 843
internal_count=81465 33594 7549 5320 26045 25202 47871 47701 7732 39969 2229 843
is_linear=0
shrinkage=0.05


Tree=284
num_leaves=13
num_cat=0
split_feature=12 4 17 9 17 6 5 19 13 5 1 0
split_gain=0.923456 1.33421 1.52296 1.54294 1.28178 1.27478 4.33041 1.31263 1.16735 1.75048 0.55088 0.0183333
threshold=551.25000000000011 -0.93540483100319616 376.00000000000006 0.37802901622471824 370.50000000000006 -0.75013812021657655 0.64579916509010216 19.918750000000006 0.86052858263075704 0.30164402523644185 752.11082820860713 656.93936174024941
decision_type=2 2 2 2 2 2 2 2 2 2 2 2
left_child=4 2 3 -2 5 6 -1 -7 9 -3 -10 -6
right_child=1 8 -4 -5 11 7 -8 -9 10 -11 -12 -13
leaf_value=6.3743496393845668e-05 0.0012639180869897656 -0.00012711214261476963 0.00070043575651087219 -8.0552587715489621e-05 -0.00018430676684304221 -2.6594509240914926e-05 0.0041358555157088471 -0.00013082308749987832 0.00034587103673168148 0.0011946157967180492 -0.00035036665012660442 -0.0019618625350156424
leaf_weight=19269 307 53 42 2012 40 51612 214 6418 139 46 1073 110
leaf_count=19269 307 53 42 2012 40 51612 214 6418 139 46 1073 110
internal_value=-8.57576e-05 -0.000860568 -0.000150361 -0.00032126 -4.91237e-05 -4.0188e-05 0.000309756 -0.000157678 -0.00213959 0.00308081 -0.00256601 -0.00466667
internal_weight=81335 3672 2361 2319 77663 77513 19483 58030 1311 99 1212 150
internal_count=81335 3672 2361 2319 77663 77513 19483 58030 1311 99 1212 150
is_linear=0
shrinkage=0.05


Tree=285
num_leaves=16
num_cat=0
split_feature=12 16 3 19 5 17 16 4 20 17 17 13 18 1 4
split_gain=0.929253 1.33852 2.1082 2.7974 2.18623 1.27315 1.25489 1.01338 1.38446 3.51519 1.47189 0.951307 1.15714 0.659802 0.0183333
threshold=551.25000000000011 794.90000000000009 1.0000000180025095e-35 24.281250000000004 -0.83377653105606597 370.50000000000006 660.05000000000007 -0.93540483100319616 4.050625000000001 198.50000000000003 211.50000000000003 0.86052858263075704 72.562500000000014 752.11082820860713 -0.91037613702198739
decision_type=2 2 2 2 2 2 2 2 2 2 2 2 2 2 2
left_child=1 5 3 -3 -4 6 -1 8 10 -10 -2 12 -9 -13 -7
right_child=7 2 4 -5 -6 14 -8 11 9 -11 -12 13 -14 -15 -16
leaf_value=-3.4714282633799502e-06 -0.0001427565017558527 -0.0002967979698274633 0.00021729973294191599 9.7015322348959095e-05 9.3369159577790171e-05 -0.001680023041381996 -8.7567583405188739e-05 -9.9437702702919714e-05 0.0071010713128992738 8.7145425484158777e-05 0.00012488216020752578 0.00075127048930538664 0.00090578179299998375 -0.00031722019686225648 -0.00025887635969441342
leaf_weight=70898 1053 477 72 336 1179 110 4400 42 50 277 996 134 63 1088 40
leaf_count=70898 1053 477 72 336 1179 110 4400 42 50 277 996 134 63 1088 40
internal_value=-6.74148e-05 -3.04481e-05 0.00122577 -0.000756459 0.00251399 -6.4814e-05 -5.56468e-05 -0.000841211 -0.000223065 0.00279816 -0.000705223 -0.001948 0.00261905 -0.00234043 -0.00466667
internal_weight=81215 77512 2064 813 1251 75448 75298 3703 2376 327 2049 1327 105 1222 150
internal_count=81215 77512 2064 813 1251 75448 75298 3703 2376 327 2049 1327 105 1222 150
is_linear=0
shrinkage=0.05


Tree=286
num_leaves=13
num_cat=0
split_feature=15 17 9 11 11 19 15 7 5 3 17 20
split_gain=0.871608 1.19091 1.07203 3.49255 2.84257 1.76189 1.67509 1.39534 0.794051 0.560651 0.704118 0.161618
threshold=834.50000000000011 106.50000000000001 0.52596492835607933 0.29286754035454365 0.22795530887694801 25.056250000000006 597.50000000000011 0.62500000000000011 0.17646842360078763 0.097964660725097366 162.50000000000003 3.5431250000000007
decision_type=2 2 2 2 2 2 2 2 2 2 2 2
left_child=2 -2 5 4 -4 7 -5 -1 -7 11 -11 -3
right_child=1 9 3 6 -6 8 -8 -9 -10 10 -12 -13
leaf_value=-0.00075337758463759393 4.7525728555179866e-05 -0.00048042582885325267 -0.00027825820099896506 -2.988627854082523e-05 0.0033947006341752579 -0.00068677269344338268 7.0063078956784724e-05 -2.3301587126869339e-05 0.00022409304626781263 -0.0001190319676739776 0.00018921595919993252 -2.5791137051179166e-05
leaf_weight=6031 52 204 243 23124 510 449 6616 43557 99 354 90 64
leaf_count=6031 52 204 243 23124 510 449 6616 43557 99 354 90 64
internal_value=-4.68725e-05 -0.00172775 -3.09454e-05 0.000202832 0.00356574 -0.00017313 0.000117685 -0.000141971 -0.0029927 -0.00226124 -0.00117117 -0.00406717
internal_weight=81393 764 80629 30493 753 50136 29740 49588 548 712 444 268
internal_count=81393 764 80629 30493 753 50136 29740 49588 548 712 444 268
is_linear=0
shrinkage=0.05


Tree=287
num_leaves=16
num_cat=0
split_feature=6 6 15 5 12 12 17 17 5 21 19 22 17 22 21
split_gain=0.856746 1.4476 3.73946 4.07007 1.43142 1.35742 1.68626 2.03831 1.25778 1.09678 4.32484 1.54804 0.895888 3.12171 1.00305
threshold=-0.64580103137750788 -0.56369940867848845 604.50000000000011 -0.78326540922535159 106.05000000000003 481.65000000000003 333.50000000000006 319.50000000000006 -0.39036798905311365 1.0742368018613928 18.906250000000004 1.0805533552804751 338.50000000000006 0.70160493497879195 0.98781659971371172
decision_type=2 2 2 2 2 2 2 2 2 2 2 2 2 2 2
left_child=5 2 4 -4 -2 6 7 -1 -8 11 -11 -3 14 -14 -7
right_child=1 9 3 -5 -6 12 8 -9 -10 10 -12 -13 13 -15 -16
leaf_value=0.00011919621863742513 -0.0034763057721942294 -4.3826460974094078e-05 0.00055500532889301592 -0.00016614278659248311 -0.00055136849043041665 -0.00012813439433492926 0.0013055908208263467 0.0023705724923654015 -0.0033931629263774105 0.00027687463426402236 0.0059294500657659172 -0.00087832393866261863 -0.0075041089308016257 0.0010938696243858283 0.0001150986900838375
leaf_weight=20441 747 49134 330 697 1207 4606 45 234 355 1491 80 900 151 259 490
leaf_count=20441 747 49134 330 697 1207 4606 45 234 355 1491 80 900 151 259 490
internal_value=-7.49701e-05 -0.000188328 -0.00125965 0.00118306 -0.0025435 0.000157818 0.00034045 0.000402659 -0.002875 -0.000126442 0.00117441 -0.000167287 -0.000541229 0.00170732 -0.000722136
internal_weight=81167 54586 2981 1027 1954 26581 21075 20675 400 51605 1571 50034 5506 410 5096
internal_count=81167 54586 2981 1027 1954 26581 21075 20675 400 51605 1571 50034 5506 410 5096
is_linear=0
shrinkage=0.05


Tree=288
num_leaves=16
num_cat=0
split_feature=3 18 22 13 3 19 21 17 5 15 16 19 6 19 17
split_gain=0.918543 2.29656 3.70995 3.60082 2.49092 2.24008 2.87495 2.33256 2.11338 3.37551 4.87307 3.43503 3.13942 3.88184 2.88126
threshold=-0.29012925520284066 80.812500000000014 0.9486081455657206 0.15794721995940733 -0.8814490726585632 14.256250000000003 0.87232276152378019 107.50000000000001 0.3504237462291826 171.50000000000003 10.450000000000001 26.343750000000004 0.49626980634301188 8.2687500000000025 110.50000000000001
decision_type=2 2 2 2 2 2 2 2 2 2 2 2 2 2 2
left_child=1 2 3 -1 -4 7 -7 -3 12 10 -10 -11 13 -2 -14
right_child=8 5 4 -5 -6 6 -8 -9 9 11 -12 -13 14 -15 -16
leaf_value=0.0042993908712044577 0.0016986174781734463 -0.0016879580625764905 -0.00079189880368438085 0.00039406860275510925 3.4746991764148686e-05 -2.6123757915762215e-05 0.00052623366791226768 0.00030914240820825782 -0.0006544874564371456 -4.7931259177427118e-05 0.0018298302603885126 0.0011584787069039623 -0.00071942561593117465 -6.2858130825212575e-05 -0.0030918616409746739
leaf_weight=897 1623 4535 2165 9095 3085 8493 810 1783 2140 13092 3589 55 8955 19708 1196
leaf_count=897 1623 4535 2165 9095 3085 8493 810 1783 2140 13092 3589 55 8955 19708 1196
internal_value=-4.19238e-05 0.00017286 0.000609499 0.00117494 -0.000466668 -0.000253186 0.000240244 -0.000979742 -0.000173559 0.000244754 0.00125764 -0.000196624 -0.000424371 -7.99318e-05 -0.00114816
internal_weight=81221 30863 15242 9992 5250 15621 9303 6318 50358 18876 5729 13147 31482 21331 10151
internal_count=81221 30863 15242 9992 5250 15621 9303 6318 50358 18876 5729 13147 31482 21331 10151
is_linear=0
shrinkage=0.05


Tree=289
num_leaves=13
num_cat=0
split_feature=3 17 19 2 22 13 9 0 19 19 19 20
split_gain=1.0491 0.908056 1.98166 5.3168 1.85108 1.38579 1.35199 1.319 0.825797 0.783155 1.19964 0.238057
threshold=0.99892946161930185 241.50000000000003 10.856250000000003 0.59296116594961423 0.78357004264756969 0.98095182552451321 0.38551502986766972 509.2052378551536 19.393750000000004 7.356250000000002 4.8312500000000016 1.6393750000000005
decision_type=2 2 2 2 2 2 2 2 2 2 2 2
left_child=1 5 3 -3 -4 7 -7 -1 9 10 -2 -11
right_child=8 2 4 -5 -6 6 -8 -9 -10 11 -12 -13
leaf_value=-1.7662734184862162e-05 -0.0018614147789072751 0.003404714899159575 -0.00080455117857434989 0.00039101767534517731 8.5819106892498961e-05 0.0011798621189580943 -0.00045175001631802061 8.0833746321974913e-05 0.0021739412409567511 -0.0012549897424126146 0.0062597502108200712 -0.0025098600378458038
leaf_weight=58204 47 65 5512 518 2119 494 796 12751 40 358 49 200
leaf_count=58204 47 65 5512 518 2119 494 796 12751 40 358 49 200
internal_value=-3.83855e-05 -2.16893e-05 -0.000519845 0.00228988 -0.000734505 3.49493e-05 -0.00158915 6.44763e-05 -0.00197406 -0.00240061 0.00177083 -0.00311828
internal_weight=81153 80459 8214 583 7631 72245 1290 70955 694 654 96 558
internal_count=81153 80459 8214 583 7631 72245 1290 70955 694 654 96 558
is_linear=0
shrinkage=0.05


Tree=290
num_leaves=15
num_cat=0
split_feature=16 22 13 5 19 20 17 6 16 21 3 19 6 5
split_gain=0.805917 2.77262 5.14729 6.41053 3.9994 2.5618 3.68792 3.49934 1.59242 6.14666 3.11723 2.00043 1.80813 1.29091
threshold=497.85000000000008 0.96856514144734418 0.2438457222831866 -0.46801505794253101 26.556250000000006 2.2606250000000006 271.50000000000006 0.29958852271690523 426.25000000000006 0.71228335671602239 0.47114434510950071 27.931250000000002 -0.99938741687870725 0.022575936829235418
decision_type=2 2 2 2 2 2 2 2 2 2 2 2 2 2
left_child=8 5 3 -3 -4 6 -2 -7 11 -10 -11 12 -1 -13
right_child=1 2 4 -5 -6 7 -8 -9 9 10 -12 13 -14 -15
leaf_value=-0.0024494264096072242 -0.00039569234414896909 0.0033096192641935379 -8.7763202060658322e-06 -6.978093372133535e-06 0.00016873900674973217 -6.5077359261742087e-05 0.0013305706131272966 0.0034870412038710431 0.0016135235703395178 0.00056521354316233516 -0.00079229315546705699 -0.0017792330820761118 -2.500453204628291e-06 -1.854694175375451e-05
leaf_weight=643 3973 77 5756 95 426 5167 80 225 49 3861 1396 412 58695 275
leaf_count=643 3973 77 5756 95 426 5167 80 225 49 3861 1396 412 58695 275
internal_value=-6.53284e-05 -0.000385785 0.00042178 0.00895349 0.000184405 -0.000929064 -0.00187886 -0.000215135 1.21676e-05 0.000842441 0.000678142 -6.12257e-05 -3.01674e-05 -0.00274381
internal_weight=81130 15799 6354 172 6182 9445 4053 5392 65331 5306 5257 60025 59338 687
internal_count=81130 15799 6354 172 6182 9445 4053 5392 65331 5306 5257 60025 59338 687
is_linear=0
shrinkage=0.05


Tree=291
num_leaves=15
num_cat=0
split_feature=10 5 9 9 11 9 15 19 7 5 19 16 5 18
split_gain=1.22465 1.40526 1.44743 1.18459 3.48075 2.85383 2.13711 1.90415 1.81574 1.19072 1.16418 1.26436 1.10914 0.792439
threshold=556.35000000000014 -0.46801505794253101 0.90230665866437232 0.52596492835607933 0.29286754035454365 0.54317198169887881 597.50000000000011 24.481250000000006 0.62500000000000011 0.17646842360078763 26.806250000000002 140.35000000000005 0.19337368024598436 26.187500000000004
decision_type=2 2 2 2 2 2 2 2 2 2 2 2 2 2
left_child=3 10 13 7 5 -5 -6 8 -1 -9 11 -2 -4 -3
right_child=1 2 12 4 6 -7 -8 9 -10 -11 -12 -13 -14 -15
leaf_value=-0.00089898743383612736 0.0028588765907489678 -0.00035070905692454087 -0.00029886615695764828 0.0069312194631406757 -2.6696773256176364e-05 0.0018648697284542758 7.8955864961310698e-05 -0.00059742507886659496 -1.0162955676005443e-06 0.0003119242586386148 0.00013623631603006217 -1.0375040433113522e-05 0.00012629841984293944 -0.00033863215840084643
leaf_weight=5973 43 463 291 88 21136 682 5878 559 43295 118 40 284 486 1796
leaf_count=5973 43 463 291 88 21136 682 5878 559 43295 118 40 284 486 1796
internal_value=-4.57291e-05 -0.000974142 -0.00132741 -5.08295e-06 0.000256621 0.00357143 0.000162137 -0.000150667 -0.000114477 -0.00278434 0.00194823 0.000963302 0.000534104 -0.00196769
internal_weight=81132 3403 3036 77729 27784 770 27014 49945 49268 677 367 327 777 2259
internal_count=81132 3403 3036 77729 27784 770 27014 49945 49268 677 367 327 777 2259
is_linear=0
shrinkage=0.05


Tree=292
num_leaves=12
num_cat=0
split_feature=5 12 13 21 21 21 6 20 18 18 0
split_gain=1.07299 0.965232 1.15899 0.979956 0.939965 3.64691 2.85048 0.694768 0.890103 0.603587 0.181214
threshold=0.99983759474438971 3.7500000000000004 0.25767550752425245 0.13027093223288647 0.83712162974109916 0.83004677550763539 -0.99628250747696534 4.496875000000002 14.812500000000002 99.437500000000014 93.040723276128219
decision_type=2 2 2 2 2 2 2 2 2 2 2
left_child=1 2 3 -1 5 -3 -6 10 -9 -10 -2
right_child=7 4 -4 -5 6 -7 -8 8 9 -11 -12
leaf_value=0.00011857254240113844 -0.00059607938972558569 3.3419628550117451e-05 0.0021024840112858763 -0.002201893854293134 0.00014517244550040653 0.002130394738087103 -5.4092286833211469e-05 0.00093946919843623268 -0.00062186313887565528 0.00025015555853042108 -0.001012215613864341
leaf_weight=522 41 55159 56 841 995 560 22791 47 144 43 194
leaf_count=522 41 55159 56 841 995 560 22791 47 144 43 194
internal_value=-5.67014e-05 -4.28809e-05 -0.00133545 -0.00162509 -1.98113e-05 9.25166e-05 -0.000282941 -0.00244137 -0.000512822 -0.00205882 -0.0043617
internal_weight=81393 80924 1419 1363 79505 55719 23786 469 234 187 235
internal_count=81393 80924 1419 1363 79505 55719 23786 469 234 187 235
is_linear=0
shrinkage=0.05


Tree=293
num_leaves=12
num_cat=0
split_feature=19 15 17 9 11 19 20 21 1 16 20
split_gain=0.960589 0.897212 1.03068 0.895335 3.51454 1.33103 0.881796 1.30025 0.973832 0.714547 0.540822
threshold=31.243750000000002 834.50000000000011 106.50000000000001 0.52596492835607933 0.29286754035454365 25.643750000000004 0.88812500000000016 0.95259296312453134 881.32549481136391 817.20000000000016 2.5506250000000006
decision_type=2 2 2 2 2 2 2 2 2 2 2
left_child=1 3 -3 5 -5 -1 7 -2 10 -4 -8
right_child=6 2 9 4 -6 -7 8 -9 -10 -11 -12
leaf_value=-7.7465570851666967e-05 -0.00019244508924368784 4.7821520570918093e-05 -2.1317054804972927e-05 0.0023844762972137544 1.9580735192539431e-05 -0.00053230706913205727 -0.00029887802047661349 0.00017639398106091716 0.000110826292391228 -0.00020096579666355506 -4.2637104905941381e-05
leaf_weight=49693 70 50 219 760 29109 388 462 48 57 375 156
leaf_count=49693 70 50 219 760 29109 388 462 48 57 375 156
internal_value=-5.26509e-05 -3.56118e-05 -0.00189441 -2.06391e-05 0.000196021 -0.000149858 -0.00178436 0.00220339 -0.00248148 -0.00247475 -0.00305825
internal_weight=81387 80594 644 79950 29869 50081 793 118 675 594 618
internal_count=81387 80594 644 79950 29869 50081 793 118 675 594 618
is_linear=0
shrinkage=0.05


Tree=294
num_leaves=16
num_cat=0
split_feature=10 8 20 7 16 18 16 10 12 3 17 9 20 10 2
split_gain=0.782074 2.9489 2.17129 2.80637 2.07484 1.79 2.17448 2.11648 1.64587 1.99459 2.03201 1.59331 1.52597 1.50737 0.982263
threshold=34.350000000000009 1.0000000180025095e-35 1.6393750000000005 3.8750000000000004 54.050000000000004 79.437500000000014 12.250000000000002 10.350000000000001 35.550000000000004 -0.41248606129204529 56.500000000000007 0.91741487446444825 1.9906250000000003 556.35000000000014 0.84112229853159326
decision_type=2 2 2 2 2 2 2 2 2 2 2 2 2 2 2
left_child=1 5 3 -3 -4 7 -7 -1 9 10 -2 13 -13 -10 -11
right_child=8 2 4 -5 -6 6 -8 -9 11 14 -12 12 -14 -15 -16
leaf_value=-0.00017902526885147659 0.00041444447677992937 -0.0025448698957211808 -0.0015608096371538106 0.00054596466238487321 0.0004014681413099481 -0.00074337339146582826 0.0008462989357771759 0.0022017177049393753 -5.1337873418878849e-06 -0.0014487954315040952 0.0021973198446298106 0.0013234087920532918 8.3849364706662212e-05 -0.00021885061886902556 0.0018196842109415138
leaf_weight=8864 4904 3137 2352 870 2450 2745 6901 67 43226 880 1413 184 644 2707 40
leaf_count=8864 4904 3137 2352 870 2450 2745 6901 67 43226 880 1413 184 644 2707 40
internal_value=-5.0011e-05 -0.000267656 -0.00102112 -0.00188046 -0.000304041 8.96258e-05 0.00056189 -0.000420447 6.03714e-05 0.000762055 0.00107883 -4.82251e-05 0.0021256 -8.74111e-05 -0.00141304
internal_weight=81384 27386 8809 4007 4802 18577 9646 8931 53998 7237 6317 46761 828 45933 920
internal_count=81384 27386 8809 4007 4802 18577 9646 8931 53998 7237 6317 46761 828 45933 920
is_linear=0
shrinkage=0.05


Tree=295
num_leaves=13
num_cat=0
split_feature=5 8 10 20 5 10 6 12 20 18 21 13
split_gain=1.05392 0.829026 3.60343 2.83504 2.47811 2.13188 2.02337 1.73995 0.720887 0.831731 0.495241 0.102968
threshold=0.99983759474438971 1.0000000180025095e-35 34.350000000000009 1.6393750000000005 0.3504237462291826 10.350000000000001 0.8511460603353429 35.550000000000004 4.7031250000000009 14.812500000000002 0.83004677550763539 0.46078380250466117
decision_type=2 2 2 2 2 2 2 2 2 2 2 2
left_child=1 4 3 -3 5 -1 -6 -4 11 -10 -11 -2
right_child=8 2 7 -5 6 -7 -8 -9 9 10 -12 -13
leaf_value=-0.00012106198287213828 -0.0014729763109598559 -0.0018082492245857142 0.00052210941285215859 -0.00017304407900692461 0.00032528644187732237 0.0025341696754598224 0.0040324830939058821 -2.391135516212132e-05 0.00088936946964123973 0.0001735484039482494 -0.00039612402579724783 -0.00096235101939127598
leaf_weight=12116 64 4027 7181 4742 5660 99 548 46408 48 92 77 175
leaf_count=12116 64 4027 7181 4742 5660 99 548 46408 48 92 77 175
internal_value=-8.10603e-05 -6.75294e-05 -0.000154592 -0.0010942 0.000227161 -0.000186248 0.00104059 -8.40917e-07 -0.00247807 -0.000391706 -0.00204142 -0.00437239
internal_weight=81237 80781 62358 8769 18423 12215 6208 53589 456 217 169 239
internal_count=81237 80781 62358 8769 18423 12215 6208 53589 456 217 169 239
is_linear=0
shrinkage=0.05


Tree=296
num_leaves=15
num_cat=0
split_feature=21 18 6 21 11 6 16 5 19 21 6 16 18 6
split_gain=0.795005 5.22567 4.18565 7.34794 3.29478 2.67673 2.41998 2.32071 1.35181 1.20127 0.737229 1.14701 0.596977 0.0187107
threshold=0.95259296312453134 98.062500000000014 -0.99628250747696534 0.95651685061330394 0.84835844995985066 -0.99052477729077237 660.05000000000007 -0.35846811432664222 -2.7562499999999996 0.83712162974109916 -0.67801649466304881 718.55000000000007 61.437500000000007 0.95178258287705175
decision_type=2 2 2 2 2 2 2 2 2 2 2 2 2 2
left_child=6 2 3 -2 7 -4 8 -3 13 -10 11 -8 -12 -1
right_child=1 4 5 -5 -6 -7 10 -9 9 -11 12 -13 -14 -15
leaf_value=-0.0010749004563664856 0.01712586626379883 -0.0012834847796626529 -0.00089826019930522901 0.00010760694102004403 0.00079209907530217573 6.1321162366763975e-06 -1.2547285626192599e-05 0.004408919879436834 9.4993565896970082e-06 -0.00015867355212950283 -0.00085790219121262799 -0.00025307535267638821 -1.8963169754764338e-06 -0.0014475488905358143
leaf_weight=119 56 92 302 414 57 12334 616 128 56857 9427 359 350 63 40
leaf_count=119 56 92 302 414 57 12334 616 128 56857 9427 359 350 63 40
internal_value=-5.44253e-05 0.000297765 0.000154127 0.00478723 0.00709386 -1.82032e-05 -0.000123912 0.00431818 -8.07471e-05 -6.97013e-05 -0.0021902 -0.00142857 -0.00393365 -0.00468554
internal_weight=81214 13383 13106 470 277 12636 67831 220 66443 66284 1388 966 422 159
internal_count=81214 13383 13106 470 277 12636 67831 220 66443 66284 1388 966 422 159
is_linear=0
shrinkage=0.05


Tree=297
num_leaves=11
num_cat=0
split_feature=19 12 17 6 17 6 6 5 19 20
split_gain=1.05613 0.989226 1.4341 1.44439 0.941873 0.828851 0.799781 0.593666 0.22123 0.159242
threshold=-1.54375 538.95000000000016 370.50000000000006 -0.75013812021657655 395.50000000000006 0.97461712852231652 -0.99052477729077237 0.19337368024598436 -1.8812499999999996 0.88812500000000016
decision_type=2 2 2 2 2 2 2 2 2 2
left_child=5 2 3 -2 6 8 -3 -7 9 -1
right_child=1 4 -4 -5 -6 7 -8 -9 -10 -11
leaf_value=-0.0045456497539071153 0.000109357010887281 -0.00031333479210572473 -0.0013238371596331231 -5.2179156157213797e-05 0.00044462706911257798 -0.0010427826641097831 -6.9156301526219073e-05 0.00034032693480776327 -0.00046581210323105117 -0.00030899827530061547
leaf_weight=231 19128 746 145 57270 50 52 3392 47 60 67
leaf_count=231 19128 746 145 57270 50 52 3392 47 60 67
internal_value=-8.67135e-05 -7.31453e-05 -3.22053e-05 -2.27767e-05 -0.000821396 -0.00248359 -0.000903819 0.00156566 -0.00360335 -0.00416108
internal_weight=81188 80731 76543 76398 4188 457 4138 99 358 298
internal_count=81188 80731 76543 76398 4188 457 4138 99 358 298
is_linear=0
shrinkage=0.05


Tree=298
num_leaves=16
num_cat=0
split_feature=5 6 21 5 0 12 0 10 16 13 16 5 20 21 7
split_gain=1.0477 1.80957 2.88231 3.75263 1.87723 1.20222 1.15064 1.12648 1.93052 1.96982 1.81578 1.1273 1.25487 0.733958 0.0425684
threshold=0.95998215779580554 -0.20180761162458913 0.48484279870699215 0.9893236546938301 447.3654653627716 5.8500000000000005 48.524434059404321 556.35000000000014 782.10000000000014 0.92027959932183057 608.05000000000007 -0.46801505794253101 1.8056250000000003 0.98612669923180774 0.87500000000000011
decision_type=2 2 2 2 2 2 2 2 2 2 2 2 2 2 2
left_child=7 4 3 -3 6 -4 -2 8 10 -10 -1 12 -9 -13 -6
right_child=1 2 5 -5 14 -7 -8 11 9 -11 -12 13 -14 -15 -16
leaf_value=3.0339542606279961e-05 0.011531652831636518 0.0054899279439298522 0.0045928296231154599 0.00012706673456548863 -0.0043739972606255404 -0.00015965289583140237 -0.0020279581650212999 -0.00063001296956097068 7.8567933369672047e-05 -0.00021936095999943199 -0.00012164791006368887 -0.00013115679120451822 0.00041016665658005546 -0.00029606007616840986 -0.0057885413977990839
leaf_weight=62791 45 339 57 806 79 5325 420 70 1992 256 5278 2690 294 360 417
leaf_count=62791 45 339 57 806 79 5325 420 70 1992 256 5278 2690 294 360 417
internal_value=-6.95046e-05 -0.000633014 -0.000334764 0.00194323 -0.00265869 -0.000819399 -0.000376345 -1.22755e-05 3.07879e-05 0.00147242 -1.68224e-05 -0.00089924 0.00173077 -0.00121312 -0.00479839
internal_weight=81219 7488 6527 1145 961 5382 465 73731 70317 2248 68069 3414 364 3050 496
internal_count=81219 7488 6527 1145 961 5382 465 73731 70317 2248 68069 3414 364 3050 496
is_linear=0
shrinkage=0.05


Tree=299
num_leaves=16
num_cat=0
split_feature=21 21 5 20 18 19 11 21 18 4 3 22 21 5 20
split_gain=1.04472 2.38191 2.95149 2.86251 2.71704 3.22254 2.46279 1.73191 5.13623 3.87493 1.57919 1.08562 2.42831 2.34415 0.533864
threshold=0.83712162974109916 0.95459619071755297 -0.69057362043749781 3.0518750000000008 1.0000000180025095e-35 27.931250000000002 0.87936497514455525 0.83004677550763539 74.437500000000014 -0.4124860612920454 0.58216583101416142 0.74839037964735244 0.56756382091553237 0.73283908552571664 2.5681250000000007
decision_type=2 2 2 2 2 2 2 2 2 2 2 2 2 2 2
left_child=7 2 10 -4 5 -3 -6 11 9 -9 -2 12 -1 -13 -10
right_child=1 4 3 -5 6 -7 -8 8 14 -11 -12 13 -14 -15 -16
leaf_value=0.00015708108685888607 -0.00035932947885778679 -0.00014651572715568801 -0.00015013775729285234 0.00031069037090805798 0.00011891886376926383 8.7154166908466594e-05 -0.00013978347389004172 0.0013432190041230156 -0.0037854842413768772 0.0099022961561277857 -0.0021321780780246039 0.0003599733748264408 -0.00046489428494557997 -0.00031292956697165077 0.00015787734089981175
leaf_weight=32689 2443 2353 5634 2127 9305 262 1221 255 159 112 875 8999 12255 2429 73
leaf_count=32689 2443 2353 5634 2127 9305 262 1221 255 159 112 875 8999 12255 2429 73
internal_value=-2.8391e-05 -0.000303469 -0.000843489 -0.000309884 0.000151814 -0.00129063 0.000510164 8.85526e-05 0.00276294 0.00644414 -0.00209162 6.0135e-05 -5.05085e-05 0.000495274 -0.00306035
internal_weight=81191 24220 11079 7761 13141 2615 10526 56971 599 367 3318 56372 44944 11428 232
internal_count=81191 24220 11079 7761 13141 2615 10526 56971 599 367 3318 56372 44944 11428 232
is_linear=0
shrinkage=0.05


end of trees

feature_importances:
doy_sin=394
doy_cos=383
temp_fc_c=372
kcs_fc_ens=315
dni_fc_wm2=260
wind_fc_ms=236
cloud_fc_pct=217
ghi_fc_wm2=207
dhi_fc_wm2=193
kcs_fc=182
tod_sin=175
kcs_last=159
kcs_lag_24h=157
cos_zenith=149
clear_sky_ghi_wm2=139
clear_sky_kw=119
pv_lag_24h_kw=108
pv_last_kw=99
tod_cos=97
kcs_recent=92
lead_time_hours=79
has_recent=27
has_weather=1

parameters:
[boosting: gbdt]
[objective: quantile]
[metric: quantile]
[tree_learner: serial]
[device_type: cpu]
[data_sample_strategy: bagging]
[data: ]
[valid: ]
[num_iterations: 300]
[learning_rate: 0.05]
[num_leaves: 16]
[num_threads: 8]
[seed: 42]
[deterministic: 1]
[force_col_wise: 0]
[force_row_wise: 1]
[histogram_pool_size: -1]
[max_depth: 4]
[min_data_in_leaf: 40]
[min_sum_hessian_in_leaf: 0.001]
[bagging_fraction: 0.85]
[pos_bagging_fraction: 1]
[neg_bagging_fraction: 1]
[bagging_freq: 1]
[bagging_seed: 400]
[bagging_by_query: 0]
[feature_fraction: 1]
[feature_fraction_bynode: 1]
[feature_fraction_seed: 30056]
[extra_trees: 0]
[extra_seed: 12879]
[early_stopping_round: 0]
[early_stopping_min_delta: 0]
[first_metric_only: 0]
[max_delta_step: 0]
[lambda_l1: 0]
[lambda_l2: 0]
[linear_lambda: 0]
[min_gain_to_split: 0]
[drop_rate: 0.1]
[max_drop: 50]
[skip_drop: 0.5]
[xgboost_dart_mode: 0]
[uniform_drop: 0]
[drop_seed: 17869]
[top_rate: 0.2]
[other_rate: 0.1]
[min_data_per_group: 100]
[max_cat_threshold: 32]
[cat_l2: 10]
[cat_smooth: 10]
[max_cat_to_onehot: 4]
[top_k: 20]
[monotone_constraints: ]
[monotone_constraints_method: basic]
[monotone_penalty: 0]
[feature_contri: ]
[forcedsplits_filename: ]
[refit_decay_rate: 0.9]
[cegb_tradeoff: 1]
[cegb_penalty_split: 0]
[cegb_penalty_feature_lazy: ]
[cegb_penalty_feature_coupled: ]
[path_smooth: 0]
[interaction_constraints: ]
[verbosity: -1]
[saved_feature_importance_type: 0]
[use_quantized_grad: 0]
[num_grad_quant_bins: 4]
[quant_train_renew_leaf: 0]
[stochastic_rounding: 1]
[linear_tree: 0]
[max_bin: 255]
[max_bin_by_feature: ]
[min_data_in_bin: 3]
[bin_construct_sample_cnt: 200000]
[data_random_seed: 175]
[is_enable_sparse: 1]
[enable_bundle: 1]
[use_missing: 1]
[zero_as_missing: 0]
[feature_pre_filter: 1]
[pre_partition: 0]
[two_round: 0]
[header: 0]
[label_column: ]
[weight_column: ]
[group_column: ]
[ignore_column: ]
[categorical_feature: ]
[forcedbins_filename: ]
[precise_float_parser: 0]
[parser_config_file: ]
[objective_seed: 16083]
[num_class: 1]
[is_unbalance: 0]
[scale_pos_weight: 1]
[sigmoid: 1]
[boost_from_average: 1]
[reg_sqrt: 0]
[alpha: 0.9]
[fair_c: 1]
[poisson_max_delta_step: 0.7]
[tweedie_variance_power: 1.5]
[lambdarank_truncation_level: 30]
[lambdarank_norm: 1]
[label_gain: ]
[lambdarank_position_bias_regularization: 0]
[eval_at: ]
[multi_error_top_k: 1]
[auc_mu_weights: ]
[num_machines: 1]
[local_listen_port: 12400]
[time_out: 120]
[machine_list_filename: ]
[machines: ]
[gpu_platform_id: -1]
[gpu_device_id: -1]
[gpu_device_id_list: ]
[gpu_use_dp: 0]
[num_gpu: 1]

end of parameters

pandas_categorical:[]
